4.34593,-1.8,1.17768
8.87227,-3.6,1.18298
13.1365,-5.4,1.18826
17.4541,-7.2,1.53694
21.7021,-9,1.93829
25.9159,-10.8,2.36335
30.2058,-12.6,2.81028
34.7443,-14.4,5.7799
39.0989,-16.2,8.66112
43.3204,-18,11.4483
47.5332,-19.8,13.894
51.7478,-21.6,16.3444
55.9656,-23.4,18.7979
60.1788,-25.2,21.2499
64.3955,-27,23.6578
68.6091,-28.8,26.065
72.8232,-30.6,28.4728
77.0458,-32.4,30.7716
81.2611,-34.2,33.0682
85.4802,-36,35.3664
89.6937,-37.8,37.6633
93.9115,-39.6,39.9525
98.1244,-41.4,42.2383
102.337,-43.2,44.5245
106.555,-45,46.7876
110.808,-46.8,49.0699
115.033,-48.6,51.3371
119.247,-50.4,53.599
123.466,-52.2,55.788
127.679,-54,57.9762
131.892,-55.8,60.1631
136.111,-57.6,62.2
140.325,-59.4,64.2349
144.544,-61.2,66.2709
148.755,-63,68.3053
152.965,-64.8,69.9181
157.185,-66.6,71.5343
161.4,-68.4,73.1492
165.616,-70.2,74.7652
169.838,-72,76.3807
174.058,-73.8,77.9955
178.27,-75.6,79.607
182.486,-77.4,81.3472
186.705,-79.2,83.0885
190.917,-81,84.8269
195.133,-82.8,86.5669
199.38,-84.6,88.3744
203.707,-86.4,90.2276
207.92,-88.2,92.0261
212.174,-90,93.8352
216.403,-91.8,95.6336
220.617,-93.6,97.4258
224.834,-95.4,99.2196
229.047,-97.2,101.03
233.264,-99,102.843
237.474,-100.8,104.652
241.688,-102.6,106.43
245.905,-104.4,108.209
250.116,-106.2,109.985
254.33,-108,111.763
258.54,-109.8,113.513
262.753,-111.6,115.265
266.97,-113.4,117.018
271.181,-115.2,118.769
275.397,-117,120.536
279.61,-118.8,122.301
283.825,-120.6,124.067
288.033,-122.4,125.807
292.246,-124.2,127.549
296.463,-126,129.292
300.672,-127.8,131.033
304.89,-129.6,132.747
309.103,-131.4,134.459
313.356,-133.2,136.186
317.575,-135,137.891
321.791,-136.8,139.594
326.006,-138.6,141.298
330.217,-140.4,142.999
334.433,-142.2,144.67
338.646,-144,146.339
342.859,-145.8,148.008
347.077,-147.6,149.661
351.29,-149.4,151.311
355.505,-151.2,152.963
359.717,-153,154.613
363.932,-154.8,156.282
368.144,-156.6,157.95
372.357,-158.4,159.618
376.574,-160.2,161.288
380.788,-162,162.957
385.003,-163.8,164.627
389.214,-165.6,166.295
393.43,-167.4,167.962
397.641,-169.2,169.627
401.853,-171,171.293
406.067,-172.8,172.96
410.279,-174.6,174.63
414.524,-176.4,176.312
418.735,-178.2,177.982
422.949,-180,179.646
427.167,-181.8,181.312
431.379,-183.6,182.975
435.594,-185.4,184.64
439.809,-187.2,186.287
444.027,-189,187.935
448.237,-190.8,189.58
452.45,-192.6,191.24
456.667,-194.4,192.902
460.88,-196.2,194.562
465.096,-198,196.224
469.308,-199.8,197.877
473.527,-201.6,199.532
477.736,-203.4,201.184
481.949,-205.2,202.846
486.167,-207,204.509
490.379,-208.8,206.171
494.594,-210.6,207.834
498.808,-212.4,209.509
503.023,-214.2,211.185
507.239,-216,212.861
511.449,-217.8,214.533
515.695,-219.6,216.221
519.91,-221.4,217.895
524.129,-223.2,219.571
528.343,-225,221.226
532.558,-226.8,222.881
536.774,-228.6,224.536
540.986,-230.4,226.19
545.202,-232.2,227.858
549.417,-234,229.526
553.634,-235.8,231.195
557.844,-237.6,232.903
562.058,-239.4,234.613
566.273,-241.2,236.323
570.484,-243,238.031
574.701,-244.8,239.769
578.914,-246.6,241.503
583.207,-248.4,243.272
587.427,-250.2,245.065
591.642,-252,246.855
595.857,-253.8,248.646
600.069,-255.6,250.435
604.283,-257.4,252.233
608.495,-259.2,254.031
612.706,-261,255.828
616.927,-262.8,257.644
621.143,-264.6,259.458
625.36,-266.4,261.272
629.574,-268.2,263.085
633.79,-270,264.9
638.001,-271.8,266.713
642.212,-273.6,268.526
646.431,-275.4,270.349
650.645,-277.2,272.17
654.861,-279,273.993
659.073,-280.8,275.813
663.526,-282.6,277.74
667.739,-284.4,279.565
671.953,-286.2,281.389
676.169,-288,283.214
680.382,-289.8,285.041
684.6,-291.6,286.87
688.811,-293.4,288.696
693.024,-295.2,290.547
697.242,-297,292.399
701.456,-298.8,294.25
705.673,-300.6,296.112
709.886,-302.4,297.971
714.102,-304.2,299.833
718.344,-306,301.705
722.559,-307.8,303.586
726.778,-309.6,305.469
730.99,-311.4,307.348
735.207,-313.2,309.229
739.419,-315,311.129
743.638,-316.8,313.03
747.851,-318.6,314.928
752.066,-320.4,316.857
756.284,-322.2,318.786
760.497,-324,320.713
764.713,-325.8,322.641
768.925,-327.6,324.595
773.165,-329.4,326.562
777.383,-331.2,328.518
781.596,-333,330.505
785.818,-334.8,332.495
790.097,-336.6,334.513
794.315,-338.4,336.501
798.527,-340.2,338.513
802.741,-342,340.526
806.958,-343.8,342.539
811.178,-345.6,344.547
815.401,-347.4,346.594
819.642,-349.2,348.642
823.861,-351,350.672
828.072,-352.8,352.715
832.284,-354.6,354.728
836.5,-356.4,356.656
840.712,-358.2,358.192
844.929,-360,357.965
849.181,-361.8,356.239
853.398,-363.6,354.246
857.625,-365.4,352.14
861.94,-367.2,349.961
866.231,-369,347.774
870.449,-370.8,345.625
874.76,-372.6,343.403
879.329,-374.4,341.031
883.756,-376.199,338.716
887.976,-377.999,336.601
892.191,-379.799,334.487
896.409,-381.599,332.371
900.624,-383.399,330.256
904.842,-385.199,328.713
909.055,-386.999,327.17
913.278,-388.799,325.624
917.523,-390.599,323.986
921.775,-392.399,322.344
925.993,-394.199,320.716
930.207,-395.999,319.089
934.424,-397.799,317.305
938.634,-399.599,315.522
942.847,-401.399,313.739
947.064,-403.199,311.842
951.276,-404.999,309.946
955.492,-406.799,308.049
959.704,-408.599,306.154
963.921,-410.399,304.234
968.131,-412.199,302.316
972.342,-413.999,300.397
976.558,-415.799,298.585
980.771,-417.599,296.774
984.987,-419.399,294.961
989.199,-421.199,293.151
993.417,-422.999,291.415
997.631,-424.799,289.681
1001.84,-426.599,287.947
1006.06,-428.399,286.212
1010.27,-430.199,284.476
1014.49,-431.999,282.737
1018.73,-433.799,280.99
1022.97,-435.599,279.22
1027.19,-437.399,277.46
1031.41,-439.199,275.702
1035.62,-440.999,273.942
1039.84,-442.799,272.169
1044.05,-444.599,270.394
1048.26,-446.399,268.622
1052.48,-448.199,266.848
1056.69,-449.999,265.071
1060.9,-451.799,263.297
1065.12,-453.599,261.521
1069.33,-455.399,259.753
1073.55,-457.199,257.983
1077.76,-458.999,256.215
1081.97,-460.799,254.45
1086.19,-462.599,252.683
1090.4,-464.399,250.918
1094.62,-466.199,249.152
1098.83,-467.999,247.398
1103.04,-469.799,245.643
1107.26,-471.599,243.885
1111.48,-473.399,242.13
1115.72,-475.199,240.376
1119.94,-476.999,238.635
1124.18,-478.799,236.882
1128.4,-480.599,235.163
1132.61,-482.399,233.443
1136.83,-484.199,231.723
1141.04,-485.999,230.004
1145.25,-487.799,228.309
1149.47,-489.599,226.614
1153.68,-491.399,224.918
1157.89,-493.199,223.243
1162.11,-494.999,221.568
1166.32,-496.799,219.89
1170.54,-498.599,218.215
1174.75,-500.399,216.56
1178.96,-502.199,214.907
1183.22,-503.999,213.235
1187.43,-505.799,211.594
1191.65,-507.599,209.954
1195.86,-509.399,208.312
1200.07,-511.199,206.671
1204.29,-512.999,205.041
1208.5,-514.799,203.413
1212.72,-516.599,201.782
1216.96,-518.399,200.144
1221.18,-520.199,198.519
1225.42,-521.999,196.882
1229.63,-523.799,195.257
1233.85,-525.599,193.634
1238.06,-527.398,192.014
1242.28,-529.198,190.394
1246.49,-530.998,188.777
1250.7,-532.798,187.161
1254.92,-534.598,185.544
1259.13,-536.398,183.929
1263.35,-538.198,182.315
1267.56,-539.998,180.704
1271.77,-541.798,179.092
1275.99,-543.598,177.479
1280.2,-545.398,175.878
1284.42,-547.198,174.275
1288.62,-548.998,172.675
1292.84,-550.798,171.08
1297.05,-552.598,169.483
1301.26,-554.398,167.888
1305.48,-556.198,166.291
1309.69,-557.998,164.693
1313.91,-559.798,163.094
1318.15,-561.598,161.486
1322.36,-563.398,159.888
1326.61,-565.198,158.266
1330.82,-566.998,156.656
1335.04,-568.798,155.044
1339.25,-570.598,153.422
1343.47,-572.398,151.797
1347.68,-574.198,150.174
1351.9,-575.998,148.551
1356.11,-577.798,146.905
1360.33,-579.598,145.26
1364.54,-581.398,143.614
1368.75,-583.198,141.925
1372.97,-584.998,140.234
1377.18,-586.798,138.542
1381.4,-588.598,136.851
1385.61,-590.398,135.033
1389.82,-592.198,133.216
1394.04,-593.998,131.396
1398.25,-595.798,129.542
1402.47,-597.598,127.687
1406.69,-599.398,125.83
1410.9,-601.198,123.976
1415.12,-602.998,122.146
1419.36,-604.798,120.305
1423.58,-606.598,118.475
1427.81,-608.398,116.632
1432.03,-610.198,114.799
1436.24,-611.998,112.964
1440.45,-613.798,111.132
1444.67,-615.598,109.296
1448.88,-617.398,107.463
1453.09,-619.198,105.629
1457.31,-620.998,103.788
1461.52,-622.798,101.949
1465.74,-624.598,100.108
1469.95,-626.398,98.2697
1474.17,-628.198,96.4478
1478.38,-629.998,94.6285
1482.59,-631.798,92.8078
1486.81,-633.598,90.9857
1491.02,-635.398,89.158
1495.3,-637.198,87.3029
1499.52,-638.998,85.4743
1503.73,-640.798,83.6449
1507.95,-642.598,81.8182
1512.16,-644.398,79.9896
1516.41,-646.198,78.1481
1520.62,-647.998,76.3183
1524.84,-649.798,74.4884
1529.08,-651.598,72.6494
1533.3,-653.398,70.8027
1537.51,-655.198,68.9596
1541.73,-656.998,67.1163
1545.94,-658.798,65.2711
1550.16,-660.598,63.4127
1554.37,-662.398,61.5529
1558.58,-664.198,59.6956
1562.8,-665.998,57.8165
1567.02,-667.798,55.9352
1571.23,-669.598,54.0557
1575.45,-671.398,52.1745
1579.66,-673.198,50.2705
1583.88,-674.997,48.3653
1588.09,-676.797,46.4634
1592.3,-678.597,44.5603
1596.52,-680.397,42.6315
1600.73,-682.197,40.7049
1604.95,-683.997,38.7773
1609.16,-685.797,36.8328
1613.38,-687.597,34.8858
1617.62,-689.397,32.9285
1621.84,-691.197,30.9834
1626.06,-692.997,29.0197
1630.3,-694.797,27.0462
1634.52,-696.597,25.082
1638.73,-698.397,23.1029
1642.99,-700.197,21.1233
1647.21,-701.997,19.1167
1651.43,-703.797,17.1385
1655.65,-705.597,15.1456
1659.86,-707.397,13.1554
1664.08,-709.197,11.1676
1668.29,-710.997,9.16951
1672.5,-712.797,7.1817
1676.71,-714.597,5.21474
1680.93,-716.397,3.30939
1685.14,-718.197,1.6786
1689.35,-719.997,1.73365
1693.6,-721.797,3.41142
1697.84,-723.597,5.34948
1702.18,-725.397,7.43188
1706.55,-727.197,9.55418
1710.82,-728.997,11.6433
1715.05,-730.797,13.73
1719.34,-732.597,15.8427
1723.94,-734.397,18.1168
1728.38,-736.197,20.3453
1732.61,-737.997,22.4582
1736.83,-739.797,24.5677
1741.04,-741.597,26.6735
1745.26,-743.397,28.7706
1749.48,-745.197,30.8674
1753.7,-746.997,32.9661
1757.91,-748.797,34.8887
1762.12,-750.597,36.8123
1766.34,-752.397,38.7372
1770.56,-754.197,40.6606
1774.78,-755.997,42.2696
1779,-757.797,43.8793
1783.22,-759.597,45.4882
1787.43,-761.397,47.1668
1791.65,-763.197,48.8461
1795.87,-764.997,50.5269
1800.08,-766.797,52.2056
1804.3,-768.597,53.9741
1808.51,-770.397,55.7408
1812.72,-772.197,57.5091
1816.97,-773.997,59.2916
1821.19,-775.797,61.1098
1825.41,-777.597,62.9291
1829.66,-779.397,64.7593
1833.88,-781.197,66.6003
1838.1,-782.997,68.4381
1842.31,-784.797,70.2755
1846.53,-786.597,72.1142
1850.74,-788.397,73.9494
1854.96,-790.197,75.7862
1859.18,-791.997,77.6212
1863.4,-793.797,79.4342
1867.61,-795.597,81.2445
1871.82,-797.397,83.0549
1876.04,-799.197,84.8665
1880.26,-800.997,86.6422
1884.47,-802.797,88.4199
1888.69,-804.597,90.194
1892.9,-806.397,91.949
1897.12,-808.197,93.7053
1901.34,-809.997,95.4586
1905.55,-811.797,97.2137
1909.77,-813.597,98.9461
1913.99,-815.397,100.682
1918.23,-817.197,102.425
1922.45,-818.997,104.139
1926.67,-820.797,105.854
1930.91,-822.596,107.578
1935.13,-824.396,109.293
1939.34,-826.196,110.983
1943.56,-827.996,112.674
1947.77,-829.796,114.363
1952.2,-831.596,116.117
1956.42,-833.396,117.788
1960.64,-835.196,119.458
1964.85,-836.996,121.128
1969.07,-838.796,122.763
1973.29,-840.596,124.4
1977.5,-842.396,126.034
1981.71,-844.196,127.669
1985.93,-845.996,129.308
1990.15,-847.796,130.947
1994.37,-849.596,132.587
1998.58,-851.396,134.22
2002.8,-853.196,135.853
2007.01,-854.996,137.487
2011.22,-856.796,139.119
2015.44,-858.596,140.741
2019.69,-860.396,142.374
2023.91,-862.196,143.998
2028.12,-863.996,145.609
2032.36,-865.796,147.231
2036.58,-867.596,148.845
2040.8,-869.396,150.457
2045.15,-871.196,152.101
2049.36,-872.996,153.695
2053.58,-874.796,155.29
2057.79,-876.596,156.861
2062.01,-878.396,158.433
2066.23,-880.196,160.006
2070.44,-881.996,161.577
2074.66,-883.796,163.136
2078.87,-885.596,164.693
2083.09,-887.396,166.25
2087.3,-889.196,167.799
2091.52,-890.996,169.347
2095.73,-892.796,170.895
2099.95,-894.596,172.442
2104.4,-896.396,174.075
2108.61,-898.196,175.623
2112.88,-899.996,177.192
2117.13,-901.796,178.751
2121.6,-903.596,180.382
2125.82,-905.396,181.919
2130.03,-907.196,183.455
2134.28,-908.996,185.004
2138.49,-910.796,186.543
2142.7,-912.596,188.082
2146.92,-914.396,189.622
2151.13,-916.196,191.271
2155.35,-917.996,192.922
2159.57,-919.796,194.571
2163.79,-921.596,196.436
2168,-923.396,198.298
2172.21,-925.196,200.16
2176.43,-926.996,202.024
2180.64,-928.796,203.897
2184.86,-930.596,205.773
2189.08,-932.396,207.646
2193.3,-934.196,209.456
2197.57,-935.996,211.288
2201.78,-937.796,213.096
2206,-939.596,214.905
2210.27,-941.396,216.694
2214.49,-943.196,218.462
2218.74,-944.996,220.237
2222.95,-946.796,222.001
2227.17,-948.596,223.809
2231.38,-950.396,225.615
2235.63,-952.196,227.432
2239.84,-953.996,229.259
2244.06,-955.796,231.089
2248.27,-957.596,232.915
2252.49,-959.396,234.741
2256.71,-961.196,236.573
2260.92,-962.996,238.403
2265.14,-964.796,240.234
2269.52,-966.596,242.159
2273.74,-968.396,244.012
2277.95,-970.195,245.861
2282.17,-971.995,247.711
2286.39,-973.795,249.55
2290.6,-975.595,251.388
2294.82,-977.395,253.227
2299.03,-979.195,255.056
2303.25,-980.995,256.886
2307.47,-982.795,258.713
2311.68,-984.595,260.54
2315.9,-986.395,262.366
2320.14,-988.195,264.201
2324.36,-989.995,266.027
2328.57,-991.795,267.842
2332.79,-993.595,269.658
2337.03,-995.395,271.487
2341.25,-997.195,273.303
2345.47,-998.995,275.112
2349.68,-1000.8,276.921
2353.9,-1002.6,278.731
2358.11,-1004.4,280.546
2362.33,-1006.2,282.362
2366.54,-1008,284.179
2370.76,-1009.8,285.994
2374.97,-1011.6,287.828
2379.19,-1013.4,289.661
2383.41,-1015.2,291.496
2387.62,-1017,293.346
2391.83,-1018.8,295.197
2396.05,-1020.6,297.05
2400.26,-1022.4,298.9
2404.48,-1024.2,300.77
2408.69,-1026,302.639
2412.91,-1027.8,304.507
2417.13,-1029.6,306.379
2421.37,-1031.4,308.276
2425.59,-1033.2,310.164
2429.8,-1035,312.049
2434.02,-1036.8,313.948
2438.26,-1038.6,315.857
2442.47,-1040.4,317.755
2446.69,-1042.2,319.654
2450.91,-1044,321.567
2455.13,-1045.8,323.481
2459.34,-1047.6,325.393
2463.56,-1049.4,327.307
2467.77,-1051.2,329.233
2471.98,-1053,331.159
2476.2,-1054.8,333.087
2480.42,-1056.6,335.034
2484.64,-1058.4,336.983
2488.85,-1060.2,338.928
2493.07,-1062,340.904
2497.29,-1063.8,342.877
2501.51,-1065.6,344.847
2505.72,-1067.4,346.816
2509.94,-1069.2,348.804
2514.16,-1071,350.792
2518.4,-1072.8,352.779
2522.61,-1074.6,354.735
2526.83,-1076.4,356.662
2531.05,-1078.2,358.324
2535.27,-1080,358.352
2539.54,-1081.8,356.654
2543.77,-1083.6,354.703
2548.01,-1085.4,352.69
2552.33,-1087.2,350.613
2556.62,-1089,348.518
2560.84,-1090.8,346.452
2565.15,-1092.6,344.355
2569.91,-1094.4,342.008
2574.37,-1096.2,339.793
2578.58,-1098,337.708
2582.8,-1099.8,335.624
2587.02,-1101.6,333.537
2591.23,-1103.4,331.454
2595.45,-1105.2,329.368
2599.78,-1107,327.207
2604,-1108.8,325.101
2608.21,-1110.6,322.999
2612.42,-1112.4,320.897
2616.65,-1114.2,318.941
2620.89,-1116,316.973
2625.11,-1117.8,315.017
2629.33,-1119.6,313.408
2633.55,-1121.4,311.799
2637.76,-1123.2,310.194
2642.02,-1125,308.572
2646.4,-1126.8,306.854
2650.61,-1128.6,305.2
2654.83,-1130.4,303.546
2659.04,-1132.2,301.805
2663.26,-1134,300.063
2667.47,-1135.8,298.323
2671.69,-1137.6,296.583
2675.91,-1139.4,294.798
2680.12,-1141.2,293.014
2684.34,-1143,291.229
2688.55,-1144.8,289.424
2692.77,-1146.6,287.617
2696.99,-1148.4,285.809
2701.2,-1150.2,284.004
2705.64,-1152,282.097
2709.86,-1153.8,280.289
2714.08,-1155.6,278.479
2718.33,-1157.4,276.682
2722.54,-1159.2,274.897
2726.76,-1161,273.111
2730.97,-1162.8,271.328
2735.19,-1164.6,269.577
2739.41,-1166.4,267.828
2743.65,-1168.2,266.067
2747.87,-1170,264.337
2752.08,-1171.8,262.606
2756.3,-1173.6,260.875
2760.52,-1175.4,259.145
2764.9,-1177.2,257.37
2769.11,-1179,255.661
2773.33,-1180.8,253.952
2777.54,-1182.6,252.245
2781.76,-1184.4,250.571
2785.98,-1186.2,248.896
2790.19,-1188,247.223
2794.41,-1189.8,245.558
2798.62,-1191.6,243.895
2802.84,-1193.4,242.232
2807.05,-1195.2,240.567
2811.26,-1197,238.929
2815.49,-1198.8,237.287
2819.73,-1200.6,235.636
2823.95,-1202.4,234.015
2828.16,-1204.2,232.396
2832.38,-1206,230.778
2836.59,-1207.8,229.157
2840.81,-1209.6,227.558
2845.05,-1211.4,225.947
2849.26,-1213.2,224.347
2853.48,-1215,222.762
2857.7,-1216.8,221.179
2861.91,-1218.6,219.595
2866.13,-1220.4,218.011
2870.34,-1222.2,216.45
2874.56,-1224,214.887
2878.77,-1225.8,213.328
2882.98,-1227.6,211.768
2887.2,-1229.4,210.232
2891.41,-1231.2,208.697
2895.63,-1233,207.161
2899.84,-1234.8,205.647
2904.06,-1236.6,204.131
2908.27,-1238.4,202.617
2912.48,-1240.2,201.104
2916.7,-1242,199.596
2920.94,-1243.8,198.079
2925.16,-1245.6,196.57
2929.43,-1247.4,195.042
2933.65,-1249.2,193.53
2937.86,-1251,192.02
2942.07,-1252.8,190.511
2946.31,-1254.6,188.972
2950.53,-1256.4,187.444
2954.75,-1258.2,185.915
2958.96,-1260,184.275
2963.22,-1261.8,182.616
2967.43,-1263.6,180.978
2971.64,-1265.4,179.338
2975.86,-1267.2,177.481
2980.07,-1269,175.624
2984.29,-1270.8,173.766
2988.5,-1272.6,171.91
2992.71,-1274.4,170.052
2996.93,-1276.2,168.194
3001.14,-1278,166.338
3005.36,-1279.8,164.565
3009.58,-1281.6,162.794
3013.79,-1283.4,161.022
3018,-1285.2,159.252
3022.25,-1287,157.495
3026.47,-1288.8,155.747
3030.68,-1290.6,154.002
3034.9,-1292.4,152.183
3039.11,-1294.2,150.365
3043.33,-1296,148.546
3047.56,-1297.8,146.719
3051.78,-1299.6,144.891
3055.99,-1301.4,143.059
3060.21,-1303.2,141.23
3064.43,-1305,139.419
3068.64,-1306.8,137.611
3072.85,-1308.6,135.803
3077.07,-1310.4,133.993
3081.28,-1312.2,132.173
3085.5,-1314,130.35
3089.71,-1315.8,128.529
3093.93,-1317.6,126.695
3098.14,-1319.4,124.863
3102.36,-1321.2,123.031
3106.57,-1323,121.198
3110.78,-1324.8,119.368
3115.01,-1326.6,117.535
3119.25,-1328.4,115.692
3123.47,-1330.2,113.85
3127.68,-1332,112.012
3131.89,-1333.8,110.173
3136.11,-1335.6,108.332
3140.52,-1337.4,106.413
3144.74,-1339.2,104.575
3149.03,-1341,102.707
3153.25,-1342.8,100.869
3157.72,-1344.6,98.9363
3161.94,-1346.4,97.1155
3166.15,-1348.2,95.294
3170.37,-1350,93.5242
3174.59,-1351.8,91.7531
3178.8,-1353.6,89.985
3183.01,-1355.4,88.2169
3187.23,-1357.2,86.4234
3191.44,-1359,84.631
3195.66,-1360.8,82.8377
3199.9,-1362.6,81.0133
3204.26,-1364.4,79.1321
3208.54,-1366.2,77.2802
3212.89,-1368,75.4076
3217.12,-1369.8,73.5856
3221.36,-1371.6,71.756
3225.58,-1373.4,69.9374
3230.02,-1375.2,68.0411
3234.24,-1377,66.2354
3238.45,-1378.8,64.4333
3242.66,-1380.6,62.6304
3246.92,-1382.4,60.8049
3251.14,-1384.2,58.9974
3255.36,-1386.01,57.1883
3259.58,-1387.81,55.3533
3263.8,-1389.61,53.5167
3268.01,-1391.41,51.6843
3272.22,-1393.21,49.8504
3276.44,-1395.01,48.0038
3280.66,-1396.81,46.1583
3284.88,-1398.61,44.3116
3289.09,-1400.41,42.441
3293.31,-1402.21,40.5701
3297.53,-1404.01,38.7027
3301.74,-1405.81,36.8344
3305.96,-1407.61,34.9452
3310.18,-1409.41,33.0573
3314.39,-1411.21,31.1695
3318.69,-1413.01,29.2268
3322.93,-1414.81,27.3063
3327.15,-1416.61,25.3965
3331.36,-1418.41,23.4904
3335.58,-1420.21,21.5664
3339.8,-1422.01,19.6456
3344.02,-1423.81,17.7243
3348.25,-1425.61,15.7961
3352.47,-1427.41,13.8558
3356.69,-1429.21,11.916
3360.9,-1431.01,9.98366
3365.12,-1432.81,8.04312
3369.33,-1434.61,6.11894
3373.54,-1436.41,4.22978
3377.94,-1438.21,2.37788
3382.15,-1440.01,1.39659
3386.45,-1441.81,2.50796
3390.66,-1443.61,4.30172
3394.9,-1445.41,6.23908
3399.24,-1447.21,8.25802
3403.52,-1449.01,10.2717
3407.73,-1450.81,12.2581
3412.07,-1452.61,14.3192
3416.65,-1454.41,16.5189
3421.12,-1456.21,18.6694
3425.48,-1458.01,20.7768
3429.7,-1459.81,22.8184
3433.92,-1461.61,24.8616
3438.13,-1463.41,26.9005
3442.62,-1465.21,29.0749
3446.85,-1467.01,31.1197
3451.11,-1468.81,33.185
3455.33,-1470.61,35.2261
3459.55,-1472.41,37.2639
3463.77,-1474.21,39.3029
3467.98,-1476.01,41.3397
3472.2,-1477.81,43.3763
3476.42,-1479.61,45.4178
3480.63,-1481.41,47.4553
3484.85,-1483.21,49.4716
3489.07,-1485.01,51.4862
3493.29,-1486.81,53.5024
3497.5,-1488.61,55.5149
3501.71,-1490.41,57.4496
3505.93,-1492.21,59.3878
3510.15,-1494.01,61.3226
3514.36,-1495.81,63.0538
3518.58,-1497.61,64.7844
3522.82,-1499.41,66.5261
3527.04,-1501.21,68.258
3531.26,-1503.01,69.9366
3535.48,-1504.81,71.6174
3539.69,-1506.61,73.2957
3543.91,-1508.41,74.9751
3548.12,-1510.21,76.6633
3552.34,-1512.01,78.3524
3556.56,-1513.81,80.0431
3560.77,-1515.61,81.7451
3564.99,-1517.41,83.4497
3569.2,-1519.21,85.1522
3573.43,-1521.01,86.8649
3577.65,-1522.81,88.5712
3581.86,-1524.61,90.2774
3586.08,-1526.41,91.9849
3590.3,-1528.21,93.6837
3594.52,-1530.01,95.3845
3598.73,-1531.81,97.0822
3602.95,-1533.61,98.7804
3607.16,-1535.41,100.459
3611.38,-1537.21,102.136
3615.62,-1539.01,103.826
3619.87,-1540.81,105.498
3624.09,-1542.61,107.161
3628.3,-1544.41,108.82
3632.51,-1546.21,110.479
3636.73,-1548.01,112.114
3640.95,-1549.81,113.748
3645.23,-1551.61,115.408
3649.44,-1553.41,117.025
3653.66,-1555.21,118.644
3657.87,-1557.01,120.261
3662.09,-1558.81,121.878
3666.3,-1560.61,123.475
3670.52,-1562.41,125.071
3674.74,-1564.21,126.667
3678.95,-1566.01,128.249
3683.2,-1567.81,129.847
3687.42,-1569.61,131.428
3691.63,-1571.41,133.011
3695.85,-1573.21,134.577
3700.07,-1575.01,136.143
3704.28,-1576.81,137.709
3708.5,-1578.61,139.257
3712.71,-1580.41,140.806
3716.93,-1582.21,142.357
3721.17,-1584.01,143.917
3725.51,-1585.81,145.494
3729.72,-1587.61,147.028
3733.94,-1589.41,148.562
3738.15,-1591.21,150.095
3742.36,-1593.01,151.606
3746.58,-1594.81,153.119
3750.82,-1596.61,154.64
3755.04,-1598.41,156.146
3759.26,-1600.21,157.652
3763.48,-1602.01,159.157
3767.69,-1603.81,160.661
3771.9,-1605.61,162.188
3776.12,-1607.41,163.717
3780.34,-1609.21,165.245
3784.55,-1611.01,166.774
3788.76,-1612.81,168.491
3792.98,-1614.61,170.209
3797.19,-1616.41,171.928
3801.4,-1618.21,173.842
3805.62,-1620.01,175.76
3809.83,-1621.81,177.675
3814.18,-1623.61,179.568
3818.4,-1625.41,181.404
3822.64,-1627.21,183.253
3826.86,-1629.01,185.091
3831.08,-1630.81,186.843
3835.3,-1632.61,188.596
3839.51,-1634.41,190.345
3843.73,-1636.21,192.096
3847.94,-1638.01,193.853
3852.18,-1639.81,195.622
3856.4,-1641.61,197.381
3860.62,-1643.41,199.213
3864.84,-1645.21,201.049
3869.05,-1647.01,202.88
3873.27,-1648.81,204.714
3877.48,-1650.61,206.533
3881.7,-1652.41,208.354
3885.91,-1654.21,210.175
3890.13,-1656.01,211.972
3894.35,-1657.81,213.771
3898.56,-1659.61,215.567
3902.77,-1661.41,217.363
3906.99,-1663.21,219.171
3911.2,-1665.01,220.978
3915.42,-1666.81,222.785
3919.64,-1668.61,224.604
3923.88,-1670.41,226.436
3928.1,-1672.21,228.253
3932.31,-1674.01,230.071
3936.53,-1675.81,231.887
3940.75,-1677.61,233.702
3944.96,-1679.41,235.519
3949.18,-1681.21,237.345
3953.42,-1683.01,239.185
3957.64,-1684.81,241.011
3961.85,-1686.61,242.837
3966.26,-1688.41,244.762
3970.48,-1690.21,246.601
3974.69,-1692.01,248.442
3978.91,-1693.81,250.28
3983.12,-1695.61,252.107
3987.34,-1697.41,253.938
3991.55,-1699.21,255.766
3995.79,-1701.01,257.596
4000.71,-1702.81,259.724
4004.95,-1704.61,261.553
4009.7,-1706.41,263.581
4014.12,-1708.21,265.466
4018.56,-1710.01,267.364
4023.16,-1711.81,269.326
4027.63,-1713.61,271.143
4032.03,-1715.41,272.931
4036.43,-1717.21,274.722
4040.86,-1719.01,276.476
4045.28,-1720.81,278.229
4049.67,-1722.61,279.97
4054.18,-1724.41,281.758
4058.58,-1726.21,283.538
4063.07,-1728.01,285.351
4067.7,-1729.81,287.232
4072.07,-1731.61,289.015
4076.44,-1733.41,290.8
4080.73,-1735.21,292.553
4084.95,-1737.01,294.273
4089.17,-1738.81,295.99
4093.39,-1740.61,297.706
4097.6,-1742.41,299.419
4101.82,-1744.21,301.208
4106.04,-1746.01,302.999
4110.25,-1747.81,304.787
4114.47,-1749.61,306.625
4118.69,-1751.41,308.462
4122.9,-1753.21,310.298
4127.15,-1755.02,312.149
4131.43,-1756.82,314.024
4135.66,-1758.62,315.874
4139.87,-1760.42,317.721
4144.09,-1762.22,319.568
4148.58,-1764.02,321.534
4152.79,-1765.82,323.381
4157.05,-1767.62,325.245
4161.27,-1769.42,327.092
4165.49,-1771.22,328.939
4169.7,-1773.02,330.784
4173.92,-1774.82,332.63
4178.13,-1776.62,334.505
4182.35,-1778.42,336.38
4186.57,-1780.22,338.256
4190.78,-1782.02,340.154
4195,-1783.82,342.054
4199.22,-1785.62,343.95
4203.44,-1787.42,345.846
4207.65,-1789.22,347.759
4211.86,-1791.02,349.67
4216.08,-1792.82,351.577
4220.3,-1794.62,353.495
4224.55,-1796.42,355.403
4228.76,-1798.22,357.223
4232.97,-1800.02,358.636
4237.46,-1801.82,357.994
4241.68,-1803.62,356.255
4248.3,-1805.42,353.279
4252.66,-1807.22,351.267
4256.94,-1809.02,349.285
4261.2,-1810.82,347.316
4265.71,-1812.62,345.258
4270.15,-1814.42,343.219
4274.47,-1816.22,341.233
4278.69,-1818.02,339.3
4282.91,-1819.82,337.336
4287.13,-1821.62,335.368
4291.35,-1823.42,333.402
4295.58,-1825.22,331.412
4299.8,-1827.02,329.425
4304.02,-1828.82,327.439
4308.23,-1830.62,325.455
4312.44,-1832.42,323.477
4316.67,-1834.22,321.493
4320.88,-1836.02,319.511
4325.14,-1837.82,317.508
4329.35,-1839.62,315.519
4333.57,-1841.42,313.531
4337.79,-1843.22,311.546
4342,-1845.02,309.576
4346.22,-1846.82,307.605
4350.5,-1848.62,305.609
4354.72,-1850.42,303.671
4359.01,-1852.22,301.72
4363.23,-1854.02,299.765
4367.44,-1855.82,297.831
4371.66,-1857.62,295.939
4375.88,-1859.42,294.044
4380.09,-1861.22,292.152
4384.31,-1863.02,290.307
4388.53,-1864.82,288.462
4392.74,-1866.62,286.617
4396.96,-1868.42,284.772
4401.29,-1870.22,282.933
4405.51,-1872.02,281.139
4409.73,-1873.82,279.347
4413.94,-1875.62,277.555
4418.16,-1877.42,275.816
4422.38,-1879.22,274.075
4426.62,-1881.02,272.322
4430.84,-1882.82,270.621
4435.06,-1884.62,268.918
4439.28,-1886.42,267.217
4443.49,-1888.22,265.516
4447.71,-1890.02,263.85
4451.92,-1891.82,262.182
4456.14,-1893.62,260.513
4460.36,-1895.42,258.874
4464.58,-1897.22,257.232
4468.79,-1899.02,255.593
4473,-1900.82,253.954
4477.22,-1902.62,252.342
4481.44,-1904.42,250.73
4485.65,-1906.22,249.118
4489.93,-1908.02,247.502
4494.16,-1909.82,245.907
4498.37,-1911.62,244.316
4502.58,-1913.42,242.724
4506.8,-1915.22,241.157
4511.02,-1917.02,239.59
4515.24,-1918.82,238.024
4519.45,-1920.62,236.473
4523.67,-1922.42,234.919
4527.91,-1924.22,233.359
4532.13,-1926.02,231.807
4536.35,-1927.82,230.275
4540.57,-1929.62,228.744
4544.79,-1931.42,227.212
4549.06,-1933.22,225.662
4553.3,-1935.02,224.137
4557.52,-1936.82,222.622
4561.77,-1938.62,221.097
4565.99,-1940.42,219.601
4570.22,-1942.22,218.105
4574.47,-1944.02,216.594
4578.69,-1945.82,215.098
4582.91,-1947.62,213.612
4587.13,-1949.42,212.122
4591.35,-1951.22,210.637
4595.57,-1953.02,209.156
4599.79,-1954.82,207.675
4604.01,-1956.62,206.193
4608.22,-1958.42,204.715
4612.44,-1960.22,203.169
4616.66,-1962.02,201.621
4620.87,-1963.82,200.075
4625.09,-1965.62,198.229
4629.31,-1967.42,196.386
4633.53,-1969.22,194.541
4637.74,-1971.02,192.699
4641.96,-1972.82,190.787
4646.18,-1974.62,188.872
4650.4,-1976.42,186.96
4654.62,-1978.22,185.157
4658.83,-1980.02,183.356
4663.08,-1981.82,181.539
4667.31,-1983.62,179.733
4671.52,-1985.42,178.005
4675.74,-1987.22,176.275
4679.96,-1989.02,174.548
4684.18,-1990.82,172.816
4688.4,-1992.62,171.043
4692.61,-1994.42,169.27
4696.83,-1996.22,167.494
4701.13,-1998.02,165.635
4705.48,-1999.82,163.743
4709.75,-2001.62,161.891
4713.96,-2003.42,160.063
4718.18,-2005.22,158.263
4722.4,-2007.02,156.464
4726.62,-2008.82,154.66
4730.84,-2010.62,152.889
4735.06,-2012.42,151.117
4739.27,-2014.22,149.35
4743.5,-2016.02,147.577
4747.71,-2017.82,145.751
4751.93,-2019.62,143.923
4756.15,-2021.42,142.093
4760.37,-2023.22,140.277
4764.62,-2025.02,138.442
4768.84,-2026.82,136.627
4773.05,-2028.62,134.811
4777.27,-2030.42,132.999
4781.49,-2032.22,131.189
4785.71,-2034.02,129.378
4789.93,-2035.82,127.565
4794.15,-2037.62,125.75
4798.36,-2039.42,123.939
4802.58,-2041.22,122.127
4806.8,-2043.02,120.298
4811.01,-2044.82,118.47
4815.23,-2046.62,116.642
4819.45,-2048.42,114.807
4823.67,-2050.22,112.972
4827.89,-2052.02,111.137
4832.1,-2053.82,109.305
4836.32,-2055.62,107.464
4840.54,-2057.42,105.623
4844.76,-2059.22,103.782
4849.01,-2061.02,101.944
4853.23,-2062.82,100.085
4857.44,-2064.62,98.2443
4861.66,-2066.42,96.403
4865.9,-2068.22,94.5663
4870.12,-2070.02,92.7414
4874.34,-2071.82,90.9164
4878.55,-2073.62,89.0934
4882.77,-2075.42,87.2961
4886.99,-2077.22,85.4958
4891.21,-2079.02,83.6976
4895.43,-2080.82,81.8889
4899.65,-2082.62,80.0803
4903.87,-2084.42,78.2716
4908.08,-2086.22,76.4656
4912.3,-2088.02,74.6546
4916.52,-2089.82,72.8441
4920.74,-2091.62,71.035
4924.96,-2093.42,69.2218
4929.17,-2095.22,67.4086
4933.39,-2097.02,65.5939
4937.61,-2098.82,63.7829
4941.82,-2100.62,61.9718
4946.04,-2102.42,60.1599
4950.26,-2104.22,58.3508
4954.48,-2106.02,56.5393
4958.69,-2107.82,54.7256
4962.91,-2109.62,52.9099
4967.16,-2111.42,51.0822
4971.38,-2113.22,49.255
4975.6,-2115.02,47.4273
4979.81,-2116.82,45.601
4984.04,-2118.62,43.773
4988.25,-2120.42,41.9403
4992.46,-2122.22,40.1074
4996.68,-2124.02,38.2724
5000.9,-2125.82,36.4211
5005.12,-2127.62,34.5688
5009.33,-2129.43,32.7184
5013.55,-2131.23,30.8657
5017.77,-2133.03,29.0047
5021.99,-2134.83,27.1434
5026.21,-2136.63,25.2768
5030.43,-2138.43,23.4028
5034.65,-2140.23,21.5264
5038.86,-2142.03,19.6531
5043.08,-2143.83,17.781
5047.3,-2145.63,15.8978
5051.58,-2147.43,13.9897
5055.8,-2149.23,12.1104
5060.01,-2151.03,10.2259
5064.23,-2152.83,8.34502
5068.47,-2154.63,6.46336
5072.69,-2156.43,4.61532
5076.91,-2158.23,2.8189
5081.12,-2160.03,1.38421
5085.38,-2161.83,1.79836
5089.59,-2163.63,3.44612
5093.84,-2165.43,5.3079
5098.17,-2167.23,7.25429
5102.46,-2169.03,9.20166
5106.69,-2170.83,11.1437
5118.35,-2172.63,16.5081
5122.72,-2174.43,18.5446
5126.95,-2176.23,20.5075
5131.17,-2178.03,22.4663
5135.4,-2179.83,24.2403
5139.62,-2181.63,26.0136
5143.83,-2183.43,27.7864
5148.06,-2185.23,29.5603
5152.27,-2187.03,31.4374
5156.5,-2188.83,33.3145
5160.71,-2190.63,35.19
5164.93,-2192.43,37.0678
5169.2,-2194.23,38.9654
5173.42,-2196.03,40.8456
5177.64,-2197.83,42.7214
5181.85,-2199.63,44.6112
5186.08,-2201.43,46.5052
5190.29,-2203.23,48.3958
5194.51,-2205.03,50.2884
5198.73,-2206.83,52.1589
5202.94,-2208.63,54.0305
5207.17,-2210.43,55.9043
5211.38,-2212.23,57.7538
5215.6,-2214.03,59.6054
5219.82,-2215.83,61.4557
5224.04,-2217.63,63.3084
5228.26,-2219.43,65.13
5232.47,-2221.23,66.9514
5236.69,-2223.03,68.7757
5240.91,-2224.83,70.5565
5245.13,-2226.63,72.3402
5249.35,-2228.43,74.12
5253.57,-2230.23,75.9031
5257.79,-2232.03,77.6449
5262,-2233.83,79.3878
5266.22,-2235.63,81.1308
5270.47,-2237.43,82.8508
5274.69,-2239.23,84.5617
5278.91,-2241.03,86.2688
5283.12,-2242.83,87.976
5287.34,-2244.63,89.639
5291.56,-2246.43,91.3008
5295.78,-2248.23,92.964
5300,-2250.03,94.59
5304.22,-2251.83,96.2165
5308.43,-2253.63,97.8414
5312.65,-2255.43,99.4666
5316.87,-2257.23,101.061
5321.08,-2259.03,102.653
5325.31,-2260.83,104.249
5329.53,-2262.63,105.843
5333.75,-2264.43,107.409
5337.96,-2266.23,108.972
5342.18,-2268.03,110.538
5346.4,-2269.83,112.078
5350.62,-2271.63,113.617
5354.83,-2273.43,115.157
5359.05,-2275.23,116.696
5363.27,-2277.03,118.218
5367.49,-2278.83,119.736
5371.74,-2280.63,121.267
5375.96,-2282.43,122.789
5380.18,-2284.23,124.295
5384.4,-2286.03,125.803
5388.61,-2287.83,127.308
5392.83,-2289.63,128.795
5397.05,-2291.43,130.283
5401.26,-2293.23,131.769
5405.48,-2295.03,133.254
5409.7,-2296.83,134.74
5413.92,-2298.63,136.226
5418.13,-2300.43,137.71
5422.35,-2302.23,139.283
5426.57,-2304.03,140.859
5430.79,-2305.83,142.433
5435.01,-2307.63,144.008
5439.22,-2309.43,145.88
5443.45,-2311.23,147.755
5447.66,-2313.03,149.627
5451.88,-2314.83,151.539
5456.1,-2316.63,153.453
5460.31,-2318.43,155.366
5464.53,-2320.23,157.28
5468.75,-2322.03,159.065
5472.99,-2323.83,160.863
5477.21,-2325.63,162.651
5481.43,-2327.43,164.398
5485.65,-2329.23,166.148
5489.86,-2331.03,167.894
5494.08,-2332.83,169.642
5498.3,-2334.63,171.436
5502.51,-2336.43,173.231
5506.73,-2338.23,175.027
5510.94,-2340.03,176.823
5515.17,-2341.83,178.648
5519.38,-2343.63,180.471
5523.6,-2345.43,182.296
5527.82,-2347.23,184.088
5532.03,-2349.03,185.88
5536.26,-2350.83,187.674
5540.47,-2352.63,189.45
5544.69,-2354.43,191.227
5548.91,-2356.23,193.003
5553.12,-2358.03,194.778
5557.34,-2359.83,196.572
5561.56,-2361.63,198.366
5565.78,-2363.43,200.159
5570,-2365.23,201.952
5574.25,-2367.03,203.77
5578.46,-2368.83,205.573
5582.68,-2370.63,207.378
5586.9,-2372.43,209.19
5591.12,-2374.23,211.001
5595.33,-2376.03,212.812
5599.55,-2377.83,214.622
5603.77,-2379.63,216.43
5607.98,-2381.43,218.235
5612.2,-2383.23,220.043
5616.42,-2385.03,221.862
5620.64,-2386.83,223.678
5624.85,-2388.63,225.497
5629.08,-2390.43,227.316
5633.3,-2392.23,229.14
5637.51,-2394.03,230.961
5641.73,-2395.83,232.781
5645.95,-2397.63,234.607
5650.17,-2399.43,236.429
5654.39,-2401.23,238.253
5658.6,-2403.03,240.073
5662.81,-2404.83,241.897
5667.04,-2406.63,243.723
5671.25,-2408.43,245.546
5675.5,-2410.23,247.391
5679.71,-2412.03,249.223
5683.94,-2413.83,251.059
5688.15,-2415.63,252.892
5692.37,-2417.43,254.726
5696.59,-2419.23,256.561
5700.8,-2421.03,258.394
5705.02,-2422.83,260.23
5709.24,-2424.63,262.066
5713.46,-2426.43,263.904
5717.67,-2428.23,265.74
5721.88,-2430.03,267.568
5726.1,-2431.83,269.397
5730.32,-2433.63,271.228
5734.54,-2435.43,273.059
5738.75,-2437.23,274.857
5742.97,-2439.03,276.655
5747.19,-2440.83,278.456
5751.41,-2442.63,280.265
5755.62,-2444.43,282.075
5759.9,-2446.23,283.909
5764.13,-2448.03,285.721
5768.34,-2449.83,287.53
5772.56,-2451.63,289.34
5776.8,-2453.43,291.162
5781.02,-2455.23,292.973
5785.24,-2457.03,294.785
5789.45,-2458.83,296.596
5793.67,-2460.63,298.408
5797.89,-2462.43,300.215
5802.1,-2464.23,302.024
5806.32,-2466.03,303.835
5810.54,-2467.83,305.643
5814.76,-2469.63,307.458
5819.01,-2471.43,309.27
5823.23,-2473.23,311.101
5827.45,-2475.03,312.92
5831.66,-2476.83,314.738
5835.89,-2478.63,316.559
5840.1,-2480.43,318.379
5844.32,-2482.23,320.203
5848.54,-2484.03,322.022
5852.75,-2485.83,323.843
5856.97,-2487.63,325.68
5861.19,-2489.43,327.516
5865.41,-2491.23,329.354
5869.63,-2493.03,331.189
5873.84,-2494.83,333.042
5878.09,-2496.64,334.908
5882.31,-2498.44,336.761
5886.53,-2500.24,338.629
5890.74,-2502.04,340.494
5894.96,-2503.84,342.359
5899.18,-2505.64,344.224
5903.4,-2507.44,346.103
5907.62,-2509.24,347.977
5911.83,-2511.04,349.848
5916.05,-2512.84,351.736
5920.27,-2514.64,353.612
5924.49,-2516.44,355.464
5928.7,-2518.24,357.243
5932.92,-2520.04,358.635
5937.19,-2521.84,358.139
5941.4,-2523.64,356.484
5945.66,-2525.44,354.644
5950.01,-2527.24,352.703
5954.32,-2529.04,350.758
5958.54,-2530.84,348.851
5970.19,-2532.64,343.55
5974.55,-2534.44,341.555
5978.81,-2536.24,339.62
5983.03,-2538.04,337.706
5987.26,-2539.84,335.791
5991.47,-2541.64,334.01
5995.7,-2543.44,332.225
5999.92,-2545.24,330.443
6004.14,-2547.04,328.658
6008.35,-2548.84,326.814
6012.57,-2550.64,324.967
6016.79,-2552.44,323.119
6021.01,-2554.24,321.271
6025.23,-2556.04,319.402
6029.45,-2557.84,317.531
6033.67,-2559.64,315.66
6037.88,-2561.44,313.784
6042.1,-2563.24,311.906
6046.32,-2565.04,310.026
6050.53,-2566.84,308.163
6054.75,-2568.64,306.297
6059.04,-2570.44,304.433
6063.27,-2572.24,302.534
6067.48,-2574.04,300.693
6071.7,-2575.84,298.85
6075.92,-2577.64,297.006
6080.17,-2579.44,295.149
6084.39,-2581.24,293.339
6088.61,-2583.04,291.531
6092.82,-2584.84,289.723
6097.05,-2586.64,287.948
6101.26,-2588.44,286.175
6105.48,-2590.24,284.401
6109.7,-2592.04,282.628
6113.92,-2593.84,280.891
6118.14,-2595.64,279.156
6122.35,-2597.44,277.42
6126.58,-2599.24,275.719
6130.8,-2601.04,274.019
6135.02,-2602.84,272.318
6139.23,-2604.64,270.62
6143.45,-2606.44,268.962
6147.67,-2608.24,267.303
6151.89,-2610.04,265.646
6156.11,-2611.84,263.987
6160.36,-2613.64,262.352
6164.58,-2615.44,260.729
6168.8,-2617.24,259.109
6173.01,-2619.04,257.533
6177.23,-2620.84,255.953
6181.48,-2622.64,254.365
6185.7,-2624.44,252.823
6189.92,-2626.24,251.282
6194.14,-2628.04,249.74
6198.35,-2629.84,248.202
6202.61,-2631.64,246.68
6206.97,-2633.44,245.114
6211.19,-2635.24,243.599
6215.45,-2637.04,242.075
6219.67,-2638.84,240.587
6223.89,-2640.64,239.096
6228.11,-2642.44,237.607
6232.33,-2644.24,236.125
6236.54,-2646.04,234.642
6240.75,-2647.84,233.161
6244.98,-2649.64,231.677
6249.2,-2651.44,230.186
6253.42,-2653.24,228.695
6257.63,-2655.04,227.207
6261.85,-2656.84,225.574
6266.08,-2658.64,223.938
6270.29,-2660.44,222.305
6274.52,-2662.24,220.67
6278.73,-2664.04,218.772
6282.99,-2665.84,216.852
6287.21,-2667.64,214.951
6291.43,-2669.44,213.072
6295.65,-2671.24,211.192
6299.87,-2673.04,209.314
6304.09,-2674.84,207.434
6308.3,-2676.64,205.682
6312.52,-2678.44,203.928
6316.74,-2680.24,202.172
6320.96,-2682.04,200.445
6325.18,-2683.84,198.713
6329.4,-2685.64,196.983
6333.62,-2687.44,195.253
6337.83,-2689.24,193.448
6342.05,-2691.04,191.641
6346.27,-2692.84,189.834
6350.48,-2694.64,188.03
6354.7,-2696.44,186.195
6358.91,-2698.24,184.363
6363.16,-2700.04,182.514
6367.38,-2701.84,180.705
6371.6,-2703.64,178.897
6375.82,-2705.44,177.088
6380.04,-2707.24,175.28
6384.29,-2709.04,173.48
6388.5,-2710.84,171.694
6392.71,-2712.64,169.909
6396.93,-2714.44,168.111
6401.15,-2716.24,166.314
6405.37,-2718.04,164.516
6409.59,-2719.84,162.721
6413.81,-2721.64,160.925
6418.02,-2723.44,159.131
6422.24,-2725.24,157.337
6426.46,-2727.04,155.542
6430.67,-2728.84,153.741
6434.89,-2730.64,151.94
6439.11,-2732.44,150.14
6443.33,-2734.24,148.34
6447.54,-2736.04,146.541
6451.76,-2737.84,144.742
6455.98,-2739.64,142.936
6460.2,-2741.44,141.129
6464.48,-2743.24,139.295
6468.7,-2745.04,137.49
6472.92,-2746.84,135.679
6477.14,-2748.64,133.864
6481.36,-2750.44,132.053
6485.61,-2752.24,130.228
6489.82,-2754.04,128.42
6494.04,-2755.84,126.611
6498.26,-2757.64,124.805
6502.5,-2759.44,122.976
6506.72,-2761.24,121.153
6510.93,-2763.04,119.331
6515.15,-2764.84,117.508
6519.37,-2766.64,115.685
6523.59,-2768.44,113.861
6527.81,-2770.24,112.037
6532.03,-2772.04,110.202
6536.25,-2773.84,108.365
6540.46,-2775.64,106.531
6544.68,-2777.44,104.694
6548.89,-2779.24,102.859
6553.11,-2781.04,101.02
6557.33,-2782.84,99.1835
6561.55,-2784.64,97.3455
6565.77,-2786.44,95.5052
6569.98,-2788.24,93.6681
6574.21,-2790.04,91.827
6578.42,-2791.84,90.0073
6582.64,-2793.64,88.1863
6586.88,-2795.44,86.3514
6591.1,-2797.24,84.5302
6595.36,-2799.04,82.7264
6599.58,-2800.84,80.9388
6603.8,-2802.64,79.1515
6608.01,-2804.44,77.3579
6612.23,-2806.24,75.5636
6616.45,-2808.04,73.7671
6620.66,-2809.84,71.9637
6624.89,-2811.64,70.1559
6629.1,-2813.44,68.3513
6633.32,-2815.24,66.5444
6637.54,-2817.04,64.7312
6641.75,-2818.84,62.9169
6645.97,-2820.64,61.102
6650.19,-2822.44,59.2874
6654.41,-2824.24,57.4733
6658.63,-2826.04,55.6622
6662.84,-2827.84,53.8511
6667.07,-2829.64,52.0357
6671.29,-2831.44,50.2244
6675.51,-2833.24,48.4103
6679.72,-2835.04,46.6005
6683.94,-2836.84,44.7907
6688.19,-2838.64,42.9712
6692.41,-2840.44,41.1624
6696.63,-2842.24,39.3534
6700.84,-2844.04,37.5454
6705.07,-2845.84,35.7335
6709.28,-2847.64,33.9253
6713.51,-2849.44,32.1152
6717.72,-2851.24,30.3084
6721.94,-2853.04,28.5002
6726.16,-2854.84,26.6903
6730.38,-2856.64,24.8711
6734.6,-2858.44,23.0517
6738.81,-2860.24,21.2349
6743.03,-2862.04,19.4035
6747.25,-2863.84,17.5711
6751.46,-2865.65,15.7415
6755.68,-2867.45,13.9103
6759.9,-2869.25,12.0689
6764.12,-2871.05,10.2269
6768.33,-2872.85,8.39323
6772.55,-2874.65,6.54917
6776.77,-2876.45,4.72032
6780.98,-2878.25,2.94546
6785.2,-2880.05,1.42763
6789.5,-2881.85,1.57467
6793.72,-2883.65,3.16577
6797.95,-2885.45,4.96382
6802.28,-2887.25,6.85348
6806.57,-2889.05,8.74601
6810.79,-2890.85,10.6113
6818.33,-2892.65,13.9414
6822.79,-2894.45,15.9254
6827.13,-2896.25,17.8573
6831.38,-2898.05,19.6816
6835.6,-2899.85,21.4921
6839.82,-2901.65,23.299
6844.04,-2903.45,25.111
6848.26,-2905.25,26.9734
6852.48,-2907.05,28.8346
6856.7,-2908.85,30.6977
6860.91,-2910.65,32.5582
6865.13,-2912.45,34.4107
6869.35,-2914.25,36.263
6873.57,-2916.05,38.1161
6877.78,-2917.85,39.974
6881.99,-2919.65,41.8328
6886.21,-2921.45,43.6939
6890.46,-2923.25,45.5706
6894.68,-2925.05,47.4204
6898.9,-2926.85,49.2675
6903.11,-2928.65,51.1147
6907.33,-2930.45,52.965
6911.55,-2932.25,54.7937
6915.76,-2934.05,56.6244
6919.98,-2935.85,58.4529
6924.24,-2937.65,60.275
6928.48,-2939.45,62.0908
6932.69,-2941.25,63.8955
6936.91,-2943.05,65.6636
6941.13,-2944.85,67.4295
6945.35,-2946.65,69.1969
6949.56,-2948.45,70.9639
6953.78,-2950.25,72.6952
6957.99,-2952.05,74.4241
6962.21,-2953.85,76.1537
6966.43,-2955.65,77.8848
6970.64,-2957.45,79.5795
6974.86,-2959.25,81.2753
6979.07,-2961.05,82.97
6983.29,-2962.85,84.6251
6987.5,-2964.65,86.2781
6991.75,-2966.45,87.9422
6995.96,-2968.25,89.5982
7000.18,-2970.05,91.2177
7004.4,-2971.85,92.8387
7008.61,-2973.65,94.4582
7012.82,-2975.45,96.0464
7017.04,-2977.25,97.6361
7021.25,-2979.05,99.2246
7025.47,-2980.85,100.817
7029.71,-2982.65,102.387
7033.93,-2984.45,103.949
7038.14,-2986.25,105.509
7042.36,-2988.05,107.067
7046.57,-2989.85,108.627
7050.79,-2991.65,110.186
7055,-2993.45,111.746
7059.22,-2995.25,113.39
7063.43,-2997.05,115.036
7067.65,-2998.85,116.679
7071.86,-3000.65,118.534
7076.08,-3002.45,120.39
7080.29,-3004.25,122.244
7084.51,-3006.05,124.1
7088.72,-3007.85,125.99
7092.96,-3009.65,127.892
7097.18,-3011.45,129.786
7101.39,-3013.25,131.678
7105.61,-3015.05,133.473
7109.82,-3016.85,135.267
7114.04,-3018.65,137.063
7118.25,-3020.45,138.784
7122.46,-3022.25,140.504
7126.68,-3024.05,142.228
7130.92,-3025.85,144.031
7135.14,-3027.65,145.824
7139.35,-3029.45,147.615
7143.57,-3031.25,149.408
7147.78,-3033.05,151.236
7152,-3034.85,153.064
7156.22,-3036.65,154.895
7160.43,-3038.45,156.724
7164.71,-3040.25,158.559
7168.92,-3042.05,160.366
7173.17,-3043.85,162.19
7177.39,-3045.65,163.974
7181.6,-3047.45,165.755
7185.82,-3049.25,167.538
7190.03,-3051.05,169.319
7194.25,-3052.85,171.097
7198.46,-3054.65,172.874
7202.67,-3056.45,174.651
7206.89,-3058.25,176.429
7211.1,-3060.05,178.219
7215.32,-3061.85,180.01
7219.53,-3063.65,181.799
7223.74,-3065.45,183.593
7227.96,-3067.25,185.384
7232.2,-3069.05,187.188
7236.42,-3070.85,188.983
7240.63,-3072.65,190.774
7244.85,-3074.45,192.567
7249.06,-3076.25,194.359
7253.27,-3078.05,196.153
7257.49,-3079.85,197.946
7261.7,-3081.65,199.74
7265.92,-3083.45,201.535
7270.13,-3085.25,203.347
7274.34,-3087.05,205.16
7278.55,-3088.85,206.971
7282.77,-3090.65,208.785
7286.98,-3092.45,210.602
7291.22,-3094.25,212.428
7295.44,-3096.05,214.245
7299.65,-3097.85,216.049
7303.87,-3099.65,217.856
7308.08,-3101.45,219.659
7312.3,-3103.25,221.466
7316.51,-3105.05,223.275
7320.73,-3106.85,225.082
7324.95,-3108.65,226.892
7329.19,-3110.45,228.715
7333.41,-3112.25,230.53
7337.62,-3114.05,232.341
7341.83,-3115.85,234.153
7346.05,-3117.65,235.964
7350.26,-3119.45,237.774
7354.48,-3121.25,239.586
7358.69,-3123.05,241.4
7362.9,-3124.85,243.215
7367.12,-3126.65,245.031
7371.33,-3128.45,246.846
7375.55,-3130.25,248.673
7379.76,-3132.05,250.499
7383.98,-3133.85,252.327
7388.19,-3135.65,254.156
7392.43,-3137.45,255.997
7396.65,-3139.25,257.828
7400.86,-3141.05,259.659
7405.08,-3142.85,261.494
7409.29,-3144.65,263.329
7413.51,-3146.45,265.165
7417.72,-3148.25,266.994
7421.93,-3150.05,268.823
7426.15,-3151.85,270.656
7430.39,-3153.65,272.498
7434.61,-3155.45,274.302
7438.83,-3157.25,276.103
7443.04,-3159.05,277.905
7447.26,-3160.85,279.709
7451.47,-3162.65,281.503
7455.69,-3164.45,283.299
7459.9,-3166.25,285.092
7464.12,-3168.05,286.903
7468.33,-3169.85,288.71
7472.55,-3171.65,290.518
7476.77,-3173.45,292.329
7480.98,-3175.25,294.134
7485.2,-3177.05,295.941
7489.41,-3178.85,297.746
7493.65,-3180.65,299.559
7497.87,-3182.45,301.359
7502.08,-3184.25,303.159
7506.3,-3186.05,304.961
7510.51,-3187.85,306.758
7514.73,-3189.65,308.557
7518.94,-3191.45,310.353
7523.2,-3193.25,312.175
7527.41,-3195.05,313.98
7531.66,-3196.85,315.796
7535.88,-3198.65,317.603
7540.09,-3200.45,319.404
7544.31,-3202.25,321.205
7548.52,-3204.05,323.004
7552.73,-3205.85,324.806
7556.95,-3207.65,326.609
7561.16,-3209.45,328.41
7565.38,-3211.25,330.214
7569.6,-3213.05,332.017
7573.82,-3214.85,333.823
7578.03,-3216.65,335.626
7582.24,-3218.45,337.43
7586.46,-3220.25,339.237
7590.67,-3222.05,341.04
7594.91,-3223.85,342.856
7599.13,-3225.65,344.66
7603.35,-3227.45,346.464
7607.56,-3229.25,348.262
7611.77,-3231.05,350.059
7615.99,-3232.85,351.85
7620.2,-3234.66,353.63
7624.42,-3236.46,355.392
7628.63,-3238.26,357.101
7632.87,-3240.06,358.538
7637.14,-3241.86,358.402
7641.36,-3243.66,356.902
7648.09,-3245.46,354.121
7652.45,-3247.26,352.266
7656.68,-3249.06,350.459
7660.93,-3250.86,348.657
7665.44,-3252.66,346.737
7669.89,-3254.46,344.832
7674.23,-3256.26,342.983
7678.44,-3258.06,341.191
7682.66,-3259.86,339.396
7686.88,-3261.66,337.627
7691.09,-3263.46,335.858
7695.36,-3265.26,334.067
7699.58,-3267.06,332.297
7703.83,-3268.86,330.488
7708.15,-3270.66,328.64
7712.37,-3272.46,326.841
7716.59,-3274.26,325.04
7720.81,-3276.06,323.256
7725.02,-3277.86,321.47
7729.24,-3279.66,319.684
7733.5,-3281.46,317.889
7737.72,-3283.26,316.113
7741.93,-3285.06,314.337
7746.15,-3286.86,312.558
7750.37,-3288.66,310.793
7754.59,-3290.46,309.026
7758.8,-3292.26,307.262
7763.01,-3294.06,305.521
7767.23,-3295.86,303.78
7771.45,-3297.66,302.039
7775.66,-3299.46,300.298
7779.88,-3301.26,298.579
7784.09,-3303.06,296.857
7788.31,-3304.86,295.138
7792.52,-3306.66,293.418
7796.78,-3308.46,291.696
7800.99,-3310.26,289.991
7805.21,-3312.06,288.283
7809.43,-3313.86,286.58
7813.64,-3315.66,284.876
7817.86,-3317.46,283.173
7822.07,-3319.26,281.456
7826.29,-3321.06,279.735
7830.53,-3322.86,278.005
7834.75,-3324.66,276.284
7839.01,-3326.46,274.528
7843.23,-3328.26,272.751
7847.44,-3330.06,270.995
7851.66,-3331.86,269.238
7855.88,-3333.66,267.429
7860.09,-3335.46,265.624
7864.31,-3337.26,263.817
7868.58,-3339.06,261.968
7872.8,-3340.86,260.145
7877.01,-3342.66,258.321
7881.23,-3344.46,256.498
7885.45,-3346.26,254.702
7889.66,-3348.06,252.907
7893.88,-3349.86,251.112
7898.09,-3351.66,249.334
7902.31,-3353.46,247.557
7906.52,-3355.26,245.777
7910.74,-3357.06,244
7914.96,-3358.86,242.2
7919.17,-3360.66,240.403
7923.38,-3362.46,238.604
7927.6,-3364.26,236.789
7931.85,-3366.06,234.961
7936.07,-3367.86,233.144
7940.28,-3369.66,231.329
7944.5,-3371.46,229.519
7948.72,-3373.26,227.712
7952.93,-3375.06,225.905
7957.14,-3376.86,224.108
7961.36,-3378.66,222.311
7965.58,-3380.46,220.513
7969.79,-3382.26,218.718
7974.01,-3384.06,216.925
7978.22,-3385.86,215.135
7982.43,-3387.66,213.344
7986.65,-3389.46,211.552
7990.86,-3391.26,209.761
7995.08,-3393.06,207.969
7999.46,-3394.86,206.11
8003.68,-3396.66,204.316
8007.89,-3398.46,202.527
8012.11,-3400.26,200.737
8016.33,-3402.06,198.947
8020.54,-3403.86,197.184
8024.76,-3405.66,195.42
8029,-3407.46,193.656
8033.25,-3409.26,191.838
8037.46,-3411.06,190.047
8041.68,-3412.86,188.256
8045.89,-3414.66,186.464
8050.11,-3416.46,184.665
8054.32,-3418.26,182.865
8058.53,-3420.06,181.067
8062.75,-3421.86,179.257
8066.96,-3423.66,177.445
8071.17,-3425.46,175.635
8075.39,-3427.26,173.823
8079.6,-3429.06,172.022
8083.82,-3430.86,170.218
8088.03,-3432.66,168.417
8092.24,-3434.46,166.616
8096.46,-3436.26,164.82
8100.71,-3438.06,163.012
8104.92,-3439.86,161.216
8109.14,-3441.66,159.414
8113.35,-3443.46,157.61
8117.56,-3445.26,155.81
8121.78,-3447.06,154.021
8125.99,-3448.86,152.231
8130.21,-3450.66,150.441
8134.45,-3452.46,148.638
8138.67,-3454.26,146.837
8142.88,-3456.06,145.036
8147.1,-3457.86,143.234
8151.31,-3459.66,141.433
8155.53,-3461.46,139.635
8159.74,-3463.26,137.838
8163.96,-3465.06,136.04
8168.17,-3466.86,134.23
8172.39,-3468.66,132.419
8176.6,-3470.46,130.606
8180.82,-3472.26,128.795
8185.03,-3474.06,126.984
8189.25,-3475.86,125.175
8193.46,-3477.66,123.363
8197.67,-3479.46,121.549
8201.91,-3481.26,119.724
8206.13,-3483.06,117.905
8210.34,-3484.86,116.09
8214.56,-3486.66,114.262
8218.77,-3488.46,112.437
8222.99,-3490.26,110.611
8227.21,-3492.06,108.782
8231.45,-3493.86,106.95
8235.67,-3495.66,105.127
8239.88,-3497.46,103.308
8244.1,-3499.26,101.466
8248.31,-3501.06,99.6288
8252.52,-3502.86,97.7896
8256.74,-3504.66,95.9501
8260.96,-3506.46,94.1177
8265.17,-3508.26,92.2836
8269.39,-3510.06,90.4529
8273.61,-3511.86,88.6276
8277.82,-3513.66,86.8049
8282.03,-3515.46,84.9817
8286.25,-3517.26,83.1564
8290.47,-3519.06,81.3723
8294.68,-3520.86,79.5852
8298.9,-3522.66,77.8006
8303.14,-3524.46,75.9866
8307.36,-3526.26,74.1818
8311.57,-3528.06,72.3794
8315.79,-3529.86,70.575
8320,-3531.66,68.7706
8324.22,-3533.46,66.9645
8328.43,-3535.26,65.1597
8332.68,-3537.06,63.3448
8336.9,-3538.86,61.54
8341.11,-3540.66,59.739
8345.33,-3542.46,57.935
8349.54,-3544.26,56.1392
8353.76,-3546.06,54.3413
8357.97,-3547.86,52.5468
8362.18,-3549.66,50.7502
8366.4,-3551.46,48.9443
8370.62,-3553.26,47.1404
8374.83,-3555.06,45.3337
8379.05,-3556.86,43.5297
8383.26,-3558.66,41.724
8387.48,-3560.46,39.9205
8391.69,-3562.26,38.1161
8395.91,-3564.06,36.315
8400.12,-3565.86,34.5155
8404.36,-3567.66,32.704
8408.58,-3569.46,30.9075
8412.79,-3571.26,29.1107
8417.01,-3573.06,27.3129
8421.22,-3574.86,25.5169
8425.44,-3576.66,23.7254
8429.65,-3578.46,21.9351
8433.9,-3580.26,20.132
8438.11,-3582.06,18.3427
8442.33,-3583.86,16.5559
8446.54,-3585.66,14.7678
8450.76,-3587.46,12.9831
8454.98,-3589.26,11.2008
8459.19,-3591.06,9.42395
8463.41,-3592.86,7.65256
8467.62,-3594.66,5.89619
8471.83,-3596.46,4.16487
8476.04,-3598.26,2.51949
8480.25,-3600.06,1.33469
8484.51,-3601.86,1.92207
8488.73,-3603.67,3.4726
8495.49,-3605.47,6.23544
8499.86,-3607.27,8.06646
8504.13,-3609.07,9.86577
8508.38,-3610.87,11.657
8512.88,-3612.67,13.5539
8517.38,-3614.47,15.3752
8521.72,-3616.27,17.1295
8525.95,-3618.07,18.8357
8530.17,-3619.87,20.5891
8534.42,-3621.67,22.3597
8538.64,-3623.47,24.1144
8542.87,-3625.27,25.8487
8547.09,-3627.07,27.5836
8551.3,-3628.87,29.316
8555.52,-3630.67,31.0506
8560,-3632.47,32.8855
8564.22,-3634.27,34.616
8568.5,-3636.07,36.3682
8572.71,-3637.87,38.0968
8576.93,-3639.67,39.8402
8581.14,-3641.47,41.5817
8585.36,-3643.27,43.3249
8589.57,-3645.07,45.0641
8593.79,-3646.87,46.8051
8598,-3648.67,48.5436
8602.22,-3650.47,50.2964
8606.47,-3652.27,52.0676
8610.68,-3654.07,53.821
8614.9,-3655.87,55.5764
8619.12,-3657.67,57.3506
8623.33,-3659.47,59.127
8627.54,-3661.27,60.9017
8631.79,-3663.07,62.6888
8636.01,-3664.87,64.4857
8640.22,-3666.67,66.2801
8644.44,-3668.47,68.0763
8648.65,-3670.27,69.8821
8652.86,-3672.07,71.6889
8657.08,-3673.87,73.4977
8661.29,-3675.67,75.3049
8665.51,-3677.47,77.1121
8669.72,-3679.27,78.9176
8673.94,-3681.07,80.7249
8678.15,-3682.87,82.5239
8682.36,-3684.67,84.3232
8686.58,-3686.47,86.1243
8690.79,-3688.27,87.9238
8695.01,-3690.07,89.7216
8699.22,-3691.87,91.5178
8703.44,-3693.67,93.3161
8707.68,-3695.47,95.124
8711.89,-3697.27,96.9234
8716.11,-3699.07,98.725
8720.32,-3700.87,100.524
8724.54,-3702.67,102.332
8728.75,-3704.47,104.138
8732.99,-3706.27,105.958
8737.21,-3708.07,107.766
8741.43,-3709.87,109.568
8745.64,-3711.67,111.372
8749.85,-3713.47,113.173
8754.07,-3715.27,114.973
8758.28,-3717.07,116.77
8762.5,-3718.87,118.568
8766.71,-3720.67,120.368
8770.92,-3722.47,122.163
8775.14,-3724.27,123.96
8779.35,-3726.07,125.755
8783.57,-3727.87,127.551
8787.78,-3729.67,129.345
8791.99,-3731.47,131.14
8796.21,-3733.27,132.937
8800.42,-3735.07,134.732
8804.64,-3736.87,136.529
8808.88,-3738.67,138.336
8813.09,-3740.47,140.129
8817.31,-3742.27,141.924
8821.52,-3744.07,143.716
8825.74,-3745.87,145.511
8829.95,-3747.67,147.304
8834.2,-3749.47,149.112
8838.41,-3751.27,150.906
8842.63,-3753.07,152.7
8846.84,-3754.87,154.501
8851.06,-3756.67,156.302
8855.28,-3758.47,158.101
8859.49,-3760.27,159.903
8863.71,-3762.07,161.706
8867.92,-3763.87,163.508
8872.13,-3765.67,165.309
8876.35,-3767.47,167.114
8880.56,-3769.27,168.917
8884.78,-3771.07,170.721
8888.99,-3772.87,172.524
8893.21,-3774.67,174.324
8897.42,-3776.47,176.121
8901.63,-3778.27,177.918
8905.85,-3780.07,179.71
8910.08,-3781.87,181.51
8914.3,-3783.67,183.303
8918.51,-3785.47,185.093
8922.72,-3787.27,186.884
8926.94,-3789.07,188.678
8931.16,-3790.87,190.47
8935.4,-3792.67,192.273
8939.61,-3794.47,194.062
8943.83,-3796.27,195.852
8948.04,-3798.07,197.64
8952.25,-3799.87,199.433
8956.47,-3801.67,201.229
8960.68,-3803.47,203.022
8964.9,-3805.27,204.826
8969.11,-3807.07,206.63
8973.33,-3808.87,208.436
8977.54,-3810.67,210.238
8981.76,-3812.47,212.05
8985.97,-3814.27,213.864
8990.19,-3816.07,215.676
8994.42,-3817.87,217.494
8998.81,-3819.67,219.382
9003.03,-3821.47,221.193
9007.24,-3823.27,223.005
9011.49,-3825.07,224.798
9015.9,-3826.87,226.664
9020.3,-3828.67,228.529
9024.68,-3830.47,230.383
9029.09,-3832.27,232.243
9033.67,-3834.07,234.18
9038.11,-3835.87,236.059
9042.51,-3837.67,237.853
9046.91,-3839.47,239.649
9051.28,-3841.27,241.43
9055.69,-3843.07,243.196
9060.18,-3844.87,245
9064.57,-3846.67,246.757
9069.12,-3848.47,248.613
9073.7,-3850.27,250.602
9078.08,-3852.07,252.448
9082.44,-3853.87,254.289
9086.71,-3855.67,256.017
9090.93,-3857.47,257.721
9095.15,-3859.27,259.425
9099.36,-3861.07,261.189
9103.58,-3862.87,262.953
9107.79,-3864.67,264.715
9112.08,-3866.47,266.511
9116.31,-3868.27,268.393
9120.52,-3870.07,270.272
9124.74,-3871.87,272.152
9128.95,-3873.67,273.969
9133.21,-3875.47,275.806
9137.45,-3877.27,277.639
9141.67,-3879.07,279.459
9145.89,-3880.87,281.257
9150.1,-3882.67,283.053
9154.32,-3884.47,284.85
9158.53,-3886.27,286.62
9162.74,-3888.07,288.391
9166.96,-3889.87,290.163
9171.17,-3891.67,291.934
9175.39,-3893.47,293.76
9179.6,-3895.27,295.583
9183.82,-3897.07,297.408
9188.03,-3898.87,299.231
9192.24,-3900.67,301.037
9196.46,-3902.47,302.846
9200.67,-3904.27,304.653
9204.92,-3906.07,306.452
9209.23,-3907.87,308.288
9213.46,-3909.67,310.085
9217.67,-3911.47,311.874
9221.89,-3913.27,313.669
9226.11,-3915.07,315.465
9230.32,-3916.87,317.259
9234.57,-3918.67,319.063
9238.79,-3920.47,320.852
9243,-3922.27,322.641
9247.22,-3924.07,324.431
9251.43,-3925.87,326.224
9255.65,-3927.67,328.02
9259.87,-3929.47,329.814
9264.09,-3931.27,331.619
9268.3,-3933.07,333.421
9272.58,-3934.87,335.25
9276.8,-3936.67,337.054
9281.01,-3938.47,338.844
9285.23,-3940.27,340.636
9289.44,-3942.07,342.425
9293.66,-3943.87,344.204
9297.87,-3945.67,345.98
9302.08,-3947.47,347.755
9306.3,-3949.27,349.529
9310.52,-3951.07,351.295
9314.73,-3952.87,353.054
9318.93,-3954.67,354.796
9323.18,-3956.47,356.522
9327.4,-3958.27,358.095
9331.61,-3960.07,358.772
9335.91,-3961.87,357.574
9340.13,-3963.67,355.917
9346.87,-3965.47,353.138
9351.23,-3967.27,351.307
9355.45,-3969.07,349.525
9359.7,-3970.88,347.738
9364.21,-3972.68,345.835
9368.7,-3974.48,344.002
9373.02,-3976.28,342.238
9377.25,-3978.08,340.515
9381.46,-3979.88,338.797
9385.68,-3981.68,337.103
9389.9,-3983.48,335.41
9394.12,-3985.28,333.713
9398.33,-3987.08,332.021
9402.55,-3988.88,330.315
9406.77,-3990.68,328.606
9410.98,-3992.48,326.901
9415.2,-3994.28,325.196
9419.41,-3996.08,323.494
9423.63,-3997.88,321.79
9427.84,-3999.68,320.087
9432.06,-4001.48,318.347
9436.31,-4003.28,316.59
9440.53,-4005.08,314.85
9444.75,-4006.88,313.043
9448.96,-4008.68,311.239
9453.21,-4010.48,309.421
9457.42,-4012.28,307.617
9461.63,-4014.08,305.781
9465.85,-4015.88,303.944
9470.06,-4017.68,302.108
9474.28,-4019.48,300.284
9478.49,-4021.28,298.462
9482.7,-4023.08,296.639
9486.92,-4024.88,294.816
9491.14,-4026.68,293.013
9495.36,-4028.48,291.21
9499.57,-4030.28,289.41
9503.79,-4032.08,287.622
9508,-4033.88,285.835
9512.21,-4035.68,284.048
9516.43,-4037.48,282.258
9520.64,-4039.28,280.468
9524.86,-4041.08,278.676
9529.07,-4042.88,276.886
9533.29,-4044.68,275.093
9537.54,-4046.48,273.275
9541.75,-4048.28,271.469
9545.98,-4050.08,269.662
9550.19,-4051.88,267.856
9554.41,-4053.68,266.049
9558.62,-4055.48,264.244
9562.84,-4057.28,262.439
9567.06,-4059.08,260.646
9571.27,-4060.88,258.854
9575.49,-4062.68,257.061
9579.72,-4064.48,255.262
9583.97,-4066.28,253.445
9588.19,-4068.08,251.648
9592.4,-4069.88,249.849
9596.62,-4071.68,248.041
9600.83,-4073.48,246.234
9605.05,-4075.28,244.426
9609.32,-4077.08,242.6
9613.54,-4078.88,240.793
9617.75,-4080.68,238.989
9621.96,-4082.48,237.184
9626.18,-4084.28,235.38
9630.4,-4086.08,233.578
9634.62,-4087.88,231.774
9638.86,-4089.68,229.96
9643.08,-4091.48,228.157
9647.3,-4093.28,226.354
9651.51,-4095.08,224.553
9655.73,-4096.88,222.76
9659.95,-4098.68,220.969
9664.17,-4100.48,219.176
9668.38,-4102.28,217.387
9672.59,-4104.08,215.599
9676.81,-4105.88,213.807
9681.03,-4107.68,212.018
9685.25,-4109.48,210.223
9689.46,-4111.28,208.43
9693.68,-4113.08,206.635
9697.89,-4114.88,204.844
9702.11,-4116.68,203.051
9706.33,-4118.48,201.256
9710.54,-4120.28,199.463
9714.76,-4122.08,197.664
9719,-4123.88,195.868
9723.22,-4125.68,194.057
9727.43,-4127.48,192.262
9731.65,-4129.27,190.461
9735.9,-4131.07,188.647
9740.11,-4132.87,186.846
9744.33,-4134.67,185.047
9748.54,-4136.47,183.252
9752.76,-4138.27,181.455
9756.97,-4140.07,179.658
9761.38,-4141.87,177.778
9765.6,-4143.67,175.976
9769.81,-4145.47,174.177
9774.03,-4147.27,172.385
9778.25,-4149.07,170.596
9782.46,-4150.87,168.806
9786.68,-4152.67,167.015
9790.89,-4154.47,165.242
9795.11,-4156.27,163.466
9799.32,-4158.07,161.694
9803.54,-4159.87,159.92
9807.75,-4161.67,158.112
9811.97,-4163.47,156.302
9816.27,-4165.27,154.456
9820.62,-4167.07,152.589
9824.85,-4168.87,150.781
9829.07,-4170.67,148.974
9833.29,-4172.47,147.165
9837.53,-4174.27,145.386
9841.74,-4176.07,143.617
9845.96,-4177.87,141.847
9850.17,-4179.67,140.063
9854.4,-4181.47,138.276
9858.61,-4183.27,136.492
9862.83,-4185.07,134.706
9867.04,-4186.87,132.878
9871.26,-4188.67,131.052
9875.47,-4190.47,129.225
9879.69,-4192.27,127.414
9883.91,-4194.07,125.6
9888.12,-4195.87,123.791
9892.33,-4197.67,121.981
9896.55,-4199.47,120.177
9900.77,-4201.27,118.374
9904.98,-4203.07,116.569
9909.3,-4204.87,114.703
9913.52,-4206.67,112.881
9917.76,-4208.47,111.051
9921.98,-4210.27,109.23
9926.2,-4212.07,107.419
9930.41,-4213.87,105.609
9934.63,-4215.67,103.797
9938.87,-4217.47,101.976
9943.09,-4219.27,100.164
9947.31,-4221.06,98.3501
9951.52,-4222.86,96.54
9955.74,-4224.66,94.705
9959.96,-4226.46,92.8704
9964.18,-4228.26,91.0355
9968.55,-4230.06,89.1227
9972.77,-4231.86,87.2796
9977.05,-4233.66,85.4075
9981.26,-4235.46,83.5653
9985.48,-4237.26,81.7452
9989.7,-4239.06,79.9269
9993.92,-4240.86,78.1081
9998.13,-4242.66,76.2915
10002.3,-4244.46,74.5129
10006.6,-4246.26,72.7335
10010.8,-4248.06,70.9557
10015,-4249.86,69.1436
10019.2,-4251.66,67.3223
10023.5,-4253.46,65.5102
10027.7,-4255.26,63.7019
10031.9,-4257.06,61.8904
10036.1,-4258.86,60.065
10040.3,-4260.66,58.2538
10044.6,-4262.46,56.4569
10048.8,-4264.26,54.6621
10053,-4266.06,52.8665
10057.2,-4267.86,51.0693
10061.4,-4269.66,49.276
10065.6,-4271.46,47.4787
10069.9,-4273.26,45.6834
10074.1,-4275.06,43.8873
10078.3,-4276.86,42.0861
10082.5,-4278.66,40.2837
10086.7,-4280.46,38.4809
10090.9,-4282.26,36.6823
10095.2,-4284.06,34.8816
10099.4,-4285.86,33.0831
10103.6,-4287.66,31.2885
10107.8,-4289.46,29.4974
10112,-4291.26,27.7051
10116.2,-4293.06,25.913
10120.4,-4294.86,24.1193
10124.7,-4296.66,22.3239
10128.9,-4298.46,20.532
10133.1,-4300.26,18.7388
10137.3,-4302.06,16.9325
10141.5,-4303.86,15.1394
10145.8,-4305.66,13.3482
10150,-4307.46,11.5579
10154.2,-4309.26,9.76967
10158.4,-4311.06,7.98898
10162.6,-4312.85,6.21594
10166.8,-4314.65,4.4618
10171,-4316.45,2.75855
10175.3,-4318.25,1.31103
10179.5,-4320.05,1.49512
10183.7,-4321.85,3.0422
10187.9,-4323.65,4.75815
10194.7,-4325.45,7.541
10199,-4327.25,9.37193
10203.2,-4329.05,11.1427
10207.5,-4330.85,12.9243
10211.9,-4332.65,14.7157
10216.4,-4334.45,16.5288
10220.8,-4336.25,18.3041
10225.1,-4338.05,20.0599
10229.3,-4339.85,21.8123
10233.5,-4341.65,23.5652
10237.8,-4343.45,25.3297
10242,-4345.25,27.0325
10246.2,-4347.05,28.7355
10250.4,-4348.85,30.436
10254.6,-4350.65,32.1438
10258.8,-4352.45,33.8483
10263.1,-4354.25,35.5533
10267.3,-4356.05,37.2593
10271.5,-4357.85,38.9774
10275.7,-4359.65,40.6971
10279.9,-4361.45,42.4138
10284.1,-4363.25,44.1742
10288.4,-4365.05,45.9319
10292.6,-4366.85,47.6896
10296.8,-4368.65,49.4503
10301,-4370.45,51.2545
10305.2,-4372.25,53.0617
10309.4,-4374.05,54.8676
10313.7,-4375.85,56.6749
10317.9,-4377.65,58.5017
10322.1,-4379.45,60.3403
10326.3,-4381.25,62.1693
10330.5,-4383.05,63.9858
10334.8,-4384.85,65.804
10339,-4386.65,67.6349
10343.2,-4388.45,69.4539
10347.4,-4390.25,71.2405
10351.6,-4392.05,73.0274
10355.9,-4393.85,74.8152
10360.1,-4395.65,76.5896
10364.3,-4397.45,78.3657
10368.5,-4399.25,80.1398
10372.7,-4401.05,81.9138
10376.9,-4402.85,83.7096
10381.1,-4404.65,85.5062
10385.4,-4406.44,87.3062
10389.6,-4408.24,89.1389
10393.9,-4410.04,90.9792
10398.1,-4411.84,92.8174
10402.5,-4413.64,94.6838
10406.7,-4415.44,96.4914
10410.9,-4417.24,98.2952
10415.1,-4419.04,100.102
10419.3,-4420.84,101.904
10423.6,-4422.64,103.686
10427.8,-4424.44,105.452
10432.1,-4426.24,107.247
10436.3,-4428.04,109.054
10440.5,-4429.84,110.847
10444.8,-4431.64,112.641
10449,-4433.44,114.433
10453.2,-4435.24,116.247
10457.5,-4437.04,118.036
10461.7,-4438.84,119.826
10465.9,-4440.64,121.616
10470.1,-4442.44,123.405
10474.3,-4444.24,125.194
10478.5,-4446.04,126.981
10482.7,-4447.84,128.771
10486.9,-4449.64,130.563
10491.2,-4451.44,132.356
10495.4,-4453.24,134.158
10499.6,-4455.04,135.96
10503.8,-4456.84,137.762
10508,-4458.64,139.562
10512.2,-4460.44,141.365
10516.4,-4462.24,143.171
10520.7,-4464.04,144.974
10524.9,-4465.84,146.778
10529.1,-4467.64,148.583
10533.3,-4469.44,150.389
10537.6,-4471.24,152.204
10541.8,-4473.04,154.01
10546,-4474.84,155.816
10550.2,-4476.64,157.621
10554.4,-4478.44,159.427
10558.6,-4480.24,161.221
10562.8,-4482.04,163.015
10567.1,-4483.84,164.811
10571.3,-4485.64,166.604
10575.5,-4487.44,168.398
10579.7,-4489.24,170.191
10583.9,-4491.04,171.985
10588.1,-4492.84,173.77
10592.3,-4494.64,175.555
10596.6,-4496.44,177.341
10600.8,-4498.23,179.129
10605,-4500.03,180.919
10609.2,-4501.83,182.706
10613.4,-4503.63,184.495
10617.6,-4505.43,186.286
10621.8,-4507.23,188.076
10626.1,-4509.03,189.88
10630.3,-4510.83,191.684
10634.5,-4512.63,193.49
10638.8,-4514.43,195.304
10643,-4516.23,197.109
10647.2,-4518.03,198.916
10651.4,-4519.83,200.722
10655.6,-4521.63,202.528
10659.8,-4523.43,204.338
10664,-4525.23,206.149
10668.3,-4527.03,207.957
10672.5,-4528.83,209.765
10676.7,-4530.63,211.606
10681,-4532.43,213.42
10685.2,-4534.23,215.234
10689.4,-4536.03,217.048
10693.6,-4537.83,218.846
10697.8,-4539.63,220.642
10702,-4541.43,222.44
10706.3,-4543.23,224.261
10710.6,-4545.03,226.107
10714.8,-4546.83,227.912
10719,-4548.63,229.714
10723.3,-4550.43,231.501
10727.5,-4552.23,233.304
10731.7,-4554.03,235.09
10736,-4555.83,236.888
10740.2,-4557.63,238.696
10744.4,-4559.43,240.492
10748.6,-4561.23,242.285
10752.8,-4563.03,244.088
10757.1,-4564.83,245.892
10761.3,-4566.63,247.694
10765.5,-4568.43,249.511
10769.7,-4570.23,251.326
10773.9,-4572.03,253.143
10778.1,-4573.83,254.958
10782.3,-4575.63,256.78
10786.6,-4577.43,258.604
10790.8,-4579.23,260.426
10795,-4581.03,262.254
10799.2,-4582.83,264.081
10803.4,-4584.63,265.909
10807.6,-4586.43,267.735
10811.9,-4588.23,269.575
10816.1,-4590.02,271.416
10820.3,-4591.82,273.255
10824.5,-4593.62,275.105
10828.7,-4595.42,276.964
10833,-4597.22,278.813
10837.2,-4599.02,280.675
10841.4,-4600.82,282.51
10845.6,-4602.62,284.345
10849.9,-4604.42,286.179
10854.1,-4606.22,288.014
10858.3,-4608.02,289.801
10862.5,-4609.82,291.589
10866.7,-4611.62,293.378
10870.9,-4613.42,295.175
10875.1,-4615.22,296.972
10879.4,-4617.02,298.768
10883.6,-4618.82,300.565
10887.8,-4620.62,302.369
10892,-4622.42,304.174
10896.2,-4624.22,305.981
10900.4,-4626.02,307.786
10904.6,-4627.82,309.593
10908.9,-4629.62,311.398
10913.1,-4631.42,313.203
10917.3,-4633.22,315.005
10921.5,-4635.02,316.807
10925.7,-4636.82,318.609
10929.9,-4638.62,320.42
10934.2,-4640.42,322.226
10938.4,-4642.22,324.041
10942.6,-4644.02,325.844
10946.8,-4645.82,327.647
10951.1,-4647.62,329.449
10955.3,-4649.42,331.251
10959.5,-4651.22,333.041
10963.7,-4653.02,334.834
10967.9,-4654.82,336.623
10972.1,-4656.62,338.413
10976.4,-4658.42,340.208
10980.6,-4660.22,342.002
10984.8,-4662.02,343.796
10989,-4663.82,345.59
10993.2,-4665.62,347.381
10997.4,-4667.42,349.167
11001.6,-4669.22,350.952
11005.9,-4671.02,352.734
11010.1,-4672.82,354.505
11014.3,-4674.62,356.26
11018.5,-4676.42,357.943
11022.7,-4678.22,359.046
11026.9,-4680.02,357.999
11031.2,-4681.81,356.296
11035.4,-4683.61,354.544
11042.2,-4685.41,351.707
11046.6,-4687.21,349.859
11050.8,-4689.01,348.096
11055.1,-4690.81,346.322
11059.6,-4692.61,344.441
11064.1,-4694.41,342.538
11068.4,-4696.21,340.765
11072.6,-4698.01,339.042
11076.8,-4699.81,337.317
11081.1,-4701.61,335.625
11085.3,-4703.41,333.93
11089.5,-4705.21,332.234
11093.7,-4707.01,330.542
11097.9,-4708.81,328.837
11102.2,-4710.61,327.132
11106.4,-4712.41,325.426
11110.6,-4714.21,323.721
11114.8,-4716.01,322.024
11119,-4717.81,320.326
11123.2,-4719.61,318.629
11127.5,-4721.41,316.902
11131.7,-4723.21,315.16
11135.9,-4725.01,313.43
11140.2,-4726.81,311.632
11144.4,-4728.61,309.844
11148.6,-4730.41,308.061
11152.8,-4732.21,306.277
11157,-4734.01,304.449
11161.2,-4735.81,302.622
11165.5,-4737.61,300.794
11169.7,-4739.41,298.968
11173.9,-4741.21,297.139
11178.1,-4743.01,295.314
11182.3,-4744.81,293.487
11186.5,-4746.61,291.683
11190.8,-4748.41,289.88
11195,-4750.21,288.075
11199.2,-4752.01,286.273
11203.4,-4753.81,284.485
11207.6,-4755.61,282.7
11211.8,-4757.41,280.914
11216,-4759.21,279.121
11220.3,-4761.01,277.33
11224.5,-4762.81,275.537
11228.7,-4764.61,273.747
11232.9,-4766.41,271.93
11237.1,-4768.21,270.122
11241.4,-4770.01,268.305
11245.6,-4771.81,266.499
11249.8,-4773.6,264.696
11254,-4775.4,262.891
11258.2,-4777.2,261.088
11262.5,-4779,259.306
11266.7,-4780.8,257.521
11270.9,-4782.6,255.739
11275.1,-4784.4,253.948
11279.3,-4786.2,252.158
11283.5,-4788,250.368
11287.7,-4789.8,248.578
11292,-4791.6,246.768
11296.2,-4793.4,244.955
11300.4,-4795.2,243.144
11304.6,-4797,241.332
11308.8,-4798.8,239.52
11313,-4800.6,237.707
11317.2,-4802.4,235.891
11321.5,-4804.2,234.084
11325.7,-4806,232.275
11329.9,-4807.8,230.468
11334.1,-4809.6,228.658
11338.3,-4811.4,226.842
11342.6,-4813.2,225.036
11346.8,-4815,223.23
11351,-4816.8,221.425
11355.2,-4818.6,219.627
11359.4,-4820.4,217.83
11363.6,-4822.2,216.032
11367.8,-4824,214.248
11372.1,-4825.8,212.462
11376.3,-4827.6,210.675
11380.5,-4829.4,208.893
11384.7,-4831.2,207.11
11389,-4833,205.304
11393.2,-4834.8,203.5
11397.4,-4836.6,201.716
11401.7,-4838.4,199.931
11405.9,-4840.2,198.144
11410.1,-4842,196.361
11414.3,-4843.8,194.58
11418.5,-4845.6,192.802
11422.7,-4847.4,191.024
11426.9,-4849.2,189.221
11431.2,-4851,187.419
11435.4,-4852.8,185.603
11439.6,-4854.6,183.79
11443.9,-4856.4,181.971
11448.1,-4858.2,180.156
11452.3,-4860,178.341
11456.5,-4861.8,176.538
11460.7,-4863.6,174.738
11464.9,-4865.4,172.936
11469.1,-4867.19,171.136
11473.4,-4868.99,169.332
11477.6,-4870.79,167.529
11481.8,-4872.59,165.727
11486,-4874.39,163.92
11490.2,-4876.19,162.115
11494.4,-4877.99,160.308
11498.6,-4879.79,158.503
11502.8,-4881.59,156.706
11507.1,-4883.39,154.907
11511.3,-4885.19,153.11
11515.5,-4886.99,151.315
11519.7,-4888.79,149.521
11523.9,-4890.59,147.726
11528.1,-4892.39,145.935
11532.3,-4894.19,144.137
11536.6,-4895.99,142.327
11540.8,-4897.79,140.517
11545,-4899.59,138.717
11549.3,-4901.39,136.911
11553.5,-4903.19,135.104
11557.7,-4904.99,133.299
11561.9,-4906.79,131.505
11566.1,-4908.59,129.709
11570.3,-4910.39,127.916
11574.5,-4912.19,126.1
11578.8,-4913.99,124.287
11583,-4915.79,122.474
11587.2,-4917.59,120.658
11591.4,-4919.39,118.846
11595.6,-4921.19,117.034
11599.8,-4922.99,115.223
11604,-4924.79,113.41
11608.3,-4926.59,111.597
11612.5,-4928.39,109.781
11616.7,-4930.19,107.964
11620.9,-4931.99,106.144
11625.1,-4933.79,104.323
11629.3,-4935.59,102.504
11633.5,-4937.39,100.684
11637.8,-4939.19,98.8489
11642,-4940.99,97.0118
11646.2,-4942.79,95.1849
11650.4,-4944.59,93.3609
11654.7,-4946.39,91.5359
11658.9,-4948.19,89.7142
11663.1,-4949.99,87.8921
11667.3,-4951.79,86.0623
11671.5,-4953.59,84.2341
11675.7,-4955.39,82.4043
11680,-4957.19,80.5766
11684.2,-4958.98,78.7369
11688.4,-4960.78,76.8989
11692.6,-4962.58,75.0617
11696.8,-4964.38,73.2408
11701,-4966.18,71.4227
11705.2,-4967.98,69.6026
11709.4,-4969.78,67.7845
11713.7,-4971.58,65.9949
11717.9,-4973.38,64.2073
11722.1,-4975.18,62.4201
11726.3,-4976.98,60.6117
11730.5,-4978.78,58.8063
11734.7,-4980.58,56.9976
11739,-4982.38,55.155
11743.3,-4984.18,53.3399
11747.5,-4985.98,51.529
11751.7,-4987.78,49.7181
11755.9,-4989.58,47.9254
11760.1,-4991.38,46.1352
11764.3,-4993.18,44.3438
11768.5,-4994.98,42.5544
11772.8,-4996.78,40.7561
11777,-4998.58,38.956
11781.2,-5000.38,37.1556
11785.4,-5002.18,35.3556
11789.6,-5003.98,33.5537
11793.8,-5005.78,31.749
11798,-5007.58,29.9472
11802.3,-5009.38,28.153
11806.5,-5011.18,26.356
11810.7,-5012.98,24.5616
11814.9,-5014.78,22.7641
11819.1,-5016.58,20.9696
11823.3,-5018.38,19.1753
11827.5,-5020.18,17.3825
11831.8,-5021.98,15.5871
11836,-5023.78,13.7881
11840.2,-5025.58,11.9707
11844.5,-5027.38,10.1739
11848.7,-5029.18,8.38155
11852.9,-5030.98,6.59363
11857.1,-5032.78,4.81182
11861.3,-5034.58,3.06476
11865.5,-5036.38,1.41773
11869.7,-5038.18,1.00248
11873.9,-5039.98,2.52693
11878.2,-5041.78,4.28238
11882.4,-5043.58,6.05371
11889.2,-5045.38,8.90016
11893.5,-5047.18,10.7459
11897.7,-5048.98,12.5277
11902,-5050.77,14.3166
11906.4,-5052.57,16.0595
11910.9,-5054.37,17.806
11915.2,-5056.17,19.5167
11919.4,-5057.97,21.1767
11923.6,-5059.77,22.9163
11927.9,-5061.57,24.6529
11932.1,-5063.37,26.3914
11936.3,-5065.17,28.0787
11940.6,-5066.97,29.7913
11944.8,-5068.77,31.4772
11949,-5070.57,33.1608
11953.3,-5072.37,34.8473
11957.5,-5074.17,36.5315
11961.7,-5075.97,38.2157
11965.9,-5077.77,39.9382
11970.1,-5079.57,41.6576
11974.3,-5081.37,43.379
11978.5,-5083.17,45.0988
11982.8,-5084.97,46.9039
11987,-5086.77,48.7129
11991.2,-5088.57,50.5214
11995.4,-5090.37,52.3304
11999.6,-5092.17,54.1881
12003.8,-5093.97,56.0482
12008,-5095.77,57.9059
12012.3,-5097.57,59.7408
12016.5,-5099.37,61.5782
12020.7,-5101.17,63.4132
12024.9,-5102.97,65.2502
12029.1,-5104.77,67.0433
12033.3,-5106.57,68.8377
12037.5,-5108.37,70.6316
12041.8,-5110.17,72.4094
12046,-5111.97,74.1773
12050.2,-5113.77,75.9432
12054.4,-5115.57,77.7111
12058.6,-5117.37,79.4828
12062.9,-5119.17,81.2557
12067.1,-5120.97,83.0298
12071.3,-5122.77,84.8412
12075.5,-5124.57,86.6539
12079.7,-5126.37,88.465
12083.9,-5128.17,90.2776
12088.2,-5129.97,92.101
12092.4,-5131.77,93.9248
12096.7,-5133.57,95.7791
12100.9,-5135.37,97.5856
12105.1,-5137.17,99.3929
12109.3,-5138.97,101.199
12113.5,-5140.77,103.006
12117.7,-5142.56,104.79
12121.9,-5144.36,106.576
12126.2,-5146.16,108.362
12130.4,-5147.96,110.147
12134.6,-5149.76,111.952
12138.8,-5151.56,113.757
12143.1,-5153.36,115.586
12147.3,-5155.16,117.401
12151.5,-5156.96,119.214
12155.7,-5158.76,121.035
12160,-5160.56,122.848
12164.2,-5162.36,124.643
12169,-5164.16,126.707
12173.3,-5165.96,128.503
12177.5,-5167.76,130.27
12181.7,-5169.56,132.036
12185.9,-5171.36,133.804
12190.1,-5173.16,135.57
12194.4,-5174.96,137.267
12198.6,-5176.76,138.964
12202.8,-5178.56,140.667
12207.5,-5180.36,142.678
12211.8,-5182.16,144.542
12216,-5183.96,146.357
12220.2,-5185.76,148.17
12224.5,-5187.56,149.976
12228.7,-5189.36,151.778
12232.9,-5191.16,153.579
12237.2,-5192.96,155.379
12241.5,-5194.76,157.144
12245.7,-5196.56,158.885
12249.9,-5198.36,160.624
12254.2,-5200.16,162.411
12258.4,-5201.96,164.196
12262.6,-5203.76,165.981
12266.8,-5205.56,167.796
12271,-5207.36,169.607
12275.2,-5209.16,171.42
12279.4,-5210.96,173.231
12283.7,-5212.76,175.027
12287.9,-5214.56,176.821
12292.1,-5216.36,178.615
12296.3,-5218.16,180.393
12300.5,-5219.96,182.176
12304.9,-5221.76,183.998
12309.1,-5223.56,185.777
12313.3,-5225.36,187.57
12317.5,-5227.16,189.36
12321.7,-5228.96,191.152
12325.9,-5230.76,192.939
12330.1,-5232.56,194.724
12334.3,-5234.35,196.507
12338.6,-5236.15,198.288
12342.8,-5237.95,200.128
12347,-5239.75,201.948
12351.3,-5241.55,203.767
12355.5,-5243.35,205.589
12359.7,-5245.15,207.397
12363.9,-5246.95,209.205
12368.1,-5248.75,211.008
12372.3,-5250.55,212.807
12376.5,-5252.35,214.61
12380.8,-5254.15,216.41
12385,-5255.95,218.208
12389.2,-5257.75,220.013
12393.4,-5259.55,221.823
12397.6,-5261.35,223.63
12401.8,-5263.15,225.438
12406,-5264.95,227.252
12410.3,-5266.75,229.064
12414.5,-5268.55,230.874
12418.7,-5270.35,232.669
12422.9,-5272.15,234.468
12427.1,-5273.95,236.269
12431.3,-5275.75,238.066
12435.5,-5277.55,239.863
12439.8,-5279.35,241.67
12444,-5281.15,243.482
12448.2,-5282.95,245.293
12452.5,-5284.75,247.103
12456.7,-5286.55,248.915
12460.9,-5288.35,250.713
12465.2,-5290.15,252.553
12469.4,-5291.95,254.355
12473.7,-5293.75,256.173
12477.9,-5295.55,257.981
12482.1,-5297.35,259.788
12486.4,-5299.15,261.598
12490.8,-5300.95,263.516
12495,-5302.75,265.323
12499.2,-5304.55,267.127
12503.4,-5306.35,268.936
12507.6,-5308.15,270.73
12511.9,-5309.95,272.55
12516.2,-5311.75,274.382
12520.4,-5313.55,276.177
12524.7,-5315.35,278.022
12528.9,-5317.15,279.864
12533.1,-5318.95,281.709
12537.3,-5320.75,283.511
12541.5,-5322.55,285.323
12545.8,-5324.35,287.134
12550,-5326.15,288.932
12554.2,-5327.94,290.774
12558.4,-5329.74,292.612
12562.6,-5331.54,294.45
12566.9,-5333.34,296.222
12571.1,-5335.14,297.994
12575.3,-5336.94,299.766
12579.5,-5338.74,301.536
12583.7,-5340.54,303.329
12587.9,-5342.34,305.12
12592.1,-5344.14,306.912
12596.4,-5345.94,308.702
12600.6,-5347.74,310.492
12604.8,-5349.54,312.281
12609,-5351.34,314.08
12613.3,-5353.14,315.88
12617.5,-5354.94,317.681
12621.7,-5356.74,319.479
12625.9,-5358.54,321.281
12630.1,-5360.34,323.057
12634.3,-5362.14,324.831
12638.5,-5363.94,326.605
12642.8,-5365.74,328.422
12647,-5367.54,330.243
12651.3,-5369.34,332.048
12655.5,-5371.14,333.853
12659.7,-5372.94,335.662
12663.9,-5374.74,337.477
12668.1,-5376.54,339.288
12672.3,-5378.34,341.087
12676.5,-5380.14,342.887
12680.7,-5381.94,344.685
12685,-5383.74,346.487
12689.2,-5385.54,348.288
12693.4,-5387.34,350.09
12697.6,-5389.14,351.888
12701.8,-5390.94,353.67
12706,-5392.74,355.449
12710.3,-5394.54,357.211
12714.5,-5396.34,358.892
12718.7,-5398.14,358.955
12722.9,-5399.94,357.285
12727.4,-5401.74,355.393
12731.6,-5403.54,353.608
12739.9,-5405.34,350.18
12744.3,-5407.14,348.345
12748.6,-5408.94,346.6
12761.4,-5410.74,341.387
12765.7,-5412.54,339.605
12769.9,-5414.34,337.883
12774.2,-5416.14,336.163
12778.4,-5417.94,334.934
12782.6,-5419.73,333.704
12786.8,-5421.53,332.473
12791,-5423.33,331.242
12795.2,-5425.13,329.859
12799.5,-5426.93,328.477
12803.7,-5428.73,327.094
12807.9,-5430.53,325.615
12812.2,-5432.33,324.116
12816.7,-5434.13,322.526
12820.9,-5435.93,321.045
12825.1,-5437.73,319.503
12829.3,-5439.53,317.962
12833.5,-5441.33,316.418
12837.8,-5443.13,314.637
12842,-5444.93,312.843
12846.2,-5446.73,311.062
12850.4,-5448.53,309.283
12854.6,-5450.33,307.335
12858.9,-5452.13,305.391
12863.1,-5453.93,303.447
12867.3,-5455.73,301.557
12871.5,-5457.53,299.667
12875.7,-5459.33,297.777
12879.9,-5461.13,295.889
12884.1,-5462.93,294.125
12888.4,-5464.73,292.363
12892.6,-5466.53,290.6
12896.8,-5468.33,288.894
12901,-5470.13,287.192
12905.2,-5471.93,285.487
12909.4,-5473.73,283.785
12913.7,-5475.53,282.002
12917.9,-5477.33,280.223
12922.1,-5479.13,278.442
12926.3,-5480.93,276.66
12930.5,-5482.73,274.813
12934.7,-5484.53,272.964
12938.9,-5486.33,271.117
12943.2,-5488.13,269.261
12947.4,-5489.93,267.434
12951.7,-5491.73,265.595
12955.9,-5493.53,263.758
12960.1,-5495.33,261.974
12964.3,-5497.13,260.189
12968.6,-5498.93,258.406
12972.8,-5500.73,256.641
12977,-5502.53,254.872
12981.2,-5504.33,253.106
12985.6,-5506.13,251.255
12989.8,-5507.93,249.458
12994.1,-5509.73,247.661
12998.3,-5511.52,245.868
13002.5,-5513.32,244.081
13006.7,-5515.12,242.288
13010.9,-5516.92,240.497
13015.1,-5518.72,238.71
13019.3,-5520.52,236.93
13023.6,-5522.32,235.144
13027.8,-5524.12,233.362
13032,-5525.92,231.561
13036.2,-5527.72,229.76
13040.4,-5529.52,227.959
13044.7,-5531.32,226.143
13048.9,-5533.12,224.328
13053.1,-5534.92,222.498
13057.3,-5536.72,220.68
13061.5,-5538.52,218.882
13065.8,-5540.32,217.083
13070,-5542.12,215.286
13074.2,-5543.92,213.488
13078.4,-5545.72,211.69
13082.6,-5547.52,209.892
13086.8,-5549.32,208.091
13091,-5551.12,206.293
13095.2,-5552.92,204.48
13099.5,-5554.72,202.668
13103.7,-5556.52,200.854
13107.9,-5558.32,199.05
13112.1,-5560.12,197.246
13116.3,-5561.92,195.44
13120.5,-5563.72,193.636
13124.7,-5565.52,191.844
13129,-5567.32,190.053
13133.2,-5569.12,188.247
13137.4,-5570.92,186.459
13141.7,-5572.72,184.659
13145.9,-5574.52,182.869
13150.1,-5576.32,181.081
13154.3,-5578.12,179.292
13158.5,-5579.92,177.505
13162.7,-5581.72,175.72
13167,-5583.52,173.92
13171.2,-5585.32,172.119
13175.4,-5587.12,170.319
13179.6,-5588.92,168.52
13183.8,-5590.72,166.704
13188,-5592.52,164.89
13192.2,-5594.32,163.076
13196.5,-5596.12,161.259
13200.7,-5597.92,159.45
13204.9,-5599.72,157.639
13209.1,-5601.52,155.827
13213.3,-5603.31,154.017
13217.5,-5605.11,152.21
13221.7,-5606.91,150.403
13226,-5608.71,148.593
13230.2,-5610.51,146.785
13234.4,-5612.31,144.975
13238.6,-5614.11,143.165
13242.9,-5615.91,141.336
13247.1,-5617.71,139.525
13251.3,-5619.51,137.716
13255.5,-5621.31,135.901
13259.7,-5623.11,134.114
13263.9,-5624.91,132.329
13268.2,-5626.71,130.548
13272.4,-5628.51,128.764
13276.6,-5630.31,126.962
13280.8,-5632.11,125.163
13285,-5633.91,123.365
13289.2,-5635.71,121.559
13293.4,-5637.51,119.747
13297.7,-5639.31,117.939
13301.9,-5641.11,116.132
13306.1,-5642.91,114.325
13310.3,-5644.71,112.52
13314.5,-5646.51,110.713
13318.7,-5648.31,108.902
13322.9,-5650.11,107.087
13327.2,-5651.91,105.271
13331.4,-5653.71,103.457
13335.6,-5655.51,101.642
13339.8,-5657.31,99.8262
13344.1,-5659.11,97.9944
13348.3,-5660.91,96.1706
13352.5,-5662.71,94.3384
13356.7,-5664.51,92.5152
13360.9,-5666.31,90.694
13365.2,-5668.11,88.8706
13369.4,-5669.91,87.0507
13373.6,-5671.71,85.2295
13377.8,-5673.51,83.3998
13382,-5675.31,81.5693
13386.2,-5677.11,79.7371
13390.4,-5678.91,77.907
13394.7,-5680.71,76.0784
13398.9,-5682.51,74.252
13403.1,-5684.31,72.4243
13407.3,-5686.11,70.5957
13411.5,-5687.91,68.7902
13415.7,-5689.71,66.9837
13419.9,-5691.51,65.1785
13424.2,-5693.31,63.3809
13428.4,-5695.1,61.5849
13432.6,-5696.9,59.7901
13436.8,-5698.7,57.9949
13441,-5700.5,56.2004
13445.3,-5702.3,54.3927
13449.5,-5704.1,52.5979
13453.7,-5705.9,50.8224
13457.9,-5707.7,49.0498
13462.1,-5709.5,47.2777
13466.3,-5711.3,45.5031
13470.6,-5713.1,43.6937
13474.8,-5714.9,41.8951
13479,-5716.7,40.0966
13483.2,-5718.5,38.2993
13487.4,-5720.3,36.5053
13491.7,-5722.1,34.7116
13495.9,-5723.9,32.9156
13500.1,-5725.7,31.0958
13504.3,-5727.5,29.2734
13508.5,-5729.3,27.4529
13512.7,-5731.1,25.6478
13517,-5732.9,23.8195
13521.2,-5734.7,22.0178
13525.4,-5736.5,20.2164
13529.6,-5738.3,18.4305
13533.9,-5740.1,16.64
13538.1,-5741.9,14.8504
13542.3,-5743.7,13.0392
13546.5,-5745.5,11.2391
13550.8,-5747.3,9.44273
13555,-5749.1,7.63134
13559.2,-5750.9,5.86877
13563.4,-5752.7,4.11228
13567.6,-5754.5,2.37689
13571.8,-5756.3,0.787329
13576,-5758.1,1.35795
13580.3,-5759.9,3.04837
13584.8,-5761.7,4.91166
13589,-5763.5,6.68972
13597.1,-5765.3,10.0647
13601.4,-5767.1,11.9012
13605.6,-5768.9,13.6621
13618.6,-5770.7,18.9195
13622.9,-5772.5,20.6969
13627.2,-5774.3,22.4135
13631.5,-5776.1,24.1699
13636,-5777.9,25.4923
13640.3,-5779.7,26.7401
13644.5,-5781.5,27.9819
13648.7,-5783.3,29.3369
13653,-5785.1,30.7073
13657.2,-5786.9,32.0667
13661.4,-5788.69,33.423
13665.6,-5790.49,34.8499
13669.9,-5792.29,36.2756
13674.1,-5794.09,37.7048
13678.3,-5795.89,39.2297
13682.5,-5797.69,40.7554
13686.7,-5799.49,42.2821
13690.9,-5801.29,43.8064
13695.2,-5803.09,45.6912
13699.4,-5804.89,47.5757
13703.6,-5806.69,49.4654
13708.2,-5808.49,51.6144
13712.5,-5810.29,53.6323
13716.8,-5812.09,55.6029
13721,-5813.89,57.5689
13725.2,-5815.69,59.3912
13729.4,-5817.49,61.2126
13733.6,-5819.29,63.0332
13737.8,-5821.09,64.7268
13742.1,-5822.89,66.4227
13746.3,-5824.69,68.1316
13750.5,-5826.49,69.8268
13754.8,-5828.29,71.5111
13759,-5830.09,73.1827
13763.2,-5831.89,74.8539
13767.4,-5833.69,76.5213
13771.6,-5835.49,78.3402
13775.9,-5837.29,80.1612
13780.1,-5839.09,81.9793
13784.3,-5840.89,83.847
13788.5,-5842.69,85.7129
13792.7,-5844.49,87.5798
13796.9,-5846.29,89.3901
13801.2,-5848.09,91.2005
13805.4,-5849.89,93.0121
13809.6,-5851.69,94.8208
13813.8,-5853.49,96.591
13818,-5855.29,98.3582
13822.2,-5857.09,100.126
13826.4,-5858.89,101.896
13830.7,-5860.69,103.671
13834.9,-5862.49,105.448
13839.1,-5864.29,107.226
13843.3,-5866.09,109.055
13847.6,-5867.89,110.869
13851.8,-5869.69,112.682
13856,-5871.49,114.51
13860.2,-5873.29,116.316
13864.4,-5875.09,118.125
13868.7,-5876.89,119.93
13872.9,-5878.69,121.709
13877.1,-5880.48,123.489
13881.3,-5882.28,125.269
13885.5,-5884.08,127.049
13889.7,-5885.88,128.848
13894,-5887.68,130.651
13898.2,-5889.48,132.451
13902.4,-5891.28,134.269
13906.6,-5893.08,136.089
13910.8,-5894.88,137.907
13915,-5896.68,139.726
13919.2,-5898.48,141.533
13923.5,-5900.28,143.343
13927.7,-5902.08,145.15
13931.9,-5903.88,146.957
13936.1,-5905.68,148.759
13940.3,-5907.48,150.562
13944.6,-5909.28,152.378
13948.8,-5911.08,154.179
13953,-5912.88,155.981
13957.2,-5914.68,157.797
13961.4,-5916.48,159.6
13965.6,-5918.28,161.383
13969.9,-5920.08,163.167
13974.1,-5921.88,164.954
13978.3,-5923.68,166.744
13982.5,-5925.48,168.536
13986.7,-5927.28,170.328
13990.9,-5929.08,172.118
13995.2,-5930.88,173.915
13999.4,-5932.68,175.715
14003.6,-5934.48,177.509
14007.8,-5936.28,179.305
14012,-5938.08,181.103
14016.3,-5939.88,182.926
14020.8,-5941.68,184.821
14025.2,-5943.48,186.706
14029.6,-5945.28,188.581
14034,-5947.08,190.458
14038.4,-5948.88,192.244
14043,-5950.68,194.126
14047.6,-5952.48,196.007
14052,-5954.28,197.828
14059.7,-5956.08,200.877
14064.2,-5957.88,202.648
14068.7,-5959.68,204.414
14073.3,-5961.48,206.212
14077.7,-5963.28,207.939
14082.1,-5965.08,209.235
14086.3,-5966.88,210.489
14090.5,-5968.68,211.737
14094.8,-5970.48,212.986
14099,-5972.27,214.883
14103.2,-5974.07,216.801
14107.4,-5975.87,218.699
14111.7,-5977.67,220.597
14115.9,-5979.47,222.527
14120.1,-5981.27,224.455
14124.3,-5983.07,226.384
14128.5,-5984.87,228.157
14132.7,-5986.67,229.93
14137,-5988.47,231.706
14141.2,-5990.27,233.48
14145.4,-5992.07,235.219
14149.6,-5993.87,236.96
14153.8,-5995.67,238.699
14158,-5997.47,240.556
14162.3,-5999.27,242.413
14166.5,-6001.07,244.272
14170.7,-6002.87,246.13
14174.9,-6004.67,247.956
14179.1,-6006.47,249.781
14183.3,-6008.27,251.607
14187.5,-6010.07,253.431
14191.8,-6011.87,255.186
14196,-6013.67,256.945
14200.2,-6015.47,258.702
14204.4,-6017.27,260.528
14208.6,-6019.07,262.351
14212.8,-6020.87,264.176
14217,-6022.67,266.021
14221.3,-6024.47,267.865
14225.5,-6026.27,269.71
14229.7,-6028.07,271.554
14233.9,-6029.87,273.348
14238.1,-6031.67,275.138
14242.4,-6033.47,276.956
14246.6,-6035.27,278.75
14250.8,-6037.07,280.582
14255,-6038.87,282.414
14259.3,-6040.67,284.258
14263.5,-6042.47,286.112
14267.7,-6044.27,287.962
14271.9,-6046.07,289.814
14276.1,-6047.87,291.667
14280.4,-6049.67,293.489
14284.6,-6051.47,295.314
14288.8,-6053.27,297.136
14293,-6055.07,298.937
14297.2,-6056.87,300.74
14301.4,-6058.67,302.54
14305.7,-6060.47,304.343
14309.9,-6062.27,306.171
14314.1,-6064.06,308.002
14318.3,-6065.86,309.829
14322.5,-6067.66,311.657
14326.7,-6069.46,313.459
14330.9,-6071.26,315.259
14335.2,-6073.06,317.061
14339.4,-6074.86,318.844
14343.6,-6076.66,320.63
14347.8,-6078.46,322.413
14352,-6080.26,324.197
14356.2,-6082.06,326.004
14360.5,-6083.86,327.821
14364.7,-6085.66,329.63
14368.9,-6087.46,331.444
14373.2,-6089.26,333.276
14377.4,-6091.06,335.093
14381.6,-6092.86,336.908
14385.8,-6094.66,338.693
14390,-6096.46,340.476
14394.2,-6098.26,342.261
14398.5,-6100.06,344.03
14402.7,-6101.86,345.8
14406.9,-6103.66,347.571
14411.1,-6105.46,349.34
14415.3,-6107.26,351.134
14419.5,-6109.06,352.922
14423.8,-6110.86,354.706
14428,-6112.66,356.487
14432.2,-6114.46,358.198
14436.4,-6116.26,359.135
14440.6,-6118.06,357.797
14444.8,-6119.86,356.054
14449.1,-6121.66,354.246
14453.3,-6123.46,352.442
14457.5,-6125.26,350.63
14461.9,-6127.06,348.788
14466.2,-6128.86,346.969
14470.4,-6130.66,345.187
14482,-6132.46,340.394
14486.4,-6134.26,338.556
14490.6,-6136.06,336.897
14494.8,-6137.86,335.236
14499,-6139.66,333.576
14503.2,-6141.46,332.118
14507.5,-6143.26,330.662
14511.7,-6145.06,329.206
14515.9,-6146.86,327.749
14520.1,-6148.66,326.308
14524.3,-6150.46,324.867
14528.5,-6152.26,323.429
14532.7,-6154.06,321.989
14537,-6155.85,320.393
14541.2,-6157.65,318.796
14545.4,-6159.45,317.198
14549.6,-6161.25,315.22
14553.8,-6163.05,313.239
14558,-6164.85,311.262
14562.3,-6166.65,309.379
14566.5,-6168.45,307.494
14570.7,-6170.25,305.612
14575.2,-6172.05,303.592
14579.5,-6173.85,301.809
14583.7,-6175.65,300.031
14587.9,-6177.45,298.261
14592.1,-6179.25,296.49
14596.3,-6181.05,294.814
14600.6,-6182.85,293.141
14604.8,-6184.65,291.466
14609,-6186.45,289.731
14613.2,-6188.25,287.997
14617.4,-6190.05,286.266
14621.7,-6191.85,284.534
14625.9,-6193.65,282.658
14630.1,-6195.45,280.783
14634.3,-6197.25,278.907
14638.5,-6199.05,277.06
14642.7,-6200.85,275.213
14647,-6202.65,273.365
14651.2,-6204.45,271.515
14655.4,-6206.25,269.735
14659.6,-6208.05,267.956
14663.9,-6209.85,266.161
14668.1,-6211.65,264.398
14672.3,-6213.45,262.635
14676.5,-6215.25,260.872
14680.7,-6217.05,259.109
14685,-6218.85,257.309
14689.2,-6220.65,255.518
14693.4,-6222.45,253.726
14697.6,-6224.25,251.937
14701.8,-6226.05,250.118
14706.1,-6227.85,248.297
14710.3,-6229.65,246.478
14714.5,-6231.45,244.678
14718.7,-6233.25,242.879
14722.9,-6235.05,241.08
14727.1,-6236.85,239.28
14731.4,-6238.65,237.483
14735.6,-6240.45,235.684
14739.8,-6242.25,233.887
14744,-6244.05,232.069
14748.2,-6245.85,230.252
14752.4,-6247.65,228.435
14756.7,-6249.44,226.616
14760.9,-6251.24,224.804
14765.1,-6253.04,222.979
14769.3,-6254.84,221.165
14773.6,-6256.64,219.35
14777.8,-6258.44,217.54
14782,-6260.24,215.74
14786.2,-6262.04,213.939
14790.4,-6263.84,212.153
14794.7,-6265.64,210.365
14798.9,-6267.44,208.58
14803.1,-6269.24,206.796
14807.3,-6271.04,205.009
14811.5,-6272.84,203.224
14815.7,-6274.64,201.438
14820,-6276.44,199.641
14824.2,-6278.24,197.841
14828.4,-6280.04,196.045
14832.6,-6281.84,194.249
14836.8,-6283.64,192.455
14841,-6285.44,190.662
14845.3,-6287.24,188.868
14849.5,-6289.04,187.067
14853.7,-6290.84,185.266
14857.9,-6292.64,183.468
14862.1,-6294.44,181.668
14866.4,-6296.24,179.853
14870.6,-6298.04,178.048
14874.8,-6299.84,176.243
14879,-6301.64,174.426
14883.2,-6303.44,172.61
14887.4,-6305.24,170.797
14891.7,-6307.04,168.983
14895.9,-6308.84,167.177
14900.1,-6310.64,165.371
14904.3,-6312.44,163.564
14908.5,-6314.24,161.753
14912.7,-6316.04,159.947
14917,-6317.84,158.14
14921.2,-6319.64,156.333
14925.4,-6321.44,154.531
14929.6,-6323.24,152.731
14933.8,-6325.04,150.929
14938,-6326.84,149.134
14942.3,-6328.64,147.338
14946.5,-6330.44,145.54
14950.8,-6332.24,143.717
14955,-6334.04,141.915
14959.2,-6335.84,140.115
14963.4,-6337.64,138.314
14967.7,-6339.44,136.504
14971.9,-6341.23,134.718
14976.1,-6343.03,132.932
14980.3,-6344.83,131.148
14984.5,-6346.63,129.334
14988.7,-6348.43,127.523
14993,-6350.23,125.711
14997.2,-6352.03,123.898
15001.4,-6353.83,122.102
15005.6,-6355.63,120.304
15009.8,-6357.43,118.508
15014,-6359.23,116.697
15018.2,-6361.03,114.889
15022.5,-6362.83,113.079
15026.7,-6364.63,111.268
15030.9,-6366.43,109.461
15035.1,-6368.23,107.653
15039.3,-6370.03,105.846
15043.5,-6371.83,104.034
15047.7,-6373.63,102.225
15052,-6375.43,100.413
15056.2,-6377.23,98.6012
15060.4,-6379.03,96.7857
15064.6,-6380.83,94.969
15068.9,-6382.63,93.1431
15073.1,-6384.43,91.3264
15077.3,-6386.23,89.5084
15081.5,-6388.03,87.6917
15085.7,-6389.83,85.8737
15089.9,-6391.63,84.0563
15094.2,-6393.43,82.236
15098.4,-6395.23,80.4195
15102.6,-6397.03,78.6009
15106.8,-6398.83,76.8035
15111,-6400.63,75.0079
15115.2,-6402.43,73.2101
15119.4,-6404.23,71.385
15123.7,-6406.03,69.5565
15127.9,-6407.83,67.7302
15132.1,-6409.63,65.9042
15136.3,-6411.43,64.105
15140.5,-6413.23,62.3087
15144.7,-6415.03,60.5098
15148.9,-6416.83,58.7306
15153.2,-6418.63,56.9291
15157.4,-6420.43,55.1498
15161.6,-6422.23,53.3702
15165.9,-6424.03,51.566
15170.1,-6425.83,49.7533
15174.3,-6427.63,47.9487
15178.5,-6429.43,46.109
15182.7,-6431.23,44.2685
15187,-6433.02,42.4268
15191.2,-6434.82,40.5847
15195.4,-6436.62,38.7486
15199.6,-6438.42,36.9147
15203.8,-6440.22,35.0763
15208.1,-6442.02,33.2171
15212.5,-6443.82,31.3686
15216.7,-6445.62,29.5687
15220.9,-6447.42,27.7735
15225.1,-6449.22,26.0388
15229.3,-6451.02,24.3073
15233.6,-6452.82,22.5759
15237.8,-6454.62,20.8023
15242,-6456.42,19.0293
15246.2,-6458.22,17.253
15250.4,-6460.02,15.4782
15254.7,-6461.82,13.6764
15258.9,-6463.62,11.8792
15263.1,-6465.42,10.0819
15267.3,-6467.22,8.28558
15271.6,-6469.02,6.49092
15275.8,-6470.82,4.71866
15280,-6472.62,2.97192
15284.2,-6474.42,1.33704
15288.4,-6476.22,1.06752
15292.6,-6478.02,2.6203
15296.8,-6479.82,4.35867
15301.1,-6481.62,6.14576
15305.3,-6483.42,7.92727
15309.5,-6485.22,9.71368
15313.9,-6487.02,11.5541
15318.2,-6488.82,13.3901
15322.4,-6490.62,15.19
15326.8,-6492.42,17.0709
15331.4,-6494.22,18.9787
15335.8,-6496.02,20.8383
15340.1,-6497.82,22.6485
15344.4,-6499.62,24.3509
15348.6,-6501.42,26.0531
15352.8,-6503.22,27.7602
15357,-6505.02,29.4618
15361.3,-6506.82,31.1692
15365.5,-6508.62,32.8779
15369.7,-6510.42,34.583
15374,-6512.22,36.306
15378.2,-6514.02,38.127
15382.4,-6515.82,39.9459
15386.6,-6517.62,41.767
15390.8,-6519.42,43.5946
15395,-6521.22,45.4258
15399.2,-6523.02,47.2535
15403.5,-6524.81,49.0473
15407.7,-6526.61,50.8378
15411.9,-6528.41,52.6291
15416.1,-6530.21,54.4221
15420.3,-6532.01,56.1927
15424.5,-6533.81,57.9666
15428.7,-6535.61,59.7372
15433,-6537.41,61.5086
15437.2,-6539.21,63.318
15441.4,-6541.01,65.1224
15445.6,-6542.81,66.9285
15449.8,-6544.61,68.7647
15454.1,-6546.41,70.6069
15458.3,-6548.21,72.4415
15462.5,-6550.01,74.2761
15466.7,-6551.81,76.0649
15470.9,-6553.61,77.8521
15475.2,-6555.41,79.6525
15479.4,-6557.21,81.4429
15483.6,-6559.01,83.2332
15487.8,-6560.81,85.0203
15492,-6562.61,86.809
15496.2,-6564.41,88.6083
15500.4,-6566.21,90.406
15504.7,-6568.01,92.2053
15508.9,-6569.81,94.0022
15513.1,-6571.61,95.7983
15517.3,-6573.41,97.5953
15521.5,-6575.21,99.3906
15525.7,-6577.01,101.193
15529.9,-6578.81,102.995
15534.2,-6580.61,104.799
15538.4,-6582.41,106.607
15542.6,-6584.21,108.415
15546.8,-6586.01,110.228
15551,-6587.81,112.042
15555.2,-6589.61,113.855
15559.4,-6591.41,115.665
15563.7,-6593.21,117.476
15567.9,-6595.01,119.292
15572.1,-6596.81,121.098
15576.4,-6598.61,122.917
15580.6,-6600.41,124.724
15584.8,-6602.21,126.528
15589,-6604.01,128.351
15593.3,-6605.81,130.156
15597.5,-6607.61,131.957
15601.7,-6609.41,133.744
15605.9,-6611.21,135.53
15610.1,-6613.01,137.315
15614.3,-6614.81,139.103
15618.5,-6616.6,140.889
15622.8,-6618.4,142.674
15627,-6620.2,144.461
15631.2,-6622,146.259
15635.4,-6623.8,148.06
15639.6,-6625.6,149.859
15643.8,-6627.4,151.664
15648,-6629.2,153.468
15652.3,-6631,155.276
15656.5,-6632.8,157.108
15660.8,-6634.6,158.909
15665,-6636.4,160.713
15669.2,-6638.2,162.513
15673.4,-6640,164.314
15677.6,-6641.8,166.113
15681.9,-6643.6,167.902
15686.1,-6645.4,169.692
15690.3,-6647.2,171.505
15694.5,-6649,173.319
15698.7,-6650.8,175.131
15702.9,-6652.6,176.943
15707.1,-6654.4,178.75
15711.3,-6656.2,180.554
15715.6,-6658,182.359
15719.8,-6659.8,184.165
15724,-6661.6,185.972
15728.2,-6663.4,187.776
15732.4,-6665.2,189.581
15736.6,-6667,191.375
15740.8,-6668.8,193.168
15745.1,-6670.6,194.961
15749.3,-6672.4,196.761
15753.5,-6674.2,198.568
15757.7,-6676,200.367
15761.9,-6677.8,202.166
15766.1,-6679.6,203.969
15770.4,-6681.4,205.769
15774.6,-6683.2,207.571
15778.8,-6685,209.381
15783,-6686.8,211.184
15787.2,-6688.6,212.986
15791.5,-6690.4,214.786
15795.7,-6692.2,216.594
15799.9,-6694,218.402
15804.1,-6695.8,220.211
15808.3,-6697.6,222.017
15812.5,-6699.4,223.821
15816.7,-6701.2,225.628
15820.9,-6703,227.433
15825.2,-6704.8,229.248
15829.4,-6706.6,231.059
15833.6,-6708.4,232.872
15837.8,-6710.19,234.683
15842,-6711.99,236.485
15846.2,-6713.79,238.29
15850.4,-6715.59,240.093
15854.7,-6717.39,241.918
15858.9,-6719.19,243.728
15863.1,-6720.99,245.537
15867.3,-6722.79,247.349
15871.5,-6724.59,249.148
15875.8,-6726.39,250.948
15880,-6728.19,252.758
15884.2,-6729.99,254.568
15888.4,-6731.79,256.374
15892.6,-6733.59,258.181
15896.9,-6735.39,259.99
15901.1,-6737.19,261.799
15905.3,-6738.99,263.607
15910.4,-6740.79,265.804
15914.8,-6742.59,267.685
15919.1,-6744.39,269.527
15923.4,-6746.19,271.374
15927.7,-6747.99,273.252
15932.1,-6749.79,274.965
15936.3,-6751.59,276.647
15940.6,-6753.39,278.319
15944.8,-6755.19,280.092
15949,-6756.99,281.874
15953.2,-6758.79,283.649
15957.4,-6760.59,285.417
15961.7,-6762.39,287.251
15965.9,-6764.19,289.088
15970.1,-6765.99,290.928
15974.4,-6767.79,292.77
15978.6,-6769.59,294.633
15982.9,-6771.39,296.479
15987.1,-6773.19,298.321
15991.3,-6774.99,300.144
15995.5,-6776.79,301.975
15999.8,-6778.59,303.797
16004,-6780.39,305.644
16008.3,-6782.19,307.432
16012.5,-6783.99,309.211
16016.7,-6785.79,310.995
16021,-6787.59,312.772
16025.2,-6789.39,314.548
16029.4,-6791.19,316.325
16033.7,-6792.99,318.1
16037.9,-6794.79,319.906
16042.1,-6796.59,321.711
16046.3,-6798.39,323.515
16050.5,-6800.19,325.332
16054.8,-6801.98,327.16
16059,-6803.78,328.987
16063.3,-6805.58,330.827
16067.5,-6807.38,332.631
16071.7,-6809.18,334.43
16076,-6810.98,336.235
16080.2,-6812.78,338.027
16084.5,-6814.58,339.81
16088.7,-6816.38,341.594
16092.9,-6818.18,343.376
16097.1,-6819.98,345.18
16101.4,-6821.78,346.983
16105.6,-6823.58,348.78
16109.8,-6825.38,350.584
16114.1,-6827.18,352.4
16118.3,-6828.98,354.202
16122.5,-6830.78,355.987
16126.7,-6832.58,357.727
16131,-6834.38,359.153
16135.2,-6836.18,358.337
16139.4,-6837.98,356.653
16143.7,-6839.78,354.896
16148,-6841.58,353.081
16152.2,-6843.38,351.298
16156.5,-6845.18,349.514
16160.9,-6846.98,347.677
16165.2,-6848.78,345.873
16169.4,-6850.58,344.095
16173.8,-6852.38,342.305
16178.4,-6854.18,340.389
16182.9,-6855.98,338.522
16187.3,-6857.78,336.72
16191.5,-6859.58,334.975
16195.7,-6861.38,333.232
16200,-6863.18,331.552
16204.2,-6864.98,329.866
16208.4,-6866.78,328.187
16212.6,-6868.58,326.51
16216.9,-6870.38,324.689
16221.1,-6872.18,322.872
16225.3,-6873.98,321.057
16229.5,-6875.78,319.241
16233.9,-6877.58,317.365
16238.1,-6879.38,315.526
16242.3,-6881.18,313.687
16246.5,-6882.98,311.893
16250.7,-6884.78,310.1
16255,-6886.58,308.3
16259.2,-6888.38,306.533
16263.4,-6890.18,304.762
16267.7,-6891.98,302.99
16271.9,-6893.77,301.222
16276.1,-6895.57,299.429
16280.3,-6897.37,297.643
16284.6,-6899.17,295.841
16288.8,-6900.97,294.055
16293.2,-6902.77,292.188
16297.4,-6904.57,290.376
16301.6,-6906.37,288.563
16305.9,-6908.17,286.764
16310.1,-6909.97,284.973
16314.3,-6911.77,283.174
16318.5,-6913.57,281.384
16322.8,-6915.37,279.616
16327,-6917.17,277.84
16331.2,-6918.97,276.072
16335.4,-6920.77,274.278
16339.7,-6922.57,272.483
16343.9,-6924.37,270.69
16348.1,-6926.17,268.894
16352.4,-6927.97,267.067
16356.6,-6929.77,265.238
16360.8,-6931.57,263.411
16365.1,-6933.37,261.582
16369.4,-6935.17,259.739
16373.6,-6936.97,257.924
16377.8,-6938.77,256.103
16382.1,-6940.57,254.312
16386.3,-6942.37,252.511
16390.6,-6944.17,250.723
16394.8,-6945.97,248.942
16399,-6947.77,247.15
16403.3,-6949.57,245.367
16407.5,-6951.37,243.586
16411.7,-6953.17,241.812
16415.9,-6954.97,240.029
16420.2,-6956.77,238.246
16424.4,-6958.57,236.45
16428.6,-6960.37,234.655
16432.9,-6962.17,232.856
16437.1,-6963.97,231.06
16441.3,-6965.77,229.259
16445.5,-6967.57,227.452
16449.8,-6969.37,225.651
16454,-6971.17,223.829
16458.3,-6972.97,222.016
16462.5,-6974.77,220.208
16466.7,-6976.57,218.4
16470.9,-6978.37,216.595
16475.2,-6980.17,214.778
16479.4,-6981.97,212.971
16483.7,-6983.77,211.164
16487.9,-6985.56,209.358
16492.1,-6987.36,207.549
16496.3,-6989.16,205.742
16500.6,-6990.96,203.947
16504.8,-6992.76,202.14
16509.1,-6994.56,200.324
16513.3,-6996.36,198.523
16517.5,-6998.16,196.734
16521.7,-6999.96,194.942
16525.9,-7001.76,193.148
16530.2,-7003.56,191.357
16534.4,-7005.36,189.572
16538.6,-7007.16,187.786
16542.9,-7008.96,186
16547.1,-7010.76,184.209
16551.3,-7012.56,182.411
16555.6,-7014.36,180.609
16559.8,-7016.16,178.804
16564,-7017.96,176.99
16568.2,-7019.76,175.184
16572.5,-7021.56,173.381
16576.7,-7023.36,171.573
16580.9,-7025.16,169.765
16585.2,-7026.96,167.94
16589.4,-7028.76,166.136
16593.7,-7030.56,164.332
16597.9,-7032.36,162.529
16602.1,-7034.16,160.724
16606.4,-7035.96,158.921
16610.6,-7037.76,157.124
16614.8,-7039.56,155.32
16619.1,-7041.36,153.509
16623.4,-7043.16,151.66
16627.6,-7044.96,149.85
16631.8,-7046.76,148.041
16636.1,-7048.56,146.244
16640.3,-7050.36,144.454
16644.5,-7052.16,142.666
16648.8,-7053.96,140.885
16653,-7055.76,139.085
16657.2,-7057.56,137.291
16661.4,-7059.36,135.498
16665.7,-7061.16,133.694
16669.9,-7062.96,131.887
16674.1,-7064.76,130.077
16678.4,-7066.56,128.272
16682.6,-7068.36,126.468
16686.9,-7070.16,124.648
16691.1,-7071.96,122.842
16695.3,-7073.76,121.041
16699.5,-7075.56,119.243
16705.9,-7077.35,116.539
16712,-7079.15,113.942
16716.3,-7080.95,112.118
16720.5,-7082.75,110.325
16724.7,-7084.55,108.929
16728.9,-7086.35,107.528
16733.2,-7088.15,106.117
16737.4,-7089.95,104.723
16741.6,-7091.75,103.003
16745.9,-7093.55,101.283
16750.1,-7095.35,99.5617
16754.3,-7097.15,97.7188
16758.6,-7098.95,95.8716
16762.8,-7100.75,94.0279
16767,-7102.55,92.1739
16771.2,-7104.35,90.3507
16775.5,-7106.15,88.5192
16779.7,-7107.95,86.6944
16783.9,-7109.75,84.8621
16788.2,-7111.55,83.0378
16792.4,-7113.35,81.2303
16796.7,-7115.15,79.4269
16800.9,-7116.95,77.6088
16805.1,-7118.75,75.7857
16809.4,-7120.55,73.9668
16813.6,-7122.35,72.1521
16817.8,-7124.15,70.3175
16822.1,-7125.95,68.4796
16826.3,-7127.75,66.6425
16830.5,-7129.55,64.8504
16834.8,-7131.35,63.0533
16839,-7133.15,61.2447
16843.3,-7134.95,59.4434
16847.5,-7136.75,57.6286
16851.7,-7138.55,55.8171
16855.9,-7140.35,54.0023
16860.2,-7142.15,52.1706
16864.4,-7143.95,50.3432
16868.6,-7145.75,48.5166
16872.9,-7147.55,46.6833
16877.1,-7149.35,44.8817
16881.3,-7151.15,43.081
16885.6,-7152.95,41.2728
16889.8,-7154.75,39.4708
16894,-7156.55,37.6613
16898.2,-7158.35,35.861
16902.5,-7160.15,34.0575
16906.7,-7161.95,32.2602
16910.9,-7163.75,30.4529
16915.2,-7165.55,28.6531
16919.4,-7167.35,26.8576
16923.6,-7169.15,25.069
16927.8,-7170.94,23.2871
16932.1,-7172.74,21.4962
16936.3,-7174.54,19.6944
16940.5,-7176.34,17.9053
16944.8,-7178.14,16.1099
16949,-7179.94,14.3141
16953.2,-7181.74,12.5194
16957.5,-7183.54,10.7314
16961.7,-7185.34,8.93705
16965.9,-7187.14,7.14957
16970.2,-7188.94,5.36949
16974.4,-7190.74,3.61182
16978.6,-7192.54,1.91554
16982.9,-7194.34,0.846723
16987.1,-7196.14,2.06081
16991.3,-7197.94,3.7862
16995.6,-7199.74,5.56596
16999.9,-7201.54,7.39342
17004.1,-7203.34,9.19843
17008.4,-7205.14,11.0306
17012.8,-7206.94,12.8667
17017.1,-7208.74,14.6771
17021.4,-7210.54,16.4546
17025.7,-7212.34,18.2069
17030.3,-7214.14,20.1019
17034.6,-7215.94,21.887
17038.9,-7217.74,23.6252
17043.1,-7219.54,25.3344
17047.3,-7221.34,27.0477
17051.5,-7223.14,28.7595
17055.8,-7224.94,30.5163
17060,-7226.74,32.2691
17064.3,-7228.54,34.0235
17068.5,-7230.34,35.7691
17072.8,-7232.14,37.6091
17077,-7233.94,39.4324
17081.2,-7235.74,41.2482
17085.4,-7237.54,43.039
17089.7,-7239.34,44.8471
17094,-7241.14,46.6412
17098.2,-7242.94,48.4321
17102.4,-7244.74,50.2147
17106.6,-7246.54,51.9949
17110.9,-7248.34,53.7791
17115.1,-7250.14,55.5663
17119.3,-7251.94,57.3552
17123.6,-7253.74,59.144
17127.8,-7255.54,60.9304
17132,-7257.34,62.7501
17136.2,-7259.14,64.569
17140.5,-7260.94,66.3812
17144.7,-7262.73,68.1943
17148.9,-7264.53,70.0095
17153.2,-7266.33,71.8382
17157.4,-7268.13,73.6426
17161.7,-7269.93,75.4348
17165.9,-7271.73,77.2212
17170.1,-7273.53,79.0101
17174.4,-7275.33,80.7949
17178.6,-7277.13,82.5758
17182.8,-7278.93,84.3583
17187.1,-7280.73,86.1524
17191.3,-7282.53,87.9582
17195.5,-7284.33,89.7683
17199.7,-7286.13,91.575
17204,-7287.93,93.3867
17208.2,-7289.73,95.1798
17212.4,-7291.53,96.9811
17216.7,-7293.33,98.7775
17220.9,-7295.13,100.571
17225.1,-7296.93,102.366
17229.4,-7298.73,104.159
17233.6,-7300.53,105.949
17237.8,-7302.33,107.75
17242.1,-7304.13,109.56
17246.3,-7305.93,111.362
17250.5,-7307.73,113.19
17254.8,-7309.53,115.026
17259,-7311.33,116.865
17263.2,-7313.13,118.702
17267.5,-7314.93,120.518
17271.7,-7316.73,122.338
17275.9,-7318.53,124.164
17280.2,-7320.33,125.993
17284.4,-7322.13,127.816
17288.6,-7323.93,129.641
17292.9,-7325.73,131.471
17297.1,-7327.53,133.247
17301.3,-7329.33,135.023
17305.5,-7331.13,136.803
17309.8,-7332.93,138.581
17314,-7334.73,140.389
17318.2,-7336.53,142.188
17322.4,-7338.33,143.99
17326.7,-7340.13,145.809
17330.9,-7341.93,147.619
17335.1,-7343.73,149.437
17339.3,-7345.53,151.235
17343.6,-7347.33,153.035
17347.8,-7349.13,154.833
17352,-7350.93,156.646
17356.3,-7352.73,158.459
17360.5,-7354.52,160.271
17364.7,-7356.32,162.083
17369,-7358.12,163.893
17373.2,-7359.92,165.713
17377.4,-7361.72,167.509
17381.7,-7363.52,169.307
17385.9,-7365.32,171.115
17390.1,-7367.12,172.921
17394.4,-7368.92,174.734
17398.6,-7370.72,176.539
17402.9,-7372.52,178.337
17407.1,-7374.32,180.134
17411.3,-7376.12,181.934
17415.5,-7377.92,183.731
17419.8,-7379.72,185.53
17424,-7381.52,187.335
17428.2,-7383.32,189.133
17432.4,-7385.12,190.932
17436.7,-7386.92,192.739
17440.9,-7388.72,194.539
17445.1,-7390.52,196.355
17449.4,-7392.32,198.163
17453.6,-7394.12,199.978
17457.8,-7395.92,201.785
17462.1,-7397.72,203.624
17466.4,-7399.52,205.443
17470.6,-7401.32,207.253
17474.8,-7403.12,209.065
17479.1,-7404.92,210.879
17483.3,-7406.72,212.692
17487.5,-7408.52,214.493
17491.8,-7410.32,216.302
17496,-7412.12,218.124
17500.2,-7413.92,219.928
17504.5,-7415.72,221.732
17508.7,-7417.52,223.543
17512.9,-7419.32,225.362
17517.2,-7421.12,227.183
17521.4,-7422.92,228.987
17525.6,-7424.72,230.795
17529.9,-7426.52,232.604
17534.1,-7428.32,234.411
17538.3,-7430.12,236.21
17542.5,-7431.92,238.004
17546.7,-7433.72,239.799
17551,-7435.52,241.611
17555.2,-7437.32,243.423
17559.4,-7439.12,245.234
17563.7,-7440.92,247.051
17567.9,-7442.72,248.848
17572.1,-7444.52,250.65
17576.3,-7446.31,252.448
17580.6,-7448.11,254.256
17584.8,-7449.91,256.065
17589.1,-7451.71,257.887
17593.3,-7453.51,259.695
17597.5,-7455.31,261.507
17601.7,-7457.11,263.318
17606,-7458.91,265.129
17610.2,-7460.71,266.944
17614.4,-7462.51,268.772
17618.6,-7464.31,270.591
17622.9,-7466.11,272.416
17627.1,-7467.91,274.255
17631.3,-7469.71,276.092
17635.6,-7471.51,277.936
17639.8,-7473.31,279.773
17644,-7475.11,281.614
17648.3,-7476.91,283.454
17652.5,-7478.71,285.286
17656.7,-7480.51,287.109
17660.9,-7482.31,288.926
17665.2,-7484.11,290.749
17669.4,-7485.91,292.568
17673.6,-7487.71,294.383
17677.9,-7489.51,296.198
17682.1,-7491.31,298.009
17686.3,-7493.11,299.839
17690.5,-7494.91,301.664
17694.8,-7496.71,303.496
17699.1,-7498.51,305.346
17703.3,-7500.31,307.154
17707.5,-7502.11,308.968
17711.8,-7503.91,310.776
17716,-7505.71,312.589
17720.2,-7507.51,314.342
17724.4,-7509.31,316.096
17728.7,-7511.11,317.852
17732.9,-7512.91,319.629
17737.1,-7514.71,321.414
17741.3,-7516.51,323.193
17745.6,-7518.31,324.997
17749.8,-7520.11,326.802
17754.1,-7521.91,328.621
17758.3,-7523.71,330.426
17762.5,-7525.51,332.222
17766.7,-7527.31,334.021
17771,-7529.11,335.822
17775.2,-7530.91,337.647
17779.5,-7532.71,339.457
17783.7,-7534.51,341.265
17787.9,-7536.31,343.079
17792.2,-7538.1,344.889
17796.4,-7539.9,346.689
17800.7,-7541.7,348.502
17804.9,-7543.5,350.301
17809.1,-7545.3,352.094
17813.3,-7547.1,353.877
17817.6,-7548.9,355.652
17821.8,-7550.7,357.374
17826,-7552.5,358.904
17830.3,-7554.3,358.62
17834.5,-7556.1,357.006
17838.7,-7557.9,355.28
17842.9,-7559.7,353.523
17847.3,-7561.5,351.71
17851.5,-7563.3,349.939
17855.8,-7565.1,348.147
17860.2,-7566.9,346.296
17864.5,-7568.7,344.498
17868.7,-7570.5,342.732
17873.1,-7572.3,340.9
17877.7,-7574.1,338.98
17882,-7575.9,337.17
17886.3,-7577.7,335.404
17890.5,-7579.5,333.645
17894.7,-7581.3,331.88
17899.1,-7583.1,330.131
17903.3,-7584.9,328.419
17907.5,-7586.7,326.71
17911.7,-7588.5,324.904
17915.9,-7590.3,323.096
17920.2,-7592.1,321.285
17924.4,-7593.9,319.477
17928.6,-7595.7,317.672
17932.9,-7597.5,315.86
17937.1,-7599.3,314.052
17941.3,-7601.1,312.262
17945.5,-7602.9,310.468
17949.7,-7604.7,308.679
17954.1,-7606.5,306.831
17958.3,-7608.3,305.058
17962.6,-7610.1,303.278
17966.8,-7611.9,301.501
17971,-7613.7,299.725
17975.3,-7615.5,297.951
17979.5,-7617.3,296.179
17983.7,-7619.1,294.405
17987.9,-7620.9,292.617
17992.2,-7622.7,290.827
17996.4,-7624.5,289.04
18000.7,-7626.3,287.238
18005,-7628.1,285.409
18009.2,-7629.9,283.597
18013.4,-7631.69,281.798
18017.6,-7633.49,280.018
18021.9,-7635.29,278.235
18026.1,-7637.09,276.453
18030.3,-7638.89,274.668
18034.5,-7640.69,272.877
18038.8,-7642.49,271.087
18043,-7644.29,269.292
18047.2,-7646.09,267.479
18051.4,-7647.89,265.667
18055.7,-7649.69,263.844
18059.9,-7651.49,262.025
18064.2,-7653.29,260.207
18068.4,-7655.09,258.401
18072.6,-7656.89,256.588
18076.8,-7658.69,254.808
18081.1,-7660.49,253.029
18085.3,-7662.29,251.253
18089.5,-7664.09,249.478
18093.8,-7665.89,247.694
18098,-7667.69,245.907
18102.2,-7669.49,244.112
18106.5,-7671.29,242.328
18110.7,-7673.09,240.54
18114.9,-7674.89,238.749
18119.2,-7676.69,236.959
18123.4,-7678.49,235.171
18127.6,-7680.29,233.393
18131.9,-7682.09,231.606
18136.1,-7683.89,229.801
18140.3,-7685.69,227.99
18144.5,-7687.49,226.184
18148.8,-7689.29,224.381
18153,-7691.09,222.545
18157.2,-7692.89,220.709
18161.4,-7694.69,218.879
18165.7,-7696.49,217.043
18169.9,-7698.29,215.235
18174.1,-7700.09,213.424
18178.4,-7701.89,211.621
18182.6,-7703.69,209.821
18186.8,-7705.49,208.018
18191.1,-7707.29,206.207
18195.3,-7709.09,204.399
18199.5,-7710.89,202.609
18203.8,-7712.69,200.806
18208.6,-7714.49,198.779
18213,-7716.29,196.907
18217.2,-7718.09,195.11
18221.4,-7719.89,193.327
18225.7,-7721.69,191.637
18229.9,-7723.48,189.954
18234.1,-7725.28,188.268
18238.3,-7727.08,186.586
18242.5,-7728.88,184.811
18246.8,-7730.68,183.031
18251,-7732.48,181.251
18255.2,-7734.28,179.469
18259.5,-7736.08,177.592
18263.7,-7737.88,175.707
18267.9,-7739.68,173.826
18272.2,-7741.48,172.033
18276.4,-7743.28,170.246
18280.6,-7745.08,168.451
18284.9,-7746.88,166.66
18289.1,-7748.68,164.895
18293.3,-7750.48,163.133
18297.5,-7752.28,161.372
18301.7,-7754.08,159.55
18306,-7755.88,157.713
18310.2,-7757.68,155.893
18314.4,-7759.48,154.071
18318.7,-7761.28,152.249
18322.9,-7763.08,150.43
18327.1,-7764.88,148.606
18331.4,-7766.68,146.832
18335.6,-7768.48,145.057
18339.8,-7770.28,143.283
18344.1,-7772.08,141.493
18348.3,-7773.88,139.687
18352.5,-7775.68,137.883
18356.8,-7777.48,136.072
18361,-7779.28,134.26
18365.2,-7781.08,132.447
18369.5,-7782.88,130.642
18373.7,-7784.68,128.832
18377.9,-7786.48,127.023
18382.2,-7788.28,125.212
18386.4,-7790.08,123.411
18390.6,-7791.88,121.608
18394.9,-7793.68,119.785
18399.1,-7795.48,117.959
18403.3,-7797.28,116.141
18407.6,-7799.08,114.273
18411.9,-7800.88,112.432
18416.1,-7802.68,110.599
18420.3,-7804.48,108.767
18424.5,-7806.28,106.981
18428.8,-7808.08,105.198
18433,-7809.88,103.412
18437.2,-7811.68,101.563
18441.4,-7813.48,99.7147
18445.7,-7815.27,97.8642
18449.9,-7817.07,96.0085
18454.1,-7818.87,94.1709
18458.4,-7820.67,92.3392
18462.6,-7822.47,90.5092
18466.8,-7824.27,88.7037
18471.1,-7826.07,86.8914
18475.3,-7827.87,85.0809
18479.5,-7829.67,83.2796
18483.8,-7831.47,81.4527
18488.1,-7833.27,79.6484
18492.3,-7835.07,77.8507
18496.5,-7836.87,76.0408
18500.8,-7838.67,74.2392
18505,-7840.47,72.4293
18509.2,-7842.27,70.617
18513.5,-7844.07,68.784
18517.7,-7845.87,66.9645
18522,-7847.67,65.1341
18526.2,-7849.47,63.32
18530.4,-7851.27,61.5167
18534.6,-7853.07,59.7118
18538.9,-7854.87,57.9094
18543.1,-7856.67,56.1032
18547.3,-7858.47,54.2903
18551.5,-7860.27,52.4808
18555.8,-7862.07,50.6604
18560,-7863.87,48.8223
18564.2,-7865.67,46.991
18568.5,-7867.47,45.1656
18572.7,-7869.27,43.331
18577,-7871.07,41.5132
18581.2,-7872.87,39.7022
18585.4,-7874.67,37.8887
18589.7,-7876.47,36.0844
18593.9,-7878.27,34.2835
18598.1,-7880.07,32.4786
18602.3,-7881.87,30.6858
18606.6,-7883.67,28.8881
18610.8,-7885.47,27.0823
18615.1,-7887.27,25.2741
18619.3,-7889.07,23.4698
18623.5,-7890.87,21.6765
18627.8,-7892.67,19.8794
18632,-7894.47,18.0925
18636.2,-7896.27,16.3092
18640.5,-7898.07,14.5305
18644.7,-7899.87,12.7506
18648.9,-7901.67,10.9592
18653.2,-7903.47,9.15437
18657.4,-7905.27,7.37794
18661.7,-7907.06,5.59221
18665.9,-7908.86,3.82549
18670.1,-7910.66,2.1018
18674.3,-7912.46,0.814688
18678.6,-7914.26,1.8545
18682.8,-7916.06,3.55833
18687.1,-7917.86,5.33071
18691.3,-7919.66,7.1207
18695.6,-7921.46,8.95448
18699.8,-7923.26,10.7538
18704.1,-7925.06,12.5866
18708.5,-7926.86,14.417
18712.8,-7928.66,16.2366
18717.1,-7930.46,18.0313
18721.4,-7932.26,19.8543
18725.9,-7934.06,21.7157
18730.2,-7935.86,23.5215
18734.5,-7937.66,25.2759
18738.7,-7939.46,26.9786
18742.9,-7941.26,28.691
18747.2,-7943.06,30.4074
18751.4,-7944.86,32.1741
18755.7,-7946.66,33.9367
18759.9,-7948.46,35.7002
18764.1,-7950.26,37.4711
18768.3,-7952.06,39.2748
18772.6,-7953.86,41.0794
18776.8,-7955.66,42.889
18781,-7957.46,44.707
18785.3,-7959.26,46.5025
18789.5,-7961.06,48.2882
18793.7,-7962.86,50.0755
18798,-7964.66,51.846
18802.2,-7966.46,53.6304
18806.4,-7968.26,55.4074
18810.7,-7970.06,57.1886
18814.9,-7971.86,58.9912
18819.1,-7973.66,60.7963
18823.3,-7975.46,62.5964
18827.6,-7977.26,64.4043
18831.8,-7979.06,66.2072
18836,-7980.86,68.0176
18840.3,-7982.66,69.8272
18844.5,-7984.46,71.6345
18848.7,-7986.26,73.4318
18852.9,-7988.06,75.2341
18857.2,-7989.86,77.0369
18861.4,-7991.66,78.8331
18865.7,-7993.46,80.6235
18869.9,-7995.26,82.418
18874.1,-7997.06,84.2196
18878.4,-7998.85,86.0195
18882.6,-8000.65,87.8127
18886.8,-8002.45,89.6047
18891.1,-8004.25,91.4099
18895.3,-8006.05,93.2068
18899.5,-8007.85,94.9979
18903.8,-8009.65,96.7992
18908,-8011.45,98.5988
18912.3,-8013.25,100.407
18916.5,-8015.05,102.203
18920.7,-8016.85,103.991
18924.9,-8018.65,105.781
18929.2,-8020.45,107.575
18933.4,-8022.25,109.376
18937.6,-8024.05,111.168
18941.9,-8025.85,112.961
18946.1,-8027.65,114.757
18950.3,-8029.45,116.559
18954.6,-8031.25,118.37
18958.8,-8033.05,120.173
18963,-8034.85,121.977
18967.2,-8036.65,123.776
18971.5,-8038.45,125.578
18975.7,-8040.25,127.376
18979.9,-8042.05,129.179
18984.2,-8043.85,130.984
18988.4,-8045.65,132.787
18992.6,-8047.45,134.598
19001.3,-8049.25,138.321
19005.5,-8051.05,140.146
19009.8,-8052.85,141.888
19014.1,-8054.65,143.627
19018.3,-8056.45,145.341
19023.2,-8058.25,146.793
19027.7,-8060.05,148.152
19032.2,-8061.85,149.498
19036.6,-8063.65,151.24
19041.1,-8065.45,152.986
19045.5,-8067.25,154.731
19049.9,-8069.05,156.472
19054.3,-8070.85,158.428
19059.2,-8072.65,160.57
19063.7,-8074.45,162.563
19068.1,-8076.25,164.384
19072.5,-8078.05,166.199
19077.2,-8079.85,168.121
19081.7,-8081.65,169.76
19086.1,-8083.45,171.323
19090.4,-8085.25,172.876
19094.6,-8087.05,174.389
19098.8,-8088.85,176.068
19103.1,-8090.65,177.75
19107.3,-8092.44,179.436
19111.5,-8094.24,181.117
19115.7,-8096.04,183.095
19120,-8097.84,185.055
19124.2,-8099.64,187.018
19128.4,-8101.44,188.785
19132.6,-8103.24,190.554
19136.8,-8105.04,192.323
19141.1,-8106.84,194.103
19145.3,-8108.64,195.863
19149.5,-8110.44,197.621
19153.7,-8112.24,199.381
19158,-8114.04,201.225
19162.2,-8115.84,203.073
19166.4,-8117.64,204.921
19170.6,-8119.44,206.768
19174.8,-8121.24,208.562
19179.1,-8123.04,210.361
19183.3,-8124.84,212.156
19187.5,-8126.64,213.94
19191.7,-8128.44,215.724
19196,-8130.24,217.537
19200.2,-8132.04,219.321
19204.4,-8133.84,221.127
19208.6,-8135.64,222.93
19212.9,-8137.44,224.734
19217.1,-8139.24,226.536
19221.3,-8141.04,228.338
19225.5,-8142.84,230.14
19229.7,-8144.64,231.941
19234,-8146.44,233.774
19238.2,-8148.24,235.607
19242.4,-8150.04,237.439
19246.6,-8151.84,239.271
19250.8,-8153.64,241.067
19255.1,-8155.44,242.869
19259.3,-8157.24,244.669
19263.5,-8159.04,246.451
19267.7,-8160.84,248.23
19271.9,-8162.64,250.011
19276.1,-8164.44,251.795
19280.4,-8166.24,253.619
19284.6,-8168.04,255.445
19288.8,-8169.84,257.27
19293,-8171.64,259.11
19297.2,-8173.44,260.953
19301.5,-8175.24,262.793
19305.7,-8177.04,264.634
19309.9,-8178.84,266.472
19314.1,-8180.64,268.311
19318.4,-8182.44,270.16
19322.6,-8184.23,271.95
19326.8,-8186.03,273.744
19331,-8187.83,275.534
19335.2,-8189.63,277.326
19339.5,-8191.43,279.117
19343.7,-8193.23,280.911
19347.9,-8195.03,282.7
19352.1,-8196.83,284.519
19356.3,-8198.63,286.337
19360.5,-8200.43,288.156
19364.8,-8202.23,289.975
19369,-8204.03,291.808
19373.2,-8205.83,293.629
19377.5,-8207.63,295.447
19381.7,-8209.43,297.252
19385.9,-8211.23,299.057
19390.1,-8213.03,300.863
19394.3,-8214.83,302.667
19398.5,-8216.63,304.485
19402.8,-8218.43,306.301
19407,-8220.23,308.125
19411.2,-8222.03,309.941
19415.4,-8223.83,311.765
19419.7,-8225.63,313.601
19423.9,-8227.43,315.427
19428.1,-8229.23,317.249
19432.3,-8231.03,319.07
19436.6,-8232.83,320.892
19440.8,-8234.63,322.712
19445,-8236.43,324.519
19449.2,-8238.23,326.324
19453.4,-8240.03,328.134
19457.6,-8241.83,329.935
19461.9,-8243.63,331.738
19466.1,-8245.43,333.541
19470.3,-8247.23,335.341
19474.5,-8249.03,337.133
19478.7,-8250.83,338.924
19483,-8252.63,340.712
19487.2,-8254.43,342.502
19491.4,-8256.23,344.294
19495.6,-8258.03,346.085
19499.8,-8259.83,347.872
19504.1,-8261.63,349.66
19508.3,-8263.43,351.443
19512.5,-8265.23,353.22
19516.7,-8267.03,354.99
19520.9,-8268.83,356.738
19525.1,-8270.63,358.379
19529.4,-8272.43,358.953
19533.6,-8274.23,357.537
19537.8,-8276.03,355.816
19542,-8277.83,354.046
19546.2,-8279.62,352.257
19550.5,-8281.42,350.441
19554.7,-8283.22,348.64
19558.9,-8285.02,346.834
19563.4,-8286.82,344.942
19567.7,-8288.62,343.113
19571.9,-8290.42,341.317
19576.2,-8292.22,339.481
19580.8,-8294.02,337.602
19585.2,-8295.82,335.801
19589.4,-8297.62,334.06
19593.6,-8299.42,332.358
19597.8,-8301.22,330.658
19602,-8303.02,328.957
19606.3,-8304.82,327.255
19610.5,-8306.62,325.493
19614.7,-8308.42,323.73
19619,-8310.22,321.95
19623.2,-8312.02,320.113
19627.4,-8313.82,318.304
19631.7,-8315.62,316.491
19635.9,-8317.42,314.676
19640.1,-8319.22,312.912
19644.3,-8321.02,311.147
19648.5,-8322.82,309.382
19652.7,-8324.62,307.6
19657,-8326.42,305.812
19661.2,-8328.22,304.01
19665.4,-8330.02,302.222
19669.7,-8331.82,300.419
19673.9,-8333.62,298.613
19678.1,-8335.42,296.809
19682.3,-8337.22,295.011
19686.5,-8339.02,293.21
19690.7,-8340.82,291.411
19695,-8342.62,289.609
19699.2,-8344.42,287.811
19703.4,-8346.22,286.01
19707.6,-8348.02,284.208
19712,-8349.82,282.365
19716.3,-8351.62,280.517
19720.5,-8353.42,278.721
19724.7,-8355.22,276.924
19729,-8357.02,275.172
19733.2,-8358.82,273.4
19737.4,-8360.62,271.646
19741.6,-8362.42,269.892
19745.9,-8364.22,268.11
19750.1,-8366.02,266.331
19754.3,-8367.82,264.552
19758.5,-8369.62,262.746
19762.8,-8371.42,260.928
19767,-8373.21,259.121
19771.2,-8375.01,257.316
19775.4,-8376.81,255.52
19779.7,-8378.61,253.725
19783.9,-8380.41,251.929
19788.1,-8382.21,250.146
19792.3,-8384.01,248.361
19796.5,-8385.81,246.575
19800.7,-8387.61,244.792
19805,-8389.41,242.987
19809.2,-8391.21,241.183
19813.4,-8393.01,239.378
19817.6,-8394.81,237.575
19821.9,-8396.61,235.75
19826.1,-8398.41,233.936
19830.3,-8400.21,232.124
19834.5,-8402.01,230.32
19838.7,-8403.81,228.519
19842.9,-8405.61,226.717
19847.2,-8407.41,224.918
19851.4,-8409.21,223.123
19855.6,-8411.01,221.326
19859.8,-8412.81,219.53
19864.1,-8414.61,217.695
19868.3,-8416.41,215.874
19872.5,-8418.21,214.055
19876.7,-8420.01,212.233
19880.9,-8421.81,210.479
19885.2,-8423.61,208.721
19889.4,-8425.41,206.966
19893.6,-8427.21,205.194
19897.9,-8429.01,203.399
19902.1,-8430.81,201.629
19906.3,-8432.61,199.857
19910.5,-8434.41,198.071
19914.7,-8436.21,196.283
19919,-8438.01,194.497
19923.2,-8439.81,192.656
19927.5,-8441.61,190.845
19931.7,-8443.41,189.032
19935.9,-8445.21,187.219
19940.1,-8447.01,185.411
19944.3,-8448.81,183.603
19948.5,-8450.61,181.797
19952.8,-8452.41,179.987
19957,-8454.21,178.173
19961.2,-8456.01,176.35
19965.4,-8457.81,174.537
19969.7,-8459.61,172.698
19973.9,-8461.41,170.858
19978.1,-8463.21,169.02
19982.3,-8465,167.183
19986.5,-8466.8,165.345
19990.7,-8468.6,163.508
19995,-8470.4,161.669
19999.2,-8472.2,159.83
20003.4,-8474,157.989
20007.6,-8475.8,156.152
20011.8,-8477.6,154.316
20016,-8479.4,152.474
20020.3,-8481.2,150.637
20024.5,-8483,148.785
20028.7,-8484.8,146.948
20032.9,-8486.6,145.11
20037.2,-8488.4,143.27
20041.4,-8490.2,141.432
20045.6,-8492,139.678
20049.8,-8493.8,137.928
20054,-8495.6,136.161
20058.2,-8497.4,134.359
20062.5,-8499.2,132.547
20066.7,-8501,130.745
20070.9,-8502.8,128.943
20075.1,-8504.6,127.134
20079.3,-8506.4,125.304
20083.6,-8508.2,123.475
20087.8,-8510,121.632
20092,-8511.8,119.789
20096.2,-8513.6,117.944
20100.4,-8515.4,116.101
20104.6,-8517.2,114.263
20108.9,-8519,112.426
20113.1,-8520.8,110.589
20117.3,-8522.6,108.75
20121.5,-8524.4,106.945
20125.7,-8526.2,105.127
20130,-8528,103.322
20134.2,-8529.8,101.538
20138.4,-8531.6,99.7571
20142.6,-8533.4,97.9758
20146.8,-8535.2,96.1604
20151.1,-8537,94.3316
20155.3,-8538.8,92.5171
20159.5,-8540.6,90.7026
20163.8,-8542.4,88.8558
20168,-8544.2,87.0251
20172.2,-8546,85.1928
20176.4,-8547.8,83.3579
20180.6,-8549.6,81.544
20184.9,-8551.4,79.7285
20189.1,-8553.2,77.9138
20193.3,-8555,76.0852
20197.5,-8556.79,74.2616
20201.7,-8558.59,72.4364
20205.9,-8560.39,70.6087
20210.2,-8562.19,68.7687
20214.4,-8563.99,66.9287
20218.6,-8565.79,65.0904
20222.8,-8567.59,63.2588
20227.1,-8569.39,61.4154
20231.3,-8571.19,59.583
20235.5,-8572.99,57.7498
20239.7,-8574.79,55.9298
20243.9,-8576.59,54.108
20248.1,-8578.39,52.2888
20252.4,-8580.19,50.4688
20256.6,-8581.99,48.655
20260.8,-8583.79,46.8387
20265.1,-8585.59,45.0106
20269.3,-8587.39,43.2042
20273.5,-8589.19,41.3986
20277.7,-8590.99,39.5955
20281.9,-8592.79,37.7909
20286.1,-8594.59,35.9983
20290.4,-8596.39,34.2091
20294.6,-8598.19,32.4157
20298.8,-8599.99,30.6202
20303,-8601.79,28.8256
20307.2,-8603.59,27.0286
20311.4,-8605.39,25.234
20315.7,-8607.19,23.4355
20319.9,-8608.99,21.6403
20324.1,-8610.79,19.8419
20328.3,-8612.59,18.0296
20332.6,-8614.39,16.2275
20336.8,-8616.19,14.4249
20341,-8617.99,12.6244
20345.2,-8619.79,10.8244
20349.4,-8621.59,9.0282
20353.6,-8623.39,7.23126
20357.9,-8625.19,5.42101
20362.1,-8626.99,3.60857
20366.3,-8628.79,1.85239
20370.5,-8630.59,0.696609
20374.8,-8632.39,2.03251
20379,-8634.19,3.7831
20383.2,-8635.99,5.58506
20387.4,-8637.79,7.38271
20391.6,-8639.59,9.176
20395.9,-8641.39,10.9925
20400.1,-8643.19,12.7935
20404.4,-8644.99,14.5789
20408.7,-8646.79,16.407
20413,-8648.58,18.2289
20417.2,-8650.38,20.0116
20426.5,-8652.18,23.8874
20430.9,-8653.98,25.7177
20435.1,-8655.78,27.4226
20439.4,-8657.58,29.123
20443.6,-8659.38,30.8233
20447.8,-8661.18,32.5214
20452,-8662.98,33.9907
20456.2,-8664.78,35.4607
20460.4,-8666.58,36.93
20464.7,-8668.38,38.5112
20468.9,-8670.18,40.0787
20473.2,-8671.98,41.6665
20477.4,-8673.78,43.2361
20481.6,-8675.58,45.122
20485.8,-8677.38,47.0097
20490.1,-8679.18,48.8956
20494.3,-8680.98,50.718
20498.5,-8682.78,52.537
20502.7,-8684.58,54.3561
20506.9,-8686.38,56.1778
20511.2,-8688.18,57.9248
20515.4,-8689.98,59.6686
20519.6,-8691.78,61.4116
20523.8,-8693.58,63.1879
20528.1,-8695.38,64.979
20532.3,-8697.18,66.7561
20536.5,-8698.98,68.5332
20540.7,-8700.78,70.3411
20544.9,-8702.58,72.1481
20549.2,-8704.38,73.9568
20553.4,-8706.18,75.7318
20557.6,-8707.98,77.5069
20561.8,-8709.78,79.2918
20566.1,-8711.58,81.0685
20570.3,-8713.38,82.8552
20574.5,-8715.18,84.6418
20578.7,-8716.98,86.4268
20582.9,-8718.78,88.2342
20587.2,-8720.58,90.0475
20591.4,-8722.38,91.8574
20595.6,-8724.18,93.6691
20599.8,-8725.98,95.4782
20604,-8727.78,97.2906
20608.3,-8729.58,99.0997
20612.5,-8731.38,100.908
20616.7,-8733.18,102.731
20621,-8734.98,104.527
20625.2,-8736.78,106.323
20629.4,-8738.58,108.124
20633.6,-8740.38,109.917
20637.9,-8742.17,111.708
20642.1,-8743.97,113.497
20646.3,-8745.77,115.284
20650.5,-8747.57,117.068
20654.7,-8749.37,118.853
20658.9,-8751.17,120.641
20663.2,-8752.97,122.458
20667.4,-8754.77,124.245
20671.7,-8756.57,126.034
20675.9,-8758.37,127.815
20680.1,-8760.17,129.593
20684.3,-8761.97,131.373
20688.5,-8763.77,133.185
20692.7,-8765.57,134.998
20697,-8767.37,136.812
20701.2,-8769.17,138.623
20705.4,-8770.97,140.418
20709.6,-8772.77,142.212
20713.8,-8774.57,144.007
20718.1,-8776.37,145.809
20722.3,-8778.17,147.614
20726.5,-8779.97,149.419
20730.7,-8781.77,151.233
20734.9,-8783.57,153.054
20739.2,-8785.37,154.874
20743.4,-8787.17,156.695
20747.6,-8788.97,158.515
20751.8,-8790.77,160.292
20756,-8792.57,162.072
20760.2,-8794.37,163.852
20764.5,-8796.17,165.66
20768.7,-8797.97,167.453
20772.9,-8799.77,169.247
20777.2,-8801.57,171.045
20781.4,-8803.37,172.848
20785.6,-8805.17,174.655
20789.8,-8806.97,176.458
20794,-8808.77,178.252
20798.2,-8810.57,180.044
20802.4,-8812.37,181.833
20806.7,-8814.17,183.628
20810.9,-8815.97,185.441
20815.1,-8817.77,187.257
20819.3,-8819.57,189.072
20823.5,-8821.37,190.875
20827.7,-8823.17,192.675
20832,-8824.97,194.488
20836.2,-8826.77,196.292
20840.4,-8828.57,198.096
20844.6,-8830.37,199.901
20848.9,-8832.17,201.704
20853.1,-8833.96,203.506
20857.3,-8835.76,205.31
20861.5,-8837.56,207.115
20865.8,-8839.36,208.931
20870,-8841.16,210.74
20874.2,-8842.96,212.547
20878.4,-8844.76,214.353
20882.6,-8846.56,216.159
20886.8,-8848.36,217.947
20891.1,-8850.16,219.732
20895.3,-8851.96,221.518
20899.5,-8853.76,223.289
20903.7,-8855.56,225.061
20907.9,-8857.36,226.831
20912.2,-8859.16,228.603
20916.4,-8860.96,230.377
20920.6,-8862.76,232.148
20924.8,-8864.56,233.922
20929,-8866.36,235.693
20933.3,-8868.16,237.476
20937.5,-8869.96,239.246
20941.7,-8871.76,241.016
20945.9,-8873.56,242.824
20950.1,-8875.36,244.63
20954.4,-8877.16,246.438
20958.6,-8878.96,248.277
20962.8,-8880.76,250.128
20967,-8882.56,251.969
20971.3,-8884.36,253.81
20975.5,-8886.16,255.671
20979.7,-8887.96,257.527
20983.9,-8889.76,259.387
20988.1,-8891.56,261.198
20992.3,-8893.36,263.007
20996.6,-8895.16,264.819
21000.8,-8896.96,266.631
21005,-8898.76,268.427
21009.2,-8900.56,270.218
21013.4,-8902.36,272.012
21017.7,-8904.16,273.805
21021.9,-8905.96,275.63
21026.1,-8907.76,277.455
21030.3,-8909.56,279.28
21034.5,-8911.36,281.107
21038.8,-8913.16,282.924
21043,-8914.96,284.741
21047.2,-8916.76,286.558
21051.4,-8918.56,288.377
21055.6,-8920.36,290.197
21059.9,-8922.16,292.018
21064.1,-8923.96,293.837
21068.3,-8925.75,295.64
21072.5,-8927.55,297.443
21076.8,-8929.35,299.247
21081,-8931.15,301.038
21085.2,-8932.95,302.83
21089.4,-8934.75,304.623
21093.6,-8936.55,306.437
21097.8,-8938.35,308.249
21102.1,-8940.15,310.06
21106.3,-8941.95,311.876
21110.5,-8943.75,313.691
21114.7,-8945.55,315.507
21118.9,-8947.35,317.32
21123.2,-8949.15,319.152
21127.4,-8950.95,320.976
21131.6,-8952.75,322.799
21135.9,-8954.55,324.636
21140.1,-8956.35,326.444
21144.3,-8958.15,328.255
21148.5,-8959.95,330.062
21152.7,-8961.75,331.868
21157,-8963.55,333.673
21161.2,-8965.35,335.482
21165.4,-8967.15,337.301
21169.6,-8968.95,339.09
21173.9,-8970.75,340.882
21178.1,-8972.55,342.669
21182.3,-8974.35,344.457
21186.5,-8976.15,346.237
21190.7,-8977.95,348.014
21194.9,-8979.75,349.79
21199.2,-8981.55,351.572
21203.4,-8983.35,353.349
21207.6,-8985.15,355.117
21212,-8986.95,356.91
21216.3,-8988.75,358.513
21220.6,-8990.55,358.719
21224.8,-8992.35,357.26
21229.1,-8994.15,355.586
21233.3,-8995.95,353.877
21237.5,-8997.75,352.141
21241.8,-8999.55,350.417
21246,-9001.35,348.596
21250.3,-9003.15,346.804
21254.5,-9004.95,344.997
21258.9,-9006.75,343.145
21263.2,-9008.55,341.27
21267.5,-9010.35,339.462
21271.8,-9012.15,337.627
21276.4,-9013.95,335.732
21280.7,-9015.75,333.943
21284.9,-9017.54,332.19
21289.2,-9019.34,330.477
21293.4,-9021.14,328.776
21297.6,-9022.94,327.074
21301.9,-9024.74,325.372
21306.1,-9026.54,323.572
21310.4,-9028.34,321.789
21314.6,-9030.14,320.011
21318.9,-9031.94,318.209
21323.2,-9033.74,316.382
21327.4,-9035.54,314.578
21331.6,-9037.34,312.772
21335.9,-9039.14,311.018
21340.1,-9040.94,309.254
21344.4,-9042.74,307.497
21348.6,-9044.54,305.749
21352.8,-9046.34,303.969
21357.1,-9048.14,302.174
21361.3,-9049.94,300.389
21365.5,-9051.74,298.591
21369.8,-9053.54,296.789
21374,-9055.34,294.988
21378.2,-9057.14,293.189
21382.5,-9058.94,291.393
21386.7,-9060.74,289.596
21390.9,-9062.54,287.792
21395.2,-9064.34,285.979
21399.4,-9066.14,284.182
21403.6,-9067.94,282.376
21407.9,-9069.74,280.577
21412.1,-9071.54,278.776
21416.3,-9073.34,276.982
21420.6,-9075.14,275.183
21424.8,-9076.94,273.389
21429,-9078.74,271.59
21433.3,-9080.54,269.797
21437.5,-9082.34,268.004
21441.7,-9084.14,266.216
21445.9,-9085.94,264.423
21450.2,-9087.74,262.63
21454.4,-9089.54,260.838
21458.6,-9091.34,259.048
21462.9,-9093.14,257.253
21467.1,-9094.94,255.458
21471.3,-9096.74,253.664
21475.5,-9098.54,251.863
21479.8,-9100.34,250.069
21484,-9102.14,248.265
21488.3,-9103.94,246.463
21492.5,-9105.74,244.669
21496.7,-9107.54,242.875
21500.9,-9109.33,241.075
21505.2,-9111.13,239.272
21509.4,-9112.93,237.472
21513.6,-9114.73,235.667
21517.9,-9116.53,233.861
21522.1,-9118.33,232.058
21526.3,-9120.13,230.252
21530.5,-9121.93,228.45
21534.8,-9123.73,226.639
21539,-9125.53,224.821
21543.3,-9127.33,223.019
21547.5,-9129.13,221.21
21551.7,-9130.93,219.408
21555.9,-9132.73,217.596
21560.3,-9134.53,215.745
21564.6,-9136.33,213.956
21568.8,-9138.13,212.171
21573,-9139.93,210.377
21577.3,-9141.73,208.586
21581.5,-9143.53,206.789
21585.7,-9145.33,204.998
21590,-9147.13,203.213
21594.2,-9148.93,201.431
21598.4,-9150.73,199.653
21602.6,-9152.53,197.869
21606.9,-9154.33,196.038
21611.1,-9156.13,194.203
21615.3,-9157.93,192.372
21619.6,-9159.73,190.546
21623.8,-9161.53,188.724
21628,-9163.33,186.889
21632.3,-9165.13,185.055
21636.5,-9166.93,183.265
21640.8,-9168.73,181.46
21645,-9170.53,179.662
21649.2,-9172.33,177.848
21653.5,-9174.13,176.036
21657.7,-9175.93,174.227
21662,-9177.73,172.407
21666.2,-9179.53,170.599
21670.4,-9181.33,168.801
21674.6,-9183.13,166.997
21678.9,-9184.93,165.191
21683.1,-9186.73,163.378
21687.3,-9188.53,161.57
21691.6,-9190.33,159.757
21695.8,-9192.13,157.945
21700,-9193.93,156.123
21704.3,-9195.73,154.302
21708.5,-9197.53,152.49
21712.7,-9199.33,150.722
21717,-9201.12,148.948
21721.2,-9202.92,147.18
21725.4,-9204.72,145.369
21729.7,-9206.52,143.568
21733.9,-9208.32,141.757
21738.1,-9210.12,139.952
21742.4,-9211.92,138.12
21746.6,-9213.72,136.299
21750.9,-9215.52,134.478
21755.1,-9217.32,132.629
21759.3,-9219.12,130.786
21763.6,-9220.92,128.944
21767.8,-9222.72,127.098
21772,-9224.52,125.233
21776.3,-9226.32,123.369
21780.5,-9228.12,121.506
21784.7,-9229.92,119.726
21789,-9231.72,117.949
21793.2,-9233.52,116.156
21797.4,-9235.32,114.377
21801.6,-9237.12,112.566
21805.9,-9238.92,110.746
21810.1,-9240.72,108.931
21814.4,-9242.52,107.088
21818.6,-9244.32,105.251
21822.8,-9246.12,103.415
21827,-9247.92,101.566
21831.3,-9249.72,99.7305
21835.5,-9251.52,97.8924
21839.7,-9253.32,96.0568
21844,-9255.12,94.2034
21848.2,-9256.92,92.3964
21852.4,-9258.72,90.5844
21856.7,-9260.52,88.7707
21860.9,-9262.32,86.9525
21865.1,-9264.12,85.1267
21869.4,-9265.92,83.3094
21873.6,-9267.72,81.4879
21877.8,-9269.52,79.6593
21882.1,-9271.32,77.8206
21886.3,-9273.12,75.987
21890.5,-9274.92,74.1731
21894.8,-9276.72,72.3583
21899,-9278.52,70.5319
21903.2,-9280.32,68.718
21907.5,-9282.12,66.8993
21911.7,-9283.92,65.0765
21915.9,-9285.72,63.2494
21920.2,-9287.52,61.4196
21924.4,-9289.32,59.5889
21928.6,-9291.12,57.7675
21932.9,-9292.92,55.9403
21937.1,-9294.71,54.1294
21941.3,-9296.51,52.3209
21945.6,-9298.31,50.4975
21949.8,-9300.11,48.681
21954,-9301.91,46.8603
21958.3,-9303.71,45.0472
21962.5,-9305.51,43.2384
21966.7,-9307.31,41.4441
21971,-9309.11,39.6523
21975.2,-9310.91,37.864
21979.4,-9312.71,36.0758
21983.7,-9314.51,34.2712
21987.9,-9316.31,32.4787
21992.1,-9318.11,30.6835
21996.3,-9319.91,28.8901
22000.6,-9321.71,27.0981
22004.8,-9323.51,25.3022
22009,-9325.31,23.4985
22013.3,-9327.11,21.7014
22017.5,-9328.91,19.9097
22021.8,-9330.71,18.0987
22026.1,-9332.51,16.3047
22030.3,-9334.31,14.5212
22034.5,-9336.11,12.746
22038.7,-9337.91,10.9752
22043,-9339.71,9.19851
22047.2,-9341.51,7.43072
22051.4,-9343.31,5.70436
22055.7,-9345.11,4.01948
22059.9,-9346.91,2.55588
22064.1,-9348.71,1.89541
22068.4,-9350.51,2.71162
22072.6,-9352.31,4.18942
22076.8,-9354.11,5.85701
22081,-9355.91,7.59069
22085.3,-9357.71,9.33045
22089.5,-9359.51,11.0882
22093.8,-9361.31,12.8688
22098,-9363.11,14.6411
22102.3,-9364.91,16.4141
22106.6,-9366.71,18.233
22110.9,-9368.51,20.0425
22115.2,-9370.31,21.7946
22119.5,-9372.11,23.5745
22124,-9373.91,25.4613
22128.4,-9375.71,27.2786
22132.6,-9377.51,29.0207
22136.9,-9379.31,30.7656
22141.1,-9381.11,32.5062
22145.3,-9382.91,34.24
22149.6,-9384.71,35.9862
22153.8,-9386.5,37.7173
22158.1,-9388.3,39.4423
22162.3,-9390.1,41.267
22166.5,-9391.9,43.0994
22170.8,-9393.7,44.921
22175,-9395.5,46.7288
22179.2,-9397.3,48.5275
22183.5,-9399.1,50.3289
22187.7,-9400.9,52.132
22191.9,-9402.7,53.9203
22196.2,-9404.5,55.7079
22200.4,-9406.3,57.4948
22204.6,-9408.1,59.2736
22208.8,-9409.9,61.0542
22213.1,-9411.7,62.8298
22217.3,-9413.5,64.6088
22221.5,-9415.3,66.3953
22225.8,-9417.1,68.1793
22230,-9418.9,69.9649
22234.2,-9420.7,71.7481
22238.4,-9422.5,73.54
22242.7,-9424.3,75.3336
22246.9,-9426.1,77.133
22251.2,-9427.9,78.9606
22255.4,-9429.7,80.7518
22259.7,-9431.5,82.5455
22263.9,-9433.3,84.3367
22268.1,-9435.1,86.1215
22272.4,-9436.9,87.9013
22276.6,-9438.7,89.6844
22280.8,-9440.5,91.462
22285.1,-9442.3,93.2504
22289.3,-9444.1,95.0297
22293.5,-9445.9,96.8381
22297.7,-9447.7,98.6374
22302,-9449.5,100.439
22306.2,-9451.3,102.252
22310.4,-9453.1,104.076
22314.7,-9454.9,105.888
22318.9,-9456.7,107.705
22323.2,-9458.5,109.532
22327.4,-9460.3,111.325
22331.6,-9462.1,113.118
22335.9,-9463.9,114.911
22340.1,-9465.7,116.699
22344.3,-9467.5,118.482
22348.5,-9469.3,120.264
22352.8,-9471.1,122.063
22357.1,-9472.9,123.874
22361.3,-9474.7,125.673
22365.5,-9476.5,127.478
22369.7,-9478.29,129.257
22374,-9480.09,131.045
22378.2,-9481.89,132.822
22382.4,-9483.69,134.601
22386.7,-9485.49,136.39
22390.9,-9487.29,138.172
22395.1,-9489.09,139.962
22399.3,-9490.89,141.742
22403.6,-9492.69,143.541
22407.8,-9494.49,145.337
22412,-9496.29,147.149
22416.3,-9498.09,148.98
22420.6,-9499.89,150.789
22424.8,-9501.69,152.602
22429,-9503.49,154.423
22433.3,-9505.29,156.225
22437.5,-9507.09,158.019
22441.7,-9508.89,159.819
22446,-9510.69,161.611
22450.2,-9512.49,163.397
22454.5,-9514.29,165.197
22458.7,-9516.09,166.99
22462.9,-9517.89,168.82
22467.2,-9519.69,170.652
22471.4,-9521.49,172.481
22475.6,-9523.29,174.259
22479.9,-9525.09,176.04
22484.1,-9526.89,177.822
22488.3,-9528.69,179.595
22492.5,-9530.49,181.386
22496.8,-9532.29,183.176
22501,-9534.09,184.968
22505.2,-9535.89,186.745
22509.5,-9537.69,188.514
22513.7,-9539.49,190.285
22517.9,-9541.29,192.069
22522.2,-9543.09,193.883
22526.4,-9544.89,195.69
22530.6,-9546.69,197.499
22534.9,-9548.49,199.34
22539.1,-9550.29,201.186
22543.3,-9552.09,203.023
22547.5,-9553.89,204.857
22551.8,-9555.69,206.697
22556,-9557.49,208.559
22560.3,-9559.29,210.402
22564.5,-9561.09,212.224
22568.7,-9562.89,214.039
22573,-9564.69,215.86
22577.2,-9566.49,217.676
22581.5,-9568.29,219.469
22585.7,-9570.08,221.25
22590,-9571.88,223.043
22594.2,-9573.68,224.83
22598.4,-9575.48,226.662
22602.6,-9577.28,228.492
22606.9,-9579.08,230.327
22611.1,-9580.88,232.153
22615.3,-9582.68,233.979
22619.5,-9584.48,235.805
22623.8,-9586.28,237.637
22628,-9588.08,239.424
22632.2,-9589.88,241.212
22636.4,-9591.68,242.997
22640.7,-9593.48,244.749
22644.9,-9595.28,246.503
22649.2,-9597.08,248.263
22653.4,-9598.88,250.011
22657.6,-9600.68,251.793
22661.9,-9602.48,253.575
22666.1,-9604.28,255.36
22670.3,-9606.08,257.138
22674.5,-9607.88,258.954
22678.8,-9609.68,260.764
22683,-9611.48,262.584
22687.2,-9613.28,264.407
22691.5,-9615.08,266.234
22695.7,-9616.88,268.056
22699.9,-9618.68,269.902
22704.2,-9620.48,271.75
22710.5,-9622.28,274.523
22715,-9624.08,276.434
22719.2,-9625.88,278.274
22723.4,-9627.68,280.108
22727.6,-9629.48,281.934
22731.9,-9631.28,283.5
22736.2,-9633.08,285.092
22740.4,-9634.88,286.655
22744.6,-9636.68,288.224
22748.8,-9638.48,290.014
22753.1,-9640.28,291.814
22757.3,-9642.08,293.63
22761.6,-9643.88,295.445
22765.8,-9645.68,297.26
22770.1,-9647.48,299.082
22774.3,-9649.28,300.9
22778.5,-9651.08,302.681
22782.8,-9652.88,304.471
22787,-9654.68,306.259
22791.2,-9656.48,308.067
22795.4,-9658.28,309.868
22799.7,-9660.08,311.675
22803.9,-9661.88,313.485
22808.1,-9663.67,315.317
22812.4,-9665.47,317.144
22816.6,-9667.27,318.971
22820.8,-9669.07,320.788
22825.1,-9670.87,322.616
22829.3,-9672.67,324.441
22833.5,-9674.47,326.265
22837.8,-9676.27,328.067
22842,-9678.07,329.876
22846.2,-9679.87,331.68
22850.5,-9681.67,333.472
22854.7,-9683.47,335.271
22859,-9685.27,337.086
22863.2,-9687.07,338.895
22867.5,-9688.87,340.67
22871.7,-9690.67,342.441
22875.9,-9692.47,344.22
22880.2,-9694.27,345.984
22884.4,-9696.07,347.731
22888.6,-9697.87,349.471
22892.9,-9699.67,351.191
22897.1,-9701.47,352.904
22901.3,-9703.27,354.559
22905.6,-9705.07,356.109
22909.8,-9706.87,357.337
22914,-9708.67,357.683
22918.3,-9710.47,356.816
22922.5,-9712.27,355.376
22926.7,-9714.07,353.762
22930.9,-9715.87,352.075
22935.2,-9717.67,350.346
22939.4,-9719.47,348.605
22943.7,-9721.27,346.812
22947.9,-9723.07,345.018
22952.2,-9724.87,343.213
22956.5,-9726.67,341.396
22960.9,-9728.47,339.568
22965.1,-9730.27,337.783
22969.4,-9732.07,335.988
22974.1,-9733.87,334.045
22978.5,-9735.67,332.254
22982.7,-9737.47,330.515
22987,-9739.27,328.808
22991.2,-9741.07,327.109
22995.4,-9742.87,325.421
22999.6,-9744.67,323.66
23003.9,-9746.47,321.898
23008.1,-9748.27,320.135
23012.3,-9750.07,318.377
23016.6,-9751.87,316.588
23020.8,-9753.67,314.807
23025,-9755.46,313.013
23029.3,-9757.26,311.231
23033.5,-9759.06,309.47
23037.7,-9760.86,307.714
23042,-9762.66,305.961
23046.2,-9764.46,304.168
23050.4,-9766.26,302.378
23054.6,-9768.06,300.59
23058.9,-9769.86,298.785
23063.2,-9771.66,296.952
23067.4,-9773.46,295.14
23071.6,-9775.26,293.33
23075.9,-9777.06,291.538
23080.1,-9778.86,289.749
23084.3,-9780.66,287.958
23088.5,-9782.46,286.17
23092.8,-9784.26,284.368
23097,-9786.06,282.568
23101.2,-9787.86,280.768
23105.5,-9789.66,278.963
23109.7,-9791.46,277.165
23114,-9793.26,275.366
23118.2,-9795.06,273.557
23122.4,-9796.86,271.765
23126.7,-9798.66,269.976
23130.9,-9800.46,268.19
23135.1,-9802.26,266.394
23139.3,-9804.06,264.608
23143.6,-9805.86,262.82
23147.8,-9807.66,261.034
23152,-9809.46,259.233
23156.2,-9811.26,257.445
23160.5,-9813.06,255.643
23164.7,-9814.86,253.837
23169,-9816.66,252.024
23173.2,-9818.46,250.224
23177.5,-9820.26,248.428
23181.7,-9822.06,246.636
23185.9,-9823.86,244.841
23190.2,-9825.66,243.045
23194.4,-9827.46,241.256
23198.6,-9829.26,239.446
23202.9,-9831.06,237.64
23207.1,-9832.86,235.825
23211.3,-9834.66,234.016
23215.6,-9836.46,232.204
23219.8,-9838.26,230.396
23224,-9840.06,228.574
23228.3,-9841.86,226.771
23232.5,-9843.66,224.966
23236.7,-9845.46,223.161
23241,-9847.25,221.364
23245.2,-9849.05,219.564
23249.4,-9850.85,217.766
23253.6,-9852.65,215.969
23257.9,-9854.45,214.175
23262.1,-9856.25,212.376
23266.4,-9858.05,210.579
23270.6,-9859.85,208.789
23274.8,-9861.65,206.998
23279.1,-9863.45,205.199
23283.3,-9865.25,203.402
23287.5,-9867.05,201.62
23291.7,-9868.85,199.84
23296,-9870.65,198.055
23300.2,-9872.45,196.275
23304.4,-9874.25,194.483
23308.6,-9876.05,192.695
23312.9,-9877.85,190.907
23317.1,-9879.65,189.107
23321.3,-9881.45,187.305
23325.5,-9883.25,185.504
23329.8,-9885.05,183.679
23334,-9886.85,181.855
23338.2,-9888.65,180.031
23342.5,-9890.45,178.214
23346.7,-9892.25,176.383
23350.9,-9894.05,174.568
23355.2,-9895.85,172.739
23359.4,-9897.65,170.924
23363.6,-9899.45,169.111
23367.9,-9901.25,167.303
23372.1,-9903.05,165.493
23376.3,-9904.85,163.703
23380.6,-9906.65,161.912
23384.8,-9908.45,160.121
23389,-9910.25,158.316
23393.3,-9912.05,156.522
23397.5,-9913.85,154.73
23401.7,-9915.65,152.939
23406,-9917.45,151.152
23410.2,-9919.25,149.366
23414.4,-9921.05,147.575
23418.6,-9922.85,145.794
23422.9,-9924.65,143.997
23427.1,-9926.45,142.203
23431.3,-9928.25,140.41
23435.5,-9930.05,138.598
23439.8,-9931.85,136.757
23444.1,-9933.65,134.948
23448.3,-9935.45,133.134
23452.5,-9937.25,131.324
23456.8,-9939.04,129.518
23461,-9940.84,127.709
23465.2,-9942.64,125.905
23469.5,-9944.44,124.071
23473.7,-9946.24,122.246
23477.9,-9948.04,120.412
23482.2,-9949.84,118.59
23486.4,-9951.64,116.77
23490.6,-9953.44,114.954
23494.8,-9955.24,113.126
23499.1,-9957.04,111.32
23503.3,-9958.84,109.516
23507.5,-9960.64,107.705
23511.8,-9962.44,105.911
23516,-9964.24,104.109
23520.2,-9966.04,102.316
23524.4,-9967.84,100.521
23528.7,-9969.64,98.7271
23532.9,-9971.44,96.9192
23537.2,-9973.24,95.1146
23541.4,-9975.04,93.303
23545.6,-9976.84,91.4956
23549.8,-9978.64,89.6891
23554.1,-9980.44,87.8691
23558.3,-9982.24,86.0631
23562.5,-9984.04,84.2612
23566.8,-9985.84,82.4509
23571,-9987.64,80.6308
23575.2,-9989.44,78.8108
23579.4,-9991.24,76.9982
23583.7,-9993.04,75.1773
23587.9,-9994.84,73.3587
23592.2,-9996.64,71.536
23596.4,-9998.44,69.72
23600.6,-10000.2,67.9023
23604.9,-10002,66.0669
23609.1,-10003.8,64.2315
23613.3,-10005.6,62.402
23617.5,-10007.4,60.5774
23621.8,-10009.2,58.758
23626,-10011,56.9301
23630.2,-10012.8,55.12
23634.5,-10014.6,53.3073
23638.7,-10016.4,51.4905
23642.9,-10018.2,49.6803
23647.1,-10020,47.874
23651.4,-10021.8,46.0702
23655.6,-10023.6,44.2698
23659.8,-10025.4,42.4718
23664.1,-10027.2,40.6599
23668.3,-10029,38.8603
23672.5,-10030.8,37.0584
23676.7,-10032.6,35.2682
23681,-10034.4,33.4756
23685.2,-10036.2,31.6871
23689.4,-10038,29.8937
23693.7,-10039.8,28.098
23697.9,-10041.6,26.3007
23702.1,-10043.4,24.5011
23706.4,-10045.2,22.6949
23710.6,-10047,20.8963
23714.8,-10048.8,19.0887
23719.1,-10050.6,17.2796
23723.3,-10052.4,15.4652
23727.5,-10054.2,13.6638
23731.7,-10056,11.859
23736,-10057.8,10.0498
23740.2,-10059.6,8.249
23744.4,-10061.4,6.45414
23748.7,-10063.2,4.66325
23752.9,-10065,2.89723
23757.1,-10066.8,1.23605
23761.3,-10068.6,1.1064
23765.6,-10070.4,2.72515
23769.8,-10072.2,4.49066
23774.1,-10074,6.27537
23778.3,-10075.8,8.05577
23782.5,-10077.6,9.81951
23786.7,-10079.4,11.586
23791,-10081.2,13.375
23795.2,-10083,15.1544
23799.4,-10084.8,16.9378
23803.8,-10086.6,18.7791
23808.1,-10088.4,20.6108
23812.4,-10090.2,22.3925
23816.7,-10092,24.208
23821.3,-10093.8,26.1312
23825.6,-10095.6,27.9421
23829.9,-10097.4,29.7059
23834.1,-10099.2,31.4625
23838.3,-10101,33.2208
23842.5,-10102.8,34.944
23846.8,-10104.6,36.6752
23851,-10106.4,38.4064
23855.2,-10108.2,40.136
23859.5,-10110,41.9866
23863.7,-10111.8,43.8373
23867.9,-10113.6,45.6965
23872.2,-10115.4,47.5202
23876.4,-10117.2,49.3321
23880.6,-10119,51.1474
23884.9,-10120.8,52.9602
23889.1,-10122.6,54.7415
23893.3,-10124.4,56.517
23897.5,-10126.2,58.295
23901.8,-10128,60.0923
23906,-10129.8,61.898
23910.2,-10131.6,63.6954
23914.5,-10133.4,65.4953
23918.7,-10135.2,67.3155
23922.9,-10137,69.1357
23927.1,-10138.8,70.9626
23931.3,-10140.6,72.7422
23935.6,-10142.4,74.5227
23939.8,-10144.2,76.3049
23944.1,-10146,78.1002
23948.3,-10147.8,79.8861
23952.5,-10149.6,81.6787
23956.7,-10151.4,83.4664
23961,-10153.2,85.2714
23965.2,-10155,87.0689
23969.5,-10156.8,88.8582
23973.7,-10158.6,90.6449
23978,-10160.4,92.4406
23982.2,-10162.2,94.2412
23986.4,-10164,96.0368
23990.6,-10165.8,97.8258
23999.6,-10167.6,101.63
24003.8,-10169.4,103.439
24008,-10171.2,104.984
24012.3,-10173,106.518
24016.5,-10174.8,108.053
24020.7,-10176.6,109.359
24025,-10178.4,110.679
24029.4,-10180.2,112.04
24033.8,-10182,113.416
24038.3,-10183.8,115.364
24042.7,-10185.6,117.297
24047.1,-10187.4,119.246
24051.5,-10189.2,121.157
24056,-10191,123.125
24060.4,-10192.8,125.05
24064.9,-10194.6,127.003
24069.4,-10196.4,128.756
24073.9,-10198.2,130.482
24078.4,-10200,132.23
24083.1,-10201.8,134.068
24087.5,-10203.6,135.765
24091.9,-10205.4,137.46
24096.2,-10207.2,139.192
24100.4,-10209,140.899
24104.6,-10210.8,142.612
24108.8,-10212.6,144.322
24113.1,-10214.4,146.133
24117.3,-10216.2,147.941
24121.5,-10218,149.755
24125.7,-10219.8,151.568
24130,-10221.6,153.377
24134.2,-10223.4,155.179
24138.4,-10225.2,156.979
24142.6,-10227,158.757
24146.9,-10228.8,160.535
24151.1,-10230.6,162.316
24155.3,-10232.4,164.092
24159.6,-10234.2,165.917
24163.9,-10236,167.738
24168.1,-10237.8,169.542
24172.3,-10239.6,171.317
24176.6,-10241.4,173.092
24180.8,-10243.2,174.867
24185,-10245,176.649
24189.3,-10246.8,178.466
24193.5,-10248.6,180.275
24197.7,-10250.4,182.085
24201.9,-10252.2,183.909
24206.2,-10254,185.743
24211.5,-10255.8,188.039
24215.9,-10257.6,189.954
24220.2,-10259.4,191.77
24224.4,-10261.2,193.57
24228.6,-10263,195.374
24232.8,-10264.8,196.936
24237.1,-10266.6,198.495
24241.3,-10268.4,200.055
24245.5,-10270.2,201.615
24249.7,-10272,203.472
24254,-10273.8,205.329
24258.2,-10275.6,207.179
24262.4,-10277.4,208.995
24266.7,-10279.2,210.828
24270.9,-10281,212.648
24275.2,-10282.8,214.437
24279.4,-10284.6,216.218
24283.6,-10286.4,217.999
24287.8,-10288.2,219.782
24292.1,-10290,221.588
24296.3,-10291.8,223.401
24300.5,-10293.6,225.214
24304.7,-10295.4,227.025
24309,-10297.2,228.868
24313.2,-10299,230.702
24317.5,-10300.8,232.526
24321.7,-10302.6,234.35
24325.9,-10304.4,236.188
24330.2,-10306.2,238.017
24334.4,-10308,239.848
24338.6,-10309.8,241.651
24342.9,-10311.6,243.461
24347.1,-10313.4,245.265
24351.3,-10315.2,247.077
24355.5,-10317,248.888
24359.8,-10318.8,250.702
24364,-10320.6,252.52
24368.2,-10322.4,254.316
24372.5,-10324.2,256.109
24376.7,-10326,257.902
24380.9,-10327.8,259.699
24385.2,-10329.6,261.506
24389.4,-10331.4,263.305
24393.6,-10333.2,265.109
24397.8,-10335,266.919
24402.1,-10336.8,268.725
24406.3,-10338.6,270.536
24410.5,-10340.4,272.35
24414.7,-10342.2,274.165
24419,-10344,275.983
24423.2,-10345.8,277.809
24427.5,-10347.6,279.623
24431.7,-10349.4,281.44
24435.9,-10351.2,283.257
24440.1,-10353,285.075
24444.4,-10354.8,286.906
24448.6,-10356.6,288.737
24452.8,-10358.4,290.565
24457,-10360.2,292.41
24461.3,-10362,294.249
24465.5,-10363.8,296.086
24469.7,-10365.6,297.917
24474,-10367.4,299.735
24478.2,-10369.2,301.544
24482.4,-10371,303.359
24486.6,-10372.8,305.171
24490.9,-10374.6,306.985
24495.1,-10376.4,308.801
24499.3,-10378.2,310.615
24503.6,-10380,312.408
24507.8,-10381.8,314.204
24512,-10383.6,316.009
24516.3,-10385.4,317.807
24520.5,-10387.2,319.6
24524.7,-10389,321.398
24529,-10390.8,323.189
24533.3,-10392.6,325.01
24537.5,-10394.4,326.797
24541.7,-10396.2,328.577
24545.9,-10398,330.364
24550.2,-10399.8,332.17
24554.4,-10401.6,333.963
24558.6,-10403.4,335.748
24562.8,-10405.2,337.552
24567.1,-10407,339.356
24571.3,-10408.8,341.165
24575.5,-10410.6,342.975
24579.8,-10412.4,344.79
24584,-10414.2,346.616
24588.2,-10416,348.431
24592.5,-10417.8,350.248
24596.7,-10419.6,352.055
24601,-10421.4,353.868
24605.2,-10423.2,355.669
24609.4,-10425,357.44
24613.6,-10426.8,359.054
24617.9,-10428.6,358.684
24622.1,-10430.4,357.014
24626.3,-10432.2,355.261
24630.5,-10434,353.496
24634.8,-10435.8,351.724
24639,-10437.6,349.937
24643.2,-10439.4,348.151
24647.5,-10441.2,346.351
24651.7,-10443,344.568
24656,-10444.8,342.771
24660.3,-10446.6,340.939
24664.6,-10448.4,339.121
24668.9,-10450.2,337.346
24673.3,-10452,335.525
24677.8,-10453.8,333.586
24682.2,-10455.6,331.748
24686.4,-10457.4,329.966
24690.7,-10459.2,328.194
24694.9,-10461,326.412
24699.1,-10462.8,324.699
24703.4,-10464.6,322.991
24707.6,-10466.4,321.286
24711.8,-10468.2,319.454
24716.1,-10470,317.613
24720.3,-10471.8,315.774
24724.5,-10473.6,313.935
24728.8,-10475.4,312.128
24733,-10477.2,310.312
24737.2,-10479,308.504
24741.5,-10480.8,306.697
24745.7,-10482.6,304.923
24749.9,-10484.4,303.147
24754.2,-10486.2,301.372
24758.4,-10488,299.593
24762.6,-10489.8,297.811
24766.9,-10491.6,296.007
24771.1,-10493.4,294.19
24775.4,-10495.2,292.373
24779.6,-10497,290.563
24783.8,-10498.8,288.748
24788,-10500.6,286.951
24792.3,-10502.4,285.155
24796.5,-10504.2,283.369
24800.7,-10506,281.574
24805,-10507.8,279.795
24809.2,-10509.6,278.019
24813.4,-10511.4,276.245
24817.7,-10513.2,274.44
24821.9,-10515,272.641
24826.1,-10516.8,270.833
24830.3,-10518.6,269.032
24834.6,-10520.4,267.218
24838.8,-10522.2,265.412
24843.1,-10524,263.589
24847.3,-10525.8,261.791
24851.5,-10527.6,259.989
24855.7,-10529.4,258.192
24860,-10531.2,256.392
24864.2,-10533,254.59
24868.4,-10534.8,252.788
24872.7,-10536.6,250.983
24876.9,-10538.4,249.15
24881.2,-10540.2,247.336
24885.4,-10542,245.522
24889.6,-10543.8,243.716
24893.9,-10545.6,241.948
24898.1,-10547.4,240.184
24902.3,-10549.2,238.415
24906.5,-10551,236.646
24910.8,-10552.8,234.851
24915,-10554.6,233.058
24919.2,-10556.4,231.266
24923.5,-10558.2,229.473
24927.7,-10560,227.683
24931.9,-10561.8,225.885
24936.2,-10563.6,224.081
24940.4,-10565.4,222.291
24944.6,-10567.2,220.493
24948.9,-10569,218.704
24953.1,-10570.8,216.903
24957.3,-10572.6,215.109
24961.5,-10574.4,213.31
24965.8,-10576.2,211.514
24970,-10578,209.695
24974.2,-10579.8,207.88
24978.5,-10581.6,206.069
24982.7,-10583.4,204.254
24986.9,-10585.2,202.429
24991.2,-10587,200.607
24995.4,-10588.8,198.79
24999.6,-10590.6,196.986
25003.8,-10592.4,195.174
25008.1,-10594.2,193.372
25012.3,-10596,191.58
25016.5,-10597.8,189.782
25020.7,-10599.6,187.991
25025,-10601.4,186.192
25029.2,-10603.2,184.408
25033.4,-10605,182.618
25037.7,-10606.8,180.834
25041.9,-10608.6,179.044
25046.1,-10610.4,177.249
25050.3,-10612.2,175.461
25054.5,-10614,173.664
25058.8,-10615.8,171.875
25063,-10617.6,170.079
25067.2,-10619.4,168.282
25071.5,-10621.2,166.489
25075.7,-10623,164.687
25079.9,-10624.8,162.878
25084.2,-10626.6,161.062
25088.4,-10628.4,159.253
25092.6,-10630.2,157.45
25096.9,-10632,155.635
25101.1,-10633.8,153.831
25105.3,-10635.6,152.008
25109.5,-10637.4,150.19
25113.8,-10639.2,148.372
25118,-10641,146.55
25122.2,-10642.8,144.735
25126.4,-10644.6,142.917
25130.6,-10646.4,141.101
25134.9,-10648.2,139.286
25139.1,-10650,137.472
25143.3,-10651.8,135.658
25147.6,-10653.6,133.865
25151.8,-10655.4,132.064
25156,-10657.2,130.258
25160.3,-10659,128.454
25164.5,-10660.8,126.664
25168.7,-10662.6,124.874
25173,-10664.4,123.08
25177.2,-10666.2,121.287
25181.4,-10668,119.496
25185.6,-10669.8,117.703
25189.9,-10671.6,115.912
25194.1,-10673.4,114.107
25198.3,-10675.2,112.304
25202.5,-10677,110.5
25206.8,-10678.8,108.688
25211,-10680.6,106.876
25215.2,-10682.4,105.065
25219.4,-10684.2,103.262
25223.7,-10686,101.441
25227.9,-10687.8,99.6363
25232.2,-10689.6,97.827
25236.4,-10691.4,96.0236
25240.6,-10693.2,94.1901
25244.8,-10695,92.3541
25249.1,-10696.8,90.5215
25253.3,-10698.6,88.6922
25257.5,-10700.4,86.8613
25261.8,-10702.2,85.0328
25266,-10704,83.1952
25270.2,-10705.8,81.3731
25274.5,-10707.6,79.5494
25278.7,-10709.4,77.7223
25282.9,-10711.2,75.8957
25287.2,-10713,74.0682
25291.4,-10714.8,72.245
25295.6,-10716.6,70.4277
25299.8,-10718.4,68.6285
25304.1,-10720.2,66.8144
25308.3,-10722,65.0127
25312.5,-10723.8,63.2069
25316.7,-10725.6,61.4061
25321,-10727.4,59.6036
25325.2,-10729.2,57.8037
25329.4,-10731,56.0014
25333.6,-10732.8,54.2024
25337.9,-10734.6,52.4018
25342.1,-10736.4,50.5956
25346.3,-10738.2,48.7893
25350.5,-10740,46.979
25354.8,-10741.8,45.1703
25359,-10743.6,43.3497
25363.2,-10745.4,41.5266
25367.5,-10747.2,39.7162
25371.7,-10749,37.9033
25375.9,-10750.8,36.0705
25380.2,-10752.6,34.2445
25384.4,-10754.4,32.421
25388.6,-10756.2,30.6085
25392.8,-10758,28.7919
25397.1,-10759.8,26.9787
25401.3,-10761.6,25.1598
25405.5,-10763.4,23.3509
25409.8,-10765.2,21.538
25414,-10767,19.7254
25418.2,-10768.8,17.9381
25422.4,-10770.6,16.1594
25426.7,-10772.4,14.3721
25430.9,-10774.2,12.5873
25435.2,-10776,10.7904
25439.4,-10777.8,9.00917
25443.6,-10779.6,7.22898
25447.9,-10781.4,5.45427
25452.1,-10783.2,3.69559
25456.3,-10785,1.98852
25460.5,-10786.8,0.769227
25464.8,-10788.6,1.90653
25469,-10790.4,3.62221
25473.2,-10792.2,5.38245
25477.5,-10794,7.16893
25481.7,-10795.8,8.95614
25485.9,-10797.6,10.7586
25490.2,-10799.4,12.5586
25494.4,-10801.2,14.373
25498.6,-10803,16.1667
25502.9,-10804.8,17.9731
25507.3,-10806.6,19.8312
25511.5,-10808.4,21.6588
25515.8,-10810.2,23.4666
25520.1,-10812,25.3146
25524.7,-10813.8,27.2297
25529.1,-10815.5,29.0516
25533.4,-10817.3,30.8137
25537.6,-10819.1,32.5021
25541.8,-10820.9,34.1898
25546,-10822.7,35.89
25550.3,-10824.5,37.5793
25554.5,-10826.3,39.3529
25558.7,-10828.1,41.1217
25562.9,-10829.9,42.8888
25567.2,-10831.7,44.6625
25571.4,-10833.5,46.4887
25575.6,-10835.3,48.3117
25579.9,-10837.1,50.1388
25584.1,-10838.9,51.9079
25588.4,-10840.7,53.6983
25592.6,-10842.5,55.4658
25596.8,-10844.3,57.2461
25601.1,-10846.1,59.0453
25605.3,-10847.9,60.819
25609.5,-10849.7,62.592
25613.8,-10851.5,64.3941
25618,-10853.3,66.1947
25622.2,-10855.1,67.9935
25626.4,-10856.9,69.7907
25630.7,-10858.7,71.6129
25634.9,-10860.5,73.4375
25639.2,-10862.3,75.263
25643.4,-10864.1,77.0714
25647.6,-10865.9,78.8822
25651.8,-10867.7,80.6939
25656.1,-10869.5,82.5014
25660.3,-10871.3,84.2958
25664.5,-10873.1,86.0993
25668.7,-10874.9,87.8928
25673,-10876.7,89.6965
25677.2,-10878.5,91.4943
25681.4,-10880.3,93.2921
25685.7,-10882.1,95.0941
25689.9,-10883.9,96.8836
25694.1,-10885.7,98.6806
25698.3,-10887.5,100.468
25702.6,-10889.3,102.259
25706.8,-10891.1,104.046
25712.3,-10892.9,106.363
25716.6,-10894.7,108.221
25720.9,-10896.5,110.015
25725.1,-10898.3,111.809
25729.3,-10900.1,113.595
25733.5,-10901.9,115.166
25737.7,-10903.7,116.732
25742,-10905.5,118.303
25746.2,-10907.3,119.871
25750.4,-10909.1,121.717
25754.6,-10910.9,123.562
25758.9,-10912.7,125.411
25763.1,-10914.5,127.301
25767.3,-10916.3,129.194
25771.6,-10918.1,131.078
25775.8,-10919.9,132.972
25780,-10921.7,134.741
25784.3,-10923.5,136.511
25788.5,-10925.3,138.27
25792.8,-10927.1,140.037
25797,-10928.9,141.817
25801.2,-10930.7,143.591
25805.4,-10932.5,145.367
25809.6,-10934.3,147.173
25813.9,-10936.1,148.981
25818.1,-10937.9,150.786
25822.3,-10939.7,152.585
25826.5,-10941.5,154.389
25830.8,-10943.3,156.194
25835,-10945.1,158.004
25839.2,-10946.9,159.779
25843.5,-10948.7,161.555
25847.7,-10950.5,163.334
25851.9,-10952.3,165.113
25856.2,-10954.1,166.92
25860.4,-10955.9,168.714
25864.6,-10957.7,170.503
25868.9,-10959.5,172.301
25873.1,-10961.3,174.099
25877.3,-10963.1,175.901
25881.5,-10964.9,177.703
25885.8,-10966.7,179.507
25890,-10968.5,181.314
25894.2,-10970.3,183.118
25898.4,-10972.1,184.949
25902.7,-10973.9,186.785
25906.9,-10975.7,188.619
25911.1,-10977.5,190.458
25915.3,-10979.3,192.275
25919.6,-10981.1,194.089
25923.8,-10982.9,195.906
25928,-10984.7,197.712
25932.2,-10986.5,199.504
25936.5,-10988.3,201.3
25940.7,-10990.1,203.091
25945,-10991.9,204.883
25949.2,-10993.7,206.672
25953.4,-10995.5,208.463
25957.6,-10997.3,210.25
25961.9,-10999.1,212.04
25966.1,-11000.9,213.828
25970.3,-11002.7,215.614
25974.5,-11004.5,217.41
25978.8,-11006.3,219.196
25983,-11008.1,220.987
25987.2,-11009.9,222.802
25991.5,-11011.7,224.609
25995.7,-11013.5,226.416
25999.9,-11015.3,228.234
26004.2,-11017.1,230.054
26008.4,-11018.9,231.867
26012.6,-11020.7,233.679
26016.8,-11022.5,235.499
26021.1,-11024.3,237.338
26025.3,-11026.1,239.162
26029.5,-11027.9,240.986
26033.8,-11029.7,242.817
26038,-11031.5,244.643
26042.2,-11033.3,246.466
26046.4,-11035.1,248.286
26050.7,-11036.9,250.101
26054.9,-11038.7,251.919
26059.2,-11040.5,253.744
26063.4,-11042.3,255.553
26067.6,-11044.1,257.361
26071.8,-11045.9,259.174
26076.1,-11047.7,260.99
26080.3,-11049.5,262.784
26084.5,-11051.3,264.583
26088.8,-11053.1,266.377
26093,-11054.9,268.198
26097.2,-11056.7,270.013
26101.5,-11058.5,271.825
26105.7,-11060.3,273.643
26109.9,-11062.1,275.46
26114.2,-11063.9,277.275
26118.4,-11065.7,279.088
26122.6,-11067.5,280.909
26126.9,-11069.3,282.736
26131.1,-11071.1,284.556
26135.3,-11072.9,286.376
26139.5,-11074.7,288.211
26143.7,-11076.5,290.044
26148,-11078.3,291.879
26152.2,-11080.1,293.709
26156.4,-11081.9,295.546
26160.6,-11083.7,297.38
26164.9,-11085.5,299.219
26169.1,-11087.3,301.052
26173.4,-11089.1,302.886
26177.6,-11090.9,304.712
26181.8,-11092.7,306.545
26186.1,-11094.5,308.372
26190.3,-11096.3,310.191
26194.5,-11098.1,312.007
26198.7,-11099.9,313.805
26203,-11101.7,315.609
26207.2,-11103.5,317.409
26211.4,-11105.3,319.204
26215.7,-11107.1,321.003
26219.9,-11108.9,322.795
26224.1,-11110.7,324.595
26228.3,-11112.5,326.39
26232.6,-11114.3,328.186
26236.8,-11116.1,329.988
26241.1,-11117.9,331.794
26245.3,-11119.7,333.583
26249.5,-11121.5,335.375
26253.7,-11123.3,337.162
26258,-11125.1,338.964
26262.2,-11126.9,340.758
26266.4,-11128.7,342.557
26270.6,-11130.5,344.354
26274.9,-11132.3,346.157
26279.1,-11134.1,347.975
26283.4,-11135.9,349.785
26287.6,-11137.7,351.599
26291.9,-11139.5,353.434
26296.1,-11141.3,355.236
26300.3,-11143.1,356.993
26304.5,-11144.9,358.551
26308.8,-11146.7,358.735
26313,-11148.5,357.25
26317.2,-11150.3,355.529
26321.5,-11152.1,353.766
26325.7,-11153.9,351.986
26329.9,-11155.7,350.19
26334.2,-11157.5,348.404
26338.4,-11159.3,346.632
26342.7,-11161.1,344.835
26346.9,-11162.9,343.049
26351.2,-11164.7,341.269
26355.5,-11166.5,339.442
26359.9,-11168.3,337.633
26364.1,-11170.1,335.87
26368.4,-11171.9,334.085
26372.9,-11173.7,332.239
26377.2,-11175.5,330.424
26381.5,-11177.3,328.665
26385.7,-11179.1,326.911
26389.9,-11180.9,325.155
26394.2,-11182.7,323.397
26398.4,-11184.5,321.642
26402.6,-11186.3,319.89
26406.9,-11188.1,318.13
26411.1,-11189.9,316.295
26415.3,-11191.7,314.459
26419.5,-11193.5,312.621
26423.8,-11195.3,310.816
26428,-11197.1,309.007
26432.2,-11198.9,307.198
26436.5,-11200.7,305.396
26440.7,-11202.5,303.608
26444.9,-11204.3,301.809
26449.2,-11206.1,300.017
26453.4,-11207.9,298.223
26457.6,-11209.7,296.434
26461.8,-11211.5,294.638
26466.1,-11213.3,292.848
26470.3,-11215.1,291.037
26474.6,-11216.9,289.244
26478.8,-11218.7,287.446
26483,-11220.5,285.645
26487.3,-11222.3,283.853
26491.5,-11224.1,282.058
26495.7,-11225.9,280.267
26500,-11227.7,278.486
26504.2,-11229.5,276.71
26508.4,-11231.3,274.936
26512.6,-11233.1,273.156
26516.9,-11234.9,271.358
26521.1,-11236.7,269.555
26525.3,-11238.5,267.757
26529.6,-11240.3,265.953
26533.8,-11242.1,264.152
26538,-11243.9,262.339
26542.2,-11245.7,260.542
26546.5,-11247.5,258.737
26550.7,-11249.3,256.937
26554.9,-11251.1,255.122
26559.2,-11252.9,253.308
26563.4,-11254.7,251.491
26567.6,-11256.5,249.684
26571.9,-11258.3,247.87
26576.1,-11260.1,246.057
26580.3,-11261.9,244.252
26584.6,-11263.7,242.449
26588.8,-11265.5,240.639
26593,-11267.3,238.824
26597.3,-11269.1,237.011
26601.5,-11270.9,235.207
26605.7,-11272.7,233.417
26610,-11274.5,231.629
26614.2,-11276.3,229.844
26618.4,-11278.1,228.093
26622.6,-11279.9,226.334
26626.9,-11281.7,224.581
26631.1,-11283.5,222.822
26635.3,-11285.3,221.038
26639.5,-11287.1,219.254
26643.8,-11288.9,217.465
26648,-11290.7,215.642
26652.3,-11292.5,213.833
26656.5,-11294.3,212.017
26660.7,-11296.1,210.209
26664.9,-11297.9,208.401
26669.2,-11299.7,206.588
26673.4,-11301.5,204.775
26677.6,-11303.3,202.965
26681.9,-11305.1,201.162
26686.1,-11306.9,199.359
26690.3,-11308.7,197.561
26694.5,-11310.5,195.779
26698.8,-11312.3,193.999
26703,-11314.1,192.214
26707.2,-11315.9,190.432
26711.4,-11317.7,188.644
26715.7,-11319.5,186.852
26719.9,-11321.3,185.056
26724.1,-11323.1,183.244
26728.4,-11324.9,181.438
26732.6,-11326.7,179.635
26736.9,-11328.5,177.816
26741.1,-11330.3,176.028
26745.3,-11332.1,174.239
26749.5,-11333.9,172.451
26753.8,-11335.7,170.68
26758,-11337.5,168.909
26762.2,-11339.3,167.14
26766.4,-11341.1,165.372
26770.7,-11342.9,163.6
26774.9,-11344.7,161.824
26779.1,-11346.5,160.047
26783.3,-11348.3,158.227
26787.6,-11350.1,156.41
26791.8,-11351.9,154.59
26796,-11353.7,152.763
26800.3,-11355.5,150.931
26804.5,-11357.3,149.102
26808.7,-11359.1,147.274
26813,-11360.9,145.458
26817.2,-11362.7,143.647
26821.4,-11364.5,141.836
26825.6,-11366.3,140.023
26829.9,-11368.1,138.222
26834.1,-11369.9,136.423
26838.3,-11371.7,134.627
26842.5,-11373.5,132.83
26846.8,-11375.3,131.019
26851,-11377.1,129.211
26855.2,-11378.9,127.4
26859.4,-11380.7,125.608
26863.7,-11382.5,123.808
26867.9,-11384.3,122.012
26872.1,-11386.1,120.211
26876.4,-11387.9,118.417
26880.6,-11389.7,116.62
26884.8,-11391.5,114.822
26889.1,-11393.3,113.023
26893.3,-11395.1,111.219
26897.5,-11396.9,109.418
26901.7,-11398.7,107.622
26906,-11400.5,105.82
26910.2,-11402.3,104.023
26914.4,-11404.1,102.223
26918.6,-11405.9,100.408
26922.9,-11407.7,98.5989
26927.1,-11409.5,96.7819
26931.3,-11411.3,94.9723
26935.6,-11413.1,93.1522
26939.8,-11414.9,91.3362
26944,-11416.7,89.5035
26948.2,-11418.5,87.6672
26952.5,-11420.3,85.8258
26956.7,-11422.1,83.9886
26960.9,-11423.9,82.1498
26965.2,-11425.7,80.3105
26969.4,-11427.5,78.4763
26973.6,-11429.3,76.6413
26977.8,-11431.1,74.8037
26982.1,-11432.9,72.9745
26986.3,-11434.7,71.1428
26990.6,-11436.5,69.2797
26994.8,-11438.3,67.442
26999.1,-11440.1,65.6204
27003.3,-11441.9,63.7903
27007.6,-11443.7,61.9409
27011.8,-11445.5,60.1422
27016.1,-11447.3,58.3351
27020.3,-11449.1,56.5363
27024.5,-11450.9,54.7465
27028.7,-11452.7,52.9657
27033,-11454.5,51.1785
27037.2,-11456.3,49.3962
27041.4,-11458.1,47.5941
27045.6,-11459.9,45.7988
27049.9,-11461.7,43.997
27054.1,-11463.5,42.1763
27058.3,-11465.3,40.359
27062.6,-11467.1,38.547
27066.8,-11468.9,36.7343
27071,-11470.7,34.9071
27075.3,-11472.5,33.0895
27079.5,-11474.3,31.2729
27083.7,-11476.1,29.4558
27087.9,-11477.9,27.6279
27092.2,-11479.7,25.7956
27096.4,-11481.5,23.9604
27100.6,-11483.3,22.1465
27104.9,-11485.1,20.3245
27109.1,-11486.9,18.5124
27113.3,-11488.7,16.6989
27117.5,-11490.5,14.9023
27121.8,-11492.3,13.1024
27126,-11494.1,11.308
27130.2,-11495.9,9.55237
27134.4,-11497.7,7.81642
27138.7,-11499.5,6.1087
27142.9,-11501.3,4.45355
27147.2,-11503.1,2.94014
27151.4,-11504.9,1.99127
27155.6,-11506.7,2.38478
27159.8,-11508.5,3.69602
27164,-11510.3,5.29505
27168.3,-11512.1,6.98097
27172.5,-11513.9,8.70011
27176.7,-11515.7,10.4505
27181,-11517.5,12.2138
27185.2,-11519.3,13.982
27189.5,-11521.1,15.784
27193.7,-11522.9,17.5812
27198,-11524.7,19.3896
27202.3,-11526.5,21.2422
27206.6,-11528.3,23.0506
27213.1,-11530.1,25.8036
27217.7,-11531.9,27.7559
27222.2,-11533.7,29.6347
27226.4,-11535.5,31.4031
27230.7,-11537.3,33.1639
27234.9,-11539.1,34.6046
27239.1,-11540.9,36.045
27243.3,-11542.7,37.4862
27247.5,-11544.5,38.9217
27251.8,-11546.3,40.6936
27256,-11548.1,42.452
27260.3,-11549.9,44.2072
27264.5,-11551.7,46.08
27268.7,-11553.5,47.9503
27273,-11555.3,49.8243
27277.2,-11557.1,51.6986
27281.4,-11558.9,53.4512
27285.6,-11560.7,55.212
27289.9,-11562.5,56.9648
27294.1,-11564.3,58.7374
27298.3,-11566.1,60.4994
27302.5,-11567.9,62.2721
27306.8,-11569.7,64.0408
27311,-11571.5,65.8463
27315.2,-11573.3,67.6452
27319.4,-11575.1,69.4433
27323.7,-11576.9,71.2497
27327.9,-11578.7,73.0729
27332.1,-11580.5,74.8952
27336.4,-11582.3,76.7134
27340.6,-11584.1,78.4991
27344.8,-11585.9,80.2823
27349.1,-11587.7,82.0788
27353.3,-11589.5,83.8646
27357.5,-11591.3,85.6734
27361.8,-11593.1,87.4706
27366,-11594.9,89.2744
27370.3,-11596.7,91.062
27374.5,-11598.5,92.8505
27378.7,-11600.3,94.6365
27382.9,-11602.1,96.425
27387.2,-11603.9,98.2229
27391.4,-11605.7,100.011
27395.6,-11607.5,101.797
27399.9,-11609.3,103.589
27404.1,-11611.1,105.382
27408.3,-11612.9,107.168
27412.5,-11614.7,108.955
27416.8,-11616.5,110.764
27421,-11618.3,112.572
27425.2,-11620.1,114.375
27429.4,-11621.9,116.166
27433.7,-11623.7,117.961
27437.9,-11625.5,119.759
27442.2,-11627.3,121.559
27446.4,-11629.1,123.361
27450.6,-11630.9,125.165
27454.8,-11632.7,126.971
27459.1,-11634.5,128.789
27463.3,-11636.3,130.603
27467.5,-11638.1,132.42
27471.8,-11639.9,134.232
27476,-11641.7,136.032
27480.2,-11643.5,137.831
27484.5,-11645.3,139.628
27488.7,-11647.1,141.411
27492.9,-11648.9,143.201
27497.2,-11650.7,144.999
27501.4,-11652.5,146.786
27505.6,-11654.3,148.542
27509.9,-11656.1,150.3
27514.1,-11657.9,152.056
27518.3,-11659.7,153.808
27522.5,-11661.5,155.553
27526.8,-11663.3,157.293
27531,-11665.1,159.039
27535.2,-11666.9,160.786
27539.5,-11668.7,162.524
27543.7,-11670.5,164.26
27547.9,-11672.3,166.005
27552.2,-11674.1,167.8
27556.4,-11675.9,169.586
27560.6,-11677.7,171.369
27565,-11679.5,173.2
27569.2,-11681.3,174.973
27573.4,-11683.1,176.749
27577.6,-11684.9,178.519
27581.9,-11686.7,180.335
27586.2,-11688.5,182.142
27590.4,-11690.3,183.933
27594.6,-11692.1,185.782
27598.8,-11693.9,187.629
27603.1,-11695.7,189.473
27607.3,-11697.5,191.32
27611.5,-11699.3,193.144
27615.7,-11701.1,194.972
27620,-11702.9,196.799
27624.2,-11704.7,198.583
27628.4,-11706.5,200.361
27632.7,-11708.3,202.144
27636.9,-11710.1,203.925
27641.1,-11711.9,205.684
27645.4,-11713.7,207.436
27649.6,-11715.5,209.19
27653.8,-11717.3,210.989
27658.1,-11719.1,212.798
27662.3,-11720.9,214.592
27666.5,-11722.7,216.391
27670.7,-11724.5,218.193
27675,-11726.3,219.999
27679.2,-11728.1,221.799
27683.4,-11729.9,223.603
27687.6,-11731.7,225.417
27691.9,-11733.5,227.229
27696.1,-11735.2,229.044
27700.4,-11737,230.878
27704.6,-11738.8,232.686
27708.8,-11740.6,234.491
27713,-11742.4,236.31
27717.3,-11744.2,238.127
27721.5,-11746,239.939
27725.7,-11747.8,241.754
27730,-11749.6,243.59
27734.2,-11751.4,245.425
27738.4,-11753.2,247.26
27742.6,-11755,249.091
27746.9,-11756.8,250.909
27751.1,-11758.6,252.728
27755.3,-11760.4,254.545
27759.6,-11762.2,256.341
27763.8,-11764,258.145
27768,-11765.8,259.953
27772.3,-11767.6,261.755
27776.5,-11769.4,263.547
27780.7,-11771.2,265.337
27785,-11773,267.131
27789.2,-11774.8,268.939
27793.4,-11776.6,270.743
27797.6,-11778.4,272.546
27801.8,-11780.2,274.355
27806.1,-11782,276.164
27810.3,-11783.8,277.971
27814.5,-11785.6,279.78
27818.8,-11787.4,281.609
27823,-11789.2,283.436
27827.2,-11791,285.265
27831.4,-11792.8,287.087
27835.7,-11794.6,288.923
27839.9,-11796.4,290.744
27844.2,-11798.2,292.573
27848.4,-11800,294.393
27852.6,-11801.8,296.239
27856.8,-11803.6,298.087
27861.1,-11805.4,299.936
27865.3,-11807.2,301.769
27869.5,-11809,303.604
27873.8,-11810.8,305.437
27878,-11812.6,307.269
27882.2,-11814.4,309.094
27886.5,-11816.2,310.918
27890.7,-11818,312.747
27895,-11819.8,314.575
27899.2,-11821.6,316.392
27903.4,-11823.4,318.206
27907.6,-11825.2,320.013
27911.9,-11827,321.793
27916.1,-11828.8,323.581
27920.3,-11830.6,325.361
27924.6,-11832.4,327.139
27928.8,-11834.2,328.936
27933,-11836,330.741
27937.3,-11837.8,332.539
27941.5,-11839.6,334.322
27945.7,-11841.4,336.105
27950,-11843.2,337.888
27954.2,-11845,339.668
27958.4,-11846.8,341.46
27962.6,-11848.6,343.256
27966.9,-11850.4,345.047
27971.1,-11852.2,346.843
27975.3,-11854,348.641
27979.6,-11855.8,350.425
27983.8,-11857.6,352.191
27988,-11859.4,353.966
27992.3,-11861.2,355.684
27996.5,-11863,357.247
28000.7,-11864.8,358.184
28005,-11866.6,357.636
28009.2,-11868.4,356.2
28013.4,-11870.2,354.537
28017.6,-11872,352.812
28021.9,-11873.8,351.051
28026.1,-11875.6,349.275
28030.4,-11877.4,347.504
28034.6,-11879.2,345.734
28038.9,-11881,343.939
28043.1,-11882.8,342.165
28047.3,-11884.6,340.394
28051.6,-11886.4,338.585
28056,-11888.2,336.766
28060.2,-11890,335.008
28064.6,-11891.8,333.206
28069.2,-11893.6,331.296
28073.5,-11895.4,329.473
28077.8,-11897.2,327.712
28082,-11899,325.948
28086.3,-11900.8,324.195
28090.5,-11902.6,322.472
28094.7,-11904.4,320.747
28098.9,-11906.2,319.024
28103.2,-11908,317.269
28107.4,-11909.8,315.429
28111.7,-11911.6,313.582
28115.9,-11913.4,311.734
28120.2,-11915.2,309.933
28124.4,-11917,308.137
28128.6,-11918.8,306.34
28132.8,-11920.6,304.541
28137.1,-11922.4,302.77
28141.3,-11924.2,300.996
28145.5,-11926,299.22
28149.7,-11927.8,297.439
28154,-11929.6,295.652
28158.2,-11931.4,293.871
28162.4,-11933.2,292.09
28166.7,-11935,290.298
28170.9,-11936.8,288.51
28175.1,-11938.6,286.716
28179.4,-11940.4,284.915
28183.6,-11942.2,283.119
28187.8,-11944,281.325
28192.1,-11945.8,279.517
28196.3,-11947.6,277.731
28200.5,-11949.4,275.952
28204.7,-11951.2,274.172
28209.1,-11953,272.391
28213.3,-11954.8,270.547
28217.5,-11956.6,268.747
28221.8,-11958.4,266.952
28226,-11960.2,265.175
28230.2,-11962,263.406
28234.5,-11963.8,261.628
28238.7,-11965.6,259.833
28242.9,-11967.4,258.03
28247.2,-11969.2,256.225
28251.4,-11971,254.429
28255.6,-11972.8,252.609
28259.8,-11974.6,250.783
28264.1,-11976.4,248.964
28268.3,-11978.2,247.147
28272.5,-11980,245.341
28276.7,-11981.8,243.539
28281,-11983.6,241.731
28285.2,-11985.4,239.939
28289.4,-11987.2,238.149
28293.6,-11989,236.359
28297.9,-11990.8,234.568
28302.1,-11992.6,232.773
28306.3,-11994.4,230.977
28310.6,-11996.2,229.188
28314.8,-11998,227.398
28319,-11999.8,225.599
28323.3,-12001.6,223.81
28327.5,-12003.4,222.025
28331.7,-12005.2,220.253
28335.9,-12007,218.476
28340.2,-12008.8,216.697
28344.4,-12010.6,214.89
28348.6,-12012.4,213.094
28352.8,-12014.2,211.291
28357.1,-12016,209.495
28361.3,-12017.8,207.683
28365.5,-12019.6,205.883
28369.8,-12021.4,204.08
28374.1,-12023.2,202.26
28378.3,-12025,200.446
28382.5,-12026.8,198.637
28386.7,-12028.6,196.826
28391,-12030.4,195.021
28395.2,-12032.2,193.22
28399.4,-12034,191.42
28403.6,-12035.8,189.611
28407.9,-12037.6,187.804
28412.2,-12039.4,185.961
28416.4,-12041.2,184.145
28420.6,-12043,182.367
28424.9,-12044.8,180.583
28429.1,-12046.6,178.805
28433.3,-12048.4,177.026
28437.5,-12050.2,175.255
28441.7,-12052,173.486
28446,-12053.8,171.711
28450.2,-12055.6,169.912
28454.4,-12057.4,168.112
28458.6,-12059.2,166.314
28462.9,-12061,164.51
28467.1,-12062.8,162.711
28471.3,-12064.6,160.913
28475.6,-12066.4,159.12
28479.8,-12068.2,157.316
28484,-12070,155.51
28488.3,-12071.8,153.704
28492.5,-12073.6,151.907
28496.7,-12075.4,150.099
28501,-12077.2,148.293
28505.2,-12079,146.487
28509.4,-12080.8,144.685
28513.7,-12082.6,142.857
28517.9,-12084.4,141.035
28522.1,-12086.2,139.207
28526.3,-12088,137.395
28530.5,-12089.8,135.586
28534.8,-12091.6,133.768
28539,-12093.4,131.94
28543.3,-12095.2,130.136
28547.5,-12097,128.33
28551.7,-12098.8,126.527
28555.9,-12100.6,124.742
28560.2,-12102.4,122.954
28564.4,-12104.2,121.17
28568.6,-12106,119.386
28572.8,-12107.8,117.59
28577.1,-12109.6,115.797
28581.3,-12111.4,114.001
28585.5,-12113.2,112.196
28589.7,-12115,110.398
28594,-12116.8,108.593
28598.2,-12118.6,106.797
28602.4,-12120.4,105.004
28606.7,-12122.2,103.201
28610.9,-12124,101.408
28615.1,-12125.8,99.5981
28619.4,-12127.6,97.7887
28623.6,-12129.4,95.9842
28627.8,-12131.2,94.1839
28632,-12133,92.3638
28636.3,-12134.8,90.5529
28640.5,-12136.6,88.742
28644.7,-12138.4,86.9327
28649,-12140.2,85.1007
28653.2,-12142,83.2603
28657.4,-12143.8,81.435
28661.6,-12145.6,79.6129
28665.9,-12147.4,77.7832
28670.1,-12149.2,75.9561
28674.4,-12151,74.1154
28678.6,-12152.8,72.2895
28682.8,-12154.6,70.4618
28687.1,-12156.4,68.6401
28691.3,-12158.2,66.8386
28695.5,-12160,65.0388
28699.7,-12161.8,63.2374
28704,-12163.6,61.4293
28708.2,-12165.4,59.6155
28714.5,-12167.2,56.926
28718.9,-12169,55.0203
28723.3,-12170.8,53.1568
28727.5,-12172.6,51.3501
28731.7,-12174.4,49.5469
28735.9,-12176.2,48.0272
28740.2,-12178,46.5047
28744.4,-12179.8,44.9843
28748.6,-12181.6,43.4632
28752.8,-12183.4,41.5701
28757,-12185.2,39.663
28761.3,-12187,37.7667
28765.5,-12188.8,35.9241
28769.7,-12190.6,34.09
28774,-12192.4,32.245
28778.2,-12194.2,30.4137
28782.4,-12196,28.5928
28786.6,-12197.8,26.779
28790.9,-12199.6,24.9605
28795.1,-12201.4,23.1668
28799.3,-12203.2,21.3752
28803.6,-12205,19.585
28807.8,-12206.8,17.7997
28812,-12208.6,16.0035
28816.3,-12210.4,14.2076
28820.5,-12212.2,12.4274
28824.7,-12214,10.6385
28829,-12215.8,8.8432
28833.2,-12217.6,7.07236
28837.4,-12219.4,5.32086
28841.7,-12221.2,3.61789
28845.9,-12223,2.07066
28850.2,-12224.8,1.33469
28854.4,-12226.6,2.36103
28858.6,-12228.4,3.98132
28862.8,-12230.2,5.71533
28867.1,-12232,7.48115
28871.3,-12233.8,9.27249
28875.5,-12235.6,11.0723
28879.7,-12237.4,12.8739
28884,-12239.2,14.6849
28888.3,-12241,16.5188
28892.5,-12242.8,18.3339
28896.7,-12244.6,20.1596
28901.1,-12246.4,22.0022
28905.4,-12248.2,23.8306
28909.6,-12250,25.6182
28914.1,-12251.8,27.4855
28918.6,-12253.6,29.3329
28922.9,-12255.4,31.1172
28927.2,-12257.2,32.8573
28931.4,-12259,34.5474
28935.6,-12260.8,36.2433
28939.9,-12262.6,37.9347
28944.1,-12264.4,39.6319
28948.3,-12266.2,41.4033
28952.5,-12268,43.1838
28956.8,-12269.8,44.9587
28961,-12271.6,46.7648
28965.2,-12273.4,48.5644
28969.5,-12275.2,50.3674
28973.7,-12277,52.168
28977.9,-12278.8,53.9295
28982.2,-12280.6,55.6983
28986.4,-12282.4,57.4607
28990.6,-12284.2,59.2468
28999.1,-12286,62.8191
29003.3,-12287.8,64.6143
29007.5,-12289.6,66.1837
29011.8,-12291.4,67.7575
29016,-12293.2,69.3392
29020.3,-12295,70.6451
29024.5,-12296.8,71.9479
29028.8,-12298.6,73.2544
29033.1,-12300.4,74.6055
29037.6,-12302.2,76.6129
29042,-12304,78.5983
29046.4,-12305.8,80.5865
29050.9,-12307.6,82.5349
29055.3,-12309.4,84.4893
29059.7,-12311.2,86.4412
29064.2,-12313,88.4154
29068.6,-12314.8,90.0778
29073.2,-12316.6,91.7904
29077.6,-12318.4,93.4653
29082.1,-12320.2,95.1928
29086.7,-12322,96.9717
29091.3,-12323.8,98.7756
29095.7,-12325.6,100.621
29100.1,-12327.4,102.46
29104.3,-12329.2,104.242
29108.5,-12331,106.025
29112.8,-12332.8,107.736
29117,-12334.6,109.457
29121.3,-12336.4,111.167
29125.5,-12338.2,112.98
29129.7,-12340,114.798
29134,-12341.8,116.615
29138.2,-12343.6,118.451
29142.5,-12345.4,120.264
29146.7,-12347.2,122.072
29150.9,-12349,123.879
29155.2,-12350.8,125.658
29159.4,-12352.6,127.43
29163.6,-12354.4,129.203
29167.8,-12356.2,130.978
29172.1,-12358,132.756
29176.4,-12359.8,134.546
29180.6,-12361.6,136.314
29184.8,-12363.4,138.088
29189.1,-12365.2,139.892
29193.3,-12367,141.699
29197.5,-12368.8,143.5
29201.7,-12370.6,145.302
29206,-12372.4,147.103
29210.2,-12374.2,148.903
29214.4,-12376,150.702
29218.7,-12377.8,152.506
29222.9,-12379.6,154.309
29227.2,-12381.4,156.122
29231.4,-12383.2,157.947
29235.6,-12385,159.777
29239.8,-12386.8,161.598
29244.1,-12388.6,163.433
29248.3,-12390.4,165.24
29252.5,-12392.2,167.042
29256.7,-12394,168.847
29261,-12395.8,170.631
29265.2,-12397.6,172.411
29269.4,-12399.4,174.19
29273.6,-12401.2,175.977
29277.9,-12403,177.779
29282.1,-12404.8,179.58
29286.4,-12406.6,181.381
29290.6,-12408.4,183.164
29294.8,-12410.2,184.946
29299,-12412,186.736
29303.2,-12413.8,188.521
29307.5,-12415.6,190.311
29311.7,-12417.4,192.097
29315.9,-12419.2,193.886
29320.1,-12421,195.676
29324.4,-12422.8,197.484
29328.6,-12424.6,199.291
29332.8,-12426.4,201.097
29337,-12428.2,202.917
29341.3,-12430,204.733
29345.5,-12431.8,206.552
29349.7,-12433.6,208.363
29354,-12435.4,210.191
29358.2,-12437.2,212.011
29362.4,-12439,213.836
29366.8,-12440.8,215.72
29371,-12442.6,217.551
29375.3,-12444.4,219.37
29379.5,-12446.2,221.147
29383.7,-12448,222.918
29388,-12449.8,224.695
29392.2,-12451.6,226.461
29396.4,-12453.4,228.254
29400.6,-12455.2,230.043
29404.9,-12457,231.843
29409.1,-12458.8,233.64
29413.3,-12460.6,235.442
29417.6,-12462.4,237.234
29421.8,-12464.2,239.031
29426,-12466,240.829
29430.2,-12467.8,242.616
29434.5,-12469.6,244.405
29438.7,-12471.4,246.19
29442.9,-12473.2,247.991
29447.2,-12475,249.795
29451.4,-12476.8,251.597
29455.6,-12478.6,253.399
29459.9,-12480.4,255.208
29464.1,-12482.2,257.007
29468.3,-12484,258.805
29472.5,-12485.8,260.612
29476.8,-12487.6,262.428
29481,-12489.4,264.24
29485.3,-12491.2,266.082
29489.5,-12493,267.915
29493.8,-12494.8,269.744
29498,-12496.6,271.576
29502.2,-12498.4,273.38
29506.4,-12500.2,275.185
29510.7,-12502,276.995
29514.9,-12503.8,278.823
29519.1,-12505.6,280.647
29523.4,-12507.4,282.472
29527.6,-12509.2,284.286
29531.8,-12511,286.085
29536.1,-12512.8,287.872
29540.3,-12514.6,289.656
29544.5,-12516.4,291.447
29548.7,-12518.2,293.242
29552.9,-12520,295.034
29557.2,-12521.8,296.833
29561.4,-12523.6,298.633
29565.6,-12525.4,300.44
29569.8,-12527.2,302.243
29574.1,-12529,304.061
29578.3,-12530.8,305.868
29582.5,-12532.6,307.683
29586.7,-12534.4,309.493
29591,-12536.2,311.326
29595.2,-12538,313.166
29599.5,-12539.8,314.989
29603.7,-12541.6,316.813
29607.9,-12543.4,318.632
29612.2,-12545.2,320.453
29616.4,-12547,322.272
29620.6,-12548.8,324.1
29624.9,-12550.6,325.933
29629.1,-12552.4,327.761
29633.3,-12554.2,329.59
29637.5,-12556,331.404
29641.8,-12557.8,333.225
29646,-12559.6,335.044
29650.3,-12561.4,336.871
29654.5,-12563.2,338.688
29658.7,-12565,340.495
29662.9,-12566.8,342.301
29667.2,-12568.6,344.079
29671.4,-12570.4,345.851
29675.6,-12572.2,347.625
29679.8,-12574,349.394
29684.1,-12575.8,351.19
29688.3,-12577.6,352.969
29692.5,-12579.4,354.741
29696.8,-12581.2,356.455
29701,-12583,358.034
29705.2,-12584.8,358.73
29709.5,-12586.6,357.586
29713.7,-12588.4,355.945
29718,-12590.2,354.219
29722.2,-12592,352.469
29726.4,-12593.8,350.685
29730.6,-12595.6,348.9
29734.9,-12597.4,347.106
29739.1,-12599.2,345.316
29743.4,-12601,343.486
29747.6,-12602.8,341.674
29751.9,-12604.6,339.838
29756.2,-12606.4,337.959
29760.5,-12608.2,336.111
29764.8,-12610,334.296
29769.1,-12611.8,332.429
29773.7,-12613.6,330.537
29778.1,-12615.4,328.737
29782.3,-12617.2,326.994
29786.5,-12619,325.244
29790.8,-12620.8,323.556
29795,-12622.6,321.865
29799.2,-12624.4,320.18
29803.4,-12626.2,318.395
29807.6,-12628,316.611
29811.9,-12629.8,314.821
29816.1,-12631.6,313.007
29820.3,-12633.4,311.196
29824.6,-12635.2,309.387
29828.8,-12637,307.579
29833,-12638.8,305.809
29837.3,-12640.6,304.04
29841.5,-12642.4,302.281
29845.7,-12644.2,300.516
29850,-12646,298.734
29854.3,-12647.8,296.93
29858.5,-12649.6,295.147
29862.7,-12651.4,293.356
29866.9,-12653.2,291.565
29871.2,-12655,289.768
29875.4,-12656.8,287.97
29879.7,-12658.5,286.146
29883.9,-12660.3,284.323
29888.1,-12662.1,282.509
29892.4,-12663.9,280.706
29896.6,-12665.7,278.905
29900.8,-12667.5,277.102
29905.1,-12669.3,275.301
29909.3,-12671.1,273.506
29913.5,-12672.9,271.712
29917.7,-12674.7,269.916
29922,-12676.5,268.122
29926.2,-12678.3,266.327
29930.4,-12680.1,264.539
29934.7,-12681.9,262.743
29938.9,-12683.7,260.957
29943.2,-12685.5,259.149
29947.4,-12687.3,257.365
29951.6,-12689.1,255.583
29955.9,-12690.9,253.805
29960.1,-12692.7,252.025
29964.3,-12694.5,250.247
29968.5,-12696.3,248.453
29972.8,-12698.1,246.662
29977,-12699.9,244.865
29981.2,-12701.7,243.06
29985.5,-12703.5,241.257
29989.7,-12705.3,239.458
29993.9,-12707.1,237.652
29998.2,-12708.9,235.842
30002.4,-12710.7,234.038
30006.6,-12712.5,232.238
30010.9,-12714.3,230.435
30015.1,-12716.1,228.62
30019.3,-12717.9,226.808
30023.6,-12719.7,224.996
30027.8,-12721.5,223.19
30032,-12723.3,221.375
30036.3,-12725.1,219.568
30040.5,-12726.9,217.767
30044.7,-12728.7,215.966
30048.9,-12730.5,214.171
30053.2,-12732.3,212.348
30057.4,-12734.1,210.563
30061.6,-12735.9,208.77
30065.9,-12737.7,206.981
30070.1,-12739.5,205.189
30074.3,-12741.3,203.402
30078.5,-12743.1,201.619
30082.8,-12744.9,199.83
30087,-12746.7,198.034
30091.3,-12748.5,196.246
30095.5,-12750.3,194.457
30099.7,-12752.1,192.675
30104,-12753.9,190.886
30108.2,-12755.7,189.107
30112.4,-12757.5,187.32
30116.6,-12759.3,185.526
30120.9,-12761.1,183.728
30125.1,-12762.9,181.928
30129.3,-12764.7,180.136
30133.5,-12766.5,178.327
30137.8,-12768.3,176.52
30142,-12770.1,174.707
30146.2,-12771.9,172.877
30150.4,-12773.7,171.049
30154.7,-12775.5,169.215
30158.9,-12777.3,167.387
30163.1,-12779.1,165.565
30167.3,-12780.9,163.741
30171.6,-12782.7,161.924
30175.8,-12784.5,160.107
30180,-12786.3,158.283
30184.3,-12788.1,156.465
30188.5,-12789.9,154.658
30192.7,-12791.7,152.881
30197,-12793.5,151.096
30201.2,-12795.3,149.321
30205.4,-12797.1,147.54
30209.6,-12798.9,145.753
30215,-12800.7,143.479
30219.4,-12802.5,141.609
30223.6,-12804.3,139.82
30227.9,-12806.1,138.035
30232.1,-12807.9,136.249
30236.3,-12809.7,134.462
30240.5,-12811.5,132.855
30244.8,-12813.3,131.245
30249,-12815.1,129.635
30253.3,-12816.9,127.707
30257.5,-12818.7,125.808
30261.7,-12820.5,123.903
30266,-12822.3,122.085
30270.2,-12824.1,120.268
30274.4,-12825.9,118.454
30278.6,-12827.7,116.641
30282.8,-12829.5,114.825
30287.1,-12831.3,113.006
30291.3,-12833.1,111.193
30295.5,-12834.9,109.379
30299.7,-12836.7,107.574
30304,-12838.5,105.764
30308.2,-12840.3,103.957
30312.4,-12842.1,102.167
30316.7,-12843.9,100.372
30320.9,-12845.7,98.577
30325.1,-12847.5,96.778
30329.4,-12849.3,94.9871
30333.6,-12851.1,93.1904
30337.8,-12852.9,91.3971
30342.1,-12854.7,89.6048
30346.3,-12856.5,87.8101
30350.5,-12858.3,86.0196
30354.7,-12860.1,84.2257
30359,-12861.9,82.4101
30363.2,-12863.7,80.5743
30367.5,-12865.5,78.7579
30371.7,-12867.3,76.9551
30375.9,-12869.1,75.1432
30380.2,-12870.9,73.3321
30384.4,-12872.7,71.5211
30388.6,-12874.5,69.7005
30392.9,-12876.3,67.874
30397.1,-12878.1,66.0526
30401.3,-12879.9,64.209
30405.5,-12881.7,62.363
30409.7,-12883.5,60.5186
30414,-12885.3,58.6683
30418.2,-12887.1,56.8339
30422.4,-12888.9,54.9986
30426.6,-12890.7,53.1626
30430.9,-12892.5,51.3123
30435.1,-12894.3,49.4645
30439.3,-12896.1,47.6176
30443.6,-12897.9,45.7708
30447.8,-12899.7,43.9619
30452,-12901.5,42.149
30456.3,-12903.3,40.3368
30460.5,-12905.1,38.5331
30464.7,-12906.9,36.7326
30469,-12908.7,34.9322
30473.2,-12910.5,33.1237
30477.4,-12912.3,31.3386
30481.7,-12914.1,29.5487
30485.9,-12915.9,27.7533
30490.2,-12917.7,25.9588
30494.4,-12919.5,24.165
30498.6,-12921.3,22.3731
30502.8,-12923.1,20.5749
30507.1,-12924.9,18.7784
30511.3,-12926.7,16.9841
30515.5,-12928.5,15.1821
30519.7,-12930.3,13.3895
30524,-12932.1,11.5642
30528.2,-12933.9,9.75225
30532.4,-12935.7,7.94553
30536.6,-12937.5,6.13913
30540.9,-12939.3,4.34446
30545.1,-12941.1,2.60232
30549.3,-12942.9,1.19876
30553.5,-12944.7,1.66925
30557.8,-12946.5,3.31104
30562,-12948.3,5.0633
30566.3,-12950.1,6.8252
30570.5,-12951.9,8.59375
30574.7,-12953.7,10.3796
30579,-12955.5,12.1652
30583.2,-12957.3,13.9535
30587.5,-12959.1,15.7269
30591.7,-12960.9,17.5147
30596,-12962.7,19.295
30600.2,-12964.5,21.0748
30604.5,-12966.3,22.8978
30608.8,-12968.1,24.7147
30613.1,-12969.9,26.4735
30617.4,-12971.7,28.2757
30622.1,-12973.5,30.2277
30626.4,-12975.3,32.0559
30630.7,-12977.1,33.8383
30634.9,-12978.9,35.6233
30639.2,-12980.7,37.4068
30643.4,-12982.5,39.1264
30647.6,-12984.3,40.8454
30651.9,-12986.1,42.5652
30656.1,-12987.9,44.2882
30660.3,-12989.7,46.1408
30664.5,-12991.5,47.9994
30668.8,-12993.3,49.8512
30673,-12995.1,51.6499
30677.2,-12996.9,53.4453
30681.5,-12998.7,55.2417
30685.7,-13000.5,57.0355
30689.9,-13002.3,58.8265
30694.2,-13004.1,60.6225
30698.4,-13005.9,62.4086
30702.6,-13007.7,64.186
30706.9,-13009.5,65.9677
30711.1,-13011.3,67.7509
30715.3,-13013.1,69.5342
30719.5,-13014.9,71.3141
30723.8,-13016.7,73.1005
30728,-13018.5,74.8919
30732.3,-13020.3,76.6779
30736.5,-13022.1,78.4582
30740.7,-13023.9,80.2418
30745,-13025.7,82.0262
30749.2,-13027.5,83.8011
30753.4,-13029.3,85.5784
30757.6,-13031.1,87.3542
30761.8,-13032.9,89.1491
30766.1,-13034.7,90.9457
30770.3,-13036.5,92.7398
30774.5,-13038.3,94.5356
30778.8,-13040.1,96.3408
30783,-13041.9,98.1443
30787.2,-13043.7,99.9504
30791.4,-13045.5,101.755
30795.7,-13047.3,103.563
30799.9,-13049.1,105.366
30804.1,-13050.9,107.183
30808.3,-13052.7,108.988
30812.6,-13054.5,110.795
30816.8,-13056.3,112.608
30821,-13058.1,114.423
30825.3,-13059.9,116.235
30829.5,-13061.7,118.04
30833.7,-13063.5,119.847
30837.9,-13065.3,121.624
30842.2,-13067.1,123.409
30846.4,-13068.9,125.191
30850.6,-13070.7,126.989
30854.9,-13072.5,128.783
30859.1,-13074.3,130.582
30863.3,-13076.1,132.375
30867.5,-13077.9,134.157
30871.8,-13079.7,135.931
30876,-13081.5,137.722
30880.3,-13083.3,139.505
30884.5,-13085.1,141.29
30888.7,-13086.9,143.07
30892.9,-13088.7,144.853
30897.2,-13090.5,146.645
30901.4,-13092.3,148.44
30905.6,-13094.1,150.231
30909.9,-13095.9,152.026
30914.1,-13097.7,153.842
30918.3,-13099.5,155.654
30922.5,-13101.3,157.474
30926.8,-13103.1,159.29
30931,-13104.9,161.115
30935.2,-13106.7,162.943
30939.4,-13108.5,164.763
30943.7,-13110.3,166.571
30947.9,-13112.1,168.386
30952.1,-13113.9,170.2
30956.4,-13115.7,172.011
30960.6,-13117.5,173.809
30964.8,-13119.3,175.612
30969.1,-13121.1,177.411
30973.3,-13122.9,179.196
30977.5,-13124.7,180.972
30981.8,-13126.5,182.765
30986,-13128.3,184.556
30990.3,-13130.1,186.34
30994.5,-13131.9,188.13
30998.7,-13133.7,189.911
31002.9,-13135.5,191.679
31007.2,-13137.3,193.456
31011.4,-13139.1,195.225
31015.6,-13140.9,196.999
31019.9,-13142.7,198.8
31024.1,-13144.5,200.602
31028.3,-13146.3,202.395
31032.5,-13148.1,204.207
31036.8,-13149.9,206.012
31041,-13151.7,207.824
31045.2,-13153.5,209.627
31049.4,-13155.3,211.438
31053.7,-13157.1,213.261
31057.9,-13158.9,215.073
31062.1,-13160.7,216.9
31066.4,-13162.5,218.737
31070.6,-13164.3,220.567
31074.8,-13166.1,222.398
31079,-13167.9,224.208
31083.3,-13169.7,226.017
31087.5,-13171.5,227.824
31091.7,-13173.3,229.613
31096,-13175.1,231.416
31100.2,-13176.9,233.206
31104.4,-13178.7,234.998
31108.6,-13180.5,236.77
31112.9,-13182.3,238.548
31117.1,-13184.1,240.326
31121.4,-13185.9,242.112
31125.6,-13187.7,243.908
31129.8,-13189.5,245.699
31134.1,-13191.3,247.485
31138.3,-13193.1,249.267
31142.5,-13194.9,251.047
31146.7,-13196.7,252.831
31151,-13198.5,254.614
31155.2,-13200.3,256.416
31159.4,-13202.1,258.222
31163.6,-13203.9,260.031
31167.9,-13205.7,261.835
31172.1,-13207.5,263.649
31176.3,-13209.3,265.458
31180.5,-13211.1,267.263
31184.8,-13212.9,269.118
31189.1,-13214.7,270.955
31193.3,-13216.5,272.788
31197.5,-13218.3,274.615
31201.7,-13220.1,276.444
31206,-13221.9,278.276
31210.2,-13223.7,280.104
31214.4,-13225.5,281.924
31218.6,-13227.3,283.745
31222.8,-13229.1,285.562
31227.1,-13230.9,287.382
31231.3,-13232.7,289.195
31235.5,-13234.5,291.014
31239.8,-13236.3,292.83
31244,-13238.1,294.65
31248.3,-13239.9,296.467
31252.5,-13241.7,298.27
31256.7,-13243.5,300.073
31261,-13245.3,301.912
31265.3,-13247.1,303.719
31269.5,-13248.9,305.518
31273.7,-13250.7,307.315
31277.9,-13252.5,309.104
31282.2,-13254.3,310.904
31286.4,-13256.1,312.695
31290.6,-13257.9,314.519
31294.8,-13259.7,316.335
31299.1,-13261.5,318.157
31303.3,-13263.3,319.973
31307.5,-13265.1,321.792
31311.8,-13266.9,323.603
31316,-13268.7,325.418
31320.2,-13270.5,327.261
31324.4,-13272.3,329.103
31328.7,-13274.1,330.94
31332.9,-13275.9,332.779
31337.1,-13277.7,334.625
31341.4,-13279.5,336.46
31345.6,-13281.3,338.296
31349.8,-13283.1,340.107
31354.1,-13284.9,341.915
31358.3,-13286.7,343.719
31362.5,-13288.5,345.512
31366.7,-13290.3,347.298
31371,-13292.1,349.088
31375.2,-13293.9,350.869
31379.4,-13295.7,352.641
31383.7,-13297.5,354.404
31387.9,-13299.3,356.143
31392.1,-13301.1,357.838
31396.3,-13302.9,359.024
31400.6,-13304.7,358.078
31404.8,-13306.5,356.412
31409,-13308.3,354.663
31413.3,-13310.1,352.899
31417.5,-13311.9,351.134
31421.7,-13313.7,349.342
31426,-13315.5,347.548
31430.2,-13317.3,345.752
31434.4,-13319.1,343.961
31438.7,-13320.9,342.136
31442.9,-13322.7,340.325
31447.2,-13324.5,338.494
31451.5,-13326.3,336.643
31455.9,-13328.1,334.739
31460.2,-13329.9,332.908
31464.5,-13331.7,331.033
31469,-13333.5,329.181
31473.4,-13335.3,327.358
31477.6,-13337.1,325.616
31481.9,-13338.9,323.854
31486.1,-13340.7,322.133
31490.3,-13342.5,320.42
31494.6,-13344.3,318.707
31498.8,-13346.1,316.912
31503,-13347.9,315.103
31507.3,-13349.7,313.301
31511.5,-13351.5,311.505
31515.7,-13353.3,309.708
31519.9,-13355.1,307.911
31524.2,-13356.9,306.117
31528.4,-13358.7,304.34
31532.6,-13360.5,302.555
31536.8,-13362.3,300.776
31541.1,-13364.1,298.983
31545.3,-13365.9,297.188
31549.5,-13367.7,295.388
31553.8,-13369.5,293.589
31558,-13371.3,291.777
31562.2,-13373.1,289.971
31566.4,-13374.9,288.163
31570.7,-13376.7,286.357
31574.9,-13378.5,284.54
31579.1,-13380.3,282.715
31583.4,-13382.1,280.901
31587.6,-13383.9,279.085
31591.8,-13385.7,277.241
31596.1,-13387.5,275.403
31600.3,-13389.3,273.557
31604.5,-13391.1,271.786
31608.7,-13392.9,270.023
31613,-13394.7,268.253
31617.2,-13396.5,266.493
31621.4,-13398.3,264.732
31625.6,-13400.1,262.97
31629.9,-13401.9,261.208
31634.1,-13403.7,259.443
31638.3,-13405.5,257.686
31642.5,-13407.3,255.928
31646.8,-13409.1,254.168
31651,-13410.9,252.369
31655.2,-13412.7,250.577
31659.5,-13414.5,248.781
31663.7,-13416.3,247.006
31667.9,-13418.1,245.228
31672.1,-13419.9,243.451
31676.4,-13421.7,241.671
31680.6,-13423.5,239.888
31684.8,-13425.3,238.096
31689.1,-13427.1,236.307
31693.3,-13428.9,234.511
31697.5,-13430.7,232.719
31701.8,-13432.5,230.926
31706,-13434.3,229.126
31710.2,-13436.1,227.313
31715.7,-13437.9,224.985
31720.1,-13439.7,223.09
31724.3,-13441.5,221.28
31728.5,-13443.3,219.477
31732.7,-13445.1,217.679
31737,-13446.9,216.082
31741.2,-13448.7,214.495
31745.4,-13450.5,212.907
31749.6,-13452.3,211.312
31753.9,-13454.1,209.428
31758.1,-13455.9,207.541
31762.3,-13457.7,205.662
31766.5,-13459.5,203.78
31770.8,-13461.3,201.98
31775,-13463.1,200.172
31779.2,-13464.9,198.377
31783.5,-13466.7,196.608
31787.7,-13468.5,194.846
31791.9,-13470.3,193.085
31796.2,-13472.1,191.32
31800.4,-13473.9,189.531
31804.6,-13475.7,187.738
31808.8,-13477.5,185.943
31813,-13479.3,184.14
31817.3,-13481.1,182.335
31821.5,-13482.9,180.524
31825.7,-13484.7,178.72
31830,-13486.5,176.904
31834.2,-13488.3,175.093
31838.4,-13490.1,173.284
31842.6,-13491.9,171.462
31846.9,-13493.7,169.642
31851.1,-13495.5,167.818
31855.3,-13497.3,165.997
31859.5,-13499.1,164.174
31863.8,-13500.9,162.353
31868,-13502.7,160.522
31872.3,-13504.5,158.708
31876.5,-13506.3,156.907
31880.7,-13508.1,155.101
31885,-13509.9,153.295
31889.2,-13511.7,151.514
31893.4,-13513.5,149.739
31897.6,-13515.3,147.966
31901.9,-13517.1,146.189
31906.1,-13518.9,144.386
31910.3,-13520.7,142.586
31914.6,-13522.5,140.79
31918.8,-13524.3,139
31923,-13526.1,137.203
31927.3,-13527.9,135.406
31931.5,-13529.7,133.618
31935.7,-13531.5,131.816
31939.9,-13533.3,130.011
31944.2,-13535.1,128.21
31948.4,-13536.9,126.407
31952.6,-13538.7,124.596
31956.9,-13540.5,122.79
31961.1,-13542.3,120.98
31965.4,-13544.1,119.121
31969.6,-13545.9,117.295
31973.8,-13547.7,115.462
31978.1,-13549.5,113.651
31982.3,-13551.3,111.839
31986.5,-13553.1,110.021
31990.8,-13554.9,108.208
31995,-13556.7,106.365
31999.2,-13558.5,104.526
32003.5,-13560.3,102.692
32007.7,-13562.1,100.863
32011.9,-13563.9,99.3097
32016.2,-13565.7,97.7574
32020.4,-13567.5,96.212
32024.6,-13569.3,94.6341
32028.8,-13571.1,93.0609
32033.1,-13572.9,91.4954
32037.3,-13574.7,89.8342
32041.5,-13576.5,88.1843
32045.7,-13578.2,86.5369
32050,-13580,84.8987
32054.2,-13581.8,83.0469
32058.4,-13583.6,81.2151
32062.7,-13585.4,79.3891
32066.9,-13587.2,77.5764
32071.1,-13589,75.9107
32075.4,-13590.8,74.264
32079.6,-13592.6,72.6294
32083.8,-13594.4,70.8803
32088,-13596.2,69.1263
32092.3,-13598,67.3773
32096.5,-13599.8,65.6318
32100.7,-13601.6,63.7994
32105,-13603.4,61.9632
32109.2,-13605.2,60.1353
32113.4,-13607,58.3242
32117.6,-13608.8,56.5103
32121.8,-13610.6,54.7053
32126.1,-13612.4,52.8964
32130.3,-13614.2,51.0828
32134.5,-13616,49.2695
32138.8,-13617.8,47.465
32143,-13619.6,45.7083
32147.2,-13621.4,43.9624
32151.4,-13623.2,42.2248
32155.7,-13625,40.4931
32159.9,-13626.8,38.7853
32164.1,-13628.6,37.0845
32168.4,-13630.4,35.4015
32172.6,-13632.2,33.7537
32176.8,-13634,32.1151
32181,-13635.8,30.4937
32185.3,-13637.6,28.8888
32189.5,-13639.4,27.2993
32193.7,-13641.2,25.7389
32198,-13643,24.2047
32202.2,-13644.8,22.7079
32206.4,-13646.6,21.2565
32210.6,-13648.4,19.8587
32214.9,-13650.2,18.5221
32219.1,-13652,17.239
32223.3,-13653.8,16.0584
32227.5,-13655.6,15.0019
32231.8,-13657.4,14.0939
32236,-13659.2,13.345
32240.3,-13661,12.8164
32244.5,-13662.8,12.5301
32248.7,-13664.6,12.5443
32252.9,-13666.4,12.8171
32257.2,-13668.2,13.334
32261.4,-13670,14.0687
32265.6,-13671.8,15.0062
32269.8,-13673.6,16.0967
32274.1,-13675.4,17.3078
32278.3,-13677.2,18.5944
32282.5,-13679,19.9598
32286.8,-13680.8,21.4057
32291,-13682.6,22.8946
32295.3,-13684.4,24.427
32299.6,-13686.2,26.0222
32303.9,-13688,27.6402
32308.2,-13689.8,29.2192
32312.5,-13691.6,30.8591
32317.2,-13693.4,32.6527
32321.6,-13695.2,34.3522
32325.9,-13697,36.0194
32330.1,-13698.8,37.6811
32334.4,-13700.6,39.3514
32338.6,-13702.4,40.9661
32342.8,-13704.2,42.5947
32347.1,-13706,44.2244
32351.3,-13707.8,45.8591
32355.5,-13709.6,47.6514
32359.8,-13711.4,49.4521
32364,-13713.2,51.2607
32368.2,-13715,53.0019
32372.4,-13716.8,54.7386
32376.7,-13718.6,56.4849
32380.9,-13720.4,58.2341
32385.1,-13722.2,59.9799
32389.4,-13724,61.7201
32393.6,-13725.8,63.4673
32397.8,-13727.6,65.2156
32402.1,-13729.4,66.9611
32406.3,-13731.2,68.7133
32410.5,-13733,70.4624
32414.7,-13734.8,72.2093
32419,-13736.6,73.9577
32423.2,-13738.4,75.7269
32427.5,-13740.2,77.4796
32431.7,-13742,79.2377
32435.9,-13743.8,81.0068
32440.1,-13745.6,82.772
32444.4,-13747.4,84.522
32448.6,-13749.2,86.2698
32452.8,-13751,88.0232
32457.1,-13752.8,89.7743
32461.3,-13754.6,91.5481
32465.5,-13756.4,93.3193
32469.7,-13758.2,95.088
32474,-13760,96.855
32478.2,-13761.8,98.6146
32482.4,-13763.6,100.375
32486.6,-13765.4,102.139
32490.9,-13767.2,103.942
32495.2,-13769,105.744
32499.4,-13770.8,107.532
32503.6,-13772.6,109.339
32507.8,-13774.4,111.15
32512.1,-13776.2,112.951
32516.3,-13778,114.76
32520.5,-13779.8,116.541
32524.7,-13781.6,118.332
32529,-13783.4,120.119
32533.2,-13785.2,121.92
32537.4,-13787,123.702
32541.7,-13788.8,125.493
32545.9,-13790.6,127.28
32550.1,-13792.4,129.049
32554.3,-13794.2,130.814
32558.6,-13796,132.581
32562.8,-13797.8,134.35
32567,-13799.6,136.131
32571.3,-13801.4,137.908
32575.5,-13803.2,139.684
32579.7,-13805,141.444
32584,-13806.8,143.213
32588.2,-13808.6,144.97
32592.4,-13810.4,146.73
32596.7,-13812.2,148.503
32600.9,-13814,150.27
32605.1,-13815.8,152.043
32609.3,-13817.6,153.827
32613.6,-13819.4,155.605
32617.8,-13821.2,157.383
32622,-13823,159.172
32626.3,-13824.8,160.979
32630.5,-13826.6,162.781
32634.7,-13828.4,164.583
32639,-13830.2,166.386
32643.2,-13832,168.205
32647.4,-13833.8,170.003
32651.7,-13835.6,171.803
32655.9,-13837.4,173.595
32660.1,-13839.2,175.388
32664.4,-13841,177.171
32668.6,-13842.8,178.942
32672.8,-13844.6,180.713
32677.1,-13846.4,182.515
32681.4,-13848.2,184.281
32685.6,-13850,186.055
32689.8,-13851.8,187.833
32694,-13853.6,189.607
32698.3,-13855.4,191.38
32702.5,-13857.2,193.156
32706.7,-13859,194.927
32710.9,-13860.8,196.703
32715.2,-13862.6,198.475
32719.4,-13864.4,200.254
32723.6,-13866.2,202.026
32727.9,-13868,203.812
32732.1,-13869.8,205.6
32736.3,-13871.6,207.387
32740.6,-13873.4,209.167
32744.8,-13875.2,210.978
32749,-13877,212.791
32753.3,-13878.8,214.598
32757.5,-13880.6,216.398
32761.7,-13882.4,218.214
32766,-13884.2,220.029
32770.2,-13886,221.845
32774.4,-13887.8,223.643
32778.7,-13889.6,225.445
32782.9,-13891.4,227.247
32787.1,-13893.2,229.052
32791.4,-13895,230.835
32795.6,-13896.8,232.623
32799.8,-13898.6,234.402
32804,-13900.4,236.171
32808.3,-13902.2,237.933
32812.5,-13904,239.691
32816.7,-13905.8,241.451
32820.9,-13907.6,243.228
32825.2,-13909.4,245.003
32829.4,-13911.2,246.777
32833.6,-13913,248.554
32837.8,-13914.8,250.323
32842.1,-13916.6,252.097
32846.3,-13918.4,253.869
32850.6,-13920.2,255.623
32854.8,-13922,257.367
32859,-13923.8,259.124
32863.3,-13925.6,260.89
32867.5,-13927.4,262.651
32871.7,-13929.2,264.413
32875.9,-13931,266.177
32880.1,-13932.8,267.979
32884.4,-13934.6,269.778
32888.6,-13936.4,271.572
32892.8,-13938.2,273.374
32897,-13940,275.182
32901.3,-13941.8,276.989
32905.5,-13943.6,278.82
32909.8,-13945.4,280.61
32914,-13947.2,282.397
32918.2,-13949,284.184
32922.4,-13950.8,285.961
32926.6,-13952.6,287.72
32930.9,-13954.4,289.49
32935.1,-13956.2,291.255
32939.4,-13958,293.027
32943.6,-13959.8,294.798
32947.8,-13961.6,296.563
32952,-13963.4,298.338
32956.3,-13965.2,300.048
32960.5,-13967,301.751
32964.7,-13968.8,303.461
32969,-13970.6,305.166
32973.2,-13972.4,306.889
32977.4,-13974.2,308.589
32981.7,-13976,310.285
32985.9,-13977.8,312.019
32990.2,-13979.6,313.756
32994.4,-13981.4,315.475
32998.6,-13983.2,317.194
33002.8,-13985,318.952
33007.1,-13986.8,320.71
33011.3,-13988.6,322.458
33015.5,-13990.4,324.257
33019.8,-13992.2,326.045
33024,-13994,327.837
33028.2,-13995.8,329.6
33032.4,-13997.6,331.359
33036.7,-13999.4,333.102
33040.9,-14001.2,334.838
33045.1,-14003,336.526
33049.4,-14004.8,338.191
33053.6,-14006.6,339.832
33057.8,-14008.4,341.436
33062,-14010.2,343.044
33066.3,-14012,344.599
33070.5,-14013.8,346.094
33074.7,-14015.6,347.421
33078.9,-14017.4,348.62
33083.3,-14019.2,349.676
33087.5,-14021,350.475
33091.7,-14022.8,351.01
33095.9,-14024.6,351.201
33100.2,-14026.4,351.03
33104.4,-14028.2,350.487
33108.6,-14030,349.653
33112.8,-14031.8,348.598
33117.1,-14033.6,347.372
33121.3,-14035.4,346.008
33125.5,-14037.2,344.548
33129.7,-14039,343.019
33134,-14040.8,341.397
33138.2,-14042.6,339.764
33142.5,-14044.4,338.088
33146.8,-14046.2,336.349
33151.1,-14048,334.614
33155.4,-14049.8,332.89
33159.8,-14051.6,331.114
33164.4,-14053.4,329.216
33168.7,-14055.2,327.426
33172.9,-14057,325.68
33177.2,-14058.8,323.932
33181.4,-14060.6,322.274
33185.6,-14062.4,320.612
33189.9,-14064.2,318.952
33194.1,-14066,317.163
33198.3,-14067.8,315.383
33202.5,-14069.6,313.602
33206.8,-14071.4,311.812
33211,-14073.2,310.033
33216.5,-14075,307.748
33220.9,-14076.8,305.893
33225.2,-14078.6,304.135
33229.4,-14080.4,302.395
33233.6,-14082.2,300.651
33237.8,-14084,298.905
33242,-14085.8,297.312
33246.3,-14087.6,295.714
33250.5,-14089.4,294.117
33254.7,-14091.2,292.259
33258.9,-14093,290.404
33263.2,-14094.8,288.536
33267.4,-14096.6,286.686
33271.7,-14098.4,284.871
33275.9,-14100.2,283.055
33280.1,-14102,281.238
33284.4,-14103.8,279.453
33288.6,-14105.6,277.652
33292.9,-14107.4,275.869
33297.1,-14109.2,274.082
33301.3,-14111,272.283
33305.5,-14112.8,270.48
33309.8,-14114.6,268.678
33314,-14116.4,266.879
33318.2,-14118.2,265.089
33322.4,-14120,263.292
33326.7,-14121.8,261.5
33330.9,-14123.6,259.7
33335.2,-14125.4,257.921
33339.4,-14127.2,256.139
33343.6,-14129,254.358
33347.9,-14130.8,252.57
33352.1,-14132.6,250.778
33356.3,-14134.4,248.985
33360.5,-14136.2,247.185
33364.8,-14138,245.377
33369,-14139.8,243.565
33373.3,-14141.6,241.762
33377.5,-14143.4,239.969
33381.7,-14145.2,238.174
33385.9,-14147,236.372
33390.2,-14148.8,234.585
33394.5,-14150.6,232.767
33398.7,-14152.4,230.984
33402.9,-14154.2,229.189
33407.2,-14156,227.399
33411.4,-14157.8,225.611
33415.6,-14159.6,223.828
33419.8,-14161.4,222.018
33424.1,-14163.2,220.213
33428.3,-14165,218.413
33432.5,-14166.8,216.606
33436.7,-14168.6,214.8
33441,-14170.4,212.993
33445.2,-14172.2,211.181
33449.4,-14174,209.394
33453.7,-14175.8,207.605
33457.9,-14177.6,205.806
33462.2,-14179.4,204.007
33466.4,-14181.2,202.217
33470.6,-14183,200.431
33474.8,-14184.8,198.641
33479.1,-14186.6,196.849
33483.3,-14188.4,195.051
33487.5,-14190.2,193.255
33491.8,-14192,191.45
33496,-14193.8,189.645
33500.2,-14195.6,187.849
33504.4,-14197.4,186.053
33508.7,-14199.2,184.252
33512.9,-14201,182.446
33517.2,-14202.8,180.638
33521.4,-14204.6,178.839
33525.6,-14206.4,177.013
33529.8,-14208.2,175.184
33534.1,-14210,173.357
33538.3,-14211.8,171.535
33542.5,-14213.6,169.659
33546.7,-14215.4,167.786
33550.9,-14217.2,165.91
33555.2,-14219,164.044
33559.4,-14220.8,162.177
33563.6,-14222.6,160.301
33567.8,-14224.4,158.434
33572.1,-14226.2,156.604
33576.3,-14228,154.779
33580.5,-14229.8,152.952
33584.8,-14231.6,151.225
33589,-14233.4,149.485
33593.2,-14235.2,147.759
33597.5,-14237,146.032
33601.7,-14238.8,144.313
33605.9,-14240.6,142.592
33610.2,-14242.4,140.877
33614.4,-14244.2,139.048
33618.6,-14246,137.231
33622.9,-14247.8,135.404
33627.1,-14249.6,133.579
33631.3,-14251.4,131.777
33635.5,-14253.2,129.98
33639.8,-14255,128.178
33644,-14256.8,126.386
33648.3,-14258.6,124.603
33652.5,-14260.4,122.828
33656.7,-14262.2,121.048
33661,-14264,119.269
33665.2,-14265.8,117.491
33669.4,-14267.6,115.718
33673.7,-14269.4,113.954
33677.9,-14271.2,112.199
33682.1,-14273,110.438
33686.3,-14274.8,108.686
33690.6,-14276.6,106.979
33694.8,-14278.4,105.269
33699,-14280.2,103.559
33703.3,-14282,101.866
33707.5,-14283.8,100.109
33711.7,-14285.6,98.3655
33716,-14287.4,96.6198
33720.2,-14289.2,94.9264
33724.4,-14291,93.2373
33728.6,-14292.8,91.5478
33732.8,-14294.6,89.8629
33737.1,-14296.4,88.1503
33741.3,-14298.2,86.4454
33745.5,-14300,84.7406
33749.8,-14301.8,83.0302
33754,-14303.6,81.3126
33758.2,-14305.4,79.6103
33762.5,-14307.2,77.9077
33766.7,-14309,76.247
33770.9,-14310.8,74.585
33775.2,-14312.6,72.9299
33779.4,-14314.4,71.2773
33783.6,-14316.2,69.6313
33787.8,-14318,67.9879
33792.1,-14319.8,66.3584
33796.3,-14321.6,64.7002
33800.5,-14323.4,63.0484
33804.7,-14325.2,61.4037
33809,-14327,59.7668
33813.2,-14328.8,58.1121
33817.5,-14330.6,56.4972
33821.7,-14332.4,54.8883
33825.9,-14334.2,53.295
33830.2,-14336,51.7064
33834.4,-14337.8,50.1398
33838.6,-14339.6,48.5921
33842.8,-14341.4,47.0319
33847.1,-14343.2,45.4819
33851.3,-14345,43.9625
33855.5,-14346.8,42.4785
33859.8,-14348.6,41.0193
33864,-14350.4,39.5864
33868.2,-14352.2,38.1924
33872.4,-14354,36.8085
33876.7,-14355.8,35.4614
33880.9,-14357.6,34.1547
33885.1,-14359.4,32.931
33889.4,-14361.2,31.7639
33893.6,-14363,30.6515
33897.8,-14364.8,29.601
33902.1,-14366.6,28.5995
33906.3,-14368.4,27.6698
33910.5,-14370.2,26.8228
33914.7,-14372,26.0135
33919,-14373.8,25.3036
33923.2,-14375.6,24.6993
33927.4,-14377.4,24.2168
33931.7,-14379.2,23.843
33935.9,-14381,23.6057
33940.1,-14382.8,23.5105
33944.4,-14384.6,23.6269
33948.6,-14386.4,23.878
33952.8,-14388.2,24.262
33957.1,-14390,24.7697
33961.3,-14391.8,25.4408
33965.5,-14393.6,26.2188
33969.7,-14395.4,27.0939
33974,-14397.2,28.0676
33978.2,-14399,29.1136
