4.35041,-1.8,0.201741
8.89712,-3.6,0.205584
13.1516,-5.4,0.205584
17.4789,-7.2,0.205584
21.7183,-9,0.213062
25.9282,-10.8,1.32882
30.2465,-12.6,2.48287
34.8038,-14.4,3.71166
39.144,-16.2,6.20687
43.3644,-18,8.64619
47.5749,-19.8,11.0857
51.7919,-21.6,13.5214
56.003,-23.4,15.955
60.2173,-25.2,18.3907
64.582,-27,20.8533
68.8006,-28.8,23.2497
73.0179,-30.6,25.5879
77.2302,-32.4,27.923
81.4475,-34.2,30.2606
85.659,-36,32.582
89.8714,-37.8,34.9046
94.0881,-39.6,37.2294
98.3013,-41.4,39.5558
102.517,-43.2,41.8838
106.73,-45,44.2099
110.947,-46.8,46.5385
115.165,-48.6,48.7867
119.38,-50.4,51.0323
123.595,-52.2,53.2802
127.808,-54,55.4042
132.024,-55.8,57.5308
136.285,-57.6,59.6545
140.505,-59.4,61.8076
144.717,-61.2,63.4362
148.931,-63,65.0663
153.148,-64.8,66.6976
157.362,-66.6,68.2693
161.579,-68.4,69.8429
165.819,-70.2,71.4245
170.033,-72,72.9966
174.251,-73.8,74.6845
178.464,-75.6,76.371
182.68,-77.4,78.0587
186.892,-79.2,79.7446
191.109,-81,81.5274
195.318,-82.8,83.3074
199.527,-84.6,85.0874
203.745,-86.4,86.8868
207.957,-88.2,88.6841
212.173,-90,90.4832
216.389,-91.8,92.2818
220.605,-93.6,94.0967
224.814,-95.4,95.9087
229.026,-97.2,97.7215
233.242,-99,99.5318
237.453,-100.8,101.34
241.667,-102.6,103.15
245.875,-104.4,104.957
250.087,-106.2,106.73
254.301,-108,108.505
258.512,-109.8,110.278
262.727,-111.6,112.027
266.964,-113.4,113.786
271.181,-115.2,115.537
275.392,-117,117.285
279.602,-118.8,119.01
283.817,-120.6,120.736
288.028,-122.4,122.461
292.243,-124.2,124.151
296.454,-126,125.838
300.669,-127.8,127.527
304.878,-129.6,129.214
309.091,-131.4,130.874
313.306,-133.2,132.537
317.522,-135,134.199
321.738,-136.8,135.861
325.947,-138.6,137.495
330.158,-140.4,139.13
334.374,-142.2,140.767
338.586,-144,142.383
342.803,-145.8,144
347.015,-147.6,145.615
351.231,-149.4,147.232
355.441,-151.2,148.827
359.652,-153,150.422
363.867,-154.8,152.02
368.105,-156.6,153.594
372.323,-158.4,155.16
376.534,-160.2,156.725
380.751,-162,158.291
384.962,-163.8,159.824
389.173,-165.6,161.357
393.389,-167.4,162.891
397.6,-169.2,164.406
401.815,-171,165.922
406.026,-172.8,167.436
410.236,-174.6,168.95
414.577,-176.4,170.519
418.796,-178.2,172.044
423.014,-180,173.568
427.227,-181.8,175.071
431.442,-183.6,176.575
435.652,-185.4,178.077
439.863,-187.2,179.579
444.079,-189,181.101
448.29,-190.8,182.62
452.506,-192.6,184.142
456.717,-194.4,185.661
460.932,-196.2,187.277
465.141,-198,188.891
469.377,-199.8,190.515
473.594,-201.6,192.424
477.806,-203.4,194.331
482.022,-205.2,196.24
486.264,-207,198.145
490.483,-208.8,199.986
494.692,-210.6,201.809
498.901,-212.4,203.632
503.726,-214.2,205.662
509.648,-216,208.16
513.958,-217.8,209.984
518.178,-219.6,211.63
522.392,-221.4,213.274
526.599,-223.2,214.915
530.813,-225,216.559
535.018,-226.8,218.261
539.222,-228.6,219.963
543.434,-230.4,221.668
547.644,-232.2,223.372
551.863,-234,225.159
556.074,-235.8,226.943
560.285,-237.6,228.727
564.502,-239.4,230.548
568.754,-241.2,232.385
572.971,-243,234.207
577.185,-244.8,236.031
581.402,-246.6,237.857
585.612,-248.4,239.681
589.824,-250.2,241.505
594.041,-252,243.32
598.253,-253.8,245.133
602.469,-255.6,246.949
606.68,-257.4,248.762
610.896,-259.2,250.572
615.11,-261,252.382
619.321,-262.8,254.191
623.538,-264.6,256.003
627.75,-266.4,257.814
631.966,-268.2,259.626
636.177,-270,261.436
640.421,-271.8,263.267
644.639,-273.6,265.086
648.851,-275.4,266.904
653.068,-277.2,268.726
657.28,-279,270.546
661.496,-280.8,272.367
665.705,-282.6,274.186
669.943,-284.4,276.035
674.161,-286.2,277.876
678.379,-288,279.716
682.598,-289.8,281.557
686.812,-291.6,283.42
691.029,-293.4,285.286
695.241,-295.2,287.147
699.455,-297,289.032
703.671,-298.8,290.918
707.883,-300.6,292.801
712.098,-302.4,294.707
716.318,-304.2,296.615
720.535,-306,298.521
724.747,-307.8,300.425
728.959,-309.6,302.352
733.177,-311.4,304.281
737.389,-313.2,306.208
741.608,-315,308.136
745.819,-316.8,310.083
750.031,-318.6,312.03
754.247,-320.4,313.979
758.46,-322.2,315.944
762.676,-324,317.913
766.889,-325.8,319.879
771.133,-327.6,321.859
775.346,-329.4,323.848
779.562,-331.2,325.837
783.779,-333,327.829
787.993,-334.8,329.841
792.279,-336.6,331.887
796.492,-338.4,333.899
800.709,-340.2,335.913
804.919,-342,337.953
809.132,-343.8,339.995
813.349,-345.6,342.039
817.565,-347.4,344.081
821.783,-349.2,346.164
825.995,-351,348.244
830.209,-352.8,350.323
834.426,-354.6,352.443
838.638,-356.4,354.556
842.855,-358.2,356.658
847.068,-360,358.684
851.331,-361.8,358.793
855.544,-363.6,356.743
859.781,-365.4,354.593
864.094,-367.2,352.355
868.386,-369,350.117
872.645,-370.8,347.898
876.921,-372.6,345.685
881.498,-374.4,343.425
885.938,-376.199,341.223
890.161,-377.999,339.138
894.382,-379.799,337.582
898.596,-381.599,336.027
902.814,-383.399,334.47
907.027,-385.199,332.916
911.245,-386.999,331.363
915.464,-388.799,329.81
919.677,-390.599,328.259
923.895,-392.399,326.541
928.109,-394.199,324.824
932.326,-395.999,323.105
936.54,-397.799,321.389
940.756,-399.599,319.536
944.968,-401.399,317.685
949.181,-403.199,315.833
953.398,-404.999,313.909
957.61,-406.799,311.986
961.827,-408.599,310.061
966.037,-410.399,308.139
970.249,-412.199,306.213
974.507,-413.999,304.265
978.722,-415.799,302.338
982.942,-417.599,300.525
987.156,-419.399,298.714
991.373,-421.199,296.901
995.584,-422.999,295.091
999.798,-424.799,293.391
1004.02,-426.599,291.689
1008.23,-428.399,289.988
1012.45,-430.199,288.286
1016.67,-431.999,286.578
1020.89,-433.799,284.869
1025.1,-435.599,283.164
1029.32,-437.399,281.43
1033.54,-439.199,279.693
1037.75,-440.999,277.958
1041.97,-442.799,276.221
1046.18,-444.599,274.485
1050.43,-446.399,272.733
1054.65,-448.199,270.994
1058.86,-449.999,269.265
1063.08,-451.799,267.535
1067.29,-453.599,265.806
1071.51,-455.399,264.077
1075.75,-457.199,262.354
1079.96,-458.999,260.639
1084.18,-460.799,258.924
1088.4,-462.599,257.228
1092.61,-464.399,255.531
1096.83,-466.199,253.836
1101.05,-467.999,252.14
1105.26,-469.799,250.463
1109.47,-471.599,248.786
1113.69,-473.399,247.107
1117.9,-475.199,245.453
1122.12,-476.999,243.799
1126.34,-478.799,242.145
1130.56,-480.599,240.491
1134.77,-482.399,238.871
1138.98,-484.199,237.25
1143.2,-485.999,235.629
1147.41,-487.799,234.008
1151.63,-489.599,232.411
1155.84,-491.399,230.815
1160.05,-493.199,229.219
1164.27,-494.999,227.649
1168.48,-496.799,226.081
1172.7,-498.599,224.512
1176.94,-500.399,222.936
1181.16,-502.199,221.409
1185.37,-503.999,219.885
1189.58,-505.799,218.359
1193.8,-507.599,216.887
1198.01,-509.399,215.416
1202.23,-511.199,213.943
1206.44,-512.999,212.473
1210.66,-514.799,211.057
1214.87,-516.599,209.643
1219.09,-518.399,208.228
1223.3,-520.199,206.812
1227.52,-521.999,205.448
1231.73,-523.799,204.084
1235.95,-525.599,202.722
1240.16,-527.398,201.342
1244.38,-529.198,199.962
1248.59,-530.998,198.582
1252.81,-532.798,197.202
1257.02,-534.598,195.199
1261.24,-536.398,193.195
1265.45,-538.198,191.194
1269.66,-539.998,189.218
1273.88,-541.798,187.24
1278.12,-543.598,185.253
1282.34,-545.398,183.275
1286.55,-547.198,181.453
1290.77,-548.998,179.629
1294.98,-550.798,177.808
1299.19,-552.598,176.101
1303.41,-554.398,174.392
1307.62,-556.198,172.685
1311.84,-557.998,170.976
1316.05,-559.798,169.208
1320.26,-561.598,167.44
1324.48,-563.398,165.671
1328.69,-565.198,163.835
1332.91,-566.998,161.995
1337.12,-568.798,160.159
1341.34,-570.598,158.322
1345.55,-572.398,156.515
1349.76,-574.198,154.709
1353.98,-575.998,152.9
1358.19,-577.798,151.094
1362.41,-579.598,149.282
1366.62,-581.398,147.472
1370.84,-583.198,145.661
1375.05,-584.998,143.837
1379.29,-586.798,142.001
1383.51,-588.598,140.174
1387.72,-590.398,138.352
1391.94,-592.198,136.53
1396.15,-593.998,134.71
1400.36,-595.798,132.889
1404.58,-597.598,131.07
1408.79,-599.398,129.253
1413.01,-601.198,127.434
1417.22,-602.998,125.615
1421.44,-604.798,123.802
1425.65,-606.598,121.992
1429.86,-608.398,120.181
1434.08,-610.198,118.369
1438.29,-611.998,116.558
1442.51,-613.798,114.746
1446.72,-615.598,112.936
1450.94,-617.398,111.127
1455.15,-619.198,109.32
1459.36,-620.998,107.512
1463.58,-622.798,105.703
1467.79,-624.598,103.897
1472.01,-626.398,102.089
1476.22,-628.198,100.284
1480.5,-629.998,98.446
1484.71,-631.798,96.6369
1488.92,-633.598,94.827
1493.14,-635.398,93.0154
1497.42,-637.198,91.178
1501.63,-638.998,89.3651
1505.85,-640.798,87.5553
1510.06,-642.598,85.7389
1514.28,-644.398,83.9207
1518.49,-646.198,82.1029
1522.71,-647.998,80.2847
1526.92,-649.798,78.4443
1531.14,-651.598,76.6017
1535.35,-653.398,74.7631
1539.57,-655.198,72.9035
1543.78,-656.998,71.0421
1548,-658.798,69.1827
1552.22,-660.598,67.321
1556.43,-662.398,65.4466
1560.65,-664.198,63.5697
1564.86,-665.998,61.6952
1569.07,-667.798,59.8092
1573.29,-669.598,57.9212
1577.5,-671.398,56.0354
1581.74,-673.198,54.1369
1585.96,-674.997,52.2394
1590.17,-676.797,50.3413
1594.39,-678.597,48.4417
1598.6,-680.397,46.5439
1602.82,-682.197,44.6286
1607.03,-683.997,42.7151
1611.25,-685.797,40.8004
1615.46,-687.597,38.8704
1619.68,-689.397,36.9368
1623.9,-691.197,35.0013
1628.12,-692.997,33.0695
1632.34,-694.797,31.108
1636.55,-696.597,29.1493
1640.77,-698.397,27.1886
1644.98,-700.197,25.2043
1649.2,-701.997,23.2197
1653.42,-703.797,21.2333
1657.63,-705.597,19.2468
1661.85,-707.397,17.2341
1666.06,-709.197,15.2242
1670.28,-710.997,13.2143
1674.5,-712.797,11.1812
1678.71,-714.597,9.15129
1682.95,-716.397,7.11079
1687.16,-718.197,5.08783
1691.38,-719.997,3.05299
1695.63,-721.797,1.10215
1699.85,-723.597,1.30384
1704.08,-725.397,3.28851
1708.4,-727.197,5.39524
1712.68,-728.997,7.49997
1716.9,-730.797,9.57597
1721.21,-732.597,11.6982
1725.79,-734.397,13.97
1730.22,-736.197,16.1813
1734.45,-737.997,18.289
1738.67,-739.797,20.3906
1742.88,-741.597,22.4935
1747.1,-743.397,24.5942
1751.32,-745.197,26.7031
1755.53,-746.997,28.8087
1759.74,-748.797,30.9157
1763.96,-750.597,32.8791
1768.18,-752.397,34.8412
1772.39,-754.197,36.8045
1776.61,-755.997,38.7675
1780.83,-757.797,40.4641
1785.08,-759.597,42.1752
1789.3,-761.397,43.8709
1793.52,-763.197,45.5413
1797.73,-764.997,47.2099
1801.95,-766.797,48.8803
1806.17,-768.597,50.5483
1810.38,-770.397,52.2861
1814.6,-772.197,54.027
1818.82,-773.997,55.7678
1823.04,-775.797,57.5084
1827.25,-777.597,59.3106
1831.47,-779.397,61.1149
1835.69,-781.197,62.9164
1839.9,-782.997,64.7435
1844.12,-784.797,66.5718
1848.33,-786.597,68.3988
1852.55,-788.397,70.2247
1856.76,-790.197,72.0513
1860.98,-791.997,73.8823
1865.19,-793.797,75.7098
1869.41,-795.597,77.5193
1873.62,-797.397,79.3302
1877.84,-799.197,81.1395
1882.06,-800.997,82.9509
1886.27,-802.797,84.7225
1890.49,-804.597,86.4943
1894.7,-806.397,88.2635
1898.92,-808.197,90.0026
1903.13,-809.997,91.7434
1907.34,-811.797,93.4826
1911.56,-813.597,95.2237
1915.77,-815.397,96.9293
1919.99,-817.197,98.6377
1924.21,-818.997,100.346
1928.43,-820.797,102.012
1932.64,-822.596,103.679
1936.86,-824.396,105.343
1941.07,-826.196,107.009
1945.28,-827.996,108.629
1949.5,-829.796,110.251
1953.71,-831.596,111.873
1957.93,-833.396,113.494
1962.15,-835.196,115.071
1966.36,-836.996,116.646
1970.58,-838.796,118.223
1974.79,-840.596,119.741
1979,-842.396,121.259
1983.22,-844.196,122.779
1987.46,-845.996,124.307
1991.68,-847.796,125.773
1995.89,-849.596,127.236
2000.1,-851.396,128.699
2006.23,-853.196,130.744
2010.71,-854.996,132.25
2014.93,-856.796,133.663
2019.17,-858.596,134.988
2023.4,-860.396,136.305
2027.61,-862.196,137.619
2031.83,-863.996,138.934
2036.05,-865.796,140.24
2040.26,-867.596,141.547
2044.48,-869.396,142.855
2048.69,-871.196,144.161
2052.91,-872.996,145.468
2057.13,-874.796,146.774
2061.35,-876.596,148.081
2065.56,-878.396,149.639
2069.77,-880.196,151.2
2073.99,-881.996,152.761
2078.42,-883.796,154.899
2082.64,-885.596,156.94
2086.89,-887.396,158.995
2091.11,-889.196,161.035
2095.59,-890.996,163.054
2099.8,-892.796,164.955
2104.02,-894.596,166.857
2108.23,-896.396,168.757
2112.45,-898.196,170.486
2116.67,-899.996,172.215
2120.91,-901.796,173.957
2125.13,-903.596,175.593
2129.35,-905.396,177.229
2133.56,-907.196,178.866
2137.78,-908.996,180.501
2141.99,-910.796,182.274
2146.21,-912.596,184.045
2150.46,-914.396,185.833
2154.67,-916.196,187.741
2158.89,-917.996,189.65
2163.11,-919.796,191.56
2167.32,-921.596,193.468
2171.54,-923.396,195.293
2175.75,-925.196,197.119
2179.97,-926.996,198.943
2184.28,-928.796,200.785
2188.52,-930.596,202.596
2192.74,-932.396,204.398
2197.02,-934.196,206.225
2201.24,-935.996,208.039
2205.45,-937.796,209.85
2209.67,-939.596,211.66
2213.89,-941.396,213.465
2218.14,-943.196,215.281
2222.36,-944.996,217.087
2226.57,-946.796,218.889
2230.79,-948.596,220.705
2235.01,-950.396,222.519
2239.22,-952.196,224.333
2243.53,-953.996,226.183
2247.75,-955.796,227.991
2251.97,-957.596,229.801
2256.18,-959.396,231.608
2260.43,-961.196,233.429
2264.65,-962.996,235.24
2268.87,-964.796,237.048
2273.08,-966.596,238.856
2277.3,-968.396,240.668
2281.52,-970.195,242.483
2285.73,-971.995,244.295
2289.95,-973.795,246.119
2294.17,-975.595,247.945
2298.39,-977.395,249.769
2302.61,-979.195,251.593
2306.82,-980.995,253.413
2311.05,-982.795,255.234
2315.28,-984.595,257.062
2319.52,-986.395,258.889
2323.75,-988.195,260.707
2327.96,-989.995,262.521
2332.18,-991.795,264.337
2336.39,-993.595,266.14
2340.61,-995.395,267.946
2344.83,-997.195,269.748
2349.04,-998.995,271.551
2353.26,-1000.8,273.362
2357.48,-1002.6,275.171
2361.69,-1004.4,276.981
2365.91,-1006.2,278.788
2370.12,-1008,280.598
2374.34,-1009.8,282.408
2378.56,-1011.6,284.218
2382.78,-1013.4,286.031
2386.99,-1015.2,287.841
2391.23,-1017,289.663
2395.45,-1018.8,291.479
2399.67,-1020.6,293.295
2403.88,-1022.4,295.111
2408.1,-1024.2,296.925
2412.31,-1026,298.758
2416.53,-1027.8,300.591
2420.78,-1029.6,302.436
2425,-1031.4,304.295
2429.21,-1033.2,306.155
2433.43,-1035,308.014
2437.64,-1036.8,309.871
2441.86,-1038.6,311.753
2446.08,-1040.4,313.633
2450.29,-1042.2,315.513
2454.51,-1044,317.419
2458.73,-1045.8,319.322
2462.95,-1047.6,321.227
2467.16,-1049.4,323.129
2471.38,-1051.2,325.046
2475.59,-1053,326.962
2479.8,-1054.8,328.878
2484.28,-1056.6,330.926
2488.5,-1058.4,332.857
2492.74,-1060.2,334.8
2496.96,-1062,336.73
2501.18,-1063.8,338.661
2505.39,-1065.6,340.589
2509.61,-1067.4,342.517
2513.83,-1069.2,344.447
2518.07,-1071,346.415
2522.29,-1072.8,348.372
2526.51,-1074.6,350.325
2530.73,-1076.4,352.299
2534.94,-1078.2,354.267
2539.16,-1080,356.227
2543.46,-1081.8,358.19
2547.68,-1083.6,359.326
2551.92,-1085.4,357.601
2556.31,-1087.2,355.577
2560.82,-1089,353.374
2565.04,-1090.8,351.34
2569.36,-1092.6,349.272
2574.11,-1094.4,346.97
2578.47,-1096.2,344.837
2582.7,-1098,342.783
2586.92,-1099.8,340.735
2591.18,-1101.6,338.666
2595.39,-1103.4,336.618
2599.61,-1105.2,334.571
2603.83,-1107,332.522
2608.04,-1108.8,330.458
2612.26,-1110.6,328.39
2616.48,-1112.4,326.325
2620.74,-1114.2,324.238
2624.95,-1116,322.172
2629.17,-1117.8,320.106
2633.38,-1119.6,318.039
2637.6,-1121.4,315.99
2641.82,-1123.2,313.939
2646.03,-1125,311.891
2650.25,-1126.8,310.021
2654.47,-1128.6,308.149
2658.69,-1130.4,306.28
2662.9,-1132.2,304.409
2667.12,-1134,302.75
2671.34,-1135.8,301.088
2675.55,-1137.6,299.43
2679.77,-1139.4,297.775
2683.99,-1141.2,296.117
2688.2,-1143,294.462
2692.45,-1144.8,292.794
2696.86,-1146.6,291.018
2701.08,-1148.4,289.317
2705.29,-1150.2,287.62
2709.51,-1152,285.902
2713.73,-1153.8,284.181
2717.94,-1155.6,282.461
2722.19,-1157.4,280.729
2726.41,-1159.2,279.013
2730.63,-1161,277.297
2734.84,-1162.8,275.584
2739.06,-1164.6,273.871
2743.28,-1166.4,272.164
2747.49,-1168.2,270.458
2751.71,-1170,268.751
2756.11,-1171.8,266.994
2760.32,-1173.6,265.309
2764.54,-1175.4,263.622
2768.75,-1177.2,261.939
2772.97,-1179,260.295
2777.19,-1180.8,258.651
2781.41,-1182.6,257.007
2785.62,-1184.4,255.403
2789.84,-1186.2,253.798
2794.08,-1188,252.183
2798.3,-1189.8,250.578
2802.52,-1191.6,249.006
2806.73,-1193.4,247.436
2810.95,-1195.2,245.864
2815.17,-1197,244.33
2819.41,-1198.8,242.784
2823.63,-1200.6,241.247
2827.84,-1202.4,239.713
2832.06,-1204.2,238.205
2836.28,-1206,236.697
2840.5,-1207.8,235.188
2844.78,-1209.6,233.684
2848.99,-1211.4,232.2
2853.21,-1213.2,230.715
2857.42,-1215,229.232
2861.64,-1216.8,227.775
2865.86,-1218.6,226.319
2870.07,-1220.4,224.864
2874.29,-1222.2,223.408
2878.5,-1224,221.968
2882.72,-1225.8,220.527
2886.93,-1227.6,219.087
2891.15,-1229.4,217.64
2895.39,-1231.2,216.185
2899.61,-1233,214.74
2904.03,-1234.8,212.921
2908.24,-1236.6,211.189
2912.46,-1238.4,209.456
2916.68,-1240.2,207.723
2920.93,-1242,205.778
2925.14,-1243.8,203.847
2929.42,-1245.6,201.889
2933.64,-1247.4,199.958
2937.85,-1249.2,198.126
2942.07,-1251,196.29
2946.29,-1252.8,194.458
2950.51,-1254.6,192.713
2954.72,-1256.4,190.971
2958.94,-1258.2,189.228
2963.15,-1260,187.485
2967.37,-1261.8,185.713
2971.59,-1263.6,183.94
2975.8,-1265.4,182.169
2980.01,-1267.2,180.312
2984.23,-1269,178.452
2988.45,-1270.8,176.595
2992.66,-1272.6,174.737
2996.9,-1274.4,172.899
3001.12,-1276.2,171.067
3005.33,-1278,169.239
3009.54,-1279.8,167.411
3013.77,-1281.6,165.623
3017.98,-1283.4,163.838
3022.23,-1285.2,162.039
3026.45,-1287,160.251
3030.67,-1288.8,158.462
3034.88,-1290.6,156.676
3039.09,-1292.4,154.876
3043.31,-1294.2,153.073
3047.53,-1296,151.272
3051.75,-1297.8,149.471
3055.96,-1299.6,147.66
3060.17,-1301.4,145.849
3064.39,-1303.2,144.037
3068.6,-1305,142.227
3072.82,-1306.8,140.404
3077.04,-1308.6,138.583
3081.25,-1310.4,136.76
3085.47,-1312.2,134.93
3089.68,-1314,133.098
3093.9,-1315.8,131.265
3098.14,-1317.6,129.424
3102.36,-1319.4,127.583
3106.57,-1321.2,125.745
3110.79,-1323,123.906
3115,-1324.8,122.074
3119.25,-1326.6,120.228
3123.47,-1328.4,118.393
3127.68,-1330.2,116.561
3131.9,-1332,114.736
3136.11,-1333.8,112.912
3140.33,-1335.6,111.089
3144.55,-1337.4,109.264
3148.76,-1339.2,107.444
3152.98,-1341,105.622
3157.19,-1342.8,103.802
3161.41,-1344.6,101.99
3165.63,-1346.4,100.179
3169.84,-1348.2,98.3687
3174.06,-1350,96.5569
3178.27,-1351.8,94.7577
3182.49,-1353.6,92.9559
3186.7,-1355.4,91.1565
3190.92,-1357.2,89.3583
3195.13,-1359,87.5614
3199.37,-1360.8,85.7551
3203.59,-1362.6,83.9568
3207.8,-1364.4,82.1536
3212.02,-1366.2,80.3474
3216.27,-1368,78.5432
3220.53,-1369.8,76.7046
3224.74,-1371.6,74.8977
3228.95,-1373.4,73.0918
3233.17,-1375.2,71.2843
3237.6,-1377,69.389
3241.82,-1378.8,67.5827
3246.04,-1380.6,65.7808
3250.26,-1382.4,63.97
3254.48,-1384.2,62.154
3258.69,-1386.01,60.3441
3262.91,-1387.81,58.5323
3267.13,-1389.61,56.709
3271.35,-1391.41,54.8833
3275.56,-1393.21,53.0625
3279.78,-1395.01,51.2267
3284,-1396.81,49.3888
3288.21,-1398.61,47.5521
3292.43,-1400.41,45.7148
3296.85,-1402.21,43.7787
3301.1,-1404.01,41.92
3305.31,-1405.81,40.0752
3309.52,-1407.61,38.2303
3313.74,-1409.41,36.3853
3317.96,-1411.21,34.5406
3322.21,-1413.01,32.6837
3326.43,-1414.81,30.8192
3330.65,-1416.61,28.9529
3334.86,-1418.41,27.0902
3339.08,-1420.21,25.2267
3343.3,-1422.01,23.3397
3347.51,-1423.81,21.4538
3351.73,-1425.61,19.5672
3356.1,-1427.41,17.5853
3360.32,-1429.21,15.6733
3364.54,-1431.01,13.7615
3368.75,-1432.81,11.8524
3372.97,-1434.61,9.92106
3377.18,-1436.41,7.99388
3381.4,-1438.21,6.06921
3385.61,-1440.01,4.12749
3389.9,-1441.81,2.17717
3394.12,-1443.61,0.650115
3398.36,-1445.41,1.95598
3402.73,-1447.21,3.95409
3407.02,-1449.01,5.95762
3411.24,-1450.81,7.9328
3415.51,-1452.61,9.93227
3420.13,-1454.41,12.1098
3424.61,-1456.21,14.234
3428.85,-1458.01,16.2361
3433.07,-1459.81,18.2323
3437.29,-1461.61,20.2291
3441.51,-1463.41,22.2246
3445.72,-1465.21,24.2178
3450.27,-1467.01,26.3721
3454.49,-1468.81,28.3721
3458.71,-1470.61,30.3689
3462.93,-1472.41,32.3686
3467.14,-1474.21,34.3676
3471.36,-1476.01,36.3673
3475.58,-1477.81,38.3688
3479.79,-1479.61,40.3705
3484.01,-1481.41,42.3737
3488.22,-1483.21,44.3744
3492.44,-1485.01,46.3631
3496.66,-1486.81,48.3512
3500.88,-1488.61,50.341
3505.47,-1490.41,52.3254
3509.8,-1492.21,54.4919
3514.09,-1494.01,56.4936
3518.31,-1495.81,58.4574
3522.56,-1497.61,60.3859
3526.78,-1499.41,62.2975
3531,-1501.21,64.2092
3535.21,-1503.01,66.1175
3539.43,-1504.81,67.9921
3543.65,-1506.61,69.8698
3547.86,-1508.41,71.7444
3552.08,-1510.21,73.5774
3556.31,-1512.01,75.4114
3560.52,-1513.81,77.2443
3564.74,-1515.61,79.0237
3568.96,-1517.41,80.8043
3573.18,-1519.21,82.5858
3577.39,-1521.01,84.3647
3581.85,-1522.81,86.1999
3586.07,-1524.61,87.9322
3590.28,-1526.41,89.6642
3594.5,-1528.21,91.3976
3598.71,-1530.01,93.0791
3602.93,-1531.81,94.7633
3607.18,-1533.61,96.4593
3611.4,-1535.41,98.1094
3615.62,-1537.21,99.7575
3619.86,-1539.01,101.417
3624.08,-1540.81,103.066
3628.3,-1542.61,104.68
3632.52,-1544.41,106.297
3636.73,-1546.21,107.91
3640.95,-1548.01,109.493
3645.17,-1549.81,111.074
3649.44,-1551.61,112.678
3653.66,-1553.41,114.261
3657.88,-1555.21,115.808
3662.1,-1557.01,117.358
3666.32,-1558.81,118.907
3670.54,-1560.61,120.423
3674.75,-1562.41,121.937
3678.96,-1564.21,123.451
3683.18,-1566.01,124.967
3687.4,-1567.81,126.448
3691.62,-1569.61,127.93
3695.83,-1571.41,129.409
3700.05,-1573.21,130.861
3704.27,-1575.01,132.314
3708.51,-1576.81,133.775
3712.73,-1578.61,135.228
3716.94,-1580.41,136.654
3721.19,-1582.21,138.091
3725.4,-1584.01,139.516
3729.77,-1585.81,140.979
3733.99,-1587.61,142.392
3738.21,-1589.41,143.804
3742.43,-1591.21,145.216
3746.64,-1593.01,146.654
3750.86,-1594.81,148.094
3755.08,-1596.61,149.531
3759.29,-1598.41,150.969
3763.51,-1600.21,152.833
3767.73,-1602.01,154.695
3771.94,-1603.81,156.558
3776.16,-1605.61,158.538
3780.37,-1607.41,160.519
3784.59,-1609.21,162.502
3788.8,-1611.01,164.481
3793.02,-1612.81,166.309
3797.24,-1614.61,168.135
3801.45,-1616.41,169.964
3805.67,-1618.21,171.684
3809.91,-1620.01,173.416
3814.13,-1621.81,175.138
3818.35,-1623.61,176.862
3822.6,-1625.41,178.636
3826.82,-1627.21,180.395
3831.04,-1629.01,182.156
3835.25,-1630.81,183.913
3839.46,-1632.61,185.747
3843.68,-1634.41,187.585
3847.9,-1636.21,189.419
3852.11,-1638.01,191.236
3856.33,-1639.81,193.052
3860.55,-1641.61,194.869
3864.76,-1643.41,196.682
3868.98,-1645.21,198.492
3873.2,-1647.01,200.305
3877.41,-1648.81,202.115
3881.63,-1650.61,203.96
3885.85,-1652.41,205.803
3890.06,-1654.21,207.646
3894.28,-1656.01,209.491
3898.49,-1657.81,211.333
3902.71,-1659.61,213.178
3906.93,-1661.41,215.019
3911.17,-1663.21,216.86
3915.38,-1665.01,218.687
3919.6,-1666.81,220.516
3923.85,-1668.61,222.357
3928.07,-1670.41,224.174
3932.29,-1672.21,225.993
3936.5,-1674.01,227.809
3940.72,-1675.81,229.617
3944.94,-1677.61,231.423
3949.15,-1679.41,233.228
3953.37,-1681.21,235.036
3957.58,-1683.01,236.847
3961.81,-1684.81,238.661
3966.02,-1686.61,240.471
3970.51,-1688.41,242.282
3974.73,-1690.21,244.217
3978.95,-1692.01,246.031
3983.16,-1693.81,247.847
3987.38,-1695.61,249.623
3991.61,-1697.41,251.404
3996.69,-1699.21,253.543
4001.45,-1701.01,255.574
4008.56,-1702.81,258.605
4013.08,-1704.61,260.535
4017.47,-1706.41,262.324
4022.06,-1708.21,264.197
4026.48,-1710.01,265.998
4030.88,-1711.81,267.667
4035.26,-1713.61,269.325
4039.66,-1715.41,270.988
4044.1,-1717.21,272.672
4048.47,-1719.01,274.341
4052.98,-1720.81,276.062
4057.43,-1722.61,277.765
4061.81,-1724.41,279.513
4066.12,-1726.21,281.24
4070.33,-1728.01,282.924
4074.56,-1729.81,284.612
4078.77,-1731.61,286.346
4082.99,-1733.41,288.081
4087.2,-1735.21,289.814
4091.42,-1737.01,291.629
4095.64,-1738.81,293.441
4099.85,-1740.61,295.255
4104.07,-1742.41,297.069
4108.28,-1744.21,298.909
4112.54,-1746.01,300.768
4116.75,-1747.81,302.608
4120.97,-1749.61,304.445
4125.22,-1751.41,306.294
4129.44,-1753.21,308.128
4133.65,-1755.02,309.963
4137.92,-1756.82,311.806
4142.14,-1758.62,313.627
4146.36,-1760.42,315.446
4150.58,-1762.22,317.267
4154.79,-1764.02,319.091
4159,-1765.82,320.915
4163.22,-1767.62,322.741
4167.44,-1769.42,324.57
4171.66,-1771.22,326.401
4175.87,-1773.02,328.23
4180.08,-1774.82,330.067
4184.3,-1776.62,331.907
4188.51,-1778.42,333.743
4192.73,-1780.22,335.583
4196.95,-1782.02,337.435
4201.17,-1783.82,339.29
4205.38,-1785.62,341.141
4209.59,-1787.42,342.993
4213.84,-1789.22,344.875
4218.05,-1791.02,346.744
4222.27,-1792.82,348.614
4226.51,-1794.62,350.514
4230.73,-1796.42,352.402
4234.95,-1798.22,354.285
4239.16,-1800.02,356.16
4243.42,-1801.82,358.044
4247.64,-1803.62,359.387
4251.88,-1805.42,357.929
4256.18,-1807.22,356.003
4260.55,-1809.02,354.014
4264.76,-1810.82,352.09
4269.07,-1812.62,350.134
4273.62,-1814.42,348.048
4278.06,-1816.22,345.999
4282.31,-1818.02,344.048
4286.53,-1819.82,342.113
4290.75,-1821.62,340.183
4294.96,-1823.42,338.255
4299.17,-1825.22,336.326
4303.39,-1827.02,334.388
4307.6,-1828.82,332.453
4311.82,-1830.62,330.515
4316.07,-1832.42,328.561
4320.29,-1834.22,326.622
4324.54,-1836.02,324.666
4328.76,-1837.82,322.727
4332.98,-1839.62,320.792
4337.19,-1841.42,318.858
4341.41,-1843.22,316.923
4345.62,-1845.02,314.992
4349.84,-1846.82,313.077
4354.12,-1848.62,311.132
4358.33,-1850.42,309.214
4362.55,-1852.22,307.317
4366.77,-1854.02,305.423
4370.99,-1855.82,303.527
4375.2,-1857.62,301.633
4379.41,-1859.42,299.768
4383.63,-1861.22,297.902
4387.84,-1863.02,296.039
4392.06,-1864.82,294.209
4396.28,-1866.62,292.379
4400.5,-1868.42,290.549
4404.71,-1870.22,288.721
4408.92,-1872.02,286.932
4413.14,-1873.82,285.141
4417.38,-1875.62,283.342
4421.6,-1877.42,281.592
4425.85,-1879.22,279.833
4430.06,-1881.02,278.085
4434.28,-1882.82,276.336
4438.5,-1884.62,274.633
4442.71,-1886.42,272.928
4446.93,-1888.22,271.225
4451.15,-1890.02,269.568
4455.36,-1891.82,267.911
4459.57,-1893.62,266.254
4463.79,-1895.42,264.595
4468,-1897.22,262.985
4472.22,-1899.02,261.372
4476.44,-1900.82,259.761
4480.65,-1902.62,258.149
4484.87,-1904.42,256.579
4489.08,-1906.22,255.008
4493.3,-1908.02,253.435
4497.51,-1909.82,251.9
4501.73,-1911.62,250.364
4505.94,-1913.42,248.83
4510.15,-1915.22,247.296
4514.36,-1917.02,245.793
4518.57,-1918.82,244.294
4522.78,-1920.62,242.791
4527.02,-1922.42,241.312
4531.23,-1924.22,239.841
4535.44,-1926.02,238.373
4539.65,-1927.82,236.905
4543.86,-1929.62,235.447
4548.07,-1931.42,233.99
4552.28,-1933.22,232.531
4556.49,-1935.02,231.074
4560.71,-1936.82,229.408
4564.93,-1938.62,227.739
4569.14,-1940.42,226.075
4573.37,-1942.22,224.13
4577.58,-1944.02,222.189
4581.8,-1945.82,220.245
4586.01,-1947.62,218.38
4590.22,-1949.42,216.513
4594.44,-1951.22,214.645
4598.65,-1953.02,212.778
4602.87,-1954.82,211.034
4607.08,-1956.62,209.291
4611.3,-1958.42,207.547
4615.51,-1960.22,205.805
4619.76,-1962.02,204.069
4624.01,-1963.82,202.332
4628.23,-1965.62,200.608
4632.45,-1967.42,198.774
4636.67,-1969.22,196.942
4640.89,-1971.02,195.108
4645.1,-1972.82,193.278
4649.31,-1974.62,191.435
4653.53,-1976.42,189.59
4657.74,-1978.22,187.747
4661.96,-1980.02,185.937
4666.17,-1981.82,184.129
4670.38,-1983.62,182.321
4674.6,-1985.42,180.511
4678.81,-1987.22,178.716
4683.03,-1989.02,176.918
4687.24,-1990.82,175.123
4691.46,-1992.62,173.32
4695.67,-1994.42,171.52
4699.88,-1996.22,169.719
4704.1,-1998.02,167.916
4708.31,-1999.82,166.116
4712.53,-2001.62,164.312
4716.74,-2003.42,162.512
4720.99,-2005.22,160.697
4725.23,-2007.02,158.883
4729.45,-2008.82,157.081
4733.67,-2010.62,155.277
4737.88,-2012.42,153.474
4742.1,-2014.22,151.67
4746.32,-2016.02,149.867
4750.53,-2017.82,148.062
4754.75,-2019.62,146.242
4758.96,-2021.42,144.421
4763.18,-2023.22,142.598
4767.39,-2025.02,140.777
4771.61,-2026.82,138.955
4775.82,-2028.62,137.135
4780.03,-2030.42,135.314
4784.25,-2032.22,133.491
4788.46,-2034.02,131.671
4792.68,-2035.82,129.849
4796.89,-2037.62,128.028
4801.11,-2039.42,126.205
4805.32,-2041.22,124.385
4809.53,-2043.02,122.565
4813.74,-2044.82,120.743
4817.96,-2046.62,118.923
4822.18,-2048.42,117.099
4826.42,-2050.22,115.265
4830.64,-2052.02,113.43
4834.85,-2053.82,111.605
4839.07,-2055.62,109.786
4843.29,-2057.42,107.978
4847.5,-2059.22,106.172
4851.72,-2061.02,104.364
4855.93,-2062.82,102.569
4860.14,-2064.62,100.765
4864.36,-2066.42,98.9586
4868.57,-2068.22,97.1533
4872.79,-2070.02,95.3393
4877,-2071.82,93.5272
4881.22,-2073.62,91.7137
4885.43,-2075.42,89.9022
4889.64,-2077.22,88.0925
4893.87,-2079.02,86.2791
4898.08,-2080.82,84.469
4902.3,-2082.62,82.6532
4906.51,-2084.42,80.839
4910.73,-2086.22,79.0228
4914.94,-2088.02,77.2092
4919.15,-2089.82,75.3922
4923.37,-2091.62,73.5722
4927.62,-2093.42,71.741
4931.84,-2095.22,69.9217
4936.05,-2097.02,68.106
4940.26,-2098.82,66.2896
4944.48,-2100.62,64.4718
4948.7,-2102.42,62.6616
4952.91,-2104.22,60.8501
4957.13,-2106.02,59.0409
4961.34,-2107.82,57.2295
4965.56,-2109.62,55.4199
4969.77,-2111.42,53.6096
4973.99,-2113.22,51.7971
4978.2,-2115.02,49.9877
4982.42,-2116.82,48.1771
4986.64,-2118.62,46.3676
4990.86,-2120.42,44.5518
4995.07,-2122.22,42.7426
4999.29,-2124.02,40.9333
5003.5,-2125.82,39.1221
5008.1,-2127.62,37.1444
5012.47,-2129.43,35.2558
5016.68,-2131.23,33.4391
5020.9,-2133.03,31.6269
5025.15,-2134.83,29.8062
5029.36,-2136.63,28.0004
5033.57,-2138.43,26.1914
5037.78,-2140.23,24.3517
5042,-2142.03,22.508
5046.22,-2143.83,20.6684
5050.53,-2145.63,18.7844
5054.75,-2147.43,16.9182
5058.96,-2149.23,15.0533
5063.18,-2151.03,13.1861
5067.39,-2152.83,11.3101
5071.61,-2154.63,9.43459
5075.82,-2156.43,7.56465
5080.03,-2158.23,5.69914
5084.24,-2160.03,3.83265
5088.5,-2161.83,1.99834
5092.72,-2163.63,0.769227
5096.95,-2165.43,2.09472
5101.27,-2167.23,3.96694
5105.54,-2169.03,5.87223
5109.76,-2170.83,7.75757
5114.06,-2172.63,9.67699
5118.64,-2174.43,11.7261
5123.09,-2176.23,13.7342
5127.4,-2178.03,15.6688
5131.63,-2179.83,17.562
5135.84,-2181.63,19.4511
5140.06,-2183.43,21.3401
5144.28,-2185.23,23.225
5148.49,-2187.03,25.1073
5152.71,-2188.83,26.9906
5156.93,-2190.63,28.8806
5161.15,-2192.43,30.7729
5165.36,-2194.23,32.662
5169.57,-2196.03,34.5522
5173.8,-2197.83,36.4442
5178.01,-2199.63,38.3353
5182.23,-2201.43,40.2262
5186.44,-2203.23,42.1157
5190.66,-2205.03,43.9977
5194.87,-2206.83,45.8765
5199.09,-2208.63,47.7564
5203.31,-2210.43,49.6172
5207.52,-2212.23,51.477
5211.74,-2214.03,53.3377
5215.95,-2215.83,55.1961
5220.27,-2217.63,57.0688
5224.52,-2219.43,58.914
5228.74,-2221.23,60.7454
5232.96,-2223.03,62.5393
5237.18,-2224.83,64.3299
5241.4,-2226.63,66.1219
5245.61,-2228.43,67.9111
5249.82,-2230.23,69.6555
5254.04,-2232.03,71.4021
5258.26,-2233.83,73.1462
5262.48,-2235.63,74.8432
5266.69,-2237.43,76.5386
5270.91,-2239.23,78.2353
5275.12,-2241.03,79.9298
5279.34,-2242.83,81.5702
5283.56,-2244.63,83.2121
5287.77,-2246.43,84.8522
5291.99,-2248.23,86.437
5296.2,-2250.03,88.0197
5300.46,-2251.83,89.6201
5304.67,-2253.63,91.2036
5308.89,-2255.43,92.732
5313.11,-2257.23,94.2612
5317.32,-2259.03,95.7884
5321.54,-2260.83,97.2618
5325.79,-2262.63,98.7422
5330,-2264.43,100.214
5334.22,-2266.23,101.685
5338.43,-2268.03,103.136
5342.65,-2269.83,104.588
5346.87,-2271.63,106.04
5351.09,-2273.43,107.492
5355.3,-2275.23,109.258
5359.51,-2277.03,111.023
5363.73,-2278.83,112.79
5367.94,-2280.63,114.772
5372.16,-2282.43,116.756
5376.38,-2284.23,118.737
5380.59,-2286.03,120.721
5384.81,-2287.83,122.588
5389.02,-2289.63,124.457
5393.24,-2291.43,126.326
5397.45,-2293.23,128.041
5401.67,-2295.03,129.758
5405.88,-2296.83,131.471
5410.1,-2298.63,133.185
5414.31,-2300.43,134.862
5418.53,-2302.23,136.537
5422.75,-2304.03,138.213
5426.99,-2305.83,140.076
5431.21,-2307.63,141.928
5435.42,-2309.43,143.777
5439.64,-2311.23,145.626
5443.86,-2313.03,147.499
5448.07,-2314.83,149.369
5452.29,-2316.63,151.242
5456.5,-2318.43,153.112
5460.72,-2320.23,154.909
5464.93,-2322.03,156.704
5469.15,-2323.83,158.499
5473.36,-2325.63,160.275
5477.58,-2327.43,162.05
5481.8,-2329.23,163.826
5486.01,-2331.03,165.6
5490.22,-2332.83,167.419
5494.44,-2334.63,169.24
5498.65,-2336.43,171.058
5502.87,-2338.23,172.879
5507.08,-2340.03,174.698
5511.3,-2341.83,176.519
5515.51,-2343.63,178.337
5519.72,-2345.43,180.12
5523.94,-2347.23,181.906
5528.18,-2349.03,183.702
5532.4,-2350.83,185.498
5536.62,-2352.63,187.29
5540.84,-2354.43,189.085
5545.05,-2356.23,190.877
5549.26,-2358.03,192.697
5553.48,-2359.83,194.517
5557.69,-2361.63,196.337
5561.91,-2363.43,198.168
5566.12,-2365.23,199.996
5570.34,-2367.03,201.825
5574.56,-2368.83,203.655
5578.77,-2370.63,205.481
5582.99,-2372.43,207.311
5587.2,-2374.23,209.138
5591.42,-2376.03,210.967
5595.63,-2377.83,212.801
5599.85,-2379.63,214.636
5604.07,-2381.43,216.474
5608.28,-2383.23,218.3
5612.5,-2385.03,220.128
5616.71,-2386.83,221.954
5620.94,-2388.63,223.789
5625.18,-2390.43,225.618
5629.4,-2392.23,227.437
5633.62,-2394.03,229.256
5637.83,-2395.83,231.056
5642.05,-2397.63,232.858
5646.27,-2399.43,234.66
5650.49,-2401.23,236.463
5654.7,-2403.03,238.264
5658.92,-2404.83,240.066
5663.13,-2406.63,241.869
5667.35,-2408.43,243.68
5671.57,-2410.23,245.492
5675.78,-2412.03,247.302
5679.99,-2413.83,249.112
5684.21,-2415.63,250.92
5688.42,-2417.43,252.725
5692.64,-2419.23,254.532
5696.86,-2421.03,256.345
5701.08,-2422.83,258.159
5705.29,-2424.63,259.971
5709.5,-2426.43,261.783
5713.72,-2428.23,263.602
5717.93,-2430.03,265.42
5722.15,-2431.83,267.24
5726.39,-2433.63,269.07
5730.62,-2435.43,270.892
5734.83,-2437.23,272.711
5739.04,-2439.03,274.53
5743.26,-2440.83,276.342
5747.47,-2442.63,278.152
5751.75,-2444.43,279.99
5755.96,-2446.23,281.8
5760.18,-2448.03,283.61
5764.4,-2449.83,285.421
5768.61,-2451.63,287.23
5772.83,-2453.43,289.03
5777.04,-2455.23,290.828
5781.26,-2457.03,292.628
5785.47,-2458.83,294.425
5789.69,-2460.63,296.229
5793.91,-2462.43,298.034
5798.12,-2464.23,299.838
5802.34,-2466.03,301.638
5806.55,-2467.83,303.436
5810.77,-2469.63,305.236
5814.98,-2471.43,307.033
5819.19,-2473.23,308.827
5823.5,-2475.03,310.662
5827.75,-2476.83,312.471
5831.97,-2478.63,314.269
5836.18,-2480.43,316.072
5840.43,-2482.23,317.89
5844.65,-2484.03,319.696
5848.86,-2485.83,321.498
5853.08,-2487.63,323.3
5857.29,-2489.43,325.102
5861.51,-2491.23,326.924
5865.72,-2493.03,328.742
5869.94,-2494.83,330.56
5874.16,-2496.64,332.38
5878.38,-2498.44,334.21
5882.59,-2500.24,336.041
5886.81,-2502.04,337.869
5891.03,-2503.84,339.698
5895.24,-2505.64,341.53
5899.45,-2507.44,343.362
5903.67,-2509.24,345.195
5907.88,-2511.04,347.029
5912.1,-2512.84,348.864
5916.32,-2514.64,350.697
5920.54,-2516.44,352.527
5924.75,-2518.24,354.357
5929,-2520.04,356.186
5933.26,-2521.84,357.968
5937.48,-2523.64,359.178
5941.72,-2525.44,357.976
5946.04,-2527.24,356.169
5950.32,-2529.04,354.319
5954.54,-2530.84,352.475
5958.85,-2532.64,350.6
5963.44,-2534.44,348.586
5967.89,-2536.24,346.621
5972.15,-2538.04,344.742
5976.36,-2539.84,342.884
5980.58,-2541.64,341.026
5984.79,-2543.44,339.185
5989.01,-2545.24,337.344
5993.23,-2547.04,335.5
5997.44,-2548.84,333.649
6001.66,-2550.64,331.795
6005.87,-2552.44,329.944
6010.08,-2554.24,328.093
6014.3,-2556.04,326.244
6018.52,-2557.84,324.397
6022.74,-2559.64,322.547
6026.99,-2561.44,320.684
6031.21,-2563.24,318.847
6035.43,-2565.04,317.014
6039.64,-2566.84,315.18
6043.86,-2568.64,313.369
6048.07,-2570.44,311.559
6052.29,-2572.24,309.748
6056.51,-2574.04,307.938
6060.73,-2575.84,306.153
6064.94,-2577.64,304.371
6069.15,-2579.44,302.587
6073.37,-2581.24,300.839
6077.58,-2583.04,299.093
6081.8,-2584.84,297.345
6086.01,-2586.64,295.599
6090.23,-2588.44,293.895
6094.45,-2590.24,292.189
6098.66,-2592.04,290.484
6102.88,-2593.84,288.826
6107.1,-2595.64,287.17
6111.31,-2597.44,285.512
6115.53,-2599.24,283.856
6119.74,-2601.04,282.249
6123.96,-2602.84,280.64
6128.21,-2604.64,279.02
6132.43,-2606.44,277.437
6136.65,-2608.24,275.857
6140.86,-2610.04,274.274
6145.07,-2611.84,272.695
6149.29,-2613.64,271.044
6153.51,-2615.44,269.391
6157.72,-2617.24,267.74
6161.94,-2619.04,265.871
6166.15,-2620.84,264.004
6170.36,-2622.64,262.137
6174.58,-2624.44,260.267
6178.79,-2626.24,258.377
6183.01,-2628.04,256.484
6187.23,-2629.84,254.594
6191.44,-2631.64,252.701
6195.66,-2633.44,250.902
6199.87,-2635.24,249.101
6204.09,-2637.04,247.299
6208.3,-2638.84,245.579
6212.52,-2640.64,243.857
6216.73,-2642.44,242.137
6220.95,-2644.24,240.416
6225.17,-2646.04,238.664
6229.41,-2647.84,236.901
6233.63,-2649.64,235.148
6237.84,-2651.44,233.307
6242.06,-2653.24,231.465
6246.28,-2655.04,229.623
6250.5,-2656.84,227.781
6254.71,-2658.64,225.95
6258.93,-2660.44,224.119
6263.14,-2662.24,222.285
6267.36,-2664.04,220.454
6271.58,-2665.84,218.659
6275.79,-2667.64,216.867
6280,-2669.44,215.074
6284.22,-2671.24,213.284
6288.43,-2673.04,211.496
6292.65,-2674.84,209.706
6296.86,-2676.64,207.919
6301.08,-2678.44,206.105
6305.29,-2680.24,204.294
6309.5,-2682.04,202.482
6313.72,-2683.84,200.675
6317.93,-2685.64,198.868
6322.18,-2687.44,197.047
6326.43,-2689.24,195.227
6330.65,-2691.04,193.433
6334.86,-2692.84,191.642
6339.07,-2694.64,189.851
6343.29,-2696.44,188.067
6347.5,-2698.24,186.284
6351.72,-2700.04,184.5
6355.93,-2701.84,182.719
6360.14,-2703.64,180.904
6364.36,-2705.44,179.088
6368.57,-2707.24,177.273
6372.79,-2709.04,175.442
6377,-2710.84,173.613
6381.21,-2712.64,171.782
6385.42,-2714.44,169.953
6389.64,-2716.24,168.124
6393.85,-2718.04,166.294
6398.07,-2719.84,164.464
6402.29,-2721.64,162.628
6406.5,-2723.44,160.793
6410.72,-2725.24,158.957
6414.93,-2727.04,157.123
6419.14,-2728.84,155.301
6423.38,-2730.64,153.465
6427.63,-2732.44,151.627
6431.85,-2734.24,149.802
6436.06,-2736.04,147.991
6440.28,-2737.84,146.18
6444.5,-2739.64,144.368
6448.78,-2741.44,142.545
6452.99,-2743.24,140.748
6457.21,-2745.04,138.954
6461.43,-2746.84,137.158
6465.64,-2748.64,135.36
6469.85,-2750.44,133.562
6474.07,-2752.24,131.761
6478.28,-2754.04,129.95
6482.5,-2755.84,128.139
6486.71,-2757.64,126.329
6490.93,-2759.44,124.517
6495.14,-2761.24,122.704
6499.36,-2763.04,120.892
6503.57,-2764.84,119.078
6508.29,-2766.64,117.047
6512.67,-2768.44,115.152
6516.88,-2770.24,113.332
6521.1,-2772.04,111.511
6525.35,-2773.84,109.742
6529.57,-2775.64,107.983
6533.78,-2777.44,106.228
6537.99,-2779.24,104.474
6542.21,-2781.04,102.702
6546.43,-2782.84,100.932
6550.65,-2784.64,99.1611
6554.86,-2786.44,97.3203
6559.07,-2788.24,95.4782
6563.29,-2790.04,93.6351
6567.51,-2791.84,91.8152
6571.72,-2793.64,89.993
6575.94,-2795.44,88.1732
6580.15,-2797.24,86.3526
6584.37,-2799.04,84.5677
6588.58,-2800.84,82.783
6592.8,-2802.64,80.9965
6597.02,-2804.44,79.2126
6601.24,-2806.24,77.4212
6605.45,-2808.04,75.632
6609.66,-2809.84,73.8419
6613.88,-2811.64,72.0381
6618.09,-2813.44,70.2357
6622.31,-2815.24,68.4322
6626.55,-2817.04,66.6175
6630.79,-2818.84,64.8081
6635,-2820.64,63.0056
6639.21,-2822.44,61.2027
6643.43,-2824.24,59.4075
6647.65,-2826.04,57.6134
6651.87,-2827.84,55.8187
6656.08,-2829.64,54.0258
6660.29,-2831.44,52.2188
6664.51,-2833.24,50.4096
6668.72,-2835.04,48.603
6672.94,-2836.84,46.7942
6677.16,-2838.64,44.9763
6681.37,-2840.44,43.157
6685.59,-2842.24,41.3405
6689.8,-2844.04,39.5305
6694.02,-2845.84,37.7197
6698.23,-2847.64,35.9108
6702.45,-2849.44,34.1057
6706.67,-2851.24,32.3016
6710.88,-2853.04,30.4964
6715.1,-2854.84,28.6934
6719.31,-2856.64,26.8942
6723.53,-2858.44,25.0922
6727.78,-2860.24,23.2783
6732,-2862.04,21.4763
6736.21,-2863.84,19.6771
6740.47,-2865.65,17.8601
6744.68,-2867.45,16.0617
6748.89,-2869.25,14.264
6753.11,-2871.05,12.4659
6757.32,-2872.85,10.6711
6761.54,-2874.65,8.87662
6765.75,-2876.45,7.08332
6769.96,-2878.25,5.29712
6774.18,-2880.05,3.52939
6778.43,-2881.85,1.81913
6782.65,-2883.65,0.9346
6786.88,-2885.45,2.25001
6791.2,-2887.25,4.02376
6795.47,-2889.05,5.84564
6799.69,-2890.85,7.65543
6803.99,-2892.65,9.49841
6808.5,-2894.45,11.4429
6812.95,-2896.25,13.3723
6817.26,-2898.05,15.2373
6821.49,-2899.85,17.0653
6825.7,-2901.65,18.8648
6829.97,-2903.45,20.6886
6834.2,-2905.25,22.4914
6838.42,-2907.05,24.296
6842.64,-2908.85,26.1011
6846.85,-2910.65,27.9031
6851.07,-2912.45,29.7066
6855.28,-2914.25,31.5017
6859.5,-2916.05,33.297
6863.71,-2917.85,35.0942
6867.93,-2919.65,36.8779
6872.15,-2921.45,38.6645
6876.36,-2923.25,40.4485
6880.58,-2925.05,42.2335
6884.79,-2926.85,43.9991
6889,-2928.65,45.7654
6893.22,-2930.45,47.5337
6897.44,-2932.25,49.3005
6901.66,-2934.05,51.0494
6905.87,-2935.85,52.7953
6910.08,-2937.65,54.5415
6914.3,-2939.45,56.2693
6918.51,-2941.25,57.9946
6922.73,-2943.05,59.7219
6926.94,-2944.85,61.449
6931.2,-2946.65,63.1845
6935.42,-2948.45,64.902
6939.63,-2950.25,66.6196
6943.85,-2952.05,68.3493
6948.07,-2953.85,70.0765
6952.29,-2955.65,71.8058
6956.5,-2957.45,73.5333
6960.72,-2959.25,75.3059
6964.93,-2961.05,77.0753
6969.14,-2962.85,78.8459
6973.36,-2964.65,80.667
6977.58,-2966.45,82.4861
6981.79,-2968.25,84.3072
6986,-2970.05,86.1255
6990.22,-2971.85,87.9457
6994.44,-2973.65,89.7685
6998.65,-2975.45,91.5895
7002.87,-2977.25,93.3806
7007.08,-2979.05,95.17
7011.3,-2980.85,96.9615
7015.51,-2982.65,98.7505
7019.72,-2984.45,100.516
7023.95,-2986.25,102.285
7028.2,-2988.05,104.066
7032.44,-2989.85,105.846
7036.66,-2991.65,107.629
7040.88,-2993.45,109.414
7045.09,-2995.25,111.196
7049.3,-2997.05,112.999
7053.52,-2998.85,114.803
7057.73,-3000.65,116.605
7061.95,-3002.45,118.409
7066.16,-3004.25,120.224
7070.37,-3006.05,122.04
7074.59,-3007.85,123.858
7078.8,-3009.65,125.67
7083.02,-3011.45,127.483
7087.23,-3013.25,129.295
7091.45,-3015.05,131.109
7095.66,-3016.85,132.909
7099.88,-3018.65,134.711
7104.1,-3020.45,136.514
7108.31,-3022.25,138.308
7112.53,-3024.05,140.105
7116.74,-3025.85,141.9
7120.96,-3027.65,143.697
7125.17,-3029.45,145.496
7129.42,-3031.25,147.307
7133.66,-3033.05,149.12
7137.88,-3034.85,150.925
7142.1,-3036.65,152.732
7146.32,-3038.45,154.538
7150.59,-3040.25,156.369
7154.81,-3042.05,158.167
7159.02,-3043.85,159.965
7163.24,-3045.65,161.765
7167.45,-3047.45,163.563
7171.67,-3049.25,165.377
7175.89,-3051.05,167.19
7180.1,-3052.85,169.003
7184.31,-3054.65,170.84
7188.53,-3056.45,172.676
7192.74,-3058.25,174.514
7196.96,-3060.05,176.349
7201.18,-3061.85,178.181
7205.39,-3063.65,180.011
7209.6,-3065.45,181.841
7213.82,-3067.25,183.66
7218.03,-3069.05,185.477
7222.24,-3070.85,187.296
7226.46,-3072.65,189.114
7230.71,-3074.45,190.94
7234.94,-3076.25,192.763
7239.16,-3078.05,194.576
7243.38,-3079.85,196.379
7247.59,-3081.65,198.179
7251.81,-3083.45,199.981
7256.02,-3085.25,201.781
7260.23,-3087.05,203.57
7264.45,-3088.85,205.362
7268.67,-3090.65,207.152
7272.88,-3092.45,208.943
7277.1,-3094.25,210.748
7281.31,-3096.05,212.553
7285.52,-3097.85,214.357
7289.74,-3099.65,216.166
7293.95,-3101.45,217.977
7298.17,-3103.25,219.787
7302.39,-3105.05,221.598
7306.6,-3106.85,223.424
7310.82,-3108.65,225.251
7315.03,-3110.45,227.074
7319.24,-3112.25,228.908
7323.46,-3114.05,230.742
7327.68,-3115.85,232.576
7331.92,-3117.65,234.423
7336.16,-3119.45,236.268
7340.38,-3121.25,238.102
7344.6,-3123.05,239.939
7348.81,-3124.85,241.773
7353.03,-3126.65,243.599
7357.24,-3128.45,245.424
7361.46,-3130.25,247.25
7365.67,-3132.05,249.07
7369.89,-3133.85,250.891
7374.11,-3135.65,252.715
7378.33,-3137.45,254.542
7382.54,-3139.25,256.369
7386.76,-3141.05,258.194
7390.98,-3142.85,260.022
7395.19,-3144.65,261.841
7399.4,-3146.45,263.663
7403.62,-3148.25,265.485
7407.84,-3150.05,267.307
7412.06,-3151.85,269.122
7416.27,-3153.65,270.937
7420.49,-3155.45,272.753
7424.71,-3157.25,274.547
7428.95,-3159.05,276.354
7433.17,-3160.85,278.151
7437.41,-3162.65,279.957
7441.63,-3164.45,281.756
7445.84,-3166.25,283.552
7450.05,-3168.05,285.348
7454.27,-3169.85,287.153
7458.49,-3171.65,288.957
7462.71,-3173.45,290.762
7466.92,-3175.25,292.566
7471.14,-3177.05,294.381
7475.35,-3178.85,296.195
7479.56,-3180.65,298.008
7483.78,-3182.45,299.823
7488,-3184.25,301.637
7492.21,-3186.05,303.452
7496.43,-3187.85,305.265
7500.65,-3189.65,307.071
7504.86,-3191.45,308.874
7509.07,-3193.25,310.679
7513.29,-3195.05,312.479
7517.5,-3196.85,314.278
7521.72,-3198.65,316.078
7525.93,-3200.45,317.877
7530.18,-3202.25,319.683
7534.4,-3204.05,321.479
7538.64,-3205.85,323.283
7542.86,-3207.65,325.078
7547.07,-3209.45,326.864
7551.29,-3211.25,328.65
7555.5,-3213.05,330.434
7559.72,-3214.85,332.212
7563.93,-3216.65,333.992
7568.15,-3218.45,335.771
7572.37,-3220.25,337.551
7576.58,-3222.05,339.337
7580.8,-3223.85,341.124
7585.01,-3225.65,342.909
7589.22,-3227.45,344.694
7593.44,-3229.25,346.49
7597.65,-3231.05,348.282
7601.87,-3232.85,350.075
7606.08,-3234.66,351.872
7610.3,-3236.46,353.668
7614.52,-3238.26,355.457
7618.73,-3240.06,357.227
7622.99,-3241.86,358.88
7627.2,-3243.66,358.788
7631.48,-3245.46,357.107
7635.81,-3247.26,355.287
7640.13,-3249.06,353.443
7644.36,-3250.86,351.634
7648.66,-3252.66,349.801
7653.25,-3254.46,347.848
7657.72,-3256.26,345.934
7662.02,-3258.06,344.092
7666.3,-3259.86,342.309
7670.52,-3261.66,340.496
7674.74,-3263.46,338.714
7678.95,-3265.26,336.93
7683.17,-3267.06,335.16
7687.39,-3268.86,333.393
7691.61,-3270.66,331.622
7695.82,-3272.46,329.855
7700.03,-3274.26,328.085
7704.25,-3276.06,326.315
7708.47,-3277.86,324.536
7712.69,-3279.66,322.754
7716.9,-3281.46,320.975
7721.12,-3283.26,319.194
7725.34,-3285.06,317.408
7729.59,-3286.86,315.607
7733.81,-3288.66,313.818
7738.06,-3290.46,312.016
7742.28,-3292.26,310.229
7746.5,-3294.06,308.444
7750.71,-3295.86,306.657
7754.93,-3297.66,304.886
7759.14,-3299.46,303.113
7763.36,-3301.26,301.339
7767.57,-3303.06,299.566
7771.79,-3304.86,297.795
7776.01,-3306.66,296.027
7780.22,-3308.46,294.257
7784.44,-3310.26,292.484
7788.65,-3312.06,290.712
7792.87,-3313.86,288.938
7797.09,-3315.66,287.166
7801.31,-3317.46,285.383
7805.52,-3319.26,283.603
7809.73,-3321.06,281.822
7813.95,-3322.86,280.039
7818.16,-3324.66,278.254
7822.38,-3326.46,276.467
7826.6,-3328.26,274.679
7830.85,-3330.06,272.872
7835.06,-3331.86,271.079
7839.3,-3333.66,269.276
7843.52,-3335.46,267.486
7847.74,-3337.26,265.698
7852,-3339.06,263.892
7856.21,-3340.86,262.108
7860.47,-3342.66,260.3
7864.68,-3344.46,258.514
7868.9,-3346.26,256.727
7873.12,-3348.06,254.939
7877.33,-3349.86,253.149
7881.55,-3351.66,251.358
7885.76,-3353.46,249.571
7889.98,-3355.26,247.765
7894.19,-3357.06,245.957
7898.41,-3358.86,244.149
7902.63,-3360.66,242.341
7906.85,-3362.46,240.532
7911.06,-3364.26,238.721
7915.28,-3366.06,236.913
7919.49,-3367.86,235.12
7923.71,-3369.66,233.326
7927.92,-3371.46,231.531
7932.17,-3373.26,229.724
7936.39,-3375.06,227.94
7940.63,-3376.86,226.145
7944.84,-3378.66,224.362
7949.06,-3380.46,222.583
7953.28,-3382.26,220.803
7957.49,-3384.06,219.025
7961.71,-3385.86,217.245
7965.92,-3387.66,215.456
7970.14,-3389.46,213.666
7974.35,-3391.26,211.874
7978.57,-3393.06,210.061
7982.78,-3394.86,208.246
7987,-3396.66,206.432
7991.22,-3398.46,204.617
7995.43,-3400.26,202.794
7999.64,-3402.06,200.97
8003.86,-3403.86,199.145
8008.48,-3405.66,197.149
8012.86,-3407.46,195.244
8017.1,-3409.26,193.408
8021.31,-3411.06,191.581
8025.54,-3412.86,189.848
8029.76,-3414.66,188.117
8033.98,-3416.46,186.386
8038.2,-3418.26,184.657
8042.46,-3420.06,182.872
8046.67,-3421.86,181.106
8050.89,-3423.66,179.337
8055.1,-3425.46,177.504
8059.32,-3427.26,175.67
8063.53,-3429.06,173.835
8067.75,-3430.86,172.002
8071.96,-3432.66,170.199
8076.17,-3434.46,168.398
8080.41,-3436.26,166.584
8084.63,-3438.06,164.795
8088.85,-3439.86,163.007
8093.07,-3441.66,161.217
8097.28,-3443.46,159.43
8101.5,-3445.26,157.61
8105.71,-3447.06,155.793
8109.92,-3448.86,153.976
8114.15,-3450.66,152.121
8118.37,-3452.46,150.271
8122.59,-3454.26,148.421
8126.8,-3456.06,146.575
8131.03,-3457.86,144.739
8135.24,-3459.66,142.907
8139.45,-3461.46,141.075
8143.67,-3463.26,139.243
8147.89,-3465.06,137.413
8152.1,-3466.86,135.582
8156.32,-3468.66,133.751
8160.54,-3470.46,131.922
8164.75,-3472.26,130.095
8168.96,-3474.06,128.269
8173.4,-3475.86,126.365
8177.62,-3477.66,124.559
8181.84,-3479.46,122.751
8186.05,-3481.26,120.945
8190.27,-3483.06,119.184
8194.48,-3484.86,117.421
8198.7,-3486.66,115.659
8202.92,-3488.46,113.897
8207.13,-3490.26,112.092
8211.35,-3492.06,110.283
8215.56,-3493.86,108.479
8219.78,-3495.66,106.658
8224,-3497.46,104.834
8228.21,-3499.26,103.013
8232.43,-3501.06,101.189
8236.64,-3502.86,99.3793
8240.86,-3504.66,97.5665
8245.1,-3506.46,95.7441
8249.32,-3508.26,93.9338
8253.54,-3510.06,92.1099
8257.75,-3511.86,90.2882
8261.97,-3513.66,88.4651
8266.25,-3515.46,86.6395
8270.48,-3517.26,84.8184
8274.69,-3519.06,83.0119
8278.91,-3520.86,81.2039
8283.12,-3522.66,79.3973
8287.34,-3524.46,77.5915
8291.56,-3526.26,75.7849
8295.77,-3528.06,73.9818
8299.99,-3529.86,72.1779
8304.21,-3531.66,70.3723
8308.42,-3533.46,68.5693
8312.64,-3535.26,66.7579
8316.85,-3537.06,64.9478
8321.07,-3538.86,63.136
8325.48,-3540.66,61.2561
8329.69,-3542.46,59.4563
8333.91,-3544.26,57.6543
8338.12,-3546.06,55.8557
8342.34,-3547.86,54.0842
8346.58,-3549.66,52.3024
8350.8,-3551.46,50.53
8355.01,-3553.26,48.7541
8359.23,-3555.06,46.9781
8363.45,-3556.86,45.2009
8367.66,-3558.66,43.4262
8371.88,-3560.46,41.6189
8376.09,-3562.26,39.814
8380.3,-3564.06,38.0095
8384.52,-3565.86,36.2017
8388.74,-3567.66,34.3947
8392.95,-3569.46,32.5873
8397.17,-3571.26,30.7808
8401.38,-3573.06,28.9781
8405.6,-3574.86,27.1771
8409.81,-3576.66,25.3763
8414.15,-3578.46,23.52
8418.37,-3580.26,21.7161
8422.59,-3582.06,19.9131
8426.8,-3583.86,18.1132
8431.03,-3585.66,16.3225
8435.24,-3587.46,14.5354
8439.45,-3589.26,12.7489
8443.67,-3591.06,10.9615
8447.91,-3592.86,9.16976
8452.13,-3594.66,7.38876
8456.34,-3596.46,5.61275
8460.56,-3598.26,3.84285
8464.77,-3600.06,2.11221
8469.01,-3601.86,0.742301
8473.4,-3603.67,1.84052
8477.64,-3605.47,3.56931
8481.97,-3607.27,5.39481
8486.23,-3609.07,7.19967
8490.51,-3610.87,9.00883
8494.83,-3612.67,10.8244
8499.42,-3614.47,12.7656
8503.88,-3616.27,14.6619
8508.15,-3618.07,16.4734
8512.38,-3619.87,18.2597
8516.59,-3621.67,20.0417
8520.86,-3623.47,21.8197
8525.07,-3625.27,23.5771
8529.29,-3627.07,25.3351
8533.51,-3628.87,27.0955
8537.72,-3630.67,28.8581
8541.94,-3632.47,30.6236
8546.19,-3634.27,32.4019
8550.56,-3636.07,34.2404
8554.78,-3637.87,36.014
8558.99,-3639.67,37.7886
8563.21,-3641.47,39.564
8567.43,-3643.27,41.3394
8571.65,-3645.07,43.1177
8575.86,-3646.87,44.8924
8580.07,-3648.67,46.6734
8584.29,-3650.47,48.4554
8588.51,-3652.27,50.2349
8592.72,-3654.07,52.0165
8596.94,-3655.87,53.7991
8601.16,-3657.67,55.585
8605.37,-3659.47,57.3672
8609.58,-3661.27,59.1485
8613.8,-3663.07,60.9324
8618.02,-3664.87,62.7122
8622.23,-3666.67,64.4952
8626.45,-3668.47,66.2744
8630.67,-3670.27,68.0576
8634.88,-3672.07,69.8368
8639.1,-3673.87,71.6156
8643.31,-3675.67,73.4049
8647.55,-3677.47,75.2034
8651.77,-3679.27,76.9932
8655.99,-3681.07,78.7858
8660.2,-3682.87,80.5801
8664.42,-3684.67,82.3752
8668.78,-3686.47,84.2299
8673,-3688.27,86.026
8677.21,-3690.07,87.8209
8681.43,-3691.87,89.6166
8685.64,-3693.67,91.3935
8689.86,-3695.47,93.1725
8694.08,-3697.27,94.9523
8698.29,-3699.07,96.7305
8702.51,-3700.87,98.5158
8706.72,-3702.67,100.299
8710.94,-3704.47,102.083
8715.15,-3706.27,103.874
8719.37,-3708.07,105.666
8723.58,-3709.87,107.46
8727.8,-3711.67,109.25
8732.02,-3713.47,111.047
8736.26,-3715.27,112.84
8740.48,-3717.07,114.647
8744.69,-3718.87,116.432
8748.93,-3720.67,118.229
8753.15,-3722.47,120.016
8757.36,-3724.27,121.803
8761.6,-3726.07,123.593
8765.81,-3727.87,125.374
8770.03,-3729.67,127.156
8774.24,-3731.47,128.939
8778.46,-3733.27,130.732
8782.68,-3735.07,132.528
8786.89,-3736.87,134.321
8791.11,-3738.67,136.136
8795.32,-3740.47,137.949
8799.54,-3742.27,139.761
8803.75,-3744.07,141.581
8807.97,-3745.87,143.4
8812.19,-3747.67,145.22
8816.4,-3749.47,147.037
8820.62,-3751.27,148.845
8824.83,-3753.07,150.651
8829.04,-3754.87,152.456
8833.27,-3756.67,154.264
8837.48,-3758.47,156.066
8841.7,-3760.27,157.869
8845.91,-3762.07,159.669
8850.15,-3763.87,161.475
8854.37,-3765.67,163.274
8858.59,-3767.47,165.07
8862.8,-3769.27,166.867
8867.02,-3771.07,168.654
8871.24,-3772.87,170.441
8875.45,-3774.67,172.226
8879.66,-3776.47,174.016
8883.88,-3778.27,175.808
8888.09,-3780.07,177.598
8892.31,-3781.87,179.389
8896.52,-3783.67,181.197
8900.74,-3785.47,183.008
8904.95,-3787.27,184.815
8909.17,-3789.07,186.622
8913.38,-3790.87,188.451
8917.6,-3792.67,190.278
8921.81,-3794.47,192.107
8926.03,-3796.27,193.945
8930.24,-3798.07,195.784
8934.46,-3799.87,197.626
8938.67,-3801.67,199.466
8942.89,-3803.47,201.308
8947.11,-3805.27,203.149
8951.35,-3807.07,205.001
8955.56,-3808.87,206.825
8959.78,-3810.67,208.648
8964,-3812.47,210.472
8968.21,-3814.27,212.296
8972.43,-3816.07,214.099
8976.64,-3817.87,215.902
8980.86,-3819.67,217.706
8985.07,-3821.47,219.507
8989.29,-3823.27,221.309
8993.52,-3825.07,223.116
9013.58,-3826.87,231.656
9018.2,-3828.67,232.892
9022.66,-3830.47,234.084
9027.1,-3832.27,235.267
9031.65,-3834.07,236.14
9036.1,-3835.87,236.992
9040.64,-3837.67,237.862
9045.1,-3839.47,239.121
9049.6,-3841.27,240.385
9054.08,-3843.07,241.646
9058.63,-3844.87,242.933
9063.15,-3846.67,244.739
9067.61,-3848.47,246.51
9072.02,-3850.27,248.285
9076.33,-3852.07,250.128
9080.59,-3853.87,251.938
9084.81,-3855.67,253.747
9089.04,-3857.47,255.556
9093.28,-3859.27,257.292
9097.51,-3861.07,259.032
9101.75,-3862.87,260.774
9105.99,-3864.67,262.626
9110.22,-3866.47,264.471
9114.45,-3868.27,266.317
9118.81,-3870.07,268.174
9123.05,-3871.87,269.979
9127.28,-3873.67,271.777
9131.51,-3875.47,273.579
9135.74,-3877.27,275.335
9139.98,-3879.07,277.094
9144.2,-3880.87,278.849
9148.43,-3882.67,280.604
9152.73,-3884.47,282.44
9156.96,-3886.27,284.243
9161.2,-3888.07,286.045
9165.42,-3889.87,287.876
9169.68,-3891.67,289.719
9173.91,-3893.47,291.547
9178.15,-3895.27,293.38
9182.64,-3897.07,295.279
9186.88,-3898.87,297.075
9191.1,-3900.67,298.862
9195.31,-3902.47,300.649
9199.58,-3904.27,302.454
9203.81,-3906.07,304.257
9208.04,-3907.87,306.049
9212.26,-3909.67,307.835
9216.49,-3911.47,309.63
9220.73,-3913.27,311.425
9224.95,-3915.07,313.233
9229.18,-3916.87,315.043
9233.41,-3918.67,316.859
9237.66,-3920.47,318.68
9241.91,-3922.27,320.478
9246.14,-3924.07,322.273
9250.37,-3925.87,324.063
9254.94,-3927.67,325.988
9259.18,-3929.47,327.773
9263.41,-3931.27,329.552
9267.71,-3933.07,331.363
9271.94,-3934.87,333.124
9276.16,-3936.67,334.883
9280.38,-3938.47,336.64
9284.63,-3940.27,338.408
9288.87,-3942.07,340.163
9293.09,-3943.87,341.915
9297.33,-3945.67,343.665
9301.56,-3947.47,345.481
9305.81,-3949.27,347.299
9310.03,-3951.07,349.104
9314.27,-3952.87,350.931
9318.49,-3954.67,352.75
9322.74,-3956.47,354.575
9326.96,-3958.27,356.379
9331.18,-3960.07,358.135
9335.51,-3961.87,359.41
9339.75,-3963.67,358.028
9344.01,-3965.47,356.255
9348.93,-3967.27,354.196
9353.18,-3969.07,352.407
9357.49,-3970.88,350.591
9361.99,-3972.68,348.762
9366.54,-3974.48,346.889
9370.94,-3976.28,345.08
9375.17,-3978.08,343.361
9379.4,-3979.88,341.646
9383.66,-3981.68,339.917
9387.89,-3983.48,338.204
9392.12,-3985.28,336.49
9396.35,-3987.08,334.776
9400.59,-3988.88,333.055
9404.81,-3990.68,331.346
9409.37,-3992.48,329.454
9413.61,-3994.28,327.695
9417.84,-3996.08,325.943
9422.37,-3997.88,324.028
9426.6,-3999.68,322.237
9430.83,-4001.48,320.45
9435.05,-4003.28,318.663
9439.62,-4005.08,316.72
9443.85,-4006.88,314.919
9448.07,-4008.68,313.124
9452.63,-4010.48,311.213
9456.9,-4012.28,309.424
9461.13,-4014.08,307.652
9465.36,-4015.88,305.902
9469.6,-4017.68,304.147
9473.82,-4019.48,302.397
9478.04,-4021.28,300.649
9482.28,-4023.08,298.91
9486.5,-4024.88,297.177
9490.74,-4026.68,295.437
9494.96,-4028.48,293.677
9499.19,-4030.28,291.915
9503.42,-4032.08,290.148
9507.71,-4033.88,288.368
9512.09,-4035.68,286.502
9516.38,-4037.48,284.657
9520.62,-4039.28,282.845
9524.94,-4041.08,281.014
9529.18,-4042.88,279.216
9533.42,-4044.68,277.421
9537.67,-4046.48,275.615
9542.13,-4048.28,273.757
9546.37,-4050.08,271.989
9550.61,-4051.88,270.221
9555.16,-4053.68,268.334
9559.45,-4055.48,266.558
9563.68,-4057.28,264.797
9567.92,-4059.08,263.038
9572.4,-4060.88,261.196
9576.66,-4062.68,259.446
9580.89,-4064.48,257.708
9585.42,-4066.28,255.826
9589.68,-4068.08,254.061
9593.92,-4069.88,252.3
9598.16,-4071.68,250.541
9602.39,-4073.48,248.795
9606.63,-4075.28,247.043
9610.86,-4077.08,245.297
9615.08,-4078.88,243.526
9619.3,-4080.68,241.754
9623.55,-4082.48,239.973
9627.79,-4084.28,238.196
9632.03,-4086.08,236.379
9636.26,-4087.88,234.566
9640.49,-4089.68,232.755
9644.71,-4091.48,230.949
9648.94,-4093.28,229.152
9653.16,-4095.08,227.352
9657.45,-4096.88,225.534
9661.87,-4098.68,223.645
9666.11,-4100.48,221.84
9670.33,-4102.28,220.041
9674.89,-4104.08,218.241
9679.12,-4105.88,216.315
9683.36,-4107.68,214.523
9687.59,-4109.48,212.734
9691.82,-4111.28,210.998
9696.03,-4113.08,209.263
9700.26,-4114.88,207.519
9704.49,-4116.68,205.78
9708.72,-4118.48,203.984
9712.95,-4120.28,202.192
9717.17,-4122.08,200.401
9721.41,-4123.88,198.575
9725.65,-4125.68,196.743
9729.89,-4127.48,194.916
9734.13,-4129.27,193.086
9738.36,-4131.07,191.299
9742.6,-4132.87,189.505
9746.82,-4134.67,187.72
9751.06,-4136.47,185.938
9755.28,-4138.27,184.164
9759.58,-4140.07,182.364
9763.8,-4141.87,180.584
9768.03,-4143.67,178.763
9772.26,-4145.47,176.943
9776.49,-4147.27,175.122
9780.79,-4149.07,173.253
9785.01,-4150.87,171.42
9789.24,-4152.67,169.588
9793.47,-4154.47,167.749
9797.71,-4156.27,165.923
9801.94,-4158.07,164.089
9806.17,-4159.87,162.256
9810.42,-4161.67,160.416
9814.68,-4163.47,158.572
9818.91,-4165.27,156.74
9823.14,-4167.07,154.911
9827.38,-4168.87,153.096
9831.62,-4170.67,151.279
9835.85,-4172.47,149.465
9840.07,-4174.27,147.673
9844.31,-4176.07,145.874
9848.54,-4177.87,144.075
9852.79,-4179.67,142.272
9857.25,-4181.47,140.377
9861.52,-4183.27,138.564
9865.76,-4185.07,136.766
9869.99,-4186.87,134.969
9874.21,-4188.67,133.2
9878.45,-4190.47,131.431
9882.68,-4192.27,129.652
9886.92,-4194.07,127.861
9891.15,-4195.87,126.07
9895.37,-4197.67,124.282
9899.61,-4199.47,122.49
9903.84,-4201.27,120.656
9908.07,-4203.07,118.827
9912.31,-4204.87,116.989
9916.54,-4206.67,115.164
9920.79,-4208.47,113.335
9925.01,-4210.27,111.516
9929.24,-4212.07,109.695
9933.48,-4213.87,107.864
9937.71,-4215.67,106.041
9941.92,-4217.47,104.222
9946.14,-4219.27,102.401
9950.36,-4221.06,100.578
9954.6,-4222.86,98.7473
9958.82,-4224.66,96.9242
9963.15,-4226.46,95.0542
9967.39,-4228.26,93.2251
9971.69,-4230.06,91.3674
9975.91,-4231.86,89.5766
9980.15,-4233.66,87.7792
9984.38,-4235.46,85.9859
9988.62,-4237.26,84.1873
9992.85,-4239.06,82.4271
9997.08,-4240.86,80.6645
10001.3,-4242.66,78.9052
10005.5,-4244.46,77.0913
10009.8,-4246.26,75.2757
10014,-4248.06,73.4597
10018.2,-4249.86,71.6521
10022.5,-4251.66,69.8432
10026.7,-4253.46,68.0418
10030.9,-4255.26,66.2353
10035.4,-4257.06,64.3313
10039.7,-4258.86,62.5235
10043.9,-4260.66,60.7289
10048.1,-4262.46,58.9307
10052.6,-4264.26,57.0468
10056.9,-4266.06,55.2721
10061.1,-4267.86,53.4901
10065.7,-4269.66,51.5788
10069.9,-4271.46,49.8002
10074.1,-4273.26,48.0246
10078.4,-4275.06,46.2453
10082.9,-4276.86,44.3903
10087.1,-4278.66,42.6444
10091.3,-4280.46,40.9057
10095.6,-4282.26,39.1715
10100.1,-4284.06,37.2653
10104.4,-4285.86,35.4946
10108.6,-4287.66,33.7263
10113.1,-4289.46,31.853
10117.3,-4291.26,30.1076
10121.6,-4293.06,28.3607
10125.8,-4294.86,26.6021
10130,-4296.66,24.8425
10134.3,-4298.46,23.086
10138.5,-4300.26,21.3329
10142.7,-4302.06,19.5606
10146.9,-4303.86,17.7893
10151.2,-4305.66,16.0177
10155.4,-4307.46,14.2007
10159.6,-4309.26,12.3767
10163.9,-4311.06,10.5471
10168.1,-4312.85,8.73112
10172.4,-4314.65,6.90415
10176.6,-4316.45,5.1015
10180.8,-4318.25,3.31128
10185,-4320.05,1.56469
10189.7,-4321.85,0.769227
10193.9,-4323.65,2.37755
10198.2,-4325.45,4.14679
10202.8,-4327.25,6.03674
10207.1,-4329.05,7.81401
10211.3,-4330.85,9.55877
10216.2,-4332.65,11.5035
10220.8,-4334.45,13.3985
10225.2,-4336.25,15.1777
10229.4,-4338.05,16.9027
10233.7,-4339.85,18.6075
10237.9,-4341.65,20.2909
10242.2,-4343.45,21.9807
10246.4,-4345.25,23.6675
10250.6,-4347.05,25.3578
10254.8,-4348.85,27.0389
10259,-4350.65,28.7289
10263.3,-4352.45,30.5252
10267.6,-4354.25,32.3145
10271.8,-4356.05,34.1064
10276.2,-4357.85,36.0186
10280.4,-4359.65,37.8854
10284.7,-4361.45,39.7476
10288.9,-4363.25,41.6039
10293.4,-4365.05,43.5268
10297.6,-4366.85,45.3583
10301.8,-4368.65,47.181
10306.1,-4370.45,48.958
10310.3,-4372.25,50.7421
10314.5,-4374.05,52.5307
10318.8,-4375.85,54.3148
10323,-4377.65,56.0592
10327.2,-4379.45,57.8007
10331.5,-4381.25,59.5484
10335.7,-4383.05,61.3083
10339.9,-4384.85,63.0686
10344.1,-4386.65,64.8338
10348.4,-4388.45,66.595
10352.6,-4390.25,68.4075
10356.9,-4392.05,70.2164
10361.1,-4393.85,72.0164
10365.7,-4395.65,73.9825
10369.9,-4397.45,75.8017
10374.2,-4399.25,77.613
10378.4,-4401.05,79.4318
10382.9,-4402.85,81.2819
10387.1,-4404.65,83.0332
10391.3,-4406.44,84.7861
10395.5,-4408.24,86.5402
10400.1,-4410.04,88.3997
10404.3,-4411.84,90.1274
10408.6,-4413.64,91.8481
10413.1,-4415.44,93.7067
10417.3,-4417.24,95.431
10421.6,-4419.04,97.1565
10425.8,-4420.84,98.9475
10430,-4422.64,100.741
10434.3,-4424.44,102.53
10438.5,-4426.24,104.314
10442.7,-4428.04,106.108
10446.9,-4429.84,107.908
10451.2,-4431.64,109.707
10455.4,-4433.44,111.519
10459.6,-4435.24,113.338
10463.8,-4437.04,115.151
10468.1,-4438.84,116.975
10472.3,-4440.64,118.768
10476.5,-4442.44,120.569
10480.8,-4444.24,122.377
10485,-4446.04,124.169
10489.6,-4447.84,126.091
10493.8,-4449.64,127.867
10498.1,-4451.44,129.647
10502.6,-4453.24,131.513
10506.8,-4455.04,133.242
10511.1,-4456.84,134.972
10515.3,-4458.64,136.699
10519.8,-4460.44,138.585
10524.1,-4462.24,140.329
10528.3,-4464.04,142.078
10532.5,-4465.84,143.841
10536.8,-4467.64,145.601
10541,-4469.44,147.363
10545.2,-4471.24,149.114
10549.5,-4473.04,150.94
10553.7,-4474.84,152.765
10558,-4476.64,154.585
10562.2,-4478.44,156.417
10566.5,-4480.24,158.262
10570.7,-4482.04,160.1
10574.9,-4483.84,161.935
10579.1,-4485.64,163.728
10583.4,-4487.44,165.524
10587.6,-4489.24,167.321
10591.8,-4491.04,169.101
10596,-4492.84,170.881
10600.3,-4494.64,172.665
10604.5,-4496.44,174.445
10608.7,-4498.23,176.249
10613,-4500.03,178.05
10617.2,-4501.83,179.847
10621.6,-4503.63,181.707
10625.8,-4505.43,183.511
10630,-4507.23,185.306
10634.3,-4509.03,187.109
10638.5,-4510.83,188.889
10642.7,-4512.63,190.679
10647,-4514.43,192.456
10651.2,-4516.23,194.274
10655.4,-4518.03,196.091
10659.6,-4519.83,197.913
10663.9,-4521.63,199.732
10668.1,-4523.43,201.581
10672.3,-4525.23,203.433
10676.5,-4527.03,205.291
10680.9,-4528.83,207.161
10685.1,-4530.63,208.992
10689.3,-4532.43,210.82
10693.5,-4534.23,212.662
10698,-4536.03,214.555
10702.2,-4537.83,216.358
10706.5,-4539.63,218.159
10711,-4541.43,220.083
10715.2,-4543.23,221.868
10719.5,-4545.03,223.657
10723.7,-4546.83,225.441
10728.2,-4548.63,227.298
10732.5,-4550.43,229.035
10736.7,-4552.23,230.769
10741.3,-4554.03,232.498
10745.5,-4555.83,234.417
10749.7,-4557.63,236.203
10754,-4559.43,237.982
10758.5,-4561.23,239.873
10762.8,-4563.03,241.623
10767.1,-4564.83,243.398
10771.6,-4566.63,245.29
10775.8,-4568.43,247.089
10780,-4570.23,248.876
10784.3,-4572.03,250.671
10788.5,-4573.83,252.428
10792.7,-4575.63,254.194
10797,-4577.43,255.951
10801.2,-4579.23,257.797
10805.4,-4581.03,259.641
10809.6,-4582.83,261.493
10813.9,-4584.63,263.339
10818.1,-4586.43,265.168
10822.3,-4588.23,267
10826.5,-4590.02,268.837
10830.8,-4591.82,270.675
10835,-4593.62,272.47
10839.2,-4595.42,274.266
10843.5,-4597.22,276.067
10848,-4599.02,277.985
10852.2,-4600.82,279.781
10856.5,-4602.62,281.575
10861,-4604.42,283.477
10865.2,-4606.22,285.241
10869.5,-4608.02,287.017
10873.7,-4609.82,288.79
10878.4,-4611.62,290.666
10882.6,-4613.42,292.384
10886.8,-4615.22,294.091
10891.4,-4617.02,295.801
10895.6,-4618.82,297.712
10899.9,-4620.62,299.481
10904.1,-4622.42,301.25
10908.6,-4624.22,303.124
10912.9,-4626.02,304.871
10917.1,-4627.82,306.611
10921.7,-4629.62,308.541
10925.9,-4631.42,310.327
10930.1,-4633.22,312.114
10934.3,-4635.02,313.9
10938.6,-4636.82,315.635
10942.8,-4638.62,317.372
10947,-4640.42,319.109
10951.3,-4642.22,320.843
10955.5,-4644.02,322.634
10959.7,-4645.82,324.422
10963.9,-4647.62,326.209
10968.2,-4649.42,328.036
10972.4,-4651.22,329.857
10976.7,-4653.02,331.682
10980.9,-4654.82,333.476
10985.1,-4656.62,335.258
10989.4,-4658.42,337.04
10993.6,-4660.22,338.828
10998.1,-4662.02,340.723
11002.4,-4663.82,342.499
11006.6,-4665.62,344.273
11010.9,-4667.42,346.057
11015.2,-4669.22,347.875
11019.4,-4671.02,349.653
11023.7,-4672.82,351.437
11027.9,-4674.62,353.177
11032.1,-4676.42,354.915
11036.3,-4678.22,356.63
11040.6,-4680.02,358.272
11044.9,-4681.81,359.098
11049.1,-4683.61,357.713
11053.4,-4685.41,355.983
11057.8,-4687.21,354.134
11062.1,-4689.01,352.314
11066.3,-4690.81,350.519
11070.7,-4692.61,348.649
11075.3,-4694.41,346.729
11079.9,-4696.21,344.807
11084.1,-4698.01,343.017
11088.3,-4699.81,341.296
11092.6,-4701.61,339.573
11096.8,-4703.41,337.846
11101,-4705.21,336.116
11105.3,-4707.01,334.418
11109.5,-4708.81,332.713
11113.7,-4710.61,331.013
11117.9,-4712.41,329.243
11122.2,-4714.21,327.464
11126.4,-4716.01,325.687
11130.9,-4717.81,323.722
11135.2,-4719.61,321.876
11139.4,-4721.41,320.036
11143.6,-4723.21,318.187
11147.8,-4725.01,316.383
11152.1,-4726.81,314.571
11156.3,-4728.61,312.768
11160.5,-4730.41,310.956
11164.8,-4732.21,309.179
11169,-4734.01,307.389
11173.3,-4735.81,305.613
11177.5,-4737.61,303.847
11181.8,-4739.41,302.077
11186,-4741.21,300.313
11190.2,-4743.01,298.555
11194.8,-4744.81,296.625
11199,-4746.61,294.832
11203.2,-4748.41,293.041
11207.5,-4750.21,291.243
11211.7,-4752.01,289.434
11215.9,-4753.81,287.628
11220.1,-4755.61,285.828
11224.4,-4757.41,284.07
11228.6,-4759.21,282.308
11232.8,-4761.01,280.551
11237.1,-4762.81,278.777
11241.3,-4764.61,276.999
11245.5,-4766.41,275.222
11249.7,-4768.21,273.442
11254,-4770.01,271.63
11258.2,-4771.81,269.827
11262.4,-4773.6,268.024
11266.7,-4775.4,266.212
11271,-4777.2,264.39
11275.2,-4779,262.587
11279.4,-4780.8,260.788
11283.7,-4782.6,258.991
11287.9,-4784.4,257.204
11292.1,-4786.2,255.416
11296.4,-4788,253.601
11300.6,-4789.8,251.8
11304.9,-4791.6,250.005
11309.1,-4793.4,248.217
11313.3,-4795.2,246.416
11317.6,-4797,244.608
11321.8,-4798.8,242.795
11326.3,-4800.6,240.866
11330.6,-4802.4,239.054
11334.8,-4804.2,237.247
11339,-4806,235.436
11343.5,-4807.8,233.596
11347.7,-4809.6,231.85
11352,-4811.4,230.109
11356.2,-4813.2,228.372
11360.8,-4815,226.465
11365,-4816.8,224.727
11369.3,-4818.6,222.982
11373.8,-4820.4,221.135
11378,-4822.2,219.403
11382.2,-4824,217.675
11386.8,-4825.8,215.767
11391,-4827.6,213.989
11395.3,-4829.4,212.22
11399.6,-4831.2,210.417
11404,-4833,208.576
11408.2,-4834.8,206.822
11412.5,-4836.6,205.067
11416.7,-4838.4,203.305
11421.2,-4840.2,201.381
11425.5,-4842,199.596
11429.7,-4843.8,197.811
11434.2,-4845.6,195.923
11438.5,-4847.4,194.157
11442.7,-4849.2,192.393
11446.9,-4851,190.628
11451.2,-4852.8,188.85
11455.4,-4854.6,187.082
11459.6,-4856.4,185.308
11463.8,-4858.2,183.528
11468.1,-4860,181.747
11472.3,-4861.8,179.956
11476.5,-4863.6,178.137
11480.8,-4865.4,176.315
11485,-4867.19,174.501
11489.2,-4868.99,172.689
11493.5,-4870.79,170.895
11497.7,-4872.59,169.113
11501.9,-4874.39,167.331
11506.2,-4876.19,165.55
11510.8,-4877.99,163.57
11515,-4879.79,161.766
11519.2,-4881.59,159.954
11523.8,-4883.39,158.067
11528,-4885.19,156.297
11532.2,-4886.99,154.531
11536.8,-4888.79,152.768
11541,-4890.59,150.827
11545.3,-4892.39,149.046
11549.5,-4894.19,147.258
11554,-4895.99,145.388
11558.2,-4897.79,143.634
11562.4,-4899.59,141.878
11566.7,-4901.39,140.115
11571.2,-4903.19,138.184
11575.5,-4904.99,136.387
11579.7,-4906.79,134.6
11583.9,-4908.59,132.863
11588.2,-4910.39,131.126
11592.4,-4912.19,129.382
11596.6,-4913.99,127.569
11600.9,-4915.79,125.76
11605.1,-4917.59,123.957
11609.3,-4919.39,122.153
11613.5,-4921.19,120.324
11617.8,-4922.99,118.494
11622,-4924.79,116.672
11626.3,-4926.59,114.83
11630.6,-4928.39,113.016
11634.8,-4930.19,111.197
11639,-4931.99,109.383
11643.5,-4933.79,107.485
11647.7,-4935.59,105.682
11651.9,-4937.39,103.878
11656.2,-4939.19,102.076
11660.8,-4940.99,100.098
11665,-4942.79,98.2987
11669.3,-4944.59,96.493
11673.5,-4946.39,94.7307
11677.7,-4948.19,92.9736
11682,-4949.99,91.2214
11686.2,-4951.79,89.4725
11690.5,-4953.59,87.6523
11694.7,-4955.39,85.8543
11698.9,-4957.19,84.0529
11703.1,-4958.98,82.2323
11707.4,-4960.78,80.4189
11711.6,-4962.58,78.5988
11715.8,-4964.38,76.7879
11720,-4966.18,74.9878
11724.3,-4967.98,73.1898
11728.5,-4969.78,71.3888
11732.7,-4971.58,69.5924
11737,-4973.38,67.7965
11741.2,-4975.18,66.0064
11745.4,-4976.98,64.2196
11749.7,-4978.78,62.4157
11753.9,-4980.58,60.6093
11758.1,-4982.38,58.8161
11762.4,-4984.18,56.9825
11766.7,-4985.98,55.1582
11770.9,-4987.78,53.3464
11775.2,-4989.58,51.5199
11779.4,-4991.38,49.7283
11783.6,-4993.18,47.9297
11787.9,-4994.98,46.139
11792.1,-4996.78,44.3438
11796.3,-4998.58,42.5455
11800.6,-5000.38,40.7406
11804.8,-5002.18,38.9386
11809,-5003.98,37.1196
11813.3,-5005.78,35.3044
11817.5,-5007.58,33.4873
11821.7,-5009.38,31.6944
11825.9,-5011.18,29.9099
11830.2,-5012.98,28.1243
11834.4,-5014.78,26.331
11838.9,-5016.58,24.4453
11843.1,-5018.38,22.6545
11847.3,-5020.18,20.8743
11851.6,-5021.98,19.0921
11856.1,-5023.78,17.1868
11860.3,-5025.58,15.4153
11864.6,-5027.38,13.6424
11869.1,-5029.18,11.8006
11873.4,-5030.98,10.0762
11877.6,-5032.78,8.35318
11882.2,-5034.58,6.48935
11886.4,-5036.38,4.77195
11890.6,-5038.18,3.08411
11894.8,-5039.98,1.56069
11899.4,-5041.78,1.27593
11903.6,-5043.58,2.69656
11907.9,-5045.38,4.36889
11912.5,-5047.18,6.2912
11916.8,-5048.98,8.06811
11921,-5050.77,9.82924
11925.4,-5052.57,11.6412
11930,-5054.37,13.5261
11934.5,-5056.17,15.3594
11938.7,-5057.97,17.0869
11943,-5059.77,18.7789
11947.2,-5061.57,20.4699
11951.4,-5063.37,22.1667
11955.7,-5065.17,23.8696
11959.9,-5066.97,25.6008
11964.1,-5068.77,27.3383
11968.4,-5070.57,29.0695
11972.9,-5072.37,31.0377
11977.2,-5074.17,32.8824
11981.4,-5075.97,34.7102
11985.7,-5077.77,36.5492
11989.9,-5079.57,38.3693
11994.1,-5081.37,40.1949
11998.3,-5083.17,42.0159
12002.6,-5084.97,43.7929
12006.8,-5086.77,45.5738
12011,-5088.57,47.3542
12015.2,-5090.37,49.1281
12019.5,-5092.17,50.8923
12023.7,-5093.97,52.6544
12027.9,-5095.77,54.4141
12032.2,-5097.57,56.2145
12036.4,-5099.37,58.0136
12040.7,-5101.17,59.8177
12044.9,-5102.97,61.6148
12049.4,-5104.77,63.5369
12053.6,-5106.57,65.3604
12057.8,-5108.37,67.1734
12062.1,-5110.17,68.9881
12066.6,-5111.97,70.9225
12070.9,-5113.77,72.7168
12075.1,-5115.57,74.5012
12079.3,-5117.37,76.2314
12083.6,-5119.17,77.9537
12087.8,-5120.97,79.6839
12092,-5122.77,81.4045
12096.3,-5124.57,83.1578
12100.5,-5126.37,84.9062
12104.7,-5128.17,86.6562
12109,-5129.97,88.4941
12113.3,-5131.77,90.3032
12117.5,-5133.57,92.1128
12121.7,-5135.37,93.9293
12126,-5137.17,95.7346
12130.2,-5138.97,97.5403
12134.4,-5140.77,99.3539
12138.9,-5142.56,101.236
12143.1,-5144.36,103.027
12147.3,-5146.16,104.808
12151.6,-5147.96,106.591
12155.8,-5149.76,108.367
12160,-5151.56,110.142
12164.3,-5153.36,111.914
12168.5,-5155.16,113.707
12172.7,-5156.96,115.499
12176.9,-5158.76,117.289
12181.2,-5160.56,119.099
12185.4,-5162.36,120.923
12189.7,-5164.16,122.757
12193.9,-5165.96,124.584
12198.1,-5167.76,126.377
12202.3,-5169.56,128.176
12206.6,-5171.36,129.975
12210.8,-5173.16,131.783
12215,-5174.96,133.565
12219.3,-5176.76,135.349
12223.5,-5178.56,137.127
12227.7,-5180.36,138.91
12232,-5182.16,140.694
12236.2,-5183.96,142.471
12240.5,-5185.76,144.263
12244.8,-5187.56,146.096
12249,-5189.36,147.89
12253.2,-5191.16,149.679
12257.5,-5192.96,151.473
12261.7,-5194.76,153.264
12265.9,-5196.56,155.06
12270.2,-5198.36,156.848
12274.4,-5200.16,158.654
12278.6,-5201.96,160.466
12282.9,-5203.76,162.286
12287.1,-5205.56,164.091
12291.3,-5207.36,165.929
12295.6,-5209.16,167.761
12299.8,-5210.96,169.604
12304,-5212.76,171.416
12308.3,-5214.56,173.233
12312.5,-5216.36,175.044
12317,-5218.16,176.977
12321.3,-5219.96,178.78
12325.5,-5221.76,180.574
12329.7,-5223.56,182.374
12334,-5225.36,184.106
12338.2,-5227.16,185.838
12342.4,-5228.96,187.581
12346.7,-5230.76,189.325
12350.9,-5232.56,191.114
12355.1,-5234.35,192.896
12359.3,-5236.15,194.682
12363.8,-5237.95,196.599
12368,-5239.75,198.424
12372.3,-5241.55,200.243
12376.5,-5243.35,202.066
12380.8,-5245.15,203.855
12385,-5246.95,205.647
12389.2,-5248.75,207.428
12393.5,-5250.55,209.242
12397.7,-5252.35,211.05
12401.9,-5254.15,212.867
12406.1,-5255.95,214.675
12410.4,-5257.75,216.538
12414.6,-5259.55,218.404
12418.9,-5261.35,220.267
12423.1,-5263.15,222.092
12427.3,-5264.95,223.915
12431.5,-5266.75,225.747
12435.8,-5268.55,227.578
12440,-5270.35,229.38
12444.2,-5272.15,231.185
12448.5,-5273.95,232.994
12452.7,-5275.75,234.794
12456.9,-5277.55,236.593
12461.1,-5279.35,238.393
12465.4,-5281.15,240.19
12469.6,-5282.95,242.005
12473.8,-5284.75,243.817
12478,-5286.55,245.626
12482.3,-5288.35,247.445
12486.6,-5290.15,249.269
12490.8,-5291.95,251.081
12495,-5293.75,252.891
12499.5,-5295.55,254.791
12503.7,-5297.35,256.598
12508,-5299.15,258.401
12512.3,-5300.95,260.239
12516.6,-5302.75,262.061
12520.8,-5304.55,263.846
12525.1,-5306.35,265.625
12529.3,-5308.15,267.406
12533.5,-5309.95,269.19
12537.8,-5311.75,270.974
12542,-5313.55,272.752
12546.3,-5315.35,274.585
12550.5,-5317.15,276.443
12554.7,-5318.95,278.282
12559,-5320.75,280.101
12563.2,-5322.55,281.919
12567.4,-5324.35,283.732
12571.7,-5326.15,285.557
12575.9,-5327.94,287.35
12580.1,-5329.74,289.145
12584.3,-5331.54,290.939
12588.6,-5333.34,292.756
12592.8,-5335.14,294.56
12597.1,-5336.94,296.354
12601.3,-5338.74,298.157
12605.5,-5340.54,299.951
12609.8,-5342.34,301.751
12614,-5344.14,303.544
12618.2,-5345.94,305.329
12622.5,-5347.74,307.118
12626.7,-5349.54,308.904
12630.9,-5351.34,310.687
12635.2,-5353.14,312.484
12639.4,-5354.94,314.281
12643.6,-5356.74,316.083
12647.9,-5358.54,317.885
12652.1,-5360.34,319.695
12656.3,-5362.14,321.498
12660.6,-5363.94,323.306
12664.8,-5365.74,325.11
12669,-5367.54,326.919
12673.3,-5369.34,328.721
12677.7,-5371.14,330.618
12681.9,-5372.94,332.422
12686.2,-5374.74,334.22
12690.5,-5376.54,336.056
12694.9,-5378.34,337.882
12699.1,-5380.14,339.642
12703.3,-5381.94,341.401
12707.5,-5383.74,343.164
12711.8,-5385.54,344.933
12716,-5387.34,346.685
12720.3,-5389.14,348.431
12724.5,-5390.94,350.207
12728.7,-5392.74,351.976
12732.9,-5394.54,353.739
12737.2,-5396.34,355.488
12741.4,-5398.14,357.208
12745.6,-5399.94,358.674
12749.9,-5401.74,358.484
12754.1,-5403.54,356.953
12758.4,-5405.34,355.226
12762.8,-5407.14,353.411
12767.1,-5408.94,351.61
12771.3,-5410.74,349.845
12775.8,-5412.54,347.987
12780.5,-5414.34,346.038
12785.1,-5416.14,344.107
12789.4,-5417.94,342.311
12793.7,-5419.73,340.539
12797.9,-5421.53,338.867
12802.1,-5423.33,337.194
12806.3,-5425.13,335.521
12810.6,-5426.93,333.847
12814.9,-5428.73,332.085
12819.1,-5430.53,330.358
12823.3,-5432.33,328.628
12827.5,-5434.13,326.891
12831.8,-5435.93,325.036
12836,-5437.73,323.193
12840.3,-5439.53,321.344
12844.5,-5441.33,319.509
12848.7,-5443.13,317.671
12852.9,-5444.93,315.837
12857.2,-5446.73,314.002
12861.4,-5448.53,312.228
12865.7,-5450.33,310.444
12869.9,-5452.13,308.674
12874.1,-5453.93,306.916
12878.3,-5455.73,305.162
12882.6,-5457.53,303.404
12886.8,-5459.33,301.653
12891.1,-5461.13,299.842
12895.3,-5462.93,298.049
12899.5,-5464.73,296.244
12903.8,-5466.53,294.402
12908,-5468.33,292.586
12912.3,-5470.13,290.763
12916.5,-5471.93,288.947
12920.7,-5473.73,287.153
12925,-5475.53,285.366
12929.2,-5477.33,283.579
12933.4,-5479.13,281.787
12937.7,-5480.93,279.993
12941.9,-5482.73,278.212
12946.1,-5484.53,276.428
12950.3,-5486.33,274.627
12954.6,-5488.13,272.818
12958.8,-5489.93,271.018
12963,-5491.73,269.207
12967.3,-5493.53,267.402
12971.5,-5495.33,265.59
12975.7,-5497.13,263.783
12980,-5498.93,261.989
12984.2,-5500.73,260.2
12988.4,-5502.53,258.407
12992.7,-5504.33,256.59
12996.9,-5506.13,254.815
13001.2,-5507.93,253.037
13005.4,-5509.73,251.256
13009.6,-5511.52,249.472
13013.9,-5513.32,247.692
13018.1,-5515.12,245.916
13022.3,-5516.92,244.133
13026.5,-5518.72,242.329
13030.8,-5520.52,240.524
13035,-5522.32,238.73
13039.2,-5524.12,236.921
13043.5,-5525.92,235.11
13047.7,-5527.72,233.302
13051.9,-5529.52,231.497
13056.2,-5531.32,229.687
13060.4,-5533.12,227.881
13064.6,-5534.92,226.066
13068.8,-5536.72,224.255
13073.1,-5538.52,222.443
13077.3,-5540.32,220.626
13081.5,-5542.12,218.806
13085.8,-5543.92,216.996
13090,-5545.72,215.187
13094.3,-5547.52,213.372
13098.5,-5549.32,211.577
13102.7,-5551.12,209.784
13106.9,-5552.92,207.993
13111.2,-5554.72,206.197
13115.4,-5556.52,204.413
13119.6,-5558.32,202.624
13123.8,-5560.12,200.837
13128.1,-5561.92,199.053
13132.3,-5563.72,197.263
13136.5,-5565.52,195.463
13140.8,-5567.32,193.659
13145,-5569.12,191.873
13149.2,-5570.92,190.079
13153.5,-5572.72,188.286
13157.7,-5574.52,186.491
13161.9,-5576.32,184.697
13166.2,-5578.12,182.905
13170.4,-5579.92,181.109
13174.6,-5581.72,179.278
13178.9,-5583.52,177.456
13183.1,-5585.32,175.634
13187.3,-5587.12,173.812
13191.5,-5588.92,171.974
13195.8,-5590.72,170.128
13200,-5592.52,168.297
13204.2,-5594.32,166.475
13208.5,-5596.12,164.647
13212.7,-5597.92,162.824
13216.9,-5599.72,161.004
13221.1,-5601.52,159.194
13225.4,-5603.31,157.389
13229.6,-5605.11,155.578
13233.8,-5606.91,153.778
13238,-5608.71,151.981
13242.3,-5610.51,150.177
13246.5,-5612.31,148.378
13250.7,-5614.11,146.578
13255,-5615.91,144.787
13259.2,-5617.71,142.994
13263.4,-5619.51,141.2
13267.7,-5621.31,139.395
13271.9,-5623.11,137.601
13276.1,-5624.91,135.807
13280.3,-5626.71,133.997
13284.6,-5628.51,132.182
13288.8,-5630.31,130.366
13293,-5632.11,128.55
13297.3,-5633.91,126.717
13301.5,-5635.71,124.887
13305.7,-5637.51,123.061
13310,-5639.31,121.229
13314.2,-5641.11,119.4
13318.4,-5642.91,117.566
13322.7,-5644.71,115.728
13326.9,-5646.51,113.883
13331.2,-5648.31,112.047
13335.4,-5650.11,110.22
13339.6,-5651.91,108.402
13343.9,-5653.71,106.589
13348.1,-5655.51,104.778
13352.3,-5657.31,102.966
13356.5,-5659.11,101.154
13360.8,-5660.91,99.3389
13365,-5662.71,97.5318
13369.2,-5664.51,95.7219
13373.5,-5666.31,93.9162
13377.7,-5668.11,92.0997
13381.9,-5669.91,90.2886
13386.1,-5671.71,88.4728
13390.4,-5673.51,86.6633
13394.6,-5675.31,84.8451
13398.8,-5677.11,83.0409
13403.1,-5678.91,81.245
13407.3,-5680.71,79.4512
13411.5,-5682.51,77.6499
13415.8,-5684.31,75.8476
13420,-5686.11,74.0533
13424.2,-5687.91,72.2605
13428.5,-5689.71,70.4633
13432.7,-5691.51,68.6596
13436.9,-5693.31,66.8543
13441.1,-5695.1,65.0541
13445.4,-5696.9,63.2426
13449.6,-5698.7,61.4261
13453.8,-5700.5,59.6097
13458.1,-5702.3,57.8012
13462.3,-5704.1,55.9839
13466.5,-5705.9,54.1671
13470.8,-5707.7,52.3461
13475,-5709.5,50.5445
13479.2,-5711.3,48.7399
13483.5,-5713.1,46.9317
13487.7,-5714.9,45.1305
13491.9,-5716.7,43.3326
13496.2,-5718.5,41.536
13500.4,-5720.3,39.7332
13504.7,-5722.1,37.9286
13508.9,-5723.9,36.1261
13513.1,-5725.7,34.334
13517.4,-5727.5,32.5442
13521.7,-5729.3,30.7359
13525.9,-5731.1,28.9569
13530.1,-5732.9,27.1827
13534.3,-5734.7,25.4069
13538.6,-5736.5,23.6375
13542.8,-5738.3,21.859
13547,-5740.1,20.0899
13551.3,-5741.9,18.293
13555.5,-5743.7,16.5044
13559.7,-5745.5,14.7095
13563.9,-5747.3,12.9141
13568.2,-5749.1,11.1153
13572.4,-5750.9,9.32398
13576.6,-5752.7,7.5355
13580.9,-5754.5,5.75791
13585.1,-5756.3,4.00836
13589.3,-5758.1,2.33737
13593.5,-5759.9,1.17368
13597.8,-5761.7,1.97311
13602.1,-5763.5,3.61269
13606.3,-5765.3,5.3584
13610.7,-5767.1,7.19238
13615,-5768.9,8.9996
13619.2,-5770.7,10.7835
13623.6,-5772.5,12.6131
13628.2,-5774.3,14.5362
13632.8,-5776.1,16.443
13637.1,-5777.9,18.2456
13641.4,-5779.7,19.9598
13645.6,-5781.5,21.6784
13649.8,-5783.3,23.3862
13654,-5785.1,25.0963
13658.3,-5786.9,26.7761
13662.5,-5788.69,28.4547
13666.7,-5790.49,30.1376
13671,-5792.29,31.9666
13675.2,-5794.09,33.7886
13679.4,-5795.89,35.6094
13683.7,-5797.69,37.4774
13687.9,-5799.49,39.3383
13692.1,-5801.29,41.1914
13696.4,-5803.09,43.0472
13700.9,-5804.89,44.9643
13705.2,-5806.69,46.7794
13709.4,-5808.49,48.5722
13713.9,-5810.29,50.4387
13718.1,-5812.09,52.1824
13722.4,-5813.89,53.9265
13726.6,-5815.69,55.6734
13730.8,-5817.49,57.3904
13735,-5819.29,59.1042
13739.3,-5821.09,60.8244
13743.5,-5822.89,62.5411
13747.7,-5824.69,64.3494
13752,-5826.49,66.1565
13756.2,-5828.29,67.9581
13760.5,-5830.09,69.8175
13764.7,-5831.89,71.6494
13768.9,-5833.69,73.4821
13773.2,-5835.49,75.2762
13777.4,-5837.29,77.0579
13781.6,-5839.09,78.8446
13785.9,-5840.89,80.6317
13790.4,-5842.69,82.4999
13794.6,-5844.49,84.2643
13798.8,-5846.29,86.0201
13803.1,-5848.09,87.8015
13807.3,-5849.89,89.5713
13811.6,-5851.69,91.3427
13815.8,-5853.49,93.1227
13820,-5855.29,94.9043
13824.3,-5857.09,96.6843
13828.5,-5858.89,98.4651
13832.7,-5860.69,100.249
13837,-5862.49,102.068
13841.2,-5864.29,103.887
13845.4,-5866.09,105.708
13849.7,-5867.89,107.53
13853.9,-5869.69,109.349
13858.1,-5871.49,111.158
13862.4,-5873.29,112.97
13866.6,-5875.09,114.766
13870.8,-5876.89,116.559
13875,-5878.69,118.351
13879.3,-5880.48,120.15
13883.5,-5882.28,121.946
13887.7,-5884.08,123.743
13892,-5885.88,125.538
13896.2,-5887.68,127.326
13900.4,-5889.48,129.13
13904.7,-5891.28,130.944
13908.9,-5893.08,132.729
13913.2,-5894.88,134.518
13917.4,-5896.68,136.309
13921.7,-5898.48,138.109
13925.9,-5900.28,139.885
13930.1,-5902.08,141.654
13934.4,-5903.88,143.426
13938.6,-5905.68,145.224
13942.8,-5907.48,147.017
13947,-5909.28,148.81
13951.2,-5911.08,150.606
13955.5,-5912.88,152.427
13959.7,-5914.68,154.245
13963.9,-5916.48,156.064
13968.1,-5918.28,157.882
13972.4,-5920.08,159.713
13976.6,-5921.88,161.54
13980.9,-5923.68,163.37
13985.1,-5925.48,165.176
13989.3,-5927.28,166.986
13998.2,-5929.08,170.802
14002.5,-5930.88,172.625
14006.7,-5932.68,174.442
14011,-5934.48,176.262
14015.5,-5936.28,177.689
14020,-5938.08,179.115
14024.5,-5939.88,180.536
14029,-5941.68,182.153
14033.4,-5943.48,183.775
14037.8,-5945.28,185.401
14042.2,-5947.08,187.02
14046.7,-5948.88,189.114
14051.2,-5950.68,191.214
14055.7,-5952.48,193.347
14060.3,-5954.28,195.19
14065.2,-5956.08,197.192
14069.8,-5957.88,199.05
14074.1,-5959.68,200.82
14078.5,-5961.48,202.423
14082.8,-5963.28,203.98
14087,-5965.08,205.521
14091.2,-5966.88,207.248
14095.5,-5968.68,208.976
14099.7,-5970.48,210.7
14103.9,-5972.27,212.622
14108.2,-5974.07,214.553
14112.4,-5975.87,216.476
14116.7,-5977.67,218.403
14120.9,-5979.47,220.167
14125.1,-5981.27,221.935
14129.4,-5983.07,223.697
14133.6,-5984.87,225.467
14137.8,-5986.67,227.233
14142,-5988.47,229.001
14146.3,-5990.27,230.775
14150.5,-5992.07,232.649
14154.7,-5993.87,234.526
14159,-5995.67,236.396
14163.2,-5997.47,238.27
14167.4,-5999.27,240.087
14171.7,-6001.07,241.919
14175.9,-6002.87,243.733
14180.1,-6004.67,245.534
14184.3,-6006.47,247.336
14188.5,-6008.27,249.136
14192.8,-6010.07,250.941
14197,-6011.87,252.761
14201.2,-6013.67,254.586
14205.5,-6015.47,256.415
14209.7,-6017.27,258.237
14213.9,-6019.07,260.05
14218.2,-6020.87,261.864
14222.4,-6022.67,263.683
14226.7,-6024.47,265.489
14230.9,-6026.27,267.294
14235.1,-6028.07,269.088
14239.4,-6029.87,270.909
14243.7,-6031.67,272.717
14247.9,-6033.47,274.512
14252.1,-6035.27,276.307
14256.3,-6037.07,278.104
14260.6,-6038.87,279.903
14264.8,-6040.67,281.694
14269,-6042.47,283.507
14273.3,-6044.27,285.316
14277.5,-6046.07,287.129
14281.7,-6047.87,288.944
14286,-6049.67,290.762
14290.2,-6051.47,292.575
14294.4,-6053.27,294.394
14298.7,-6055.07,296.22
14302.9,-6056.87,298.041
14307.1,-6058.67,299.855
14311.4,-6060.47,301.684
14315.6,-6062.27,303.486
14319.9,-6064.06,305.284
14324.1,-6065.86,307.083
14328.3,-6067.66,308.88
14332.5,-6069.46,310.684
14336.8,-6071.26,312.488
14341,-6073.06,314.288
14345.2,-6074.86,316.09
14349.5,-6076.66,317.902
14353.7,-6078.46,319.706
14357.9,-6080.26,321.508
14362.1,-6082.06,323.3
14366.4,-6083.86,325.089
14370.6,-6085.66,326.885
14374.8,-6087.46,328.668
14379,-6089.26,330.451
14383.3,-6091.06,332.24
14387.5,-6092.86,334.024
14391.7,-6094.66,335.828
14396,-6096.46,337.631
14400.2,-6098.26,339.426
14404.4,-6100.06,341.219
14408.7,-6101.86,343.019
14412.9,-6103.66,344.824
14417.1,-6105.46,346.61
14421.4,-6107.26,348.408
14425.6,-6109.06,350.205
14429.8,-6110.86,351.991
14434,-6112.66,353.768
14438.3,-6114.46,355.529
14442.5,-6116.26,357.224
14446.7,-6118.06,358.591
14451,-6119.86,358.316
14455.2,-6121.66,356.782
14459.5,-6123.46,355.062
14463.8,-6125.26,353.259
14468.2,-6127.06,351.437
14472.5,-6128.86,349.625
14476.7,-6130.66,347.849
14481.1,-6132.46,346.039
14485.9,-6134.26,344.046
14490.4,-6136.06,342.2
14494.8,-6137.86,340.431
14499,-6139.66,338.724
14503.2,-6141.46,337.008
14507.5,-6143.26,335.297
14511.7,-6145.06,333.645
14516,-6146.86,331.975
14520.2,-6148.66,330.325
14524.4,-6150.46,328.671
14528.6,-6152.26,326.833
14532.9,-6154.06,324.994
14537.1,-6155.85,323.162
14541.3,-6157.65,321.304
14545.5,-6159.45,319.446
14549.7,-6161.25,317.578
14554,-6163.05,315.714
14558.2,-6164.85,313.918
14562.4,-6166.65,312.115
14566.7,-6168.45,310.305
14570.9,-6170.25,308.537
14575.2,-6172.05,306.757
14579.4,-6173.85,304.991
14583.6,-6175.65,303.22
14587.9,-6177.45,301.431
14592.1,-6179.25,299.639
14596.3,-6181.05,297.85
14600.6,-6182.85,296.031
14604.8,-6184.65,294.215
14609,-6186.45,292.399
14613.3,-6188.25,290.588
14617.5,-6190.05,288.798
14621.7,-6191.85,287.003
14625.9,-6193.65,285.215
14630.2,-6195.45,283.442
14634.4,-6197.25,281.659
14638.6,-6199.05,279.876
14642.9,-6200.85,278.098
14647.1,-6202.65,276.309
14651.3,-6204.45,274.516
14655.6,-6206.25,272.729
14659.8,-6208.05,270.918
14664,-6209.85,269.114
14668.3,-6211.65,267.307
14672.5,-6213.45,265.502
14676.7,-6215.25,263.695
14680.9,-6217.05,261.891
14685.2,-6218.85,260.088
14689.4,-6220.65,258.286
14693.6,-6222.45,256.47
14697.9,-6224.25,254.664
14702.1,-6226.05,252.855
14706.3,-6227.85,251.053
14710.6,-6229.65,249.246
14714.8,-6231.45,247.446
14719.1,-6233.25,245.627
14723.3,-6235.05,243.824
14727.5,-6236.85,242.01
14731.8,-6238.65,240.198
14736,-6240.45,238.415
14740.2,-6242.25,236.626
14744.5,-6244.05,234.839
14748.7,-6245.85,233.057
14752.9,-6247.65,231.282
14757.1,-6249.44,229.507
14761.4,-6251.24,227.727
14765.6,-6253.04,225.934
14769.8,-6254.84,224.142
14774.1,-6256.64,222.352
14778.3,-6258.44,220.558
14782.5,-6260.24,218.759
14786.8,-6262.04,216.953
14791,-6263.84,215.153
14795.3,-6265.64,213.36
14799.5,-6267.44,211.554
14803.7,-6269.24,209.749
14808,-6271.04,207.951
14812.2,-6272.84,206.142
14816.4,-6274.64,204.334
14820.7,-6276.44,202.5
14824.9,-6278.24,200.673
14829.1,-6280.04,198.85
14833.4,-6281.84,197.019
14837.6,-6283.64,195.193
14841.8,-6285.44,193.383
14846.1,-6287.24,191.581
14850.3,-6289.04,189.773
14854.5,-6290.84,187.964
14858.8,-6292.64,186.159
14863,-6294.44,184.361
14867.2,-6296.24,182.562
14871.5,-6298.04,180.765
14875.7,-6299.84,178.975
14879.9,-6301.64,177.182
14884.2,-6303.44,175.383
14888.4,-6305.24,173.597
14892.6,-6307.04,171.801
14896.8,-6308.84,170.016
14901.1,-6310.64,168.222
14905.3,-6312.44,166.437
14909.5,-6314.24,164.643
14913.8,-6316.04,162.847
14918,-6317.84,161.036
14922.3,-6319.64,159.218
14926.5,-6321.44,157.41
14930.7,-6323.24,155.583
14935,-6325.04,153.764
14939.2,-6326.84,151.949
14943.5,-6328.64,150.101
14947.7,-6330.44,148.273
14951.9,-6332.24,146.449
14956.2,-6334.04,144.621
14960.4,-6335.84,142.806
14964.6,-6337.64,140.977
14968.9,-6339.44,139.161
14973.1,-6341.23,137.343
14977.3,-6343.03,135.537
14981.5,-6344.83,133.724
14985.8,-6346.63,131.913
14990,-6348.43,130.108
14994.2,-6350.23,128.297
14998.4,-6352.03,126.488
15002.7,-6353.83,124.679
15006.9,-6355.63,122.877
15011.1,-6357.43,121.067
15015.4,-6359.23,119.266
15019.6,-6361.03,117.449
15023.9,-6362.83,115.633
15028.1,-6364.63,113.835
15032.3,-6366.43,112.036
15036.5,-6368.23,110.244
15040.8,-6370.03,108.442
15045,-6371.83,106.647
15049.2,-6373.63,104.838
15053.5,-6375.43,103.022
15057.7,-6377.23,101.214
15061.9,-6379.03,99.4041
15066.1,-6380.83,97.5713
15070.4,-6382.63,95.7333
15074.6,-6384.43,93.8937
15078.9,-6386.23,92.0461
15083.1,-6388.03,90.2147
15087.3,-6389.83,88.3936
15091.6,-6391.63,86.5707
15095.8,-6393.43,84.758
15100,-6395.23,82.9516
15104.3,-6397.03,81.1414
15108.5,-6398.83,79.3354
15112.7,-6400.63,77.5158
15116.9,-6402.43,75.703
15121.2,-6404.23,73.881
15125.4,-6406.03,72.0671
15129.7,-6407.83,70.2469
15133.9,-6409.63,68.436
15138.1,-6411.43,66.6309
15142.4,-6413.23,64.8429
15146.6,-6415.03,63.0517
15150.8,-6416.83,61.2638
15155,-6418.63,59.479
15159.3,-6420.43,57.6947
15163.5,-6422.23,55.9075
15167.7,-6424.03,54.1183
15172,-6425.83,52.3141
15176.2,-6427.63,50.5153
15180.4,-6429.43,48.7032
15184.7,-6431.23,46.8966
15188.9,-6433.02,45.081
15193.2,-6434.82,43.2782
15197.4,-6436.62,41.4818
15201.6,-6438.42,39.6786
15205.8,-6440.22,37.8854
15210.1,-6442.02,36.0918
15214.3,-6443.82,34.2967
15218.5,-6445.62,32.4735
15222.8,-6447.42,30.6505
15227,-6449.22,28.8188
15231.3,-6451.02,27.0047
15235.5,-6452.82,25.189
15239.7,-6454.62,23.3729
15244,-6456.42,21.5467
15248.2,-6458.22,19.7592
15252.5,-6460.02,17.9749
15256.7,-6461.82,16.1988
15260.9,-6463.62,14.4161
15265.1,-6465.42,12.6412
15269.4,-6467.22,10.8651
15273.6,-6469.02,9.08728
15277.8,-6470.82,7.31461
15282.1,-6472.62,5.55709
15286.3,-6474.42,3.82344
15290.5,-6476.22,2.19792
15294.8,-6478.02,1.22587
15299,-6479.82,2.14092
15303.2,-6481.62,3.76651
15307.5,-6483.42,5.48448
15311.7,-6485.22,7.24046
15316.1,-6487.02,9.04537
15320.3,-6488.82,10.8511
15324.6,-6490.62,12.641
15328.9,-6492.42,14.4548
15333.6,-6494.22,16.4245
15338.1,-6496.02,18.3333
15342.5,-6497.82,20.1616
15346.7,-6499.62,21.9385
15350.9,-6501.42,23.6119
15355.2,-6503.22,25.2825
15359.4,-6505.02,26.9552
15363.6,-6506.82,28.6335
15367.8,-6508.62,30.3777
15372.1,-6510.42,32.1241
15376.3,-6512.22,33.8698
15380.5,-6514.02,35.7454
15384.8,-6515.82,37.6163
15389,-6517.62,39.4753
15393.3,-6519.42,41.3412
15397.5,-6521.22,43.1487
15401.7,-6523.02,44.9603
15405.9,-6524.81,46.762
15410.2,-6526.61,48.5662
15414.4,-6528.41,50.314
15418.6,-6530.21,52.0611
15422.8,-6532.01,53.805
15427.1,-6533.81,55.5912
15431.3,-6535.61,57.3626
15435.5,-6537.41,59.1309
15439.8,-6539.21,60.9623
15444,-6541.01,62.7896
15448.2,-6542.81,64.6085
15452.5,-6544.61,66.4358
15456.7,-6546.41,68.2439
15460.9,-6548.21,70.0494
15465.2,-6550.01,71.8583
15469.4,-6551.81,73.6622
15473.6,-6553.61,75.4643
15477.9,-6555.41,77.2516
15482.1,-6557.21,79.0397
15486.3,-6559.01,80.8359
15490.6,-6560.81,82.6362
15494.8,-6562.61,84.4374
15499,-6564.41,86.2393
15503.2,-6566.21,88.0457
15507.5,-6568.01,89.8553
15511.7,-6569.81,91.6725
15516.1,-6571.61,93.5225
15520.3,-6573.41,95.3245
15524.6,-6575.21,97.1233
15528.9,-6577.01,98.9352
15533.1,-6578.81,100.693
15537.3,-6580.61,102.447
15541.5,-6582.41,104.207
15545.8,-6584.21,105.981
15550,-6586.01,107.748
15554.2,-6587.81,109.516
15558.5,-6589.61,111.285
15562.7,-6591.41,113.09
15566.9,-6593.21,114.893
15571.1,-6595.01,116.702
15575.4,-6596.81,118.502
15579.6,-6598.61,120.31
15583.8,-6600.41,122.112
15588,-6602.21,123.912
15592.3,-6604.01,125.72
15596.5,-6605.81,127.521
15600.7,-6607.61,129.327
15605,-6609.41,131.144
15609.2,-6611.21,132.953
15613.4,-6613.01,134.764
15617.7,-6614.81,136.584
15621.9,-6616.6,138.403
15626.1,-6618.4,140.214
15630.4,-6620.2,142.036
15634.6,-6622,143.856
15638.9,-6623.8,145.661
15643.1,-6625.6,147.463
15647.4,-6627.4,149.289
15651.6,-6629.2,151.084
15655.8,-6631,152.867
15660.1,-6632.8,154.651
15664.3,-6634.6,156.442
15668.5,-6636.4,158.233
15672.8,-6638.2,160.022
15677,-6640,161.805
15681.2,-6641.8,163.596
15685.5,-6643.6,165.391
15689.7,-6645.4,167.178
15693.9,-6647.2,168.965
15698.1,-6649,170.758
15702.3,-6650.8,172.549
15706.6,-6652.6,174.343
15710.8,-6654.4,176.156
15715,-6656.2,177.974
15719.3,-6658,179.788
15723.5,-6659.8,181.608
15727.7,-6661.6,183.44
15732,-6663.4,185.284
15736.2,-6665.2,187.11
15740.5,-6667,188.945
15744.7,-6668.8,190.768
15748.9,-6670.6,192.588
15753.1,-6672.4,194.409
15757.4,-6674.2,196.224
15761.6,-6676,198.041
15765.8,-6677.8,199.851
15770.1,-6679.6,201.66
15774.3,-6681.4,203.473
15778.5,-6683.2,205.29
15782.8,-6685,207.11
15787,-6686.8,208.902
15791.2,-6688.6,210.699
15795.5,-6690.4,212.494
15799.7,-6692.2,214.285
15803.9,-6694,216.073
15808.1,-6695.8,217.857
15812.4,-6697.6,219.643
15816.6,-6699.4,221.443
15820.8,-6701.2,223.237
15825,-6703,225.029
15829.3,-6704.8,226.83
15833.5,-6706.6,228.649
15837.7,-6708.4,230.461
15842,-6710.19,232.276
15846.2,-6711.99,234.092
15850.5,-6713.79,235.929
15854.7,-6715.59,237.744
15858.9,-6717.39,239.56
15863.1,-6719.19,241.386
15867.4,-6720.99,243.207
15871.6,-6722.79,245.034
15875.8,-6724.59,246.854
15880,-6726.39,248.679
15884.3,-6728.19,250.507
15888.5,-6729.99,252.34
15892.7,-6731.79,254.167
15897,-6733.59,255.99
15901.2,-6735.39,257.81
15905.4,-6737.19,259.616
15909.7,-6738.99,261.427
15913.9,-6740.79,263.239
15918.1,-6742.59,265.042
15922.4,-6744.39,266.862
15926.6,-6746.19,268.685
15930.8,-6747.99,270.505
15935.1,-6749.79,272.329
15939.3,-6751.59,274.125
15943.5,-6753.39,275.93
15947.8,-6755.19,277.733
15952,-6756.99,279.532
15956.2,-6758.79,281.328
15960.5,-6760.59,283.143
15964.7,-6762.39,284.937
15968.9,-6764.19,286.739
15973.2,-6765.99,288.55
15977.4,-6767.79,290.354
15981.6,-6769.59,292.173
15985.9,-6771.39,293.992
15990.1,-6773.19,295.808
15994.3,-6774.99,297.623
15998.5,-6776.79,299.442
16002.8,-6778.59,301.269
16007,-6780.39,303.092
16011.3,-6782.19,304.907
16015.5,-6783.99,306.715
16019.7,-6785.79,308.53
16024,-6787.59,310.34
16028.2,-6789.39,312.138
16032.4,-6791.19,313.947
16036.7,-6792.99,315.772
16040.9,-6794.79,317.571
16045.2,-6796.59,319.37
16049.4,-6798.39,321.168
16053.6,-6800.19,322.973
16057.9,-6801.98,324.758
16062.1,-6803.78,326.544
16066.3,-6805.58,328.324
16070.5,-6807.38,330.106
16074.8,-6809.18,331.894
16079,-6810.98,333.685
16083.2,-6812.78,335.47
16087.5,-6814.58,337.265
16091.7,-6816.38,339.063
16095.9,-6818.18,340.853
16100.2,-6819.98,342.639
16104.4,-6821.78,344.43
16108.7,-6823.58,346.227
16112.9,-6825.38,348.019
16117.1,-6827.18,349.809
16121.3,-6828.98,351.598
16125.6,-6830.78,353.376
16129.8,-6832.58,355.135
16134,-6834.38,356.842
16138.3,-6836.18,358.333
16142.5,-6837.98,358.508
16146.8,-6839.78,357.119
16151,-6841.58,355.408
16155.3,-6843.38,353.651
16159.5,-6845.18,351.854
16163.9,-6846.98,350.037
16168.2,-6848.78,348.239
16172.4,-6850.58,346.463
16176.8,-6852.38,344.647
16181.6,-6854.18,342.657
16186.1,-6855.98,340.778
16190.5,-6857.78,338.967
16194.8,-6859.58,337.242
16199,-6861.38,335.52
16203.3,-6863.18,333.802
16207.5,-6864.98,332.163
16211.7,-6866.78,330.521
16216,-6868.58,328.884
16220.2,-6870.38,327.037
16224.4,-6872.18,325.184
16228.7,-6873.98,323.328
16232.9,-6875.78,321.475
16237.2,-6877.58,319.573
16241.5,-6879.38,317.688
16245.8,-6881.18,315.819
16250,-6882.98,313.962
16254.2,-6884.78,312.196
16258.5,-6886.58,310.427
16262.7,-6888.38,308.664
16266.9,-6890.18,306.921
16271.1,-6891.98,305.178
16275.4,-6893.77,303.436
16279.6,-6895.57,301.691
16283.8,-6897.37,299.858
16288.1,-6899.17,298.03
16292.3,-6900.97,296.201
16296.5,-6902.77,294.369
16300.8,-6904.57,292.523
16305,-6906.37,290.696
16309.3,-6908.17,288.872
16313.5,-6909.97,287.103
16317.7,-6911.77,285.331
16321.9,-6913.57,283.562
16326.2,-6915.37,281.788
16330.4,-6917.17,280.003
16334.7,-6918.97,278.223
16338.9,-6920.77,276.452
16343.1,-6922.57,274.642
16347.3,-6924.37,272.835
16351.6,-6926.17,271.026
16355.8,-6927.97,269.215
16360,-6929.77,267.405
16364.3,-6931.57,265.587
16368.6,-6933.37,263.796
16372.8,-6935.17,262
16377,-6936.97,260.212
16381.3,-6938.77,258.42
16385.5,-6940.57,256.619
16389.7,-6942.37,254.814
16393.9,-6944.17,253.013
16398.2,-6945.97,251.206
16402.4,-6947.77,249.385
16406.7,-6949.57,247.552
16410.9,-6951.37,245.73
16415.1,-6953.17,243.912
16419.3,-6954.97,242.115
16423.6,-6956.77,240.315
16427.8,-6958.57,238.511
16432,-6960.37,236.713
16436.3,-6962.17,234.912
16440.5,-6963.97,233.116
16444.7,-6965.77,231.32
16448.9,-6967.57,229.529
16453.2,-6969.37,227.739
16457.4,-6971.17,225.944
16461.7,-6972.97,224.153
16465.9,-6974.77,222.367
16470.1,-6976.57,220.588
16474.3,-6978.37,218.806
16478.6,-6980.17,217.024
16482.8,-6981.97,215.244
16487,-6983.77,213.465
16491.2,-6985.56,211.665
16495.5,-6987.36,209.865
16499.7,-6989.16,208.064
16503.9,-6990.96,206.26
16508.1,-6992.76,204.436
16512.4,-6994.56,202.607
16516.6,-6996.36,200.777
16520.8,-6998.16,198.954
16525.1,-6999.96,197.138
16529.3,-7001.76,195.313
16533.5,-7003.56,193.487
16537.8,-7005.36,191.676
16542,-7007.16,189.869
16546.2,-7008.96,188.062
16550.5,-7010.76,186.244
16554.7,-7012.56,184.443
16558.9,-7014.36,182.641
16563.1,-7016.16,180.832
16567.4,-7017.96,179.04
16571.6,-7019.76,177.241
16575.8,-7021.56,175.451
16580,-7023.36,173.66
16584.3,-7025.16,171.865
16588.5,-7026.96,170.077
16592.7,-7028.76,168.282
16597,-7030.56,166.501
16601.2,-7032.36,164.719
16605.4,-7034.16,162.938
16609.7,-7035.96,161.142
16613.9,-7037.76,159.334
16618.1,-7039.56,157.527
16622.3,-7041.36,155.72
16626.6,-7043.16,153.906
16630.8,-7044.96,152.084
16635,-7046.76,150.267
16639.2,-7048.56,148.455
16643.5,-7050.36,146.62
16647.7,-7052.16,144.793
16651.9,-7053.96,142.967
16656.2,-7055.76,141.136
16660.4,-7057.56,139.309
16664.6,-7059.36,137.476
16668.8,-7061.16,135.651
16673.1,-7062.96,133.827
16677.3,-7064.76,132.012
16681.5,-7066.56,130.185
16685.8,-7068.36,128.379
16690,-7070.16,126.578
16694.2,-7071.96,124.779
16698.4,-7073.76,122.981
16702.7,-7075.56,121.176
16706.9,-7077.35,119.374
16711.1,-7079.15,117.575
16715.3,-7080.95,115.774
16719.6,-7082.75,113.964
16723.8,-7084.55,112.157
16728,-7086.35,110.348
16732.3,-7088.15,108.536
16736.5,-7089.95,106.736
16740.8,-7091.75,104.926
16745,-7093.55,103.131
16749.2,-7095.35,101.33
16753.5,-7097.15,99.5254
16757.7,-7098.95,97.7233
16761.9,-7100.75,95.9122
16766.1,-7102.55,94.0994
16770.4,-7104.35,92.2891
16774.6,-7106.15,90.4679
16778.8,-7107.95,88.6318
16783.1,-7109.75,86.7871
16787.3,-7111.55,84.9527
16791.5,-7113.35,83.1203
16795.8,-7115.15,81.2913
16800.1,-7116.95,79.4362
16804.3,-7118.75,77.6123
16808.5,-7120.55,75.8015
16812.8,-7122.35,73.9815
16817,-7124.15,72.1749
16821.2,-7125.95,70.3549
16825.5,-7127.75,68.5625
16829.7,-7129.55,66.7702
16833.9,-7131.35,64.9704
16838.2,-7133.15,63.1609
16842.4,-7134.95,61.3564
16846.6,-7136.75,59.5469
16850.9,-7138.55,57.7407
16855.1,-7140.35,55.9465
16859.3,-7142.15,54.1581
16863.6,-7143.95,52.3581
16867.8,-7145.75,50.5719
16872,-7147.55,48.7799
16876.3,-7149.35,46.9971
16880.5,-7151.15,45.2101
16884.7,-7152.95,43.4128
16889,-7154.75,41.6181
16893.2,-7156.55,39.8259
16897.4,-7158.35,38.016
16901.7,-7160.15,36.2012
16905.9,-7161.95,34.3932
16910.1,-7163.75,32.5903
16914.3,-7165.55,30.7757
16918.6,-7167.35,28.9572
16922.8,-7169.15,27.1439
16927,-7170.94,25.336
16931.3,-7172.74,23.5201
16935.5,-7174.54,21.7139
16939.7,-7176.34,19.9048
16943.9,-7178.14,18.1086
16948.2,-7179.94,16.3142
16952.4,-7181.74,14.5121
16956.6,-7183.54,12.712
16960.9,-7185.34,10.9279
16965.1,-7187.14,9.14641
16969.3,-7188.94,7.37974
16973.5,-7190.74,5.63545
16977.8,-7192.54,3.91669
16982,-7194.34,2.30805
16986.3,-7196.14,1.29903
16990.5,-7197.94,2.13469
16994.8,-7199.74,3.72681
16999,-7201.54,5.45743
17003.3,-7203.34,7.19956
17007.5,-7205.14,8.96157
17011.9,-7206.94,10.7939
17016.3,-7208.74,12.6245
17020.7,-7210.54,14.4909
17025.1,-7212.34,16.3157
17029.7,-7214.14,18.2633
17034.1,-7215.94,20.0403
17038.4,-7217.74,21.7782
17042.6,-7219.54,23.5054
17046.8,-7221.34,25.1938
17051.1,-7223.14,26.8811
17055.3,-7224.94,28.5647
17059.5,-7226.74,30.2578
17063.8,-7228.54,32.1002
17068.1,-7230.34,33.9614
17072.3,-7232.14,35.7914
17076.5,-7233.94,37.63
17080.8,-7235.74,39.4641
17085,-7237.54,41.2965
17089.2,-7239.34,43.1222
17093.5,-7241.14,44.8764
17097.7,-7242.94,46.6243
17101.9,-7244.74,48.3737
17106.2,-7246.54,50.1249
17110.4,-7248.34,51.89
17114.6,-7250.14,53.6608
17118.8,-7251.94,55.4244
17123.1,-7253.74,57.2365
17127.3,-7255.54,59.0478
17131.5,-7257.34,60.8716
17135.8,-7259.14,62.6947
17140,-7260.94,64.4953
17144.2,-7262.73,66.3043
17148.5,-7264.53,68.1058
17152.7,-7266.33,69.8913
17156.9,-7268.13,71.6669
17161.2,-7269.93,73.4441
17165.4,-7271.73,75.2222
17169.6,-7273.53,77.038
17173.8,-7275.33,78.8471
17178.1,-7277.13,80.6554
17182.3,-7278.93,82.4724
17186.5,-7280.73,84.2969
17190.8,-7282.53,86.1197
17195,-7284.33,87.9308
17199.2,-7286.13,89.7251
17203.5,-7287.93,91.5202
17207.7,-7289.73,93.3095
17211.9,-7291.53,95.1013
17216.1,-7293.33,96.8971
17220.4,-7295.13,98.687
17224.6,-7296.93,100.482
17228.8,-7298.73,102.28
17233,-7300.53,104.076
17237.3,-7302.33,105.875
17241.5,-7304.13,107.658
17245.8,-7305.93,109.458
17250,-7307.73,111.247
17254.2,-7309.53,113.028
17258.5,-7311.33,114.813
17262.7,-7313.13,116.592
17266.9,-7314.93,118.375
17271.2,-7316.73,120.155
17275.4,-7318.53,121.949
17279.6,-7320.33,123.742
17283.8,-7322.13,125.534
17288.1,-7323.93,127.342
17292.3,-7325.73,129.153
17296.5,-7327.53,130.969
17300.8,-7329.33,132.792
17305,-7331.13,134.603
17309.2,-7332.93,136.421
17313.5,-7334.73,138.236
17317.7,-7336.53,140.047
17321.9,-7338.33,141.852
17326.2,-7340.13,143.661
17330.4,-7341.93,145.477
17334.7,-7343.73,147.29
17338.9,-7345.53,149.093
17343.1,-7347.33,150.899
17347.3,-7349.13,152.688
17351.6,-7350.93,154.485
17355.8,-7352.73,156.271
17360,-7354.52,158.066
17364.3,-7356.32,159.867
17368.5,-7358.12,161.67
17372.7,-7359.92,163.476
17377,-7361.72,165.287
17381.2,-7363.52,167.082
17385.5,-7365.32,168.87
17389.7,-7367.12,170.659
17393.9,-7368.92,172.433
17398.1,-7370.72,174.206
17402.4,-7372.52,175.985
17406.6,-7374.32,177.796
17410.8,-7376.12,179.607
17415.1,-7377.92,181.413
17419.3,-7379.72,183.227
17423.5,-7381.52,185.064
17427.8,-7383.32,186.897
17432,-7385.12,188.725
17436.2,-7386.92,190.552
17440.5,-7388.72,192.385
17444.7,-7390.52,194.197
17448.9,-7392.32,196.014
17453.1,-7394.12,197.829
17457.4,-7395.92,199.638
17461.6,-7397.72,201.453
17465.8,-7399.52,203.261
17470,-7401.32,205.079
17474.3,-7403.12,206.901
17478.5,-7404.92,208.719
17482.7,-7406.72,210.522
17486.9,-7408.52,212.316
17491.2,-7410.32,214.113
17495.4,-7412.12,215.907
17499.6,-7413.92,217.701
17503.8,-7415.72,219.492
17508.1,-7417.52,221.285
17512.3,-7419.32,223.081
17516.5,-7421.12,224.88
17520.8,-7422.92,226.68
17525,-7424.72,228.473
17529.2,-7426.52,230.268
17533.5,-7428.32,232.071
17537.7,-7430.12,233.866
17541.9,-7431.92,235.684
17546.2,-7433.72,237.515
17550.4,-7435.52,239.331
17554.6,-7437.32,241.153
17558.9,-7439.12,242.986
17563.1,-7440.92,244.811
17567.3,-7442.72,246.633
17571.5,-7444.52,248.461
17575.8,-7446.31,250.292
17580,-7448.11,252.111
17584.2,-7449.91,253.931
17588.5,-7451.71,255.756
17592.7,-7453.51,257.577
17596.9,-7455.31,259.398
17601.1,-7457.11,261.221
17605.4,-7458.91,263.033
17609.6,-7460.71,264.849
17613.8,-7462.51,266.659
17618.1,-7464.31,268.458
17622.3,-7466.11,270.26
17626.5,-7467.91,272.066
17630.8,-7469.71,273.875
17635,-7471.51,275.673
17639.2,-7473.31,277.476
17643.5,-7475.11,279.28
17647.7,-7476.91,281.07
17651.9,-7478.71,282.862
17656.1,-7480.51,284.653
17660.4,-7482.31,286.442
17664.6,-7484.11,288.245
17668.8,-7485.91,290.038
17673,-7487.71,291.832
17677.3,-7489.51,293.644
17681.5,-7491.31,295.459
17685.8,-7493.11,297.27
17690,-7494.91,299.079
17694.2,-7496.71,300.89
17698.4,-7498.51,302.699
17702.7,-7500.31,304.521
17706.9,-7502.11,306.338
17711.1,-7503.91,308.157
17715.3,-7505.71,309.972
17719.6,-7507.51,311.792
17723.8,-7509.31,313.605
17728,-7511.11,315.42
17732.2,-7512.91,317.233
17736.5,-7514.71,319.051
17740.7,-7516.51,320.865
17745,-7518.31,322.673
17749.2,-7520.11,324.478
17753.5,-7521.91,326.288
17757.7,-7523.71,328.076
17761.9,-7525.51,329.872
17766.1,-7527.31,331.659
17770.4,-7529.11,333.48
17774.7,-7530.91,335.266
17778.9,-7532.71,337.051
17783.1,-7534.51,338.826
17787.4,-7536.31,340.593
17791.6,-7538.1,342.365
17795.8,-7539.9,344.129
17800,-7541.7,345.915
17804.3,-7543.5,347.7
17808.5,-7545.3,349.489
17812.8,-7547.1,351.285
17817,-7548.9,353.061
17821.2,-7550.7,354.819
17825.4,-7552.5,356.519
17829.7,-7554.3,358.026
17833.9,-7556.1,358.488
17838.1,-7557.9,357.31
17842.4,-7559.7,355.661
17846.7,-7561.5,353.879
17850.9,-7563.3,352.103
17855.2,-7565.1,350.302
17859.5,-7566.9,348.481
17863.9,-7568.7,346.66
17868.1,-7570.5,344.879
17872.5,-7572.3,343.053
17877,-7574.1,341.158
17881.4,-7575.9,339.351
17885.6,-7577.7,337.602
17889.9,-7579.5,335.888
17894.1,-7581.3,334.172
17898.3,-7583.1,332.463
17902.9,-7584.9,330.725
17907.1,-7586.7,328.845
17911.4,-7588.5,327.105
17915.6,-7590.3,325.362
17919.8,-7592.1,323.577
17924,-7593.9,321.785
17928.3,-7595.7,319.991
17932.5,-7597.5,318.218
17936.7,-7599.3,316.441
17941,-7601.1,314.672
17945.2,-7602.9,312.907
17949.4,-7604.7,311.087
17953.7,-7606.5,309.253
17957.9,-7608.3,307.436
17962.2,-7610.1,305.597
17966.4,-7611.9,303.777
17970.7,-7613.7,301.949
17974.9,-7615.5,300.128
17979.4,-7617.3,298.25
17983.6,-7619.1,296.464
17987.8,-7620.9,294.688
17992.4,-7622.7,292.912
17996.6,-7624.5,291.011
18000.8,-7626.3,289.252
18005.1,-7628.1,287.499
18009.3,-7629.9,285.779
18013.5,-7631.69,284.054
18017.8,-7633.49,282.329
18022,-7635.29,280.531
18026.2,-7637.09,278.732
18030.5,-7638.89,276.895
18034.8,-7640.69,275.087
18039,-7642.49,273.279
18043.3,-7644.29,271.473
18047.5,-7646.09,269.67
18051.7,-7647.89,267.908
18055.9,-7649.69,266.148
18060.1,-7651.49,264.387
18064.4,-7653.29,262.619
18068.9,-7655.09,260.692
18073.1,-7656.89,258.87
18077.3,-7658.69,257.059
18081.9,-7660.49,255.13
18086.1,-7662.29,253.343
18090.3,-7664.09,251.553
18094.6,-7665.89,249.759
18099.1,-7667.69,247.922
18103.4,-7669.49,246.203
18107.6,-7671.29,244.488
18112.1,-7673.09,242.573
18116.4,-7674.89,240.795
18120.6,-7676.69,239.01
18124.8,-7678.49,237.235
18129.4,-7680.29,235.386
18133.6,-7682.09,233.652
18137.8,-7683.89,231.928
18142,-7685.69,230.203
18146.6,-7687.49,228.309
18150.9,-7689.29,226.547
18155.1,-7691.09,224.796
18159.6,-7692.89,222.958
18163.9,-7694.69,221.245
18168.1,-7696.49,219.541
18172.6,-7698.29,217.626
18176.9,-7700.09,215.852
18181.1,-7701.89,214.077
18185.3,-7703.69,212.305
18189.5,-7705.49,210.564
18193.8,-7707.29,208.817
18198,-7709.09,207.068
18202.2,-7710.89,205.235
18206.5,-7712.69,203.394
18210.7,-7714.49,201.556
18214.9,-7716.29,199.727
18219.2,-7718.09,197.893
18223.4,-7719.89,196.056
18227.6,-7721.69,194.214
18231.9,-7723.48,192.409
18236.1,-7725.28,190.618
18240.4,-7727.08,188.831
18244.6,-7728.88,187.034
18249.1,-7730.68,185.133
18253.3,-7732.48,183.338
18257.6,-7734.28,181.548
18262.1,-7736.08,179.76
18266.3,-7737.88,177.869
18270.6,-7739.68,176.107
18274.8,-7741.48,174.355
18279.4,-7743.28,172.524
18283.6,-7745.08,170.817
18287.8,-7746.88,169.119
18292,-7748.68,167.42
18296.6,-7750.48,165.491
18300.8,-7752.28,163.703
18305.1,-7754.08,161.923
18309.7,-7755.88,160.007
18313.9,-7757.68,158.268
18318.2,-7759.48,156.532
18322.4,-7761.28,154.739
18326.7,-7763.08,152.935
18330.9,-7764.88,151.137
18335.1,-7766.68,149.347
18339.3,-7768.48,147.55
18343.6,-7770.28,145.747
18347.8,-7772.08,143.949
18352,-7773.88,142.146
18356.3,-7775.68,140.31
18360.5,-7777.48,138.472
18364.7,-7779.28,136.633
18369,-7781.08,134.838
18373.2,-7782.88,133.043
18377.5,-7784.68,131.253
18382,-7786.48,129.463
18386.3,-7788.28,127.521
18390.5,-7790.08,125.73
18394.7,-7791.88,123.936
18399,-7793.68,122.212
18403.2,-7795.48,120.482
18407.4,-7797.28,118.759
18411.7,-7799.08,117.03
18415.9,-7800.88,115.223
18420.1,-7802.68,113.416
18424.3,-7804.48,111.603
18428.6,-7806.28,109.77
18432.8,-7808.08,107.942
18437,-7809.88,106.115
18441.3,-7811.68,104.283
18445.5,-7813.48,102.47
18449.7,-7815.27,100.648
18453.9,-7817.07,98.8288
18458.2,-7818.87,97.0009
18462.4,-7820.67,95.1748
18466.6,-7822.47,93.336
18470.9,-7824.27,91.5048
18475.1,-7826.07,89.6947
18479.3,-7827.87,87.8837
18483.6,-7829.67,86.0375
18487.9,-7831.47,84.2225
18492.1,-7833.27,82.4125
18496.4,-7835.07,80.6125
18500.6,-7836.87,78.8009
18504.8,-7838.67,77.0197
18509.1,-7840.47,75.2327
18513.3,-7842.27,73.4432
18517.7,-7844.07,71.5911
18522.5,-7845.87,69.574
18526.7,-7847.67,67.7785
18530.9,-7849.47,65.9872
18535.4,-7851.27,64.2299
18539.6,-7853.07,62.5462
18543.8,-7854.87,60.8695
18548.1,-7856.67,59.0838
18552.3,-7858.47,57.308
18556.6,-7860.27,55.5379
18560.8,-7862.07,53.7614
18565,-7863.87,51.9308
18569.2,-7865.67,50.1011
18573.5,-7867.47,48.2631
18577.7,-7869.27,46.4353
18581.9,-7871.07,44.6115
18586.1,-7872.87,42.787
18590.4,-7874.67,40.9652
18594.6,-7876.47,39.1446
18598.9,-7878.27,37.3359
18603.1,-7880.07,35.5332
18607.7,-7881.87,33.6019
18611.9,-7883.67,31.8017
18616.1,-7885.47,30.0116
18620.4,-7887.27,28.2169
18624.9,-7889.07,26.3764
18629.1,-7890.87,24.6491
18633.3,-7892.67,22.9207
18637.5,-7894.47,21.1897
18642.1,-7896.27,19.3003
18646.3,-7898.07,17.5483
18650.6,-7899.87,15.7979
18654.8,-7901.67,14.0897
18659,-7903.47,12.3826
18663.3,-7905.27,10.6717
18667.5,-7907.06,8.89426
18671.7,-7908.86,7.12279
18676,-7910.66,5.38435
18680.2,-7912.46,3.70533
18684.4,-7914.26,2.20752
18688.6,-7916.06,1.64469
18692.9,-7917.86,2.69191
18697.1,-7919.66,4.29862
18701.4,-7921.46,6.04828
18705.7,-7923.26,7.81581
18709.9,-7925.06,9.60563
18714.5,-7926.86,11.5075
18718.8,-7928.66,13.3182
18723,-7930.46,15.095
18727.8,-7932.26,17.0213
18732.3,-7934.06,18.8668
18736.6,-7935.86,20.6484
18740.9,-7937.66,22.3815
18745.1,-7939.46,24.0146
18749.4,-7941.26,25.6414
18753.6,-7943.06,27.2782
18758,-7944.86,29.0731
18762.2,-7946.66,30.8225
18766.4,-7948.46,32.5624
18770.7,-7950.26,34.3122
18774.9,-7952.06,36.1519
18779.1,-7953.86,37.9934
18783.4,-7955.66,39.8292
18787.9,-7957.46,41.7291
18792.2,-7959.26,43.5072
18796.4,-7961.06,45.2764
18800.6,-7962.86,47.053
18805.1,-7964.66,48.8949
18809.3,-7966.46,50.6357
18813.6,-7968.26,52.3774
18818.1,-7970.06,54.1104
18822.4,-7971.86,56.0296
18826.6,-7973.66,57.8093
18830.8,-7975.46,59.5858
18835.3,-7977.26,61.4638
18839.6,-7979.06,63.2219
18843.8,-7980.86,64.9767
18848,-7982.66,66.7318
18852.3,-7984.46,68.4991
18856.5,-7986.26,70.264
18860.8,-7988.06,72.0305
18865,-7989.86,73.8067
18869.2,-7991.66,75.5854
18873.5,-7993.46,77.3698
18877.7,-7995.26,79.1468
18881.9,-7997.06,80.9616
18886.1,-7998.85,82.7721
18890.4,-8000.65,84.5794
18894.6,-8002.45,86.3663
18898.8,-8004.25,88.1508
18903.1,-8006.05,89.9295
18907.3,-8007.85,91.7066
18911.9,-8009.65,93.64
18916.1,-8011.45,95.4249
18920.3,-8013.25,97.2098
18924.8,-8015.05,99.0907
18929.1,-8016.85,100.84
18933.3,-8018.65,102.59
18937.5,-8020.45,104.346
18942.1,-8022.25,106.25
18946.3,-8024.05,108.006
18950.5,-8025.85,109.775
18955.1,-8027.65,111.651
18959.3,-8029.45,113.388
18963.6,-8031.25,115.127
18967.8,-8033.05,116.876
18972.4,-8034.85,118.798
18976.6,-8036.65,120.585
18980.8,-8038.45,122.365
18985.3,-8040.25,124.194
18989.6,-8042.05,125.904
18998.4,-8043.85,129.567
19002.7,-8045.65,131.337
19006.9,-8047.45,133.091
19011.1,-8049.25,134.852
19015.4,-8051.05,136.1
19019.6,-8052.85,137.362
19024.1,-8054.65,138.676
19028.5,-8056.45,140.548
19033,-8058.25,142.437
19037.4,-8060.05,144.298
19041.8,-8061.85,146.191
19046.4,-8063.65,148.217
19050.8,-8065.45,150.339
19055.3,-8067.25,152.406
19059.9,-8069.05,154.142
19064.4,-8070.85,155.811
19068.9,-8072.65,157.512
19073.5,-8074.45,159.238
19077.8,-8076.25,160.898
19082.2,-8078.05,162.548
19086.4,-8079.85,164.141
19090.6,-8081.65,165.901
19094.9,-8083.45,167.657
19099.1,-8085.25,169.414
19103.3,-8087.05,171.268
19107.5,-8088.85,173.121
19111.7,-8090.65,174.976
19115.9,-8092.44,176.828
19120.1,-8094.24,178.632
19124.4,-8096.04,180.439
19128.6,-8097.84,182.243
19132.8,-8099.64,184.049
19137,-8101.44,185.869
19141.2,-8103.24,187.689
19145.4,-8105.04,189.508
19149.7,-8106.84,191.398
19154,-8108.64,193.252
19158.2,-8110.44,195.108
19162.4,-8112.24,196.879
19166.6,-8114.04,198.646
19170.8,-8115.84,200.414
19175.1,-8117.64,202.181
19179.3,-8119.44,203.977
19183.5,-8121.24,205.777
19187.7,-8123.04,207.573
19191.9,-8124.84,209.371
19196.1,-8126.64,211.181
19200.4,-8128.44,213.036
19204.7,-8130.24,214.849
19208.9,-8132.04,216.616
19213.1,-8133.84,218.383
19217.3,-8135.64,220.147
19221.5,-8137.44,221.913
19225.7,-8139.24,223.713
19229.9,-8141.04,225.513
19234.2,-8142.84,227.313
19238.4,-8144.64,229.147
19242.6,-8146.44,230.981
19246.8,-8148.24,232.813
19251.1,-8150.04,234.658
19255.3,-8151.84,236.478
19259.5,-8153.64,238.304
19263.7,-8155.44,240.127
19267.9,-8157.24,241.949
19272.1,-8159.04,243.776
19276.4,-8160.84,245.6
19280.6,-8162.64,247.425
19284.8,-8164.44,249.246
19289,-8166.24,251.065
19293.2,-8168.04,252.886
19297.4,-8169.84,254.706
19301.7,-8171.64,256.526
19305.9,-8173.44,258.341
19310.1,-8175.24,260.158
19314.3,-8177.04,261.964
19318.5,-8178.84,263.768
19322.7,-8180.64,265.575
19326.9,-8182.44,267.379
19331.2,-8184.23,269.183
19335.4,-8186.03,270.985
19339.6,-8187.83,272.788
19343.8,-8189.63,274.596
19348,-8191.43,276.401
19352.3,-8193.23,278.219
19356.5,-8195.03,280.03
19360.7,-8196.83,281.832
19364.9,-8198.63,283.632
19369.1,-8200.43,285.432
19373.3,-8202.23,287.251
19377.6,-8204.03,289.069
19381.8,-8205.83,290.888
19386,-8207.63,292.703
19390.2,-8209.43,294.53
19394.4,-8211.23,296.357
19398.6,-8213.03,298.184
19402.9,-8214.83,300.011
19407.1,-8216.63,301.815
19411.3,-8218.43,303.623
19415.5,-8220.23,305.427
19419.7,-8222.03,307.249
19423.9,-8223.83,309.072
19428.1,-8225.63,310.894
19432.4,-8227.43,312.719
19436.6,-8229.23,314.526
19440.8,-8231.03,316.335
19445,-8232.83,318.142
19449.2,-8234.63,319.935
19453.5,-8236.43,321.743
19457.7,-8238.23,323.543
19461.9,-8240.03,325.34
19466.1,-8241.83,327.135
19470.3,-8243.63,328.93
19474.6,-8245.43,330.727
19478.8,-8247.23,332.506
19483,-8249.03,334.288
19487.2,-8250.83,336.066
19491.4,-8252.63,337.847
19495.6,-8254.43,339.622
19499.8,-8256.23,341.397
19504.1,-8258.03,343.172
19508.3,-8259.83,344.963
19512.5,-8261.63,346.752
19516.7,-8263.43,348.534
19520.9,-8265.23,350.309
19525.1,-8267.03,352.078
19529.3,-8268.83,353.824
19533.6,-8270.63,355.519
19537.8,-8272.43,357.069
19542,-8274.23,358.091
19546.2,-8276.03,357.699
19550.4,-8277.83,356.312
19554.6,-8279.62,354.665
19558.9,-8281.42,352.912
19563.1,-8283.22,351.142
19567.3,-8285.02,349.358
19571.7,-8286.82,347.542
19576,-8288.62,345.731
19580.2,-8290.42,343.932
19584.5,-8292.22,342.164
19588.9,-8294.02,340.338
19593.3,-8295.82,338.543
19597.5,-8297.62,336.795
19601.7,-8299.42,335.067
19605.9,-8301.22,333.341
19610.1,-8303.02,331.614
19614.4,-8304.82,329.847
19618.6,-8306.62,328.082
19622.8,-8308.42,326.314
19627,-8310.22,324.547
19631.2,-8312.02,322.725
19635.4,-8313.82,320.907
19639.6,-8315.62,319.087
19643.9,-8317.42,317.295
19648.1,-8319.22,315.504
19652.4,-8321.02,313.647
19656.7,-8322.82,311.841
19660.9,-8324.62,310.039
19665.1,-8326.42,308.241
19669.3,-8328.22,306.442
19673.6,-8330.02,304.64
19677.8,-8331.82,302.864
19682,-8333.62,301.086
19686.2,-8335.42,299.31
19690.5,-8337.22,297.48
19694.7,-8339.02,295.672
19698.9,-8340.82,293.863
19703.1,-8342.62,292.07
19707.3,-8344.42,290.279
19711.5,-8346.22,288.487
19715.8,-8348.02,286.697
19720,-8349.82,284.91
19724.2,-8351.62,283.121
19728.4,-8353.42,281.333
19732.6,-8355.22,279.543
19736.8,-8357.02,277.739
19741,-8358.82,275.933
19745.3,-8360.62,274.13
19749.5,-8362.42,272.342
19753.7,-8364.22,270.551
19757.9,-8366.02,268.75
19762.2,-8367.82,266.959
19766.4,-8369.62,265.176
19770.6,-8371.42,263.391
19774.8,-8373.21,261.607
19779,-8375.01,259.814
19783.2,-8376.81,258.019
19787.4,-8378.61,256.226
19791.7,-8380.41,254.431
19795.9,-8382.21,252.618
19800.1,-8384.01,250.804
19804.3,-8385.81,248.99
19808.5,-8387.61,247.179
19812.7,-8389.41,245.364
19817,-8391.21,243.549
19821.2,-8393.01,241.733
19825.4,-8394.81,239.927
19829.6,-8396.61,238.119
19833.8,-8398.41,236.309
19838,-8400.21,234.5
19842.2,-8402.01,232.687
19846.5,-8403.81,230.877
19850.7,-8405.61,229.065
19854.9,-8407.41,227.265
19859.1,-8409.21,225.455
19863.3,-8411.01,223.653
19867.6,-8412.81,221.853
19871.8,-8414.61,220.067
19876,-8416.41,218.284
19880.2,-8418.21,216.501
19884.4,-8420.01,214.723
19888.6,-8421.81,212.946
19892.9,-8423.61,211.168
19897.1,-8425.41,209.366
19901.3,-8427.21,207.572
19905.6,-8429.01,205.78
19909.8,-8430.81,203.987
19914,-8432.61,202.188
19918.2,-8434.41,200.391
19922.4,-8436.21,198.592
19926.6,-8438.01,196.794
19930.8,-8439.81,194.96
19935.1,-8441.61,193.13
19939.3,-8443.41,191.298
19943.5,-8445.21,189.466
19947.7,-8447.01,187.642
19951.9,-8448.81,185.816
19956.1,-8450.61,183.991
19960.4,-8452.41,182.16
19964.6,-8454.21,180.34
19968.8,-8456.01,178.521
19973,-8457.81,176.716
19977.2,-8459.61,174.914
19981.4,-8461.41,173.111
19985.6,-8463.21,171.309
19989.9,-8465,169.511
19994.1,-8466.8,167.711
19998.3,-8468.6,165.915
20002.5,-8470.4,164.116
20006.7,-8472.2,162.324
20010.9,-8474,160.531
20015.2,-8475.8,158.728
20019.5,-8477.6,156.881
20023.8,-8479.4,155.079
20028,-8481.2,153.29
20032.2,-8483,151.499
20036.4,-8484.8,149.738
20040.6,-8486.6,147.975
20044.8,-8488.4,146.215
20049,-8490.2,144.38
20053.3,-8492,142.545
20057.5,-8493.8,140.696
20061.7,-8495.6,138.86
20065.9,-8497.4,137.031
20070.2,-8499.2,135.201
20074.4,-8501,133.371
20078.6,-8502.8,131.541
20082.8,-8504.6,129.721
20087,-8506.4,127.903
20091.2,-8508.2,126.083
20095.4,-8510,124.26
20099.7,-8511.8,122.439
20103.9,-8513.6,120.614
20108.1,-8515.4,118.792
20112.3,-8517.2,116.981
20116.5,-8519,115.169
20120.7,-8520.8,113.358
20124.9,-8522.6,111.553
20129.1,-8524.4,109.748
20133.4,-8526.2,107.939
20137.6,-8528,106.135
20141.8,-8529.8,104.33
20146,-8531.6,102.528
20150.2,-8533.4,100.726
20154.4,-8535.2,98.9262
20158.7,-8537,97.1164
20162.9,-8538.8,95.3158
20167.1,-8540.6,93.5186
20171.3,-8542.4,91.7235
20175.5,-8544.2,89.93
20179.7,-8546,88.1349
20184,-8547.8,86.3258
20188.2,-8549.6,84.5192
20192.4,-8551.4,82.7102
20196.6,-8553.2,80.9037
20200.8,-8555,79.0774
20205,-8556.79,77.2553
20209.2,-8558.59,75.4325
20213.5,-8560.39,73.6062
20217.7,-8562.19,71.7845
20221.9,-8563.99,69.961
20226.1,-8565.79,68.1393
20230.3,-8567.59,66.3203
20234.5,-8569.39,64.4997
20238.7,-8571.19,62.6809
20243,-8572.99,60.8604
20247.2,-8574.79,59.0453
20251.4,-8576.59,57.2285
20255.6,-8578.39,55.4
20259.9,-8580.19,53.5837
20264.1,-8581.99,51.7775
20268.3,-8583.79,49.9587
20272.6,-8585.59,48.1527
20276.8,-8587.39,46.3769
20281,-8589.19,44.5987
20285.2,-8590.99,42.824
20289.4,-8592.79,41.0414
20293.6,-8594.59,39.2557
20297.9,-8596.39,37.4727
20302.1,-8598.19,35.689
20306.3,-8599.99,33.8963
20310.5,-8601.79,32.1048
20314.7,-8603.59,30.316
20318.9,-8605.39,28.5268
20323.1,-8607.19,26.7304
20327.4,-8608.99,24.9354
20331.6,-8610.79,23.1394
20335.8,-8612.59,21.3332
20340,-8614.39,19.5265
20344.2,-8616.19,17.7188
20348.4,-8617.99,15.9157
20352.7,-8619.79,14.1072
20356.9,-8621.59,12.3029
20361.1,-8623.39,10.4905
20365.3,-8625.19,8.71046
20369.5,-8626.99,6.94813
20373.8,-8628.79,5.22089
20378,-8630.59,3.5831
20382.2,-8632.39,2.24304
20386.4,-8634.19,1.92248
20390.6,-8635.99,2.97086
20394.8,-8637.79,4.51864
20399,-8639.59,6.20295
20403.3,-8641.39,7.95607
20407.5,-8643.19,9.71562
20411.7,-8644.99,11.4867
20416,-8646.79,13.2973
20420.3,-8648.58,15.1046
20424.6,-8650.38,16.8642
20428.9,-8652.18,18.6564
20433.5,-8653.98,20.5757
20437.8,-8655.78,22.3864
20442,-8657.58,24.1473
20446.3,-8659.38,25.9034
20450.5,-8661.18,27.6778
20454.7,-8662.98,29.4063
20458.9,-8664.78,31.1496
20463.2,-8666.58,32.882
20467.4,-8668.38,34.6123
20471.6,-8670.18,36.4525
20475.8,-8671.98,38.2905
20480,-8673.78,40.1303
20484.2,-8675.58,41.9454
20488.5,-8677.38,43.7599
20492.7,-8679.18,45.5745
20496.9,-8680.98,47.3892
20501.1,-8682.78,49.1774
20505.3,-8684.58,50.9633
20509.5,-8686.38,52.7485
20513.8,-8688.18,54.5427
20518,-8689.98,56.337
20522.2,-8691.78,58.1321
20526.4,-8693.58,59.9249
20530.6,-8695.38,61.7245
20534.8,-8697.18,63.5234
20539,-8698.98,65.3232
20543.3,-8700.78,67.1239
20547.5,-8702.58,68.9155
20551.7,-8704.38,70.7097
20555.9,-8706.18,72.5156
20560.2,-8707.98,74.3068
20564.4,-8709.78,76.0882
20568.6,-8711.58,77.8663
20572.8,-8713.38,79.6469
20577,-8715.18,81.4238
20581.3,-8716.98,83.2015
20585.5,-8718.78,84.9758
20589.7,-8720.58,86.7683
20593.9,-8722.38,88.5641
20598.1,-8724.18,90.3582
20602.3,-8725.98,92.1532
20606.5,-8727.78,93.9659
20610.8,-8729.58,95.8072
20615,-8731.38,97.6207
20619.2,-8733.18,99.4343
20623.5,-8734.98,101.239
20627.7,-8736.78,103.041
20631.9,-8738.58,104.847
20636.1,-8740.38,106.651
20640.3,-8742.17,108.456
20644.5,-8743.97,110.262
20648.7,-8745.77,112.071
20653,-8747.57,113.884
20657.2,-8749.37,115.695
20661.4,-8751.17,117.521
20665.6,-8752.97,119.319
20669.9,-8754.77,121.117
20674.1,-8756.57,122.917
20678.3,-8758.37,124.715
20682.5,-8760.17,126.502
20686.7,-8761.97,128.284
20690.9,-8763.77,130.07
20695.1,-8765.57,131.855
20699.4,-8767.37,133.64
20703.6,-8769.17,135.428
20707.8,-8770.97,137.213
20712,-8772.77,139.006
20716.2,-8774.57,140.797
20720.5,-8776.37,142.607
20724.7,-8778.17,144.406
20728.9,-8779.97,146.205
20733.1,-8781.77,148.006
20737.3,-8783.57,149.805
20741.6,-8785.37,151.618
20745.8,-8787.17,153.428
20750,-8788.97,155.24
20754.2,-8790.77,157.051
20758.4,-8792.57,158.885
20762.7,-8794.37,160.721
20766.9,-8796.17,162.544
20771.1,-8797.97,164.358
20775.3,-8799.77,166.17
20779.5,-8801.57,167.981
20783.8,-8803.37,169.793
20788,-8805.17,171.59
20792.2,-8806.97,173.387
20796.4,-8808.77,175.182
20800.6,-8810.57,176.99
20804.8,-8812.37,178.794
20809,-8814.17,180.6
20813.3,-8815.97,182.407
20817.5,-8817.77,184.196
20821.7,-8819.57,185.989
20825.9,-8821.37,187.779
20830.1,-8823.17,189.566
20834.3,-8824.97,191.355
20838.5,-8826.77,193.143
20842.8,-8828.57,194.933
20847,-8830.37,196.734
20851.2,-8832.17,198.536
20855.4,-8833.96,200.337
20859.7,-8835.76,202.163
20863.9,-8837.56,203.984
20868.1,-8839.36,205.804
20872.3,-8841.16,207.623
20876.5,-8842.96,209.437
20880.8,-8844.76,211.255
20885,-8846.56,213.068
20889.2,-8848.36,214.883
20893.4,-8850.16,216.719
20897.6,-8851.96,218.553
20901.8,-8853.76,220.39
20906,-8855.56,222.213
20910.3,-8857.36,224.036
20914.5,-8859.16,225.861
20918.7,-8860.96,227.684
20922.9,-8862.76,229.499
20927.1,-8864.56,231.31
20931.3,-8866.36,233.123
20935.5,-8868.16,234.93
20939.8,-8869.96,236.739
20944,-8871.76,238.549
20948.2,-8873.56,240.357
20952.4,-8875.36,242.172
20956.6,-8877.16,243.987
20960.9,-8878.96,245.826
20965.1,-8880.76,247.627
20969.3,-8882.56,249.428
20973.5,-8884.36,251.231
20977.8,-8886.16,253.033
20982,-8887.96,254.824
20986.2,-8889.76,256.615
20990.4,-8891.56,258.42
20994.7,-8893.36,260.212
20998.9,-8895.16,262.024
21003.1,-8896.96,263.837
21007.3,-8898.76,265.648
21011.5,-8900.56,267.471
21015.7,-8902.36,269.291
21019.9,-8904.16,271.111
21024.2,-8905.96,272.947
21028.4,-8907.76,274.783
21032.6,-8909.56,276.618
21036.8,-8911.36,278.452
21041,-8913.16,280.273
21045.2,-8914.96,282.09
21049.4,-8916.76,283.908
21053.7,-8918.56,285.73
21057.9,-8920.36,287.539
21062.1,-8922.16,289.375
21066.4,-8923.96,291.186
21070.6,-8925.75,292.988
21074.8,-8927.55,294.788
21079,-8929.35,296.587
21083.2,-8931.15,298.388
21087.4,-8932.95,300.175
21091.7,-8934.75,301.963
21095.9,-8936.55,303.748
21100.1,-8938.35,305.54
21104.3,-8940.15,307.334
21108.5,-8941.95,309.125
21112.7,-8943.75,310.916
21116.9,-8945.55,312.704
21121.2,-8947.35,314.494
21125.4,-8949.15,316.281
21129.6,-8950.95,318.067
21133.8,-8952.75,319.871
21138,-8954.55,321.673
21142.2,-8956.35,323.477
21146.4,-8958.15,325.288
21150.7,-8959.95,327.101
21154.9,-8961.75,328.91
21159.1,-8963.55,330.722
21163.3,-8965.35,332.561
21167.6,-8967.15,334.377
21171.8,-8968.95,336.192
21176,-8970.75,337.99
21180.2,-8972.55,339.786
21184.4,-8974.35,341.583
21188.6,-8976.15,343.376
21192.9,-8977.95,345.161
21197.1,-8979.75,346.942
21201.3,-8981.55,348.717
21205.5,-8983.35,350.48
21209.7,-8985.15,352.225
21213.9,-8986.95,353.943
21218.2,-8988.75,355.595
21222.4,-8990.55,357.072
21226.6,-8992.35,357.96
21230.8,-8994.15,357.518
21235,-8995.95,356.192
21239.2,-8997.75,354.593
21243.4,-8999.55,352.903
21247.7,-9001.35,351.16
21251.9,-9003.15,349.409
21256.1,-9004.95,347.644
21260.6,-9006.75,345.781
21264.9,-9008.55,343.947
21269.2,-9010.35,342.157
21273.5,-9012.15,340.338
21278,-9013.95,338.41
21282.3,-9015.75,336.615
21286.6,-9017.54,334.869
21290.8,-9019.34,333.123
21295,-9021.14,331.381
21299.2,-9022.94,329.648
21303.4,-9024.74,327.915
21307.6,-9026.54,326.182
21311.9,-9028.34,324.35
21316.1,-9030.14,322.491
21320.4,-9031.94,320.66
21324.6,-9033.74,318.857
21328.8,-9035.54,317.053
21333,-9037.34,315.249
21337.2,-9039.14,313.446
21341.4,-9040.94,311.68
21345.6,-9042.74,309.916
21349.9,-9044.54,308.152
21354.1,-9046.34,306.386
21358.3,-9048.14,304.596
21362.5,-9049.94,302.793
21366.8,-9051.74,300.985
21371,-9053.54,299.195
21375.2,-9055.34,297.407
21379.4,-9057.14,295.62
21383.7,-9058.94,293.83
21387.9,-9060.74,292.063
21392.1,-9062.54,290.294
21396.3,-9064.34,288.523
21400.5,-9066.14,286.731
21404.7,-9067.94,284.942
21408.9,-9069.74,283.154
21413.2,-9071.54,281.362
21417.4,-9073.34,279.547
21421.6,-9075.14,277.732
21425.8,-9076.94,275.919
21430,-9078.74,274.107
21434.2,-9080.54,272.296
21438.5,-9082.34,270.485
21442.7,-9084.14,268.674
21446.9,-9085.94,266.882
21451.1,-9087.74,265.086
21455.3,-9089.54,263.294
21459.5,-9091.34,261.499
21463.8,-9093.14,259.688
21468,-9094.94,257.88
21472.2,-9096.74,256.083
21476.4,-9098.54,254.294
21480.7,-9100.34,252.505
21484.9,-9102.14,250.718
21489.1,-9103.94,248.931
21493.3,-9105.74,247.151
21497.5,-9107.54,245.372
21501.7,-9109.33,243.591
21506,-9111.13,241.807
21510.2,-9112.93,240.019
21514.4,-9114.73,238.228
21518.7,-9116.53,236.391
21523,-9118.33,234.552
21527.3,-9120.13,232.757
21531.5,-9121.93,230.963
21535.7,-9123.73,229.215
21539.9,-9125.53,227.466
21544.1,-9127.33,225.716
21548.3,-9129.13,223.968
21552.6,-9130.93,222.154
21556.8,-9132.73,220.337
21561,-9134.53,218.509
21565.2,-9136.33,216.673
21569.5,-9138.13,214.821
21573.7,-9139.93,212.984
21577.9,-9141.73,211.149
21582.1,-9143.53,209.363
21586.4,-9145.33,207.578
21590.6,-9147.13,205.792
21594.8,-9148.93,204.008
21599,-9150.73,202.212
21603.2,-9152.53,200.415
21607.4,-9154.33,198.619
21611.6,-9156.13,196.803
21615.9,-9157.93,194.988
21620.1,-9159.73,193.175
21624.3,-9161.53,191.387
21628.5,-9163.33,189.602
21632.7,-9165.13,187.815
21636.9,-9166.93,186.029
21641.1,-9168.73,184.25
21645.4,-9170.53,182.473
21649.6,-9172.33,180.696
21653.8,-9174.13,178.916
21658,-9175.93,177.115
21662.2,-9177.73,175.301
21666.5,-9179.53,173.5
21670.7,-9181.33,171.672
21674.9,-9183.13,169.858
21679.1,-9184.93,168.043
21683.3,-9186.73,166.227
21687.6,-9188.53,164.409
21691.8,-9190.33,162.589
21696,-9192.13,160.771
21700.2,-9193.93,158.939
21704.4,-9195.73,157.105
21708.6,-9197.53,155.272
21712.8,-9199.33,153.437
21717.1,-9201.12,151.613
21721.3,-9202.92,149.788
21725.5,-9204.72,147.964
21729.7,-9206.52,146.139
21733.9,-9208.32,144.335
21738.1,-9210.12,142.532
21742.3,-9211.92,140.728
21746.6,-9213.72,138.926
21750.8,-9215.52,137.125
21755,-9217.32,135.325
21759.2,-9219.12,133.525
21763.4,-9220.92,131.712
21767.7,-9222.72,129.915
21771.9,-9224.52,128.104
21776.1,-9226.32,126.315
21780.3,-9228.12,124.525
21784.5,-9229.92,122.736
21788.8,-9231.72,120.948
21793,-9233.52,119.15
21797.2,-9235.32,117.355
21801.4,-9237.12,115.557
21805.6,-9238.92,113.744
21809.8,-9240.72,111.927
21814,-9242.52,110.11
21818.3,-9244.32,108.294
21822.5,-9246.12,106.461
21826.7,-9247.92,104.63
21830.9,-9249.72,102.799
21835.1,-9251.52,100.972
21839.3,-9253.32,99.1448
21843.5,-9255.12,97.3149
21847.8,-9256.92,95.4875
21852,-9258.72,93.668
21856.2,-9260.52,91.8493
21860.5,-9262.32,90.0003
21864.7,-9264.12,88.1665
21868.9,-9265.92,86.3533
21873.2,-9267.72,84.5257
21877.4,-9269.52,82.7125
21881.6,-9271.32,80.9184
21885.8,-9273.12,79.1285
21890,-9274.92,77.337
21894.3,-9276.72,75.5422
21898.5,-9278.52,73.7409
21902.7,-9280.32,71.9389
21906.9,-9282.12,70.1369
21911.1,-9283.92,68.3423
21915.3,-9285.72,66.5493
21919.5,-9287.52,64.7565
21923.8,-9289.32,62.962
21928,-9291.12,61.1683
21932.2,-9292.92,59.3722
21936.4,-9294.71,57.5787
21940.6,-9296.51,55.7727
21944.8,-9298.31,53.9694
21949,-9300.11,52.1653
21953.3,-9301.91,50.3596
21957.5,-9303.71,48.5406
21961.7,-9305.51,46.7075
21965.9,-9307.31,44.8896
21970.2,-9309.11,43.0752
21974.4,-9310.91,41.2484
21978.6,-9312.71,39.4344
21982.8,-9314.51,37.6198
21987,-9316.31,35.8126
21991.3,-9318.11,34.004
21995.5,-9319.91,32.1999
21999.7,-9321.71,30.3945
22003.9,-9323.51,28.592
22008.1,-9325.31,26.79
22012.3,-9327.11,24.9905
22016.6,-9328.91,23.1677
22020.8,-9330.71,21.3768
22025,-9332.51,19.589
22029.3,-9334.31,17.8022
22033.5,-9336.11,16.0352
22037.7,-9337.91,14.274
22041.9,-9339.71,12.5152
22046.1,-9341.51,10.7538
22050.3,-9343.31,9.00543
22054.5,-9345.11,7.27499
22058.8,-9346.91,5.55878
22063.1,-9348.71,3.94259
22067.3,-9350.51,2.59599
22071.5,-9352.31,2.09098
22075.7,-9354.11,2.90209
22079.9,-9355.91,4.33688
22084.2,-9357.71,5.96051
22088.4,-9359.51,7.65481
22092.6,-9361.31,9.43326
22096.8,-9363.11,11.2105
22101.1,-9364.91,13.0087
22105.4,-9366.71,14.8491
22109.7,-9368.51,16.6981
22114,-9370.31,18.5036
22118.4,-9372.11,20.3757
22123.5,-9373.91,22.5033
22127.8,-9375.71,24.318
22132.1,-9377.51,26.0818
22136.3,-9379.31,27.7107
22140.6,-9381.11,29.3386
22144.8,-9382.91,30.9692
22149,-9384.71,32.5987
22153.2,-9386.5,34.3387
22157.5,-9388.3,36.0783
22161.7,-9390.1,37.8252
22165.9,-9391.9,39.6789
22170.2,-9393.7,41.5295
22174.5,-9395.5,43.4145
22178.7,-9397.3,45.2732
22182.9,-9399.1,47.0387
22187.2,-9400.9,48.8085
22191.4,-9402.7,50.5726
22195.6,-9404.5,52.3356
22199.8,-9406.3,54.0969
22204.1,-9408.1,55.86
22208.3,-9409.9,57.6248
22212.6,-9411.7,59.4944
22216.9,-9413.5,61.3219
22221.1,-9415.3,63.1445
22225.6,-9417.1,64.9612
22229.9,-9418.9,66.9224
22234.1,-9420.7,68.7338
22238.3,-9422.5,70.5545
22242.9,-9424.3,72.387
22247.1,-9426.1,74.1056
22251.3,-9427.9,75.8187
22255.9,-9429.7,77.5271
22260.1,-9431.5,79.3988
22264.3,-9433.3,81.1398
22268.6,-9435.1,82.8776
22272.8,-9436.9,84.6211
22277.1,-9438.7,86.376
22281.3,-9440.5,88.1244
22285.5,-9442.3,89.914
22289.8,-9444.1,91.7053
22294,-9445.9,93.4917
22298.2,-9447.7,95.2805
22302.4,-9449.5,97.0736
22306.7,-9451.3,98.8601
22310.9,-9453.1,100.654
22315.1,-9454.9,102.449
22319.4,-9456.7,104.236
22323.6,-9458.5,106.027
22327.8,-9460.3,107.819
22332.3,-9462.1,109.733
22336.6,-9463.9,111.533
22340.8,-9465.7,113.328
22345,-9467.5,115.122
22349.6,-9469.3,117.045
22353.8,-9471.1,118.83
22358,-9472.9,120.605
22362.6,-9474.7,122.46
22366.8,-9476.5,124.183
22371.1,-9478.29,125.903
22375.7,-9480.09,127.829
22379.9,-9481.89,129.613
22384.1,-9483.69,131.391
22388.4,-9485.49,133.175
22392.8,-9487.29,135
22397.1,-9489.09,136.721
22401.3,-9490.89,138.444
22405.5,-9492.69,140.169
22410.1,-9494.49,142.069
22414.3,-9496.29,143.833
22418.6,-9498.09,145.591
22423.1,-9499.89,147.435
22427.3,-9501.69,149.152
22431.6,-9503.49,150.871
22435.8,-9505.29,152.593
22440.3,-9507.09,154.489
22444.6,-9508.89,156.25
22448.8,-9510.69,158.005
22453,-9512.49,159.765
22457.2,-9514.29,161.519
22461.5,-9516.09,163.278
22465.7,-9517.89,165.12
22470,-9519.69,166.963
22474.2,-9521.49,168.799
22478.4,-9523.29,170.651
22482.7,-9525.09,172.471
22486.9,-9526.89,174.3
22491.1,-9528.69,176.121
22495.4,-9530.49,177.918
22499.6,-9532.29,179.711
22503.9,-9534.09,181.492
22508.1,-9535.89,183.278
22512.6,-9537.69,185.179
22516.8,-9539.49,186.978
22521.1,-9541.29,188.768
22525.3,-9543.09,190.557
22529.9,-9544.89,192.468
22534.1,-9546.69,194.223
22538.4,-9548.49,195.982
22542.8,-9550.29,197.784
22547.1,-9552.09,199.479
22551.3,-9553.89,201.178
22555.5,-9555.69,202.878
22560.1,-9557.49,204.82
22564.3,-9559.29,206.626
22568.6,-9561.09,208.429
22573.1,-9562.89,210.299
22577.3,-9564.69,212.052
22581.6,-9566.49,213.803
22585.8,-9568.29,215.547
22590.3,-9570.08,217.49
22594.6,-9571.88,219.296
22598.8,-9573.68,221.094
22603.3,-9575.48,222.959
22607.6,-9577.28,224.699
22611.8,-9579.08,226.436
22616,-9580.88,228.231
22620.3,-9582.68,230.033
22624.5,-9584.48,231.829
22628.7,-9586.28,233.629
22632.9,-9588.08,235.424
22637.2,-9589.88,237.217
22641.4,-9591.68,239.011
22645.6,-9593.48,240.813
22649.9,-9595.28,242.626
22654.1,-9597.08,244.439
22658.3,-9598.88,246.248
22662.6,-9600.68,248.053
22666.8,-9602.48,249.851
22671.1,-9604.28,251.642
22675.3,-9606.08,253.429
22679.9,-9607.88,255.4
22684.1,-9609.68,257.207
22688.4,-9611.48,259.017
22692.9,-9613.28,260.885
22697.1,-9615.08,262.642
22701.3,-9616.88,264.398
22705.9,-9618.68,266.15
22710.1,-9620.48,268.081
22714.3,-9622.28,269.869
22718.6,-9624.08,271.658
22723.1,-9625.88,273.541
22727.3,-9627.68,275.302
22731.6,-9629.48,277.09
22736.1,-9631.28,278.982
22740.4,-9633.08,280.758
22744.6,-9634.88,282.541
22748.8,-9636.68,284.322
22753.3,-9638.48,286.162
22757.6,-9640.28,287.889
22761.8,-9642.08,289.612
22766,-9643.88,291.334
22770.7,-9645.68,293.313
22775,-9647.48,295.084
22779.2,-9649.28,296.863
22783.7,-9651.08,298.681
22788,-9652.88,300.381
22792.2,-9654.68,302.077
22796.4,-9656.48,303.848
22800.7,-9658.28,305.629
22804.9,-9660.08,307.41
22809.1,-9661.88,309.181
22813.4,-9663.67,310.995
22817.6,-9665.47,312.817
22821.8,-9667.27,314.635
22826,-9669.07,316.445
22830.3,-9670.87,318.266
22834.5,-9672.67,320.103
22838.8,-9674.47,321.937
22843,-9676.27,323.74
22847.2,-9678.07,325.547
22851.5,-9679.87,327.35
22856,-9681.67,329.276
22860.2,-9683.47,331.063
22864.5,-9685.27,332.854
22868.7,-9687.07,334.638
22873.2,-9688.87,336.484
22877.5,-9690.67,338.213
22881.7,-9692.47,339.943
22886.3,-9694.27,341.82
22890.6,-9696.07,343.562
22894.8,-9697.87,345.29
22899,-9699.67,347.014
22903.5,-9701.47,348.77
22907.7,-9703.27,350.421
22911.9,-9705.07,352.048
22916.1,-9706.87,353.631
22920.8,-9708.67,355.333
22925,-9710.47,356.647
22929.2,-9712.27,357.356
22933.5,-9714.07,357.003
22937.7,-9715.87,355.862
22941.9,-9717.67,354.403
22946.1,-9719.47,352.758
22950.5,-9721.27,350.995
22954.7,-9723.07,349.242
22959,-9724.87,347.467
22963.4,-9726.67,345.635
22967.7,-9728.47,343.811
22971.9,-9730.27,342.028
22976.2,-9732.07,340.28
22981.1,-9733.87,338.306
22985.4,-9735.67,336.526
22989.6,-9737.47,334.788
22993.9,-9739.27,333.118
22998.1,-9741.07,331.456
23002.4,-9742.87,329.788
23006.6,-9744.67,328.046
23010.8,-9746.47,326.302
23015.1,-9748.27,324.556
23019.4,-9750.07,322.787
23023.7,-9751.87,320.899
23027.9,-9753.67,319.066
23032.2,-9755.46,317.229
23036.4,-9757.26,315.471
23040.7,-9759.06,313.724
23044.9,-9760.86,311.975
23049.1,-9762.66,310.226
23053.6,-9764.46,308.342
23057.8,-9766.26,306.554
23062.1,-9768.06,304.77
23066.6,-9769.86,302.975
23070.9,-9771.66,301.025
23075.1,-9773.46,299.23
23079.3,-9775.26,297.43
23083.9,-9777.06,295.597
23088.1,-9778.86,293.886
23092.3,-9780.66,292.179
23096.9,-9782.46,290.3
23101.1,-9784.26,288.545
23105.4,-9786.06,286.798
23109.6,-9787.86,285.047
23113.8,-9789.66,283.3
23118.1,-9791.46,281.557
23122.3,-9793.26,279.817
23126.5,-9795.06,278.022
23130.8,-9796.86,276.221
23135,-9798.66,274.426
23139.2,-9800.46,272.633
23143.5,-9802.26,270.836
23147.7,-9804.06,269.045
23151.9,-9805.86,267.254
23156.2,-9807.66,265.469
23160.4,-9809.46,263.684
23164.7,-9811.26,261.887
23168.9,-9813.06,260.104
23173.3,-9814.86,258.207
23177.6,-9816.66,256.396
23181.8,-9818.46,254.583
23186.5,-9820.26,252.651
23190.7,-9822.06,250.881
23194.9,-9823.86,249.114
23199.1,-9825.66,247.339
23203.6,-9827.46,245.529
23207.8,-9829.26,243.818
23212.1,-9831.06,242.111
23216.3,-9832.86,240.405
23220.9,-9834.66,238.453
23225.1,-9836.46,236.664
23229.3,-9838.26,234.871
23233.8,-9840.06,233.031
23238.1,-9841.86,231.303
23242.3,-9843.66,229.574
23246.5,-9845.46,227.821
23250.8,-9847.25,226.059
23255,-9849.05,224.306
23259.2,-9850.85,222.56
23263.5,-9852.65,220.765
23267.7,-9854.45,218.975
23271.9,-9856.25,217.184
23276.1,-9858.05,215.392
23280.4,-9859.85,213.581
23284.7,-9861.65,211.744
23288.9,-9863.45,209.927
23293.1,-9865.25,208.113
23297.3,-9867.05,206.296
23301.6,-9868.85,204.478
23306.1,-9870.65,202.535
23310.3,-9872.45,200.729
23314.6,-9874.25,198.917
23318.8,-9876.05,197.113
23323,-9877.85,195.373
23327.3,-9879.65,193.635
23331.5,-9881.45,191.883
23335.8,-9883.25,190.136
23340,-9885.05,188.327
23344.2,-9886.85,186.52
23348.4,-9888.65,184.71
23352.7,-9890.45,182.9
23356.9,-9892.25,181.085
23361.1,-9894.05,179.274
23365.4,-9895.85,177.459
23369.6,-9897.65,175.664
23373.8,-9899.45,173.874
23378.1,-9901.25,172.086
23382.3,-9903.05,170.302
23386.6,-9904.85,168.498
23390.8,-9906.65,166.718
23395,-9908.45,164.939
23399.2,-9910.25,163.14
23403.5,-9912.05,161.339
23407.7,-9913.85,159.538
23411.9,-9915.65,157.726
23416.1,-9917.45,155.915
23420.4,-9919.25,154.104
23424.6,-9921.05,152.286
23428.8,-9922.85,150.452
23433.1,-9924.65,148.62
23437.3,-9926.45,146.793
23441.6,-9928.25,144.931
23445.8,-9930.05,143.112
23450.1,-9931.85,141.298
23454.3,-9933.65,139.483
23458.5,-9935.45,137.664
23462.8,-9937.25,135.844
23467,-9939.04,134.035
23471.3,-9940.84,132.212
23475.5,-9942.64,130.409
23479.7,-9944.44,128.599
23484,-9946.24,126.787
23488.6,-9948.04,124.842
23492.8,-9949.84,123.038
23497,-9951.64,121.235
23501.5,-9953.44,119.369
23505.8,-9955.24,117.612
23510,-9957.04,115.867
23514.2,-9958.84,114.114
23518.7,-9960.64,112.29
23523,-9962.44,110.567
23527.2,-9964.24,108.852
23531.4,-9966.04,107.136
23536,-9967.84,105.201
23540.2,-9969.64,103.404
23544.4,-9971.44,101.603
23549,-9973.24,99.73
23553.2,-9975.04,97.9765
23557.4,-9976.84,96.2238
23562,-9978.64,94.4769
23566.2,-9980.44,92.5417
23570.5,-9982.24,90.7384
23574.7,-9984.04,88.9409
23579.2,-9985.84,87.0871
23583.5,-9987.64,85.3457
23587.7,-9989.44,83.6011
23591.9,-9991.24,81.8053
23596.2,-9993.04,80.0179
23600.4,-9994.84,78.2247
23604.7,-9996.64,76.42
23608.9,-9998.44,74.6276
23613.1,-10000.2,72.8327
23617.3,-10002,71.0363
23621.6,-10003.8,69.2391
23625.8,-10005.6,67.4491
23630,-10007.4,65.6525
23634.2,-10009.2,63.8593
23638.5,-10011,62.0526
23642.8,-10012.8,60.256
23647,-10014.6,58.4694
23651.5,-10016.4,56.5397
23655.8,-10018.2,54.7384
23660,-10020,52.9497
23664.2,-10021.8,51.1513
23668.7,-10023.6,49.3102
23673,-10025.4,47.5701
23677.2,-10027.2,45.8392
23681.8,-10029,43.9259
23686,-10030.8,42.1518
23690.2,-10032.6,40.3691
23694.4,-10034.4,38.59
23699,-10036.2,36.7283
23703.2,-10038,34.9813
23707.4,-10039.8,33.2383
23712,-10041.6,31.5
23716.2,-10043.4,29.6071
23720.5,-10045.2,27.8412
23724.7,-10047,26.0897
23729.2,-10048.8,24.2556
23733.5,-10050.6,22.5398
23737.7,-10052.4,20.8352
23741.9,-10054.2,19.1327
23746.5,-10056,17.258
23750.7,-10057.8,15.5217
23754.9,-10059.6,13.8031
23759.2,-10061.4,12.1413
23763.4,-10063.2,10.4995
23767.6,-10065,8.87053
23771.8,-10066.8,7.21087
23776.1,-10068.6,5.63447
23780.3,-10070.4,4.24511
23784.5,-10072.2,3.27897
23788.8,-10074,3.16824
23793,-10075.8,4.00758
23797.2,-10077.6,5.36132
23801.5,-10079.4,6.93866
23805.8,-10081.2,8.62705
23810.1,-10083,10.3315
23814.3,-10084.8,12.0712
23818.9,-10086.6,13.919
23823.2,-10088.4,15.6833
23827.4,-10090.2,17.419
23832.1,-10092,19.3041
23836.7,-10093.8,21.161
23841,-10095.6,22.9248
23845.3,-10097.4,24.6387
23849.5,-10099.2,26.2709
23853.7,-10101,27.9068
23858,-10102.8,29.5395
23862.2,-10104.6,31.2863
23866.4,-10106.4,33.038
23870.7,-10108.2,34.793
23874.9,-10110,36.5447
23879.2,-10111.8,38.4223
23883.5,-10113.6,40.2598
23887.7,-10115.4,42.0868
23892.3,-10117.2,44.0036
23896.5,-10119,45.7747
23900.8,-10120.8,47.5479
23905,-10122.6,49.3172
23909.5,-10124.4,51.1243
23913.7,-10126.2,52.8385
23917.9,-10128,54.5435
23922.2,-10129.8,56.2502
23926.8,-10131.6,58.1879
23931,-10133.4,59.9672
23935.2,-10135.2,61.7483
23939.5,-10137,63.4891
23943.7,-10138.8,65.2275
23947.9,-10140.6,66.9684
23952.1,-10142.4,68.7475
23956.3,-10144.2,70.5249
23960.6,-10146,72.3074
23964.8,-10147.8,74.0892
23969,-10149.6,75.9006
23973.3,-10151.4,77.7195
23977.5,-10153.2,79.5327
23981.8,-10155,81.3593
23986,-10156.8,83.1578
23990.3,-10158.6,84.9597
23998.5,-10160.4,88.3983
24002.8,-10162.2,90.1697
24007,-10164,91.933
24011.3,-10165.8,93.6996
24015.5,-10167.6,95.1158
24019.7,-10169.4,96.5399
24024,-10171.2,97.9654
24028.4,-10173,99.6489
24032.9,-10174.8,101.349
24037.4,-10176.6,103.029
24041.8,-10178.4,104.727
24046.8,-10180.2,107.047
24051.3,-10182,109.125
24055.7,-10183.8,111.197
24060.5,-10185.6,113.004
24065,-10187.4,114.71
24069.5,-10189.2,116.377
24074,-10191,117.986
24078.5,-10192.8,119.587
24082.9,-10194.6,121.133
24087.2,-10196.4,122.946
24091.5,-10198.2,124.735
24095.7,-10200,126.497
24099.9,-10201.8,128.261
24104.1,-10203.6,130.11
24108.4,-10205.4,131.958
24112.6,-10207.2,133.806
24116.8,-10209,135.602
24121,-10210.8,137.399
24125.2,-10212.6,139.193
24129.4,-10214.4,140.989
24133.6,-10216.2,142.781
24137.8,-10218,144.571
24142.1,-10219.8,146.364
24146.3,-10221.6,148.156
24150.5,-10223.4,150.019
24154.8,-10225.2,151.858
24159,-10227,153.696
24163.2,-10228.8,155.471
24167.4,-10230.6,157.256
24171.7,-10232.4,159.063
24175.9,-10234.2,160.842
24180.1,-10236,162.628
24184.3,-10237.8,164.417
24188.5,-10239.6,166.204
24192.8,-10241.4,168.002
24197,-10243.2,169.796
24201.2,-10245,171.593
24205.4,-10246.8,173.386
24209.6,-10248.6,175.164
24213.8,-10250.4,176.943
24218,-10252.2,178.719
24222.3,-10254,180.498
24226.5,-10255.8,182.296
24230.7,-10257.6,184.098
24234.9,-10259.4,185.896
24239.1,-10261.2,187.731
24243.3,-10263,189.567
24247.5,-10264.8,191.402
24251.8,-10266.6,193.232
24256,-10268.4,195.058
24260.2,-10270.2,196.885
24264.4,-10272,198.716
24268.6,-10273.8,200.541
24272.8,-10275.6,202.363
24277.1,-10277.4,204.183
24281.3,-10279.2,206.004
24285.5,-10281,207.815
24289.7,-10282.8,209.628
24293.9,-10284.6,211.454
24298.2,-10286.4,213.258
24302.4,-10288.2,215.065
24306.6,-10290,216.869
24310.8,-10291.8,218.674
24315,-10293.6,220.458
24319.2,-10295.4,222.245
24323.4,-10297.2,224.032
24327.7,-10299,225.829
24331.9,-10300.8,227.627
24336.1,-10302.6,229.424
24340.3,-10304.4,231.221
24344.5,-10306.2,233.029
24348.7,-10308,234.838
24352.9,-10309.8,236.647
24357.2,-10311.6,238.455
24361.4,-10313.4,240.271
24365.6,-10315.2,242.086
24369.8,-10317,243.906
24374,-10318.8,245.741
24378.2,-10320.6,247.574
24382.5,-10322.4,249.408
24386.7,-10324.2,251.246
24390.9,-10326,253.088
24395.1,-10327.8,254.936
24399.3,-10329.6,256.775
24403.5,-10331.4,258.598
24407.8,-10333.2,260.419
24412,-10335,262.241
24416.2,-10336.8,264.059
24420.5,-10338.6,265.899
24424.7,-10340.4,267.712
24428.9,-10342.2,269.523
24433.1,-10344,271.314
24437.3,-10345.8,273.102
24441.5,-10347.6,274.894
24445.8,-10349.4,276.684
24450,-10351.2,278.48
24454.2,-10353,280.276
24458.4,-10354.8,282.068
24462.6,-10356.6,283.867
24466.9,-10358.4,285.669
24471.1,-10360.2,287.47
24475.3,-10362,289.265
24479.5,-10363.8,291.067
24483.7,-10365.6,292.87
24487.9,-10367.4,294.672
24492.1,-10369.2,296.474
24496.4,-10371,298.291
24500.6,-10372.8,300.099
24504.8,-10374.6,301.903
24509,-10376.4,303.72
24513.2,-10378.2,305.538
24517.8,-10380,307.512
24522.2,-10381.8,309.402
24526.4,-10383.6,311.222
24530.6,-10385.4,313.044
24534.8,-10387.2,314.86
24539,-10389,316.564
24543.3,-10390.8,318.273
24547.5,-10392.6,319.976
24551.7,-10394.4,321.682
24555.9,-10396.2,323.529
24560.1,-10398,325.378
24564.3,-10399.8,327.231
24568.5,-10401.6,329.039
24572.8,-10403.4,330.842
24577,-10405.2,332.642
24581.2,-10407,334.442
24585.4,-10408.8,336.204
24589.6,-10410.6,337.96
24593.9,-10412.4,339.712
24598.1,-10414.2,341.477
24602.3,-10416,343.239
24606.5,-10417.8,344.993
24610.7,-10419.6,346.742
24614.9,-10421.4,348.472
24619.2,-10423.2,350.185
24623.4,-10425,351.87
24627.6,-10426.8,353.5
24631.8,-10428.6,355.026
24636,-10430.4,356.303
24640.2,-10432.2,356.997
24644.4,-10434,356.71
24648.6,-10435.8,355.629
24652.9,-10437.6,354.179
24657.1,-10439.4,352.575
24661.3,-10441.2,350.857
24665.6,-10443,349.117
24672.3,-10444.8,346.285
24676.7,-10446.6,344.452
24680.9,-10448.4,342.678
24685.2,-10450.2,340.893
24689.7,-10452,339.296
24694.2,-10453.8,337.718
24698.4,-10455.6,336.2
24703,-10457.4,334.616
24707.2,-10459.2,333.139
24711.4,-10461,331.662
24715.6,-10462.8,330.183
24720.1,-10464.6,328.316
24724.3,-10466.4,326.553
24728.5,-10468.2,324.795
24732.7,-10470,322.945
24737,-10471.8,321.096
24741.2,-10473.6,319.247
24745.4,-10475.4,317.4
24749.6,-10477.2,315.651
24753.8,-10479,313.898
24758,-10480.8,312.146
24762.3,-10482.6,310.349
24766.6,-10484.4,308.54
24770.8,-10486.2,306.741
24775,-10488,304.945
24779.3,-10489.8,303.119
24783.5,-10491.6,301.329
24787.8,-10493.4,299.542
24792,-10495.2,297.751
24796.2,-10497,295.983
24800.5,-10498.8,294.185
24804.7,-10500.6,292.414
24808.9,-10502.4,290.636
24813.1,-10504.2,288.853
24817.3,-10506,287.076
24821.6,-10507.8,285.297
24825.8,-10509.6,283.503
24830,-10511.4,281.707
24834.2,-10513.2,279.91
24838.4,-10515,278.11
24842.6,-10516.8,276.309
24846.8,-10518.6,274.509
24851.1,-10520.4,272.708
24855.3,-10522.2,270.938
24859.5,-10524,269.166
24863.7,-10525.8,267.392
24868,-10527.6,265.563
24872.2,-10529.4,263.767
24876.4,-10531.2,261.973
24880.7,-10533,260.179
24884.9,-10534.8,258.38
24889.1,-10536.6,256.554
24893.4,-10538.4,254.751
24897.6,-10540.2,252.952
24901.8,-10542,251.138
24906,-10543.8,249.34
24910.2,-10545.6,247.541
24914.5,-10547.4,245.729
24918.7,-10549.2,243.918
24922.9,-10551,242.106
24927.1,-10552.8,240.295
24931.3,-10554.6,238.479
24935.5,-10556.4,236.664
24939.8,-10558.2,234.851
24944,-10560,233.048
24948.2,-10561.8,231.247
24952.4,-10563.6,229.445
24956.6,-10565.4,227.646
24960.8,-10567.2,225.853
24965,-10569,224.061
24969.3,-10570.8,222.257
24973.5,-10572.6,220.469
24977.7,-10574.4,218.682
24981.9,-10576.2,216.897
24986.2,-10578,215.113
24990.4,-10579.8,213.33
24994.6,-10581.6,211.545
24998.8,-10583.4,209.763
25003,-10585.2,207.957
25007.2,-10587,206.153
25011.4,-10588.8,204.347
25015.7,-10590.6,202.545
25020.1,-10592.4,200.629
25024.3,-10594.2,198.8
25028.5,-10596,196.973
25032.7,-10597.8,195.144
25036.9,-10599.6,193.344
25041.2,-10601.4,191.54
25045.4,-10603.2,189.741
25049.6,-10605,187.938
25053.8,-10606.8,186.132
25058,-10608.6,184.331
25062.2,-10610.4,182.527
25066.4,-10612.2,180.7
25070.7,-10614,178.858
25074.9,-10615.8,177.032
25079.3,-10617.6,175.145
25083.5,-10619.4,173.35
25087.8,-10621.2,171.56
25092,-10623,169.766
25096.2,-10624.8,168.017
25100.4,-10626.6,166.251
25104.7,-10628.4,164.487
25108.9,-10630.2,162.695
25113.1,-10632,160.9
25117.3,-10633.8,159.106
25121.5,-10635.6,157.313
25125.8,-10637.4,155.508
25130,-10639.2,153.7
25134.2,-10641,151.892
25138.4,-10642.8,150.075
25142.6,-10644.6,148.258
25146.8,-10646.4,146.443
25151,-10648.2,144.627
25155.2,-10650,142.796
25159.5,-10651.8,140.965
25163.7,-10653.6,139.131
25168,-10655.4,137.25
25172.2,-10657.2,135.411
25176.4,-10659,133.577
25180.7,-10660.8,131.74
25184.9,-10662.6,129.95
25189.1,-10664.4,128.159
25193.3,-10666.2,126.369
25197.5,-10668,124.579
25201.7,-10669.8,122.773
25206,-10671.6,120.96
25210.2,-10673.4,119.153
25214.4,-10675.2,117.353
25218.6,-10677,115.556
25222.8,-10678.8,113.756
25227.2,-10680.6,111.869
25231.5,-10682.4,110.069
25235.7,-10684.2,108.273
25239.9,-10686,106.474
25244.1,-10687.8,104.714
25248.3,-10689.6,102.956
25252.5,-10691.4,101.198
25256.8,-10693.2,99.4423
25261,-10695,97.6253
25265.3,-10696.8,95.7814
25269.5,-10698.6,93.9519
25273.7,-10700.4,92.1206
25277.9,-10702.2,90.2927
25282.1,-10704,88.4641
25286.4,-10705.8,86.638
25290.6,-10707.6,84.8105
25294.8,-10709.4,82.9856
25299,-10711.2,81.1607
25303.2,-10713,79.3286
25307.5,-10714.8,77.4881
25311.7,-10716.6,75.6543
25315.9,-10718.4,73.8232
25320.1,-10720.2,72.0123
25324.3,-10722,70.198
25328.5,-10723.8,68.3846
25332.8,-10725.6,66.5705
25337,-10727.4,64.7676
25341.2,-10729.2,62.9648
25345.4,-10731,61.1646
25349.6,-10732.8,59.3743
25353.8,-10734.6,57.5823
25358,-10736.4,55.7929
25362.3,-10738.2,54.0029
25366.5,-10740,52.2195
25370.7,-10741.8,50.4213
25374.9,-10743.6,48.6391
25379.2,-10745.4,46.8584
25383.4,-10747.2,45.0746
25387.6,-10749,43.2926
25391.8,-10750.8,41.5109
25396,-10752.6,39.7266
25400.2,-10754.4,37.9426
25404.4,-10756.2,36.1556
25408.7,-10758,34.3451
25412.9,-10759.8,32.5335
25417.1,-10761.6,30.7242
25421.3,-10763.4,28.9166
25425.5,-10765.2,27.1069
25429.7,-10767,25.2985
25434,-10768.8,23.4908
25438.2,-10770.6,21.6839
25442.4,-10772.4,19.8778
25446.6,-10774.2,18.0745
25450.8,-10776,16.2752
25455,-10777.8,14.4965
25459.2,-10779.6,12.723
25463.5,-10781.4,10.9385
25468,-10783.2,9.08642
25472.2,-10785,7.37868
25476.4,-10786.8,5.73202
25480.6,-10788.6,4.21346
25484.8,-10790.4,3.06348
25489.1,-10792.2,2.62865
25493.3,-10794,3.2146
25497.5,-10795.8,4.43205
25501.7,-10797.6,5.97416
25505.9,-10799.4,7.62652
25510.2,-10801.2,9.35804
25514.4,-10803,11.1015
25521.2,-10804.8,13.9192
25525.5,-10806.6,15.761
25529.8,-10808.4,17.5074
25534,-10810.2,19.27
25538.5,-10812,21.1306
25542.9,-10813.8,22.9489
25547.1,-10815.5,24.462
25551.3,-10817.3,25.9769
25555.5,-10819.1,27.4878
25559.7,-10820.9,29.1733
25564,-10822.7,30.8634
25568.2,-10824.5,32.5652
25572.6,-10826.3,34.5927
25576.8,-10828.1,36.5355
25581.1,-10829.9,38.4787
25585.3,-10831.7,40.4179
25589.5,-10833.5,42.1612
25593.7,-10835.3,43.9064
25597.9,-10837.1,45.6486
25602.1,-10838.9,47.3934
25606.4,-10840.7,49.1189
25610.7,-10842.5,50.8423
25614.9,-10844.3,52.546
25619.1,-10846.1,54.348
25623.3,-10847.9,56.1527
25627.5,-10849.7,57.9542
25631.7,-10851.5,59.7582
25636,-10853.3,61.5551
25640.2,-10855.1,63.3537
25644.4,-10856.9,65.1532
25648.6,-10858.7,66.9271
25652.8,-10860.5,68.7027
25657,-10862.3,70.4751
25661.3,-10864.1,72.2492
25665.5,-10865.9,74.0449
25669.7,-10867.7,75.8541
25673.9,-10869.5,77.6532
25678.1,-10871.3,79.4483
25682.6,-10873.1,81.3941
25686.8,-10874.9,83.2247
25691.1,-10876.7,85.0571
25695.3,-10878.5,86.8426
25699.5,-10880.3,88.629
25703.7,-10882.1,90.4155
25707.9,-10883.9,92.2003
25712.2,-10885.7,93.9662
25716.4,-10887.5,95.72
25720.6,-10889.3,97.4746
25724.8,-10891.1,99.3017
25729,-10892.9,101.131
25733.2,-10894.7,102.959
25737.4,-10896.5,104.788
25741.7,-10898.3,106.58
25745.9,-10900.1,108.369
25750.1,-10901.9,110.158
25754.3,-10903.7,111.922
25758.5,-10905.5,113.685
25762.7,-10907.3,115.447
25767,-10909.1,117.209
25771.2,-10910.9,119.019
25775.4,-10912.7,120.813
25779.6,-10914.5,122.609
25783.9,-10916.3,124.404
25788.1,-10918.1,126.197
25792.3,-10919.9,127.995
25796.5,-10921.7,129.79
25800.7,-10923.5,131.593
25804.9,-10925.3,133.395
25809.2,-10927.1,135.197
25813.5,-10928.9,137.068
25817.7,-10930.7,138.887
25821.9,-10932.5,140.707
25826.1,-10934.3,142.523
25830.4,-10936.1,144.308
25834.6,-10937.9,146.094
25838.8,-10939.7,147.878
25843,-10941.5,149.663
25847.2,-10943.3,151.464
25851.4,-10945.1,153.264
25855.6,-10946.9,155.06
25859.9,-10948.7,156.867
25864.1,-10950.5,158.705
25868.4,-10952.3,160.527
25872.7,-10954.1,162.38
25877,-10955.9,164.17
25881.2,-10957.7,165.962
25885.4,-10959.5,167.752
25889.6,-10961.3,169.47
25893.8,-10963.1,171.191
25898,-10964.9,172.909
25902.2,-10966.7,174.629
25906.5,-10968.5,176.429
25910.7,-10970.3,178.231
25914.9,-10972.1,180.041
25919.1,-10973.9,181.868
25923.4,-10975.7,183.695
25927.6,-10977.5,185.522
25931.8,-10979.3,187.35
25936,-10981.1,189.155
25940.2,-10982.9,190.96
25944.4,-10984.7,192.767
25948.6,-10986.5,194.572
25952.9,-10988.3,196.412
25957.1,-10990.1,198.248
25961.3,-10991.9,200.087
25965.6,-10993.7,201.943
25969.8,-10995.5,203.782
25974,-10997.3,205.61
25978.2,-10999.1,207.435
25982.5,-11000.9,209.219
25986.7,-11002.7,211
25990.9,-11004.5,212.783
25995.1,-11006.3,214.566
25999.3,-11008.1,216.352
26003.5,-11009.9,218.135
26007.7,-11011.7,219.918
26012,-11013.5,221.714
26018.2,-11015.3,224.38
26022.6,-11017.1,226.25
26026.8,-11018.9,228.035
26031,-11020.7,229.82
26035.2,-11022.5,231.598
26039.5,-11024.3,233.029
26043.7,-11026.1,234.462
26047.9,-11027.9,235.893
26052.1,-11029.7,237.328
26056.3,-11031.5,239.317
26060.5,-11033.3,241.309
26064.7,-11035.1,243.297
26069,-11036.9,245.183
26073.2,-11038.7,247.054
26077.4,-11040.5,248.923
26081.6,-11042.3,250.792
26085.9,-11044.1,252.568
26090.1,-11045.9,254.344
26094.3,-11047.7,256.121
26098.5,-11049.5,257.93
26102.7,-11051.3,259.741
26106.9,-11053.1,261.548
26111.2,-11054.9,263.356
26115.4,-11056.7,265.166
26119.6,-11058.5,266.976
26123.8,-11060.3,268.787
26128,-11062.1,270.594
26132.2,-11063.9,272.403
26136.4,-11065.7,274.21
26140.7,-11067.5,276.018
26144.9,-11069.3,277.8
26149.1,-11071.1,279.585
26153.3,-11072.9,281.37
26157.5,-11074.7,283.152
26161.7,-11076.5,284.971
26165.9,-11078.3,286.792
26170.2,-11080.1,288.623
26174.4,-11081.9,290.446
26178.6,-11083.7,292.267
26182.8,-11085.5,294.09
26187.1,-11087.3,295.908
26191.3,-11089.1,297.726
26195.5,-11090.9,299.542
26199.7,-11092.7,301.357
26203.9,-11094.5,303.174
26208.4,-11096.3,305.127
26212.6,-11098.1,306.967
26216.9,-11099.9,308.819
26221.1,-11101.7,310.585
26225.3,-11103.5,312.35
26229.5,-11105.3,314.114
26233.7,-11107.1,315.918
26237.9,-11108.9,317.72
26242.1,-11110.7,319.523
26246.4,-11112.5,321.323
26250.6,-11114.3,323.14
26254.8,-11116.1,324.953
26259,-11117.9,326.764
26263.5,-11119.7,328.542
26267.7,-11121.5,330.427
26271.9,-11123.3,332.216
26276.2,-11125.1,333.99
26280.4,-11126.9,335.684
26284.6,-11128.7,337.375
26288.8,-11130.5,339.062
26293,-11132.3,340.748
26297.2,-11134.1,342.512
26301.5,-11135.9,344.272
26305.7,-11137.7,346.02
26309.9,-11139.5,347.815
26314.2,-11141.3,349.569
26318.4,-11143.1,351.305
26322.6,-11144.9,352.979
26326.8,-11146.7,354.528
26331.1,-11148.5,355.881
26335.3,-11150.3,356.772
26339.5,-11152.1,356.784
26343.7,-11153.9,355.892
26347.9,-11155.7,354.524
26352.1,-11157.5,352.95
26356.3,-11159.3,351.288
26360.6,-11161.1,349.552
26364.8,-11162.9,347.809
26371.8,-11164.7,344.963
26376.1,-11166.5,343.139
26380.4,-11168.3,341.377
26384.8,-11170.1,339.798
26389.3,-11171.9,338.171
26393.8,-11173.7,336.577
26398,-11175.5,335.059
26402.7,-11177.3,333.511
26406.9,-11179.1,332.119
26411.1,-11180.9,330.721
26415.6,-11182.7,328.866
26419.9,-11184.5,327.086
26424.1,-11186.3,325.325
26428.4,-11188.1,323.569
26432.6,-11189.9,321.668
26436.8,-11191.7,319.768
26441.1,-11193.5,317.87
26445.3,-11195.3,316.145
26449.5,-11197.1,314.41
26453.7,-11198.9,312.674
26458,-11200.7,310.944
26462.2,-11202.5,309.178
26466.4,-11204.3,307.408
26470.7,-11206.1,305.642
26474.9,-11207.9,303.818
26479.1,-11209.7,301.984
26483.3,-11211.5,300.156
26487.6,-11213.3,298.323
26491.8,-11215.1,296.522
26496,-11216.9,294.72
26500.2,-11218.7,292.918
26504.5,-11220.5,291.169
26508.7,-11222.3,289.412
26512.9,-11224.1,287.659
26517.2,-11225.9,285.912
26521.5,-11227.7,284.08
26525.7,-11229.5,282.283
26529.9,-11231.3,280.492
26534.5,-11233.1,278.67
26538.8,-11234.9,276.689
26543,-11236.7,274.864
26547.2,-11238.5,273.036
26551.4,-11240.3,271.297
26555.7,-11242.1,269.554
26559.9,-11243.9,267.821
26564.1,-11245.7,266.084
26568.4,-11247.5,264.283
26572.6,-11249.3,262.476
26576.8,-11251.1,260.679
26581,-11252.9,258.83
26585.3,-11254.7,256.981
26589.5,-11256.5,255.128
26593.8,-11258.3,253.327
26598,-11260.1,251.544
26602.2,-11261.9,249.759
26606.4,-11263.7,247.974
26610.7,-11265.5,246.215
26614.9,-11267.3,244.449
26619.2,-11269.1,242.675
26623.4,-11270.9,240.914
26627.6,-11272.7,239.127
26631.8,-11274.5,237.342
26636.1,-11276.3,235.558
26640.3,-11278.1,233.79
26644.5,-11279.9,232.012
26648.8,-11281.7,230.239
26653,-11283.5,228.463
26657.2,-11285.3,226.686
26661.5,-11287.1,224.907
26665.7,-11288.9,223.133
26669.9,-11290.7,221.326
26674.1,-11292.5,219.519
26678.4,-11294.3,217.709
26682.6,-11296.1,215.89
26686.9,-11297.9,214.067
26691.1,-11299.7,212.248
26695.3,-11301.5,210.433
26699.7,-11303.3,208.571
26703.9,-11305.1,206.76
26708.1,-11306.9,204.961
26712.4,-11308.7,203.152
26716.6,-11310.5,201.368
26720.9,-11312.3,199.576
26725.1,-11314.1,197.8
26729.3,-11315.9,195.996
26733.5,-11317.7,194.189
26737.8,-11319.5,192.378
26742,-11321.3,190.571
26746.2,-11323.1,188.769
26750.5,-11324.9,186.956
26754.7,-11326.7,185.153
26758.9,-11328.5,183.38
26763.1,-11330.3,181.602
26767.4,-11332.1,179.827
26771.6,-11333.9,178.038
26776.1,-11335.7,176.155
26780.3,-11337.5,174.375
26784.5,-11339.3,172.595
26788.8,-11341.1,170.805
26793.3,-11342.9,168.905
26797.6,-11344.7,167.14
26801.8,-11346.5,165.381
26806.3,-11348.3,163.524
26810.6,-11350.1,161.791
26814.8,-11351.9,160.066
26819,-11353.7,158.341
26823.6,-11355.5,156.364
26827.8,-11357.3,154.547
26832,-11359.1,152.732
26836.6,-11360.9,150.861
26840.8,-11362.7,149.121
26845.1,-11364.5,147.39
26849.6,-11366.3,145.659
26853.9,-11368.1,143.735
26858.1,-11369.9,141.959
26862.3,-11371.7,140.182
26866.8,-11373.5,138.354
26871.1,-11375.3,136.649
26875.3,-11377.1,134.955
26879.9,-11378.9,133.259
26884.1,-11380.7,131.365
26888.3,-11382.5,129.602
26892.6,-11384.3,127.843
26896.8,-11386.1,126.124
26901,-11387.9,124.399
26905.3,-11389.7,122.673
26909.5,-11391.5,120.837
26913.7,-11393.3,118.994
26917.9,-11395.1,117.159
26922.2,-11396.9,115.308
26926.4,-11398.7,113.465
26930.7,-11400.5,111.624
26934.9,-11402.3,109.78
26939.1,-11404.1,107.944
26943.3,-11405.9,106.118
26947.6,-11407.7,104.29
26951.8,-11409.5,102.463
26956.3,-11411.3,100.505
26960.6,-11413.1,98.675
26964.8,-11414.9,96.8578
26969,-11416.7,95.038
26973.6,-11418.5,93.1356
26977.8,-11420.3,91.3767
26982.1,-11422.1,89.6243
26986.6,-11423.9,87.7838
26990.8,-11425.7,86.0666
26995.1,-11427.5,84.3591
26999.6,-11429.3,82.6518
27003.9,-11431.1,80.7458
27008.1,-11432.9,78.9872
27012.3,-11434.7,77.2272
27016.8,-11436.5,75.3872
27021.1,-11438.3,73.6663
27025.3,-11440.1,71.9455
27029.9,-11441.9,70.0405
27034.1,-11443.7,68.2729
27038.3,-11445.5,66.5063
27042.6,-11447.3,64.735
27047.1,-11449.1,62.8728
27051.3,-11450.9,61.1282
27055.5,-11452.7,59.3951
27059.8,-11454.5,57.5841
27064,-11456.3,55.7684
27068.2,-11458.1,53.9623
27072.5,-11459.9,52.1498
27076.7,-11461.7,50.3356
27080.9,-11463.5,48.5227
27085.1,-11465.3,46.7121
27089.3,-11467.1,44.9022
27093.6,-11468.9,43.0875
27097.8,-11470.7,41.2794
27102,-11472.5,39.4723
27106.3,-11474.3,37.6647
27110.6,-11476.1,35.89
27114.8,-11477.9,34.128
27119,-11479.7,32.3676
27123.6,-11481.5,30.4763
27127.8,-11483.3,28.7413
27132.1,-11485.1,27.0005
27136.3,-11486.9,25.3436
27140.5,-11488.7,23.6881
27144.8,-11490.5,22.0339
27149,-11492.3,20.3879
27153.2,-11494.1,18.6121
27157.5,-11495.9,16.8448
27161.7,-11497.7,15.0912
27165.9,-11499.5,13.3478
27170.1,-11501.3,11.623
27174.4,-11503.1,9.9329
27178.6,-11504.9,8.29587
27182.8,-11506.7,6.75936
27187.1,-11508.5,5.39858
27191.3,-11510.3,4.3882
27195.5,-11512.1,3.98859
27199.7,-11513.9,4.37623
27203.9,-11515.7,5.38347
27208.2,-11517.5,6.73952
27212.4,-11519.3,8.26712
27216.9,-11521.1,10.0103
27221.1,-11522.9,11.6952
27228.5,-11524.7,14.5988
27232.8,-11526.5,16.3541
27237.1,-11528.3,18.0614
27245.7,-11530.1,20.9839
27250.1,-11531.9,22.4881
27254.5,-11533.7,23.8373
27258.7,-11535.5,25.127
27262.9,-11537.3,26.4194
27267.1,-11539.1,27.712
27271.6,-11540.9,29.1054
27275.8,-11542.7,30.4325
27280,-11544.5,31.7598
27284.2,-11546.3,33.0889
27288.4,-11548.1,35.0742
27292.7,-11549.9,37.0619
27296.9,-11551.7,39.0498
27301.1,-11553.5,40.8705
27305.3,-11555.3,42.6887
27309.5,-11557.1,44.5076
27313.7,-11558.9,46.328
27317.9,-11560.7,48.0164
27322.2,-11562.5,49.71
27326.4,-11564.3,51.4165
27330.6,-11566.1,53.1964
27334.9,-11567.9,54.9749
27339.1,-11569.7,56.7529
27343.3,-11571.5,58.532
27347.5,-11573.3,60.3482
27351.7,-11575.1,62.1654
27355.9,-11576.9,63.982
27360.2,-11578.7,65.7599
27364.4,-11580.5,67.5387
27368.6,-11582.3,69.3178
27372.8,-11584.1,71.1093
27377.1,-11585.9,72.8956
27381.3,-11587.7,74.6838
27385.5,-11589.5,76.4679
27389.7,-11591.3,78.2546
27393.9,-11593.1,80.0929
27398.1,-11594.9,81.9297
27402.4,-11596.7,83.7683
27406.6,-11598.5,85.5705
27410.8,-11600.3,87.3762
27415,-11602.1,89.1777
27419.5,-11603.9,91.0683
27423.7,-11605.7,92.8516
27427.9,-11607.5,94.6433
27432.2,-11609.3,96.4251
27436.4,-11611.1,98.1819
27440.6,-11612.9,99.9396
27444.8,-11614.7,101.695
27449,-11616.5,103.449
27453.2,-11618.3,105.22
27457.5,-11620.1,106.991
27461.7,-11621.9,108.762
27465.9,-11623.7,110.557
27470.1,-11625.5,112.353
27474.3,-11627.3,114.161
27478.6,-11629.1,115.956
27482.8,-11630.9,117.761
27487,-11632.7,119.564
27491.2,-11634.5,121.37
27495.4,-11636.3,123.175
27499.6,-11638.1,124.982
27503.9,-11639.9,126.789
27508.1,-11641.7,128.592
27512.3,-11643.5,130.414
27519.3,-11645.3,133.446
27523.7,-11647.1,135.341
27528,-11648.9,137.184
27532.2,-11650.7,139.009
27536.4,-11652.5,140.83
27540.6,-11654.3,142.196
27544.8,-11656.1,143.559
27549,-11657.9,144.923
27553.2,-11659.7,146.288
27557.5,-11661.5,148.158
27561.7,-11663.3,150.033
27565.9,-11665.1,151.902
27570.1,-11666.9,153.776
27574.3,-11668.7,155.686
27578.6,-11670.5,157.58
27582.8,-11672.3,159.474
27587,-11674.1,161.178
27591.2,-11675.9,162.883
27595.4,-11677.7,164.586
27599.7,-11679.5,166.391
27604,-11681.3,168.161
27608.2,-11683.1,169.928
27612.4,-11684.9,171.697
27616.6,-11686.7,173.523
27620.8,-11688.5,175.351
27625,-11690.3,177.174
27629.3,-11692.1,179.012
27633.5,-11693.9,180.855
27637.7,-11695.7,182.696
27641.9,-11697.5,184.537
27646.1,-11699.3,186.336
27650.3,-11701.1,188.135
27654.6,-11702.9,189.935
27658.8,-11704.7,191.731
27663,-11706.5,193.55
27667.3,-11708.3,195.396
27671.5,-11710.1,197.229
27675.7,-11711.9,199.049
27680,-11713.7,200.869
27684.2,-11715.5,202.691
27688.4,-11717.3,204.508
27692.6,-11719.1,206.26
27696.8,-11720.9,208.009
27701,-11722.7,209.759
27705.2,-11724.5,211.506
27709.5,-11726.3,213.311
27713.7,-11728.1,215.121
27717.9,-11729.9,216.926
27722.1,-11731.7,218.725
27726.3,-11733.5,220.522
27730.6,-11735.2,222.361
27734.8,-11737,224.163
27739.1,-11738.8,225.967
27743.3,-11740.6,227.772
27747.5,-11742.4,229.574
27751.7,-11744.2,231.401
27755.9,-11746,233.226
27760.1,-11747.8,235.052
27764.4,-11749.6,236.879
27768.6,-11751.4,238.717
27772.8,-11753.2,240.57
27777,-11755,242.407
27781.3,-11756.8,244.223
27785.5,-11758.6,246.036
27789.7,-11760.4,247.852
27793.9,-11762.2,249.666
27798.1,-11764,251.478
27802.3,-11765.8,253.29
27806.6,-11767.6,255.099
27810.8,-11769.4,256.915
27815,-11771.2,258.729
27819.2,-11773,260.542
27823.4,-11774.8,262.356
27827.6,-11776.6,264.142
27831.9,-11778.4,265.94
27836.1,-11780.2,267.724
27840.5,-11782,269.591
27844.7,-11783.8,271.391
27848.9,-11785.6,273.184
27853.1,-11787.4,274.977
27857.3,-11789.2,276.733
27861.6,-11791,278.494
27865.8,-11792.8,280.251
27870,-11794.6,282.069
27874.2,-11796.4,283.903
27878.4,-11798.2,285.723
27882.7,-11800,287.544
27886.9,-11801.8,289.36
27891.1,-11803.6,291.179
27895.3,-11805.4,292.994
27899.7,-11807.2,294.915
27903.9,-11809,296.752
27908.2,-11810.8,298.585
27912.4,-11812.6,300.42
27916.6,-11814.4,302.187
27920.8,-11816.2,303.956
27925,-11818,305.722
27929.2,-11819.8,307.487
27933.5,-11821.6,309.328
27937.7,-11823.4,311.157
27941.9,-11825.2,312.985
27946.1,-11827,314.789
27950.3,-11828.8,316.594
27954.6,-11830.6,318.399
27958.8,-11832.4,320.2
27963,-11834.2,321.99
27967.2,-11836,323.778
27971.4,-11837.8,325.567
27975.7,-11839.6,327.36
27979.9,-11841.4,329.139
27984.1,-11843.2,330.919
27988.4,-11845,332.707
27992.6,-11846.8,334.478
27996.8,-11848.6,336.243
28001,-11850.4,338.007
28005.2,-11852.2,339.762
28009.4,-11854,341.528
28013.6,-11855.8,343.29
28017.9,-11857.6,345.037
28022.1,-11859.4,346.794
28026.3,-11861.2,348.526
28030.5,-11863,350.221
28034.7,-11864.8,351.871
28038.9,-11866.6,353.423
28043.2,-11868.4,354.781
28047.4,-11870.2,355.758
28051.8,-11872,356.081
28056,-11873.8,355.574
28060.2,-11875.6,354.487
28064.5,-11877.4,353.087
28068.7,-11879.2,351.586
28073,-11881,349.957
28077.2,-11882.8,348.323
28081.5,-11884.6,346.623
28085.8,-11886.4,344.868
28090.1,-11888.2,343.095
28094.3,-11890,341.352
28101.9,-11891.8,338.252
28106.3,-11893.6,336.435
28110.5,-11895.4,334.765
28114.8,-11897.2,333.095
28119,-11899,331.425
28123.2,-11900.8,329.751
28127.4,-11902.6,328.35
28131.7,-11904.4,326.952
28135.9,-11906.2,325.545
28140.1,-11908,324.149
28144.6,-11909.8,322.132
28148.8,-11911.6,320.237
28153,-11913.4,318.34
28157.3,-11915.2,316.542
28161.5,-11917,314.74
28165.7,-11918.8,312.941
28169.9,-11920.6,311.141
28174.2,-11922.4,309.383
28178.4,-11924.2,307.639
28182.6,-11926,305.894
28186.8,-11927.8,304.112
28191,-11929.6,302.328
28195.2,-11931.4,300.548
28199.7,-11933.2,298.639
28203.9,-11935,296.839
28208.2,-11936.8,295.042
28212.4,-11938.6,293.243
28216.6,-11940.4,291.524
28220.8,-11942.2,289.801
28225,-11944,288.085
28229.2,-11945.8,286.366
28233.5,-11947.6,284.609
28237.7,-11949.4,282.842
28241.9,-11951.2,281.084
28246.1,-11953,279.262
28250.4,-11954.8,277.44
28254.6,-11956.6,275.616
28258.8,-11958.4,273.793
28263,-11960.2,271.987
28267.2,-11962,270.184
28271.4,-11963.8,268.378
28275.7,-11965.6,266.568
28279.9,-11967.4,264.768
28284.1,-11969.2,262.969
28288.3,-11971,261.168
28292.6,-11972.8,259.35
28296.8,-11974.6,257.531
28301,-11976.4,255.713
28305.2,-11978.2,253.899
28309.4,-11980,252.097
28313.6,-11981.8,250.292
28317.8,-11983.6,248.491
28322.1,-11985.4,246.705
28326.3,-11987.2,244.919
28330.5,-11989,243.133
28334.7,-11990.8,241.351
28339,-11992.6,239.554
28343.2,-11994.4,237.762
28347.4,-11996.2,235.974
28351.6,-11998,234.189
28355.8,-11999.8,232.404
28360,-12001.6,230.621
28364.3,-12003.4,228.837
28368.5,-12005.2,227.05
28372.7,-12007,225.249
28376.9,-12008.8,223.464
28381.2,-12010.6,221.646
28385.4,-12012.4,219.832
28389.6,-12014.2,218.019
28393.8,-12016,216.203
28398,-12017.8,214.386
28402.2,-12019.6,212.566
28406.4,-12021.4,210.748
28410.7,-12023.2,208.925
28414.9,-12025,207.104
28419.1,-12026.8,205.283
28423.3,-12028.6,203.459
28427.5,-12030.4,201.666
28431.7,-12032.2,199.869
28435.9,-12034,198.076
28440.5,-12035.8,196.272
28444.7,-12037.6,194.352
28448.9,-12039.4,192.527
28453.2,-12041.2,190.726
28457.4,-12043,189.008
28461.6,-12044.8,187.287
28465.8,-12046.6,185.572
28470,-12048.4,183.853
28474.3,-12050.2,182.027
28478.5,-12052,180.212
28482.7,-12053.8,178.4
28487.1,-12055.6,176.522
28491.3,-12057.4,174.721
28495.5,-12059.2,172.925
28499.7,-12061,171.127
28504,-12062.8,169.368
28508.2,-12064.6,167.61
28512.4,-12066.4,165.852
28516.6,-12068.2,164.023
28520.8,-12070,162.19
28525,-12071.8,160.362
28529.2,-12073.6,158.533
28533.5,-12075.4,156.664
28537.7,-12077.2,154.795
28541.9,-12079,152.913
28546.4,-12080.8,150.95
28550.6,-12082.6,149.096
28554.8,-12084.4,147.247
28559,-12086.2,145.398
28563.3,-12088,143.642
28567.5,-12089.8,141.887
28571.7,-12091.6,140.13
28575.9,-12093.4,138.366
28580.1,-12095.2,136.549
28584.4,-12097,134.73
28588.6,-12098.8,132.912
28592.8,-12100.6,131.159
28597,-12102.4,129.404
28601.2,-12104.2,127.649
28605.6,-12106,125.816
28609.8,-12107.8,124.051
28614,-12109.6,122.286
28618.2,-12111.4,120.522
28622.5,-12113.2,118.777
28626.7,-12115,117.034
28630.9,-12116.8,115.289
28635.1,-12118.6,113.548
28639.3,-12120.4,111.751
28643.6,-12122.2,109.941
28647.8,-12124,108.143
28652,-12125.8,106.32
28656.2,-12127.6,104.498
28660.5,-12129.4,102.661
28664.7,-12131.2,100.842
28668.9,-12133,98.9923
28673.2,-12134.8,97.1502
28677.4,-12136.6,95.3218
28681.6,-12138.4,93.4971
28685.8,-12140.2,91.675
28690.1,-12142,89.8547
28694.3,-12143.8,88.032
28698.5,-12145.6,86.2084
28702.7,-12147.4,84.3823
28706.9,-12149.2,82.5597
28711.1,-12151,80.7345
28715.7,-12152.8,78.7863
28719.9,-12154.6,76.9734
28724.1,-12156.4,75.1589
28728.3,-12158.2,73.4242
28732.6,-12160,71.6961
28736.8,-12161.8,69.9721
28741,-12163.6,68.1836
28745.2,-12165.4,66.3846
28749.4,-12167.2,64.5972
28753.7,-12169,62.8084
28757.9,-12170.8,61.0258
28762.1,-12172.6,59.2394
28766.3,-12174.4,57.4574
28770.5,-12176.2,55.6714
28775,-12178,53.7564
28779.3,-12179.8,51.9716
28783.5,-12181.6,50.1846
28787.7,-12183.4,48.4586
28791.9,-12185.2,46.7305
28796.1,-12187,45.0068
28800.3,-12188.8,43.2829
28804.6,-12190.6,41.4389
28808.8,-12192.4,39.5966
28813,-12194.2,37.7537
28817.2,-12196,35.9448
28821.4,-12197.8,34.1364
28825.6,-12199.6,32.3354
28829.8,-12201.4,30.5356
28834.1,-12203.2,28.761
28838.3,-12205,26.9904
28842.5,-12206.8,25.222
28846.7,-12208.6,23.4642
28850.9,-12210.4,21.7087
28855.1,-12212.2,19.9634
28859.4,-12214,18.2259
28863.6,-12215.8,16.4861
28867.8,-12217.6,14.7615
28872,-12219.4,13.0529
28876.3,-12221.2,11.3565
28880.5,-12223,9.709
28884.7,-12224.8,8.12856
28888.9,-12226.6,6.65369
28893.1,-12228.4,5.38725
28897.3,-12230.2,4.47722
28901.6,-12232,4.1613
28905.8,-12233.8,4.58196
28910,-12235.6,5.58114
28914.2,-12237.4,6.91197
28918.4,-12239.2,8.41671
28922.9,-12241,10.1482
28927.1,-12242.8,11.821
28931.4,-12244.6,13.5361
28936.1,-12246.4,15.4065
28940.4,-12248.2,17.1389
28944.6,-12250,18.8533
28953.8,-12251.8,22.4374
28958.2,-12253.6,24.1421
28962.4,-12255.4,25.794
28966.6,-12257.2,27.0469
28970.9,-12259,28.3057
28975.1,-12260.8,29.5697
28979.3,-12262.6,30.8265
28983.6,-12264.4,32.1658
28987.8,-12266.2,33.4994
28992,-12268,34.8384
28997.9,-12269.8,37.6318
29002.2,-12271.6,39.6245
29006.4,-12273.4,41.6127
29010.6,-12275.2,43.2927
29014.8,-12277,44.9711
29022.5,-12278.8,48.0197
29026.9,-12280.6,49.7889
29031.3,-12282.4,51.4764
29035.8,-12284.2,53.2248
29040.2,-12286,54.9548
29044.7,-12287.8,56.3605
29049.2,-12289.6,57.7493
29053.6,-12291.4,59.153
29058.1,-12293.2,60.9423
29062.5,-12295,62.7413
29067,-12296.8,64.5258
29071.7,-12298.6,66.5767
29076.1,-12300.4,68.5053
29080.8,-12302.2,70.5233
29085.4,-12304,72.5593
29089.9,-12305.8,74.2228
29094.3,-12307.6,75.8871
29098.5,-12309.4,77.4928
29102.8,-12311.2,79.1106
29107,-12313,80.7263
29111.2,-12314.8,82.3435
29115.4,-12316.6,83.9579
29119.6,-12318.4,85.8581
29123.9,-12320.2,87.7601
29128.1,-12322,89.6613
29132.3,-12323.8,91.4816
29136.5,-12325.6,93.2995
29140.7,-12327.4,95.1199
29144.9,-12329.2,96.937
29149.2,-12331,98.684
29153.4,-12332.8,100.434
29157.6,-12334.6,102.182
29161.8,-12336.4,103.962
29166,-12338.2,105.738
29170.2,-12340,107.513
29174.5,-12341.8,109.295
29178.8,-12343.6,111.153
29183,-12345.4,112.977
29187.2,-12347.2,114.799
29191.4,-12349,116.564
29195.6,-12350.8,118.327
29199.9,-12352.6,120.092
29204.1,-12354.4,121.858
29208.3,-12356.2,123.655
29212.5,-12358,125.455
29216.7,-12359.8,127.254
29220.9,-12361.6,129.098
29225.2,-12363.4,130.939
29229.4,-12365.2,132.781
29233.6,-12367,134.626
29237.8,-12368.8,136.424
29242,-12370.6,138.225
29246.3,-12372.4,140.025
29250.5,-12374.2,141.844
29254.7,-12376,143.649
29259,-12377.8,145.453
29263.2,-12379.6,147.257
29267.4,-12381.4,149.057
29271.6,-12383.2,150.861
29275.8,-12385,152.661
29280.1,-12386.8,154.467
29284.3,-12388.6,156.258
29288.5,-12390.4,158.048
29292.7,-12392.2,159.84
29296.9,-12394,161.62
29301.1,-12395.8,163.401
29305.4,-12397.6,165.18
29309.6,-12399.4,166.959
29313.8,-12401.2,168.741
29318,-12403,170.521
29322.2,-12404.8,172.305
29326.4,-12406.6,174.085
29330.7,-12408.4,175.894
29334.9,-12410.2,177.697
29339.1,-12412,179.503
29343.3,-12413.8,181.328
29347.5,-12415.6,183.149
29351.8,-12417.4,184.987
29356,-12419.2,186.823
29360.2,-12421,188.657
29364.4,-12422.8,190.493
29368.6,-12424.6,192.327
29372.9,-12426.4,194.143
29377.1,-12428.2,195.959
29381.3,-12430,197.776
29385.5,-12431.8,199.587
29389.7,-12433.6,201.383
29394,-12435.4,203.18
29398.2,-12437.2,204.975
29402.4,-12439,206.766
29406.6,-12440.8,208.557
29410.8,-12442.6,210.349
29415,-12444.4,212.137
29419.3,-12446.2,213.927
29423.5,-12448,215.718
29427.7,-12449.8,217.51
29431.9,-12451.6,219.298
29436.1,-12453.4,221.082
29440.3,-12455.2,222.869
29444.6,-12457,224.657
29448.8,-12458.8,226.447
29453,-12460.6,228.252
29457.2,-12462.4,230.045
29461.5,-12464.2,231.837
29465.7,-12466,233.65
29469.9,-12467.8,235.462
29474.1,-12469.6,237.277
29478.3,-12471.4,239.115
29482.6,-12473.2,240.948
29486.8,-12475,242.778
29491,-12476.8,244.611
29495.2,-12478.6,246.442
29499.4,-12480.4,248.275
29503.6,-12482.2,250.109
29507.9,-12484,251.924
29512.1,-12485.8,253.739
29516.3,-12487.6,255.554
29520.5,-12489.4,257.369
29524.7,-12491.2,259.167
29529,-12493,260.963
29533.2,-12494.8,262.763
29537.4,-12496.6,264.562
29541.6,-12498.4,266.365
29545.8,-12500.2,268.165
29550,-12502,269.964
29554.3,-12503.8,271.767
29558.5,-12505.6,273.567
29562.7,-12507.4,275.372
29566.9,-12509.2,277.17
29571.1,-12511,278.97
29575.3,-12512.8,280.77
29579.6,-12514.6,282.583
29583.8,-12516.4,284.386
29588,-12518.2,286.19
29592.3,-12520,287.999
29596.5,-12521.8,289.801
29600.7,-12523.6,291.609
29604.9,-12525.4,293.414
29609.1,-12527.2,295.22
29613.4,-12529,297.044
29617.6,-12530.8,298.868
29621.8,-12532.6,300.693
29626,-12534.4,302.512
29630.2,-12536.2,304.339
29634.5,-12538,306.167
29638.7,-12539.8,307.993
29642.9,-12541.6,309.816
29647.1,-12543.4,311.638
29651.4,-12545.2,313.473
29655.6,-12547,315.295
29659.8,-12548.8,317.099
29664,-12550.6,318.905
29668.2,-12552.4,320.708
29672.4,-12554.2,322.498
29676.7,-12556,324.287
29680.9,-12557.8,326.087
29685.1,-12559.6,327.871
29689.3,-12561.4,329.641
29693.6,-12563.2,331.41
29697.8,-12565,333.174
29702,-12566.8,334.927
29706.2,-12568.6,336.672
29710.5,-12570.4,338.431
29714.7,-12572.2,340.167
29718.9,-12574,341.895
29723.1,-12575.8,343.617
29727.3,-12577.6,345.323
29731.6,-12579.4,347.021
29735.8,-12581.2,348.686
29740,-12583,350.314
29744.2,-12584.8,351.877
29748.4,-12586.6,353.354
29752.7,-12588.4,354.627
29756.9,-12590.2,355.495
29761.1,-12592,355.721
29765.3,-12593.8,355.205
29769.5,-12595.6,354.132
29773.8,-12597.4,352.743
29778,-12599.2,351.2
29782.3,-12601,349.555
29786.5,-12602.8,347.872
29790.7,-12604.6,346.147
29795.1,-12606.4,344.406
29799.4,-12608.2,342.652
29803.6,-12610,340.922
29807.9,-12611.8,339.19
29812.4,-12613.6,337.33
29816.7,-12615.4,335.546
29821,-12617.2,333.81
29825.2,-12619,332.106
29829.4,-12620.8,330.398
29833.6,-12622.6,328.687
29837.8,-12624.4,326.941
29842.1,-12626.2,325.193
29846.3,-12628,323.444
29850.5,-12629.8,321.693
29854.8,-12631.6,319.873
29859,-12633.4,318.068
29863.2,-12635.2,316.264
29867.4,-12637,314.46
29871.6,-12638.8,312.685
29875.9,-12640.6,310.912
29880.1,-12642.4,309.125
29884.3,-12644.2,307.323
29888.6,-12646,305.498
29892.8,-12647.8,303.694
29897,-12649.6,301.894
29901.3,-12651.4,300.096
29905.5,-12653.2,298.3
29909.7,-12655,296.503
29913.9,-12656.8,294.706
29918.1,-12658.5,292.914
29922.4,-12660.3,291.117
29926.6,-12662.1,289.322
29930.8,-12663.9,287.522
29935,-12665.7,285.725
29939.2,-12667.5,283.927
29943.4,-12669.3,282.141
29947.7,-12671.1,280.358
29951.9,-12672.9,278.573
29956.1,-12674.7,276.776
29960.3,-12676.5,274.982
29964.6,-12678.3,273.19
29968.8,-12680.1,271.398
29973,-12681.9,269.628
29977.2,-12683.7,267.859
29981.5,-12685.5,266.077
29985.7,-12687.3,264.306
29989.9,-12689.1,262.519
29994.1,-12690.9,260.726
29998.3,-12692.7,258.936
30002.6,-12694.5,257.135
30006.8,-12696.3,255.336
30011,-12698.1,253.536
30015.2,-12699.9,251.737
30019.4,-12701.7,249.929
30023.6,-12703.5,248.121
30027.9,-12705.3,246.312
30032.1,-12707.1,244.503
30036.3,-12708.9,242.681
30040.5,-12710.7,240.859
30044.7,-12712.5,239.036
30048.9,-12714.3,237.217
30053.2,-12716.1,235.398
30057.4,-12717.9,233.566
30061.6,-12719.7,231.744
30065.8,-12721.5,229.937
30070.1,-12723.3,228.13
30074.3,-12725.1,226.321
30078.5,-12726.9,224.527
30082.7,-12728.7,222.738
30087,-12730.5,220.954
30091.2,-12732.3,219.168
30095.4,-12734.1,217.389
30099.6,-12735.9,215.606
30103.8,-12737.7,213.823
30108,-12739.5,212.045
30112.3,-12741.3,210.268
30116.5,-12743.1,208.493
30120.7,-12744.9,206.714
30124.9,-12746.7,204.927
30129.1,-12748.5,203.137
30133.3,-12750.3,201.347
30137.6,-12752.1,199.538
30141.8,-12753.9,197.727
30146,-12755.7,195.918
30150.2,-12757.5,194.107
30154.4,-12759.3,192.279
30158.7,-12761.1,190.444
30162.9,-12762.9,188.617
30167.1,-12764.7,186.791
30171.3,-12766.5,184.958
30175.5,-12768.3,183.126
30179.8,-12770.1,181.284
30184,-12771.9,179.476
30188.2,-12773.7,177.671
30192.4,-12775.5,175.864
30196.7,-12777.3,174.061
30200.9,-12779.1,172.26
30205.1,-12780.9,170.464
30209.3,-12782.7,168.669
30213.5,-12784.5,166.874
30217.7,-12786.3,165.079
30222,-12788.1,163.284
30226.2,-12789.9,161.492
30230.4,-12791.7,159.717
30234.6,-12793.5,157.935
30238.8,-12795.3,156.158
30243,-12797.1,154.432
30247.3,-12798.9,152.708
30251.5,-12800.7,150.982
30255.7,-12802.5,149.258
30259.9,-12804.3,147.463
30264.1,-12806.1,145.665
30268.3,-12807.9,143.869
30272.6,-12809.7,142.032
30276.8,-12811.5,140.196
30281,-12813.3,138.346
30285.2,-12815.1,136.51
30289.4,-12816.9,134.666
30293.7,-12818.7,132.82
30297.9,-12820.5,130.976
30302.1,-12822.3,129.131
30306.3,-12824.1,127.293
30310.5,-12825.9,125.453
30314.8,-12827.7,123.617
30319,-12829.5,121.801
30323.2,-12831.3,119.982
30327.4,-12833.1,118.166
30331.6,-12834.9,116.367
30335.8,-12836.7,114.572
30340.1,-12838.5,112.778
30344.3,-12840.3,110.982
30348.5,-12842.1,109.199
30352.7,-12843.9,107.415
30356.9,-12845.7,105.632
30361.2,-12847.5,103.836
30365.4,-12849.3,102.062
30369.6,-12851.1,100.286
30373.8,-12852.9,98.5096
30378,-12854.7,96.7313
30382.3,-12856.5,94.9399
30386.5,-12858.3,93.1618
30390.7,-12860.1,91.382
30394.9,-12861.9,89.5997
30399.2,-12863.7,87.8158
30403.4,-12865.5,86.0303
30407.6,-12867.3,84.2136
30411.8,-12869.1,82.3953
30416,-12870.9,80.5797
30420.2,-12872.7,78.7633
30424.5,-12874.5,76.9164
30428.7,-12876.3,75.073
30432.9,-12878.1,73.2279
30437.1,-12879.9,71.3837
30441.3,-12881.7,69.5417
30445.5,-12883.5,67.7032
30449.8,-12885.3,65.8657
30454,-12887.1,64.0386
30458.2,-12888.9,62.215
30462.4,-12890.7,60.3781
30466.7,-12892.5,58.5541
30470.9,-12894.3,56.7208
30475.1,-12896.1,54.8911
30479.3,-12897.9,53.0482
30483.6,-12899.7,51.2339
30487.8,-12901.5,49.4226
30492,-12903.3,47.6108
30496.2,-12905.1,45.8021
30500.5,-12906.9,43.991
30504.7,-12908.7,42.2008
30508.9,-12910.5,40.4115
30513.1,-12912.3,38.6313
30517.3,-12914.1,36.8547
30521.6,-12915.9,35.0652
30525.9,-12917.7,33.2426
30530.1,-12919.5,31.4741
30534.4,-12921.3,29.7064
30538.6,-12923.1,27.9447
30542.8,-12924.9,26.1794
30547,-12926.7,24.4206
30551.2,-12928.5,22.6635
30555.4,-12930.3,20.9118
30559.7,-12932.1,19.1037
30563.9,-12933.9,17.2843
30568.1,-12935.7,15.4926
30572.4,-12937.5,13.7102
30576.6,-12939.3,11.9493
30580.8,-12941.1,10.2021
30585,-12942.9,8.5183
30589.3,-12944.7,6.91389
30593.5,-12946.5,5.47605
30597.7,-12948.3,4.3311
30602,-12950.1,3.74651
30606.2,-12951.9,3.97167
30610.4,-12953.7,4.89681
30614.6,-12955.5,6.20851
30618.9,-12957.3,7.71566
30623.1,-12959.1,9.32684
30627.3,-12960.9,11.0094
30631.5,-12962.7,12.7143
30635.8,-12964.5,14.4207
30640.1,-12966.3,16.1773
30644.4,-12968.1,17.9402
30648.6,-12969.9,19.6713
30652.9,-12971.7,21.4412
30657.5,-12973.5,23.3344
30661.9,-12975.3,25.1501
30666.1,-12977.1,26.907
30670.3,-12978.9,28.6636
30674.6,-12980.7,30.423
30678.8,-12982.5,32.1457
30683,-12984.3,33.8841
30687.2,-12986.1,35.6092
30691.5,-12987.9,37.3361
30695.7,-12989.7,39.1749
30699.9,-12991.5,41.0127
30704.1,-12993.3,42.8547
30708.3,-12995.1,44.6981
30712.6,-12996.9,46.4878
30716.8,-12998.7,48.2754
30721,-13000.5,50.066
30725.2,-13002.3,51.839
30729.4,-13004.1,53.6114
30733.6,-13005.9,55.3858
30737.9,-13007.7,57.193
30742.1,-13009.5,58.9997
30746.3,-13011.3,60.8065
30750.5,-13013.1,62.6136
30754.7,-13014.9,64.4261
30758.9,-13016.7,66.238
30763.2,-13018.5,68.0651
30767.4,-13020.3,69.8781
30771.6,-13022.1,71.651
30775.8,-13023.9,73.4232
30780.1,-13025.7,75.2069
30784.3,-13027.5,76.9581
30788.5,-13029.3,78.7053
30792.7,-13031.1,80.455
30797,-13032.9,82.2032
30801.2,-13034.7,83.9931
30805.4,-13036.5,85.7815
30809.6,-13038.3,87.5716
30813.8,-13040.1,89.3666
30818,-13041.9,91.1584
30822.3,-13043.7,92.9527
30826.5,-13045.5,94.747
30830.7,-13047.3,96.5468
30834.9,-13049.1,98.3424
30839.1,-13050.9,100.137
30843.3,-13052.7,101.972
30847.6,-13054.5,103.804
30851.8,-13056.3,105.638
30856,-13058.1,107.47
30860.2,-13059.9,109.302
30864.5,-13061.7,111.149
30868.7,-13063.5,112.982
30872.9,-13065.3,114.761
30877.1,-13067.1,116.54
30881.4,-13068.9,118.335
30885.6,-13070.7,120.113
30889.8,-13072.5,121.898
30894,-13074.3,123.683
30898.2,-13076.1,125.466
30902.4,-13077.9,127.251
30906.6,-13079.7,129.014
30910.9,-13081.5,130.78
30915.1,-13083.3,132.541
30919.3,-13085.1,134.323
30923.5,-13086.9,136.106
30927.7,-13088.7,137.889
30931.9,-13090.5,139.672
30936.2,-13092.3,141.457
30940.4,-13094.1,143.244
30944.6,-13095.9,145.032
30948.8,-13097.7,146.844
30953,-13099.5,148.656
30957.2,-13101.3,150.467
30961.5,-13103.1,152.28
30965.7,-13104.9,154.115
30969.9,-13106.7,155.94
30974.1,-13108.5,157.764
30978.3,-13110.3,159.582
30982.6,-13112.1,161.415
30986.8,-13113.9,163.229
30991,-13115.7,165.046
30995.2,-13117.5,166.835
30999.5,-13119.3,168.625
31003.7,-13121.1,170.417
31007.9,-13122.9,172.205
31012.1,-13124.7,174.015
31016.3,-13126.5,175.825
31020.5,-13128.3,177.634
31024.8,-13130.1,179.475
31029,-13131.9,181.318
31033.2,-13133.7,183.163
31037.4,-13135.5,185.007
31041.6,-13137.3,186.789
31045.8,-13139.1,188.571
31050,-13140.9,190.352
31054.3,-13142.7,192.086
31058.5,-13144.5,193.832
31062.7,-13146.3,195.571
31067,-13148.1,197.316
31071.2,-13149.9,199.127
31075.4,-13151.7,200.938
31079.6,-13153.5,202.749
31083.9,-13155.3,204.589
31088.1,-13157.1,206.415
31092.3,-13158.9,208.241
31096.5,-13160.7,210.066
31100.8,-13162.5,211.905
31105,-13164.3,213.741
31109.2,-13166.1,215.58
31113.4,-13167.9,217.381
31117.6,-13169.7,219.18
31121.8,-13171.5,220.982
31126,-13173.3,222.781
31130.3,-13175.1,224.609
31134.5,-13176.9,226.437
31138.7,-13178.7,228.265
31142.9,-13180.5,230.094
31147.1,-13182.3,231.883
31151.4,-13184.1,233.678
31155.6,-13185.9,235.468
31159.8,-13187.7,237.252
31164,-13189.5,239.037
31168.2,-13191.3,240.831
31172.5,-13193.1,242.618
31176.7,-13194.9,244.401
31180.9,-13196.7,246.197
31185.1,-13198.5,247.978
31189.4,-13200.3,249.748
31193.6,-13202.1,251.521
31197.8,-13203.9,253.289
31202,-13205.7,255.06
31206.3,-13207.5,256.86
31210.5,-13209.3,258.682
31214.7,-13211.1,260.481
31218.9,-13212.9,262.281
31223.1,-13214.7,264.099
31227.4,-13216.5,265.917
31231.6,-13218.3,267.736
31235.8,-13220.1,269.565
31240,-13221.9,271.391
31244.2,-13223.7,273.223
31248.4,-13225.5,275.05
31252.7,-13227.3,276.879
31256.9,-13229.1,278.706
31261.1,-13230.9,280.536
31265.3,-13232.7,282.361
31269.6,-13234.5,284.2
31273.8,-13236.3,286.028
31278.1,-13238.1,287.883
31282.3,-13239.9,289.737
31286.5,-13241.7,291.576
31290.8,-13243.5,293.445
31295,-13245.3,295.248
31299.2,-13247.1,297.051
31303.5,-13248.9,298.856
31307.7,-13250.7,300.659
31311.9,-13252.5,302.423
31316.1,-13254.3,304.185
31320.3,-13256.1,305.947
31324.5,-13257.9,307.739
31328.8,-13259.7,309.53
31333,-13261.5,311.322
31337.2,-13263.3,313.113
31341.4,-13265.1,314.916
31345.6,-13266.9,316.72
31349.8,-13268.7,318.521
31354.1,-13270.5,320.327
31358.3,-13272.3,322.129
31362.5,-13274.1,323.933
31366.7,-13275.9,325.733
31371,-13277.7,327.561
31375.2,-13279.5,329.375
31379.4,-13281.3,331.188
31383.6,-13283.1,333.022
31387.9,-13284.9,334.84
31392.1,-13286.7,336.655
31396.3,-13288.5,338.469
31400.5,-13290.3,340.243
31404.7,-13292.1,342.01
31409,-13293.9,343.768
31413.2,-13295.7,345.512
31417.4,-13297.5,347.235
31421.6,-13299.3,348.941
31425.8,-13301.1,350.609
31430,-13302.9,352.209
31434.3,-13304.7,353.709
31438.5,-13306.5,355.015
31442.7,-13308.3,355.936
31446.9,-13310.1,356.186
31451.1,-13311.9,355.656
31455.3,-13313.7,354.57
31459.6,-13315.5,353.188
31463.8,-13317.3,351.655
31468,-13319.1,350.043
31472.3,-13320.9,348.355
31476.5,-13322.7,346.65
31480.8,-13324.5,344.9
31485.1,-13326.3,343.112
31489.4,-13328.1,341.327
31493.6,-13329.9,339.56
31498,-13331.7,337.756
31502.6,-13333.5,335.826
31506.9,-13335.3,334.008
31511.1,-13337.1,332.232
31515.3,-13338.9,330.458
31519.6,-13340.7,328.778
31523.8,-13342.5,327.094
31528,-13344.3,325.409
31532.2,-13346.1,323.724
31536.4,-13347.9,321.919
31540.7,-13349.7,320.115
31544.9,-13351.5,318.313
31549.1,-13353.3,316.512
31553.3,-13355.1,314.71
31557.5,-13356.9,312.909
31561.7,-13358.7,311.105
31566,-13360.5,309.312
31570.2,-13362.3,307.52
31574.4,-13364.1,305.707
31578.6,-13365.9,303.929
31582.9,-13367.7,302.135
31587.1,-13369.5,300.355
31591.3,-13371.3,298.574
31595.6,-13373.1,296.817
31599.8,-13374.9,295.059
31604,-13376.7,293.299
31608.2,-13378.5,291.539
31612.4,-13380.3,289.749
31616.6,-13382.1,287.962
31620.9,-13383.9,286.171
31625.1,-13385.7,284.402
31629.3,-13387.5,282.633
31633.5,-13389.3,280.864
31637.7,-13391.1,279.094
31642,-13392.9,277.282
31646.2,-13394.7,275.472
31650.4,-13396.5,273.663
31654.6,-13398.3,271.85
31658.8,-13400.1,270.041
31663,-13401.9,268.233
31667.3,-13403.7,266.425
31671.5,-13405.5,264.615
31675.7,-13407.3,262.794
31679.9,-13409.1,260.988
31684.2,-13410.9,259.182
31688.4,-13412.7,257.392
31692.6,-13414.5,255.6
31696.9,-13416.3,253.809
31701.1,-13418.1,252.03
31705.3,-13419.9,250.253
31709.5,-13421.7,248.475
31713.7,-13423.5,246.679
31717.9,-13425.3,244.89
31722.2,-13427.1,243.1
31726.4,-13428.9,241.31
31730.6,-13430.7,239.531
31734.8,-13432.5,237.756
31739,-13434.3,235.98
31743.2,-13436.1,234.203
31747.5,-13437.9,232.403
31751.7,-13439.7,230.6
31755.9,-13441.5,228.8
31760.1,-13443.3,227.002
31764.3,-13445.1,225.202
31768.5,-13446.9,223.403
31772.8,-13448.7,221.604
31777,-13450.5,219.773
31781.3,-13452.3,217.937
31785.5,-13454.1,216.117
31789.7,-13455.9,214.315
31793.9,-13457.7,212.514
31798.1,-13459.5,210.714
31802.4,-13461.3,208.912
31806.6,-13463.1,207.108
31810.8,-13464.9,205.304
31815,-13466.7,203.507
31819.2,-13468.5,201.718
31823.4,-13470.3,199.93
31827.7,-13472.1,198.142
31831.9,-13473.9,196.353
31836.1,-13475.7,194.576
31840.3,-13477.5,192.801
31844.5,-13479.3,191.022
31848.7,-13481.1,189.229
31853,-13482.9,187.435
31857.2,-13484.7,185.644
31861.4,-13486.5,183.852
31865.6,-13488.3,182.068
31869.8,-13490.1,180.284
31874,-13491.9,178.498
31878.3,-13493.7,176.703
31882.5,-13495.5,174.886
31886.8,-13497.3,173.084
31891,-13499.1,171.279
31895.2,-13500.9,169.475
31899.4,-13502.7,167.669
31903.6,-13504.5,165.861
31907.8,-13506.3,164.055
31912.1,-13508.1,162.21
31916.3,-13509.9,160.364
31920.5,-13511.7,158.519
31924.7,-13513.5,156.697
31928.9,-13515.3,154.875
31933.2,-13517.1,153.052
31937.4,-13518.9,151.229
31941.6,-13520.7,149.42
31945.8,-13522.5,147.613
31950,-13524.3,145.807
31954.2,-13526.1,144.01
31958.4,-13527.9,142.215
31962.7,-13529.7,140.416
31966.9,-13531.5,138.62
31971.1,-13533.3,136.83
31975.3,-13535.1,135.044
31979.5,-13536.9,133.257
31983.8,-13538.7,131.457
31988,-13540.5,129.672
31992.2,-13542.3,127.886
31996.5,-13544.1,126.075
32000.7,-13545.9,124.297
32004.9,-13547.7,122.522
32009.1,-13549.5,120.747
32013.4,-13551.3,118.942
32017.6,-13553.1,117.138
32021.8,-13554.9,115.319
32026.2,-13556.7,113.459
32030.5,-13558.5,111.568
32034.7,-13560.3,109.732
32039,-13562.1,107.899
32043.2,-13563.9,106.062
32047.4,-13565.7,104.277
32051.6,-13567.5,102.489
32055.8,-13569.3,100.706
32060,-13571.1,98.8663
32064.3,-13572.9,97.0227
32068.5,-13574.7,95.1809
32072.7,-13576.5,93.3358
32076.9,-13578.2,91.5332
32081.1,-13580,89.729
32085.4,-13581.8,87.9149
32089.6,-13583.6,86.104
32093.8,-13585.4,84.2948
32098,-13587.2,82.4875
32102.3,-13589,80.6701
32106.5,-13590.8,78.8702
32110.7,-13592.6,77.0705
32114.9,-13594.4,75.2725
32119.2,-13596.2,73.4807
32123.4,-13598,71.6858
32127.6,-13599.8,69.8927
32131.8,-13601.6,68.0982
32136,-13603.4,66.3107
32140.2,-13605.2,64.5235
32144.5,-13607,62.7314
32148.7,-13608.8,60.943
32152.9,-13610.6,59.1329
32157.1,-13612.4,57.3264
32161.3,-13614.2,55.517
32165.6,-13616,53.6993
32169.8,-13617.8,51.8803
32174,-13619.6,50.0618
32178.2,-13621.4,48.2438
32182.5,-13623.2,46.3911
32186.7,-13625,44.556
32190.9,-13626.8,42.7217
32195.1,-13628.6,40.9196
32199.4,-13630.4,39.1167
32203.6,-13632.2,37.3132
32207.8,-13634,35.5143
32212,-13635.8,33.7043
32216.3,-13637.6,31.8943
32220.5,-13639.4,30.0714
32224.7,-13641.2,28.2931
32228.9,-13643,26.5147
32233.2,-13644.8,24.7418
32237.4,-13646.6,22.9737
32241.6,-13648.4,21.2323
32245.8,-13650.2,19.5029
32250,-13652,17.7811
32254.3,-13653.8,16.0654
32258.6,-13655.6,14.3119
32262.8,-13657.4,12.6329
32267.1,-13659.2,10.9934
32271.3,-13661,9.40756
32275.5,-13662.8,7.90738
32279.7,-13664.6,6.54439
32284,-13666.4,5.43832
32288.2,-13668.2,4.76801
32292.4,-13670,4.72844
32296.7,-13671.8,5.33409
32300.9,-13673.6,6.38203
32305.1,-13675.4,7.70753
32309.3,-13677.2,9.19153
32313.5,-13679,10.7704
32317.8,-13680.8,12.4607
32322,-13682.6,14.177
32326.3,-13684.4,15.9234
32330.6,-13686.2,17.7359
32334.9,-13688,19.5222
32339.2,-13689.8,21.283
32343.4,-13691.6,23.0712
32348,-13693.4,24.9415
32352.4,-13695.2,26.7199
32356.6,-13697,28.4464
32360.8,-13698.8,30.1289
32365.1,-13700.6,31.8136
32369.3,-13702.4,33.4987
32373.8,-13704.2,35.3756
32378.1,-13706,37.2033
32382.4,-13707.8,38.9947
32386.6,-13709.6,40.774
32390.9,-13711.4,42.5492
32395.2,-13713.2,44.2648
32399.4,-13715,45.9829
32403.6,-13716.8,47.7048
32407.8,-13718.6,49.4421
32412,-13720.4,51.1815
32416.3,-13722.2,52.9182
32420.5,-13724,54.7361
32424.7,-13725.8,56.5493
32428.9,-13727.6,58.3629
32433.2,-13729.4,60.1786
32437.4,-13731.2,61.991
32441.6,-13733,63.8054
32445.8,-13734.8,65.6151
32450,-13736.6,67.4155
32454.3,-13738.4,69.2194
32458.5,-13740.2,71.0202
32462.7,-13742,72.8228
32466.9,-13743.8,74.6191
32471.1,-13745.6,76.4172
32475.4,-13747.4,78.2137
32479.6,-13749.2,80.0084
32483.8,-13751,81.8132
32488.1,-13752.8,83.6049
32492.3,-13754.6,85.4
32496.5,-13756.4,87.1805
32500.7,-13758.2,88.9645
32505,-13760,90.742
32509.2,-13761.8,92.5212
32513.4,-13763.6,94.2992
32517.6,-13765.4,96.0806
32521.8,-13767.2,97.8605
32526.1,-13769,99.6366
32530.3,-13770.8,101.413
32534.5,-13772.6,103.191
32538.9,-13774.4,105.037
32543.1,-13776.2,106.827
32547.3,-13778,108.619
32551.5,-13779.8,110.408
32555.7,-13781.6,112.176
32560,-13783.4,113.945
32564.2,-13785.2,115.714
32568.4,-13787,117.481
32572.6,-13788.8,119.304
32576.9,-13790.6,121.129
32581.1,-13792.4,122.956
32585.3,-13794.2,124.787
32589.6,-13796,126.609
32593.8,-13797.8,128.431
32598,-13799.6,130.251
32602.2,-13801.4,132.053
32606.4,-13803.2,133.854
32610.7,-13805,135.656
32614.9,-13806.8,137.459
32619.1,-13808.6,139.265
32623.3,-13810.4,141.073
32627.5,-13812.2,142.878
32631.8,-13814,144.666
32636,-13815.8,146.452
32640.2,-13817.6,148.238
32644.4,-13819.4,150.027
32648.6,-13821.2,151.811
32652.9,-13823,153.599
32657.1,-13824.8,155.385
32661.3,-13826.6,157.139
32665.5,-13828.4,158.893
32669.7,-13830.2,160.648
32674,-13832,162.404
32678.2,-13833.8,164.19
32682.4,-13835.6,165.992
32686.7,-13837.4,167.795
32690.9,-13839.2,169.607
32695.1,-13841,171.408
32699.4,-13842.8,173.21
32703.6,-13844.6,175.012
32708.1,-13846.4,176.986
32712.4,-13848.2,178.818
32716.6,-13850,180.648
32720.8,-13851.8,182.391
32725,-13853.6,184.132
32729.2,-13855.4,185.872
32733.4,-13857.2,187.615
32737.7,-13859,189.446
32741.9,-13860.8,191.278
32746.1,-13862.6,193.106
32750.3,-13864.4,194.901
32754.5,-13866.2,196.697
32758.8,-13868,198.488
32763,-13869.8,200.283
32767.2,-13871.6,202.064
32771.4,-13873.4,203.845
32775.6,-13875.2,205.624
32779.8,-13877,207.411
32784.1,-13878.8,209.226
32788.3,-13880.6,211.015
32792.6,-13882.4,212.803
32796.8,-13884.2,214.588
32801,-13886,216.36
32805.2,-13887.8,218.131
32809.5,-13889.6,219.901
32813.7,-13891.4,221.72
32817.9,-13893.2,223.538
32822.1,-13895,225.356
32826.3,-13896.8,227.195
32830.6,-13898.6,229.035
32834.8,-13900.4,230.872
32839,-13902.2,232.705
32843.2,-13904,234.539
32847.4,-13905.8,236.373
32851.6,-13907.6,238.204
32856.1,-13909.4,240.09
32860.3,-13911.2,241.895
32864.5,-13913,243.7
32868.7,-13914.8,245.505
32872.9,-13916.6,247.255
32877.2,-13918.4,249.002
32881.4,-13920.2,250.752
32885.7,-13922,252.589
32889.9,-13923.8,254.403
32894.1,-13925.6,256.217
32898.3,-13927.4,258.025
32902.5,-13929.2,259.813
32906.7,-13931,261.598
32911,-13932.8,263.384
32915.2,-13934.6,265.192
32919.4,-13936.4,267.001
32923.6,-13938.2,268.812
32927.8,-13940,270.621
32932.1,-13941.8,272.413
32936.3,-13943.6,274.207
32940.5,-13945.4,276.002
32944.7,-13947.2,277.819
32949,-13949,279.625
32953.2,-13950.8,281.433
32957.4,-13952.6,283.236
32961.6,-13954.4,285.059
32965.8,-13956.2,286.877
32970,-13958,288.696
32974.3,-13959.8,290.515
32978.5,-13961.6,292.354
32982.7,-13963.4,294.2
32987,-13965.2,296.066
32991.2,-13967,297.891
32995.4,-13968.8,299.714
32999.6,-13970.6,301.535
33004,-13972.4,303.405
33008.2,-13974.2,305.216
33012.4,-13976,307.029
33016.6,-13977.8,308.839
33020.9,-13979.6,310.606
33025.1,-13981.4,312.37
33029.3,-13983.2,314.13
33033.5,-13985,315.894
33037.7,-13986.8,317.685
33041.9,-13988.6,319.479
33046.2,-13990.4,321.269
33050.4,-13992.2,323.03
33054.6,-13994,324.792
33058.8,-13995.8,326.549
33063,-13997.6,328.305
33067.2,-13999.4,330.061
33071.5,-14001.2,331.815
33075.7,-14003,333.564
33079.9,-14004.8,335.327
33084.1,-14006.6,337.099
33088.4,-14008.4,338.864
33092.6,-14010.2,340.613
33096.8,-14012,342.354
33101.1,-14013.8,344.086
33105.3,-14015.6,345.794
33109.5,-14017.4,347.482
33113.7,-14019.2,349.168
33117.9,-14021,350.792
33122.1,-14022.8,352.321
33126.4,-14024.6,353.712
33130.6,-14026.4,354.789
33134.8,-14028.2,355.326
33139,-14030,355.161
33143.2,-14031.8,354.371
33147.4,-14033.6,353.174
33151.7,-14035.4,351.739
33156.1,-14037.2,350.188
33160.3,-14039,348.619
33164.5,-14040.8,346.984
33168.7,-14042.6,345.336
33173,-14044.4,343.669
33177.3,-14046.2,341.948
33181.6,-14048,340.229
33185.9,-14049.8,338.497
33190.2,-14051.6,336.737
33194.9,-14053.4,334.828
33199.2,-14055.2,333.048
33203.8,-14057,331.156
33208,-14058.8,329.407
33212.2,-14060.6,327.653
33216.7,-14062.4,325.921
33220.9,-14064.2,324.28
33225.1,-14066,322.642
33229.3,-14067.8,321.005
33233.6,-14069.6,319.197
33237.8,-14071.4,317.392
33242,-14073.2,315.585
33246.2,-14075,313.8
33250.5,-14076.8,311.992
33254.7,-14078.6,310.208
33258.9,-14080.4,308.423
33263.1,-14082.2,306.638
33267.4,-14084,304.852
33271.6,-14085.8,303.065
33275.8,-14087.6,301.304
33280,-14089.4,299.538
33284.3,-14091.2,297.76
33288.5,-14093,295.976
33292.7,-14094.8,294.188
33297,-14096.6,292.406
33301.2,-14098.4,290.622
33305.4,-14100.2,288.856
33309.6,-14102,287.085
33313.8,-14103.8,285.314
33318.1,-14105.6,283.544
33322.5,-14107.4,281.64
33326.8,-14109.2,279.848
33331,-14111,278.056
33335.2,-14112.8,276.303
33339.4,-14114.6,274.549
33343.6,-14116.4,272.794
33347.8,-14118.2,271.041
33352.1,-14120,269.26
33356.3,-14121.8,267.478
33360.5,-14123.6,265.697
33364.7,-14125.4,263.857
33368.9,-14127.2,262.023
33373.2,-14129,260.183
33377.4,-14130.8,258.347
33381.8,-14132.6,256.471
33386.1,-14134.4,254.674
33390.3,-14136.2,252.875
33394.5,-14138,251.087
33399,-14139.8,249.204
33403.2,-14141.6,247.434
33407.4,-14143.4,245.669
33411.7,-14145.2,243.955
33415.9,-14147,242.248
33420.1,-14148.8,240.536
33424.4,-14150.6,238.799
33428.6,-14152.4,236.975
33432.8,-14154.2,235.148
33437,-14156,233.325
33441.2,-14157.8,231.573
33445.5,-14159.6,229.821
33449.7,-14161.4,228.069
33453.9,-14163.2,226.319
33458.1,-14165,224.519
33462.3,-14166.8,222.714
33466.6,-14168.6,220.915
33470.8,-14170.4,219.122
33475,-14172.2,217.331
33479.2,-14174,215.538
33483.4,-14175.8,213.745
33487.7,-14177.6,211.94
33491.9,-14179.4,210.132
33496.1,-14181.2,208.34
33500.4,-14183,206.55
33504.6,-14184.8,204.729
33508.8,-14186.6,202.909
33513,-14188.4,201.088
33517.2,-14190.2,199.28
33523.1,-14192,196.77
33527.5,-14193.8,194.892
33531.9,-14195.6,192.994
33536.1,-14197.4,191.193
33540.3,-14199.2,189.395
33544.5,-14201,187.592
33549,-14202.8,186.056
33553.2,-14204.6,184.61
33557.4,-14206.4,183.163
33561.7,-14208.2,181.307
33565.9,-14210,179.455
33570.1,-14211.8,177.601
33574.3,-14213.6,175.747
33578.5,-14215.4,173.955
33582.8,-14217.2,172.162
33587,-14219,170.358
33591.2,-14220.8,168.552
33595.5,-14222.6,166.734
33599.7,-14224.4,164.931
33603.9,-14226.2,163.126
33608.2,-14228,161.312
33612.4,-14229.8,159.496
33616.6,-14231.6,157.681
33620.8,-14233.4,155.851
33625,-14235.2,154.024
33629.2,-14237,152.195
33633.5,-14238.8,150.366
33637.7,-14240.6,148.567
33641.9,-14242.4,146.766
33646.1,-14244.2,144.969
33650.3,-14246,143.17
33654.5,-14247.8,141.378
33658.8,-14249.6,139.59
33663,-14251.4,137.799
33667.2,-14253.2,136.008
33671.4,-14255,134.218
33675.6,-14256.8,132.431
33679.9,-14258.6,130.641
33684.1,-14260.4,128.854
33688.3,-14262.2,127.054
33692.6,-14264,125.267
33697,-14265.8,123.405
33701.2,-14267.6,121.623
33705.4,-14269.4,119.844
33709.6,-14271.2,118.063
33713.8,-14273,116.3
33718.1,-14274.8,114.542
33722.3,-14276.6,112.781
33726.5,-14278.4,110.967
33730.7,-14280.2,109.152
33734.9,-14282,107.343
33739.1,-14283.8,105.531
33743.4,-14285.6,103.707
33747.6,-14287.4,101.886
33751.8,-14289.2,100.063
33756,-14291,98.2037
33760.2,-14292.8,96.3446
33764.4,-14294.6,94.4821
33768.7,-14296.4,92.6232
33772.9,-14298.2,90.7697
33777.1,-14300,88.9182
33781.3,-14301.8,87.065
33785.6,-14303.6,85.2623
33789.8,-14305.4,83.4697
33794,-14307.2,81.6789
33798.3,-14309,79.8766
33802.5,-14310.8,78.1214
33806.7,-14312.6,76.3695
33810.9,-14314.4,74.6161
33815.1,-14316.2,72.8678
33819.4,-14318,71.077
33823.6,-14319.8,69.2814
33827.8,-14321.6,67.4928
33832,-14323.4,65.6945
33836.3,-14325.2,63.8964
33840.5,-14327,62.0804
33844.8,-14328.8,60.2141
33849.1,-14330.6,58.4051
33853.3,-14332.4,56.5949
33857.5,-14334.2,54.7884
33861.7,-14336,53.0096
33865.9,-14337.8,51.2362
33870.2,-14339.6,49.4633
33874.4,-14341.4,47.6893
33878.6,-14343.2,45.8467
33882.9,-14345,43.9706
33887.1,-14346.8,42.1159
33891.4,-14348.6,40.2929
33895.6,-14350.4,38.4759
33899.8,-14352.2,36.65
33904,-14354,34.8321
33908.2,-14355.8,33.0176
33912.5,-14357.6,31.2031
33916.7,-14359.4,29.3905
33920.9,-14361.2,27.6075
33925.1,-14363,25.8343
33929.3,-14364.8,24.0601
33933.6,-14366.6,22.2906
33937.8,-14368.4,20.5503
33942,-14370.2,18.8135
33946.2,-14372,17.0886
33950.7,-14373.8,15.2245
33954.9,-14375.6,13.5011
33959.2,-14377.4,11.8044
33963.4,-14379.2,10.1442
33967.6,-14381,8.62759
33971.8,-14382.8,7.19902
33976,-14384.6,5.9318
33980.2,-14386.4,4.88416
33984.5,-14388.2,4.38517
33988.7,-14390,4.62041
33992.9,-14391.8,5.49603
33999,-14393.6,7.35976
34003.3,-14395.4,8.8768
34007.5,-14397.2,10.4698
34011.8,-14399,11.8348
