4.34202,-1.8,0.125115
8.79779,-3.6,0.125115
13.0428,-5.4,0.125115
17.3813,-7.2,2.53528
21.6569,-9,4.91819
25.8696,-10.8,7.26077
30.2356,-12.6,9.67286
34.7384,-14.4,11.4972
39.2571,-16.2,13.2951
43.5832,-18,15.0784
47.8061,-19.8,16.8104
52.0176,-21.6,18.539
56.2321,-23.4,20.2685
60.4504,-25.2,21.9994
64.6635,-27,23.6959
68.882,-28.8,25.3947
73.0957,-30.6,27.0917
77.3156,-32.4,28.7897
81.5268,-34.2,30.5969
85.7395,-36,32.4038
89.9578,-37.8,34.2124
94.1718,-39.6,36.0464
98.3901,-41.4,37.8824
102.603,-43.2,39.7158
106.82,-45,41.5506
111.031,-46.8,43.2138
115.249,-48.6,44.8806
119.466,-50.4,46.5471
123.679,-52.2,48.2797
127.898,-54,50.0151
132.152,-55.8,51.7655
136.366,-57.6,53.501
140.585,-59.4,55.6402
144.798,-61.2,57.7788
149.015,-63,59.9188
153.228,-64.8,61.6544
157.444,-66.6,63.3916
161.657,-68.4,65.1271
165.869,-70.2,66.8626
170.087,-72,68.6194
174.301,-73.8,70.3746
178.52,-75.6,72.1319
182.734,-77.4,74.0506
186.95,-79.2,75.9707
191.162,-81,77.8881
195.376,-82.8,79.8068
199.593,-84.6,81.7027
203.805,-86.4,83.596
208.022,-88.2,85.4912
212.232,-90,87.3837
216.449,-91.8,89.1971
220.667,-93.6,91.0112
224.879,-95.4,92.8229
229.096,-97.2,94.5347
233.334,-99,96.2555
237.552,-100.8,97.968
241.762,-102.6,99.8206
245.974,-104.4,101.674
250.189,-106.2,103.529
254.4,-108,105.381
258.615,-109.8,107.24
262.827,-111.6,109.097
267.042,-113.4,110.955
271.252,-115.2,112.811
275.462,-117,114.636
279.677,-118.8,116.462
283.889,-120.6,118.287
288.104,-122.4,120.108
292.313,-124.2,121.925
296.525,-126,123.744
300.741,-127.8,125.565
304.953,-129.6,127.303
309.169,-131.4,129.043
313.382,-133.2,130.781
317.601,-135,132.409
321.811,-136.8,134.034
326.024,-138.6,135.659
330.239,-140.4,137.286
334.452,-142.2,138.789
338.667,-144,140.295
342.88,-145.8,141.798
347.095,-147.6,143.303
351.303,-149.4,145.298
355.514,-151.2,147.294
359.73,-153,149.293
363.942,-154.8,151.049
368.157,-156.6,152.806
372.368,-158.4,154.561
376.598,-160.2,156.32
380.927,-162,158.189
385.234,-163.8,160.054
389.46,-165.6,161.879
393.673,-167.4,163.583
397.892,-169.2,165.29
402.102,-171,166.994
406.314,-172.8,168.698
410.53,-174.6,170.674
414.749,-176.4,172.652
418.965,-178.2,174.629
423.177,-180,176.467
427.393,-181.8,178.307
431.602,-183.6,180.144
435.813,-185.4,181.982
440.028,-187.2,183.727
444.24,-189,185.471
448.456,-190.8,187.216
452.667,-192.6,189.006
456.882,-194.4,190.797
461.091,-196.2,192.586
465.303,-198,194.375
469.518,-199.8,196.206
473.73,-201.6,198.035
477.946,-203.4,199.866
482.156,-205.2,201.695
486.368,-207,203.485
490.585,-208.8,205.277
494.796,-210.6,207.067
499.011,-212.4,208.891
503.222,-214.2,210.714
507.437,-216,212.537
511.646,-217.8,214.359
515.862,-219.6,216.145
520.08,-221.4,217.932
524.291,-223.2,219.716
528.507,-225,221.472
532.748,-226.8,223.237
536.968,-228.6,224.994
541.179,-230.4,226.748
545.391,-232.2,228.531
549.61,-234,230.317
553.821,-235.8,232.101
558.038,-237.6,234.04
562.248,-239.4,235.977
566.46,-241.2,237.914
570.676,-243,239.854
574.889,-244.8,241.592
579.107,-246.6,243.331
583.319,-248.4,245.069
587.536,-250.2,246.809
591.747,-252,248.634
595.959,-253.8,250.46
600.175,-255.6,252.288
604.386,-257.4,254.11
608.602,-259.2,255.934
612.815,-261,257.756
617.035,-262.8,259.582
621.248,-264.6,261.372
625.462,-266.4,263.164
629.677,-268.2,264.958
633.917,-270,266.759
638.135,-271.8,268.551
642.347,-273.6,270.341
646.56,-275.4,272.131
650.777,-277.2,273.929
654.989,-279,275.725
659.206,-280.8,277.522
663.418,-282.6,279.322
667.634,-284.4,281.123
671.844,-286.2,282.923
676.058,-288,284.723
680.273,-289.8,286.563
684.486,-291.6,288.401
688.701,-293.4,290.242
692.913,-295.2,292.08
697.13,-297,293.932
701.342,-298.8,295.781
705.555,-300.6,297.631
709.772,-302.4,299.583
713.985,-304.2,301.533
718.206,-306,303.487
722.418,-307.8,305.325
726.63,-309.6,307.164
730.847,-311.4,309.004
735.082,-313.2,310.851
739.3,-315,312.644
743.514,-316.8,314.435
747.731,-318.6,316.227
751.942,-320.4,318.015
756.155,-322.2,319.688
760.372,-324,321.362
764.584,-325.8,323.034
768.801,-327.6,324.98
773.013,-329.4,326.924
777.229,-331.2,328.869
781.44,-333,330.81
785.653,-334.8,332.56
789.936,-336.6,334.339
794.149,-338.4,336.088
798.365,-340.2,337.91
802.582,-342,339.731
806.8,-343.8,341.551
811.011,-345.6,343.368
815.229,-347.4,345.195
819.446,-349.2,347.02
823.659,-351,348.836
827.876,-352.8,350.707
832.087,-354.6,352.569
836.325,-356.4,354.431
840.544,-358.2,356.255
844.758,-360,357.951
849.016,-361.8,358.799
853.23,-363.6,357.587
857.476,-365.4,355.836
861.814,-367.2,353.971
866.121,-369,352.089
870.348,-370.8,350.237
880.021,-372.6,346.118
884.414,-374.4,344.23
888.637,-376.199,342.529
892.854,-377.999,340.829
897.073,-379.799,339.127
901.285,-381.599,337.428
905.498,-383.399,335.749
909.715,-385.199,334.068
913.929,-386.999,332.388
918.153,-388.799,330.7
922.366,-390.599,329.015
926.579,-392.399,327.331
930.797,-394.199,325.644
935.011,-395.999,323.954
939.272,-397.799,322.245
943.488,-399.599,320.554
947.706,-401.399,318.951
951.917,-403.199,317.349
956.13,-404.999,315.746
960.347,-406.799,314.141
964.561,-408.599,312.777
968.779,-410.399,311.411
972.991,-412.199,310.047
977.208,-413.999,308.681
981.42,-415.799,306.775
985.634,-417.599,304.869
989.853,-419.399,302.961
994.067,-421.199,301.004
998.285,-422.999,299.046
1002.5,-424.799,297.09
1006.78,-426.599,295.098
1011,-428.399,293.507
1015.22,-430.199,291.913
1019.44,-431.999,290.32
1023.65,-433.799,288.69
1027.87,-435.599,287.058
1032.08,-437.399,285.428
1036.29,-439.199,283.798
1040.51,-440.999,281.806
1044.72,-442.799,279.817
1048.94,-444.599,277.826
1053.15,-446.399,275.836
1057.37,-448.199,273.877
1061.58,-449.999,271.922
1065.8,-451.799,269.965
1070.01,-453.599,268.231
1074.23,-455.399,266.497
1078.45,-457.199,264.762
1082.66,-458.999,263.099
1086.88,-460.799,261.434
1091.09,-462.599,259.772
1095.3,-464.399,258.108
1099.52,-466.199,256.27
1103.73,-467.999,254.433
1107.95,-469.799,252.594
1112.16,-471.599,250.758
1116.38,-473.399,248.955
1120.6,-475.199,247.15
1124.81,-476.999,245.348
1129.03,-478.799,243.572
1133.24,-480.599,241.798
1137.46,-482.399,240.023
1141.7,-484.199,238.238
1145.91,-485.999,236.46
1150.13,-487.799,234.681
1154.34,-489.599,232.903
1158.56,-491.399,231.158
1162.78,-493.199,229.415
1166.99,-494.999,227.669
1171.21,-496.799,225.926
1175.42,-498.599,224.062
1179.64,-500.399,222.197
1183.85,-502.199,220.334
1188.07,-503.999,218.468
1192.28,-505.799,216.604
1196.49,-507.599,214.739
1200.71,-509.399,212.872
1204.92,-511.199,211.122
1209.14,-512.999,209.37
1213.35,-514.799,207.619
1217.58,-516.599,205.866
1221.79,-518.399,204.109
1226,-520.199,202.352
1230.22,-521.999,200.593
1234.43,-523.799,198.762
1238.65,-525.599,196.929
1242.89,-527.398,195.087
1247.11,-529.198,193.253
1251.32,-530.998,191.399
1255.54,-532.798,189.546
1259.75,-534.598,187.69
1263.96,-536.398,185.837
1268.18,-538.198,184.066
1272.39,-539.998,182.298
1276.61,-541.798,180.529
1280.82,-543.598,178.753
1285.03,-545.398,176.979
1289.25,-547.198,175.204
1293.47,-548.998,173.37
1297.68,-550.798,171.535
1301.89,-552.598,169.703
1306.11,-554.398,167.87
1310.32,-556.198,166.049
1314.54,-557.998,164.229
1318.76,-559.798,162.405
1322.97,-561.598,160.585
1327.19,-563.398,158.775
1331.4,-565.198,156.966
1335.62,-566.998,155.157
1339.84,-568.798,153.333
1344.07,-570.598,151.5
1348.29,-572.398,149.675
1352.51,-574.198,147.853
1356.76,-575.998,146.024
1360.98,-577.798,144.215
1365.19,-579.598,142.405
1369.41,-581.398,140.617
1373.62,-583.198,138.832
1377.84,-584.998,137.044
1382.05,-586.798,135.26
1386.26,-588.598,133.433
1390.48,-590.398,131.604
1394.7,-592.198,129.776
1398.91,-593.998,127.97
1403.13,-595.798,126.165
1407.34,-597.598,124.358
1411.55,-599.398,122.554
1415.77,-601.198,120.709
1419.99,-602.998,118.864
1424.2,-604.798,117.02
1428.42,-606.598,115.175
1432.63,-608.398,113.352
1436.85,-610.198,111.528
1441.06,-611.998,109.707
1445.3,-613.798,107.877
1449.51,-615.598,106.055
1453.73,-617.398,104.236
1457.95,-619.198,102.415
1462.16,-620.998,100.587
1466.37,-622.798,98.7586
1470.59,-624.598,96.9282
1474.8,-626.398,95.1146
1479.02,-628.198,93.2986
1483.23,-629.998,91.4849
1487.45,-631.798,89.6691
1491.66,-633.598,87.8613
1495.88,-635.398,86.0531
1500.15,-637.198,84.2165
1504.37,-638.998,82.4124
1508.59,-640.798,80.6061
1512.8,-642.598,78.8026
1517.02,-644.398,76.9949
1521.23,-646.198,75.2105
1525.45,-647.998,73.4253
1529.67,-649.798,71.6385
1533.88,-651.598,69.8599
1538.1,-653.398,68.0803
1542.31,-655.198,66.3033
1546.55,-656.998,64.5152
1550.77,-658.798,62.7028
1554.98,-660.598,60.8938
1559.2,-662.398,59.0831
1563.41,-664.198,57.2935
1567.63,-665.998,55.5008
1571.84,-667.798,53.7114
1576.06,-669.598,51.9212
1580.27,-671.398,50.0995
1584.49,-673.198,48.2794
1588.7,-674.997,46.4597
1592.91,-676.797,44.6421
1597.13,-678.597,42.8915
1601.34,-680.397,41.144
1605.55,-682.197,39.3976
1609.77,-683.997,37.5887
1613.98,-685.797,35.7821
1618.2,-687.597,33.9712
1622.41,-689.397,32.1643
1626.62,-691.197,30.3545
1630.84,-692.997,28.5432
1635.05,-694.797,26.7329
1639.27,-696.597,24.9411
1643.48,-698.397,23.1508
1647.72,-700.197,21.3477
1651.94,-701.997,19.5576
1656.15,-703.797,17.7805
1660.37,-705.597,16.0018
1664.58,-707.397,14.2255
1668.79,-709.197,12.4477
1673.01,-710.997,10.6036
1677.22,-712.797,8.75899
1681.43,-714.597,6.91899
1685.64,-716.397,5.08244
1689.85,-718.197,3.24875
1694.06,-719.997,1.44073
1698.32,-721.797,0.633036
1702.53,-723.597,2.34873
1706.8,-725.397,4.18737
1711.13,-727.197,6.06031
1715.43,-728.997,7.91995
1719.66,-730.797,9.74734
1729.05,-732.597,13.7952
1733.44,-734.397,15.6836
1737.67,-736.197,17.4936
1741.88,-737.997,19.2993
1746.13,-739.797,20.962
1750.35,-741.597,22.6144
1754.57,-743.397,24.2647
1758.79,-745.197,25.9163
1763,-746.997,27.5888
1767.22,-748.797,29.263
1771.44,-750.597,30.935
1775.65,-752.397,32.5912
1779.87,-754.197,34.2509
1784.08,-755.997,35.9081
1788.3,-757.797,37.567
1792.51,-759.597,39.223
1796.79,-761.397,40.903
1801,-763.197,42.5595
1805.22,-764.997,44.0557
1809.43,-766.797,45.5543
1813.65,-768.597,47.0513
1817.87,-770.397,48.5526
1822.09,-772.197,50.147
1826.3,-773.997,51.7421
1830.52,-775.797,53.3385
1834.74,-777.597,55.4061
1838.96,-779.397,57.4764
1843.17,-781.197,59.5446
1847.42,-782.997,61.6282
1851.63,-784.797,63.5571
1855.85,-786.597,65.4873
1860.07,-788.397,67.4189
1864.28,-790.197,69.0036
1868.5,-791.997,70.5907
1872.72,-793.797,72.1769
1876.95,-795.597,73.766
1881.27,-797.397,75.6147
1885.55,-799.197,77.4536
1889.78,-800.997,79.2633
1894.02,-802.797,81.0781
1898.23,-804.597,83.0206
1902.44,-806.397,84.9594
1906.65,-808.197,86.9005
1910.87,-809.997,88.7082
1915.08,-811.797,90.5132
1919.3,-813.597,92.3191
1923.51,-815.397,93.9851
1927.73,-817.197,95.6554
1931.94,-818.997,97.323
1936.16,-820.797,98.9909
1940.38,-822.596,100.73
1944.6,-824.396,102.467
1948.85,-826.196,104.219
1953.07,-827.996,105.956
1957.28,-829.796,107.845
1961.5,-831.596,109.732
1965.71,-833.396,111.619
1969.93,-835.196,113.455
1974.15,-836.996,115.29
1978.37,-838.796,117.127
1982.59,-840.596,118.962
1986.81,-842.396,120.784
1991.02,-844.196,122.605
1995.23,-845.996,124.426
1999.45,-847.796,126.202
2003.67,-849.596,127.978
2007.89,-851.396,129.755
2012.1,-853.196,131.529
2016.31,-854.996,133.199
2020.53,-856.796,134.873
2024.75,-858.596,136.543
2028.99,-860.396,138.216
2033.21,-862.196,140.048
2037.43,-863.996,141.871
2041.64,-865.796,143.692
2045.85,-867.596,145.528
2050.1,-869.396,147.379
2054.31,-871.196,149.216
2058.53,-872.996,150.906
2062.75,-874.796,152.594
2066.97,-876.596,154.283
2071.18,-878.396,155.97
2075.39,-880.196,157.822
2079.61,-881.996,159.678
2083.82,-883.796,161.531
2088.04,-885.596,163.386
2092.25,-887.396,165.213
2096.47,-889.196,167.041
2100.68,-890.996,168.871
2104.9,-892.796,170.71
2109.11,-894.596,172.552
2113.33,-896.396,174.391
2117.55,-898.196,176.235
2121.76,-899.996,178.024
2125.97,-901.796,179.816
2130.19,-903.596,181.608
2134.4,-905.396,183.387
2138.62,-907.196,185.169
2142.84,-908.996,186.949
2147.05,-910.796,188.731
2151.29,-912.596,190.542
2155.5,-914.396,192.344
2159.72,-916.196,194.149
2163.94,-917.996,195.951
2168.16,-919.796,197.732
2172.37,-921.596,199.51
2176.59,-923.396,201.288
2180.8,-925.196,203.093
2185.02,-926.996,204.896
2189.24,-928.796,206.7
2193.45,-930.596,208.503
2197.67,-932.396,210.33
2201.88,-934.196,212.155
2206.16,-935.996,214.01
2210.38,-937.796,215.822
2214.6,-939.596,217.631
2218.82,-941.396,219.445
2223.03,-943.196,221.254
2227.28,-944.996,223.089
2231.5,-946.796,224.91
2235.71,-948.596,226.731
2239.93,-950.396,228.578
2244.15,-952.196,230.423
2248.37,-953.996,232.27
2252.61,-955.796,234.126
2256.83,-957.596,235.952
2261.04,-959.396,237.776
2265.26,-961.196,239.6
2269.48,-962.996,241.38
2273.69,-964.796,243.158
2277.91,-966.596,244.939
2282.12,-968.396,246.716
2286.33,-970.195,248.52
2290.55,-971.995,250.329
2294.77,-973.795,252.134
2298.99,-975.595,253.942
2303.2,-977.395,255.757
2307.42,-979.195,257.573
2311.63,-980.995,259.387
2315.85,-982.795,261.196
2320.07,-984.595,263.008
2324.28,-986.395,264.816
2328.5,-988.195,266.627
2332.72,-989.995,268.438
2336.94,-991.795,270.251
2341.15,-993.595,272.062
2345.36,-995.395,273.877
2349.58,-997.195,275.695
2353.82,-998.995,277.52
2358.04,-1000.8,279.338
2362.25,-1002.6,281.154
2366.47,-1004.4,282.973
2370.69,-1006.2,284.792
2374.9,-1008,286.599
2379.12,-1009.8,288.407
2383.34,-1011.6,290.214
2387.56,-1013.4,292.021
2391.77,-1015.2,293.832
2395.98,-1017,295.643
2400.2,-1018.8,297.456
2404.42,-1020.6,299.267
2408.63,-1022.4,301.079
2412.85,-1024.2,302.89
2417.07,-1026,304.702
2421.28,-1027.8,306.499
2425.5,-1029.6,308.295
2429.72,-1031.4,310.092
2433.93,-1033.2,311.888
2438.15,-1035,313.688
2442.37,-1036.8,315.484
2446.58,-1038.6,317.282
2450.8,-1040.4,319.05
2455.04,-1042.2,320.827
2459.26,-1044,322.595
2463.47,-1045.8,324.361
2467.69,-1047.6,326.205
2471.91,-1049.4,328.047
2476.12,-1051.2,329.889
2480.34,-1053,331.733
2484.55,-1054.8,333.577
2488.77,-1056.6,335.421
2492.99,-1058.4,337.264
2497.21,-1060.2,339.07
2501.42,-1062,340.874
2505.63,-1063.8,342.679
2509.85,-1065.6,344.542
2514.07,-1067.4,346.402
2518.29,-1069.2,348.264
2522.5,-1071,350.119
2526.78,-1072.8,351.973
2531,-1074.6,353.792
2535.21,-1076.4,355.599
2539.43,-1078.2,357.367
2543.68,-1080,358.868
2547.99,-1081.8,358.5
2552.2,-1083.6,356.879
2556.49,-1085.4,355.126
2560.83,-1087.2,353.322
2565.11,-1089,351.524
2569.33,-1090.8,349.752
2573.64,-1092.6,347.964
2578.24,-1094.4,346.035
2582.59,-1096.2,344.211
2586.82,-1098,342.441
2591.04,-1099.8,340.675
2595.26,-1101.6,338.91
2599.47,-1103.4,337.166
2603.69,-1105.2,335.422
2607.91,-1107,333.677
2612.12,-1108.8,331.935
2616.33,-1110.6,330.168
2620.56,-1112.4,328.394
2624.77,-1114.2,326.625
2628.99,-1116,324.855
2633.2,-1117.8,323.039
2637.43,-1119.6,321.219
2641.64,-1121.4,319.403
2645.86,-1123.2,317.617
2650.08,-1125,315.831
2654.29,-1126.8,314.047
2658.55,-1128.6,312.243
2662.77,-1130.4,310.641
2666.99,-1132.2,309.036
2671.2,-1134,307.434
2675.42,-1135.8,305.507
2679.64,-1137.6,303.577
2683.85,-1139.4,301.651
2688.07,-1141.2,299.722
2692.28,-1143,297.921
2696.49,-1144.8,296.117
2700.71,-1146.6,294.313
2704.93,-1148.4,292.625
2709.15,-1150.2,290.936
2713.36,-1152,289.249
2717.58,-1153.8,287.56
2722.07,-1155.6,285.653
2726.29,-1157.4,283.861
2730.51,-1159.2,282.069
2734.72,-1161,280.135
2738.94,-1162.8,278.199
2743.16,-1164.6,276.266
2747.37,-1166.4,274.331
2751.59,-1168.2,272.561
2755.8,-1170,270.789
2760.04,-1171.8,269.006
2764.26,-1173.6,267.235
2768.48,-1175.4,265.548
2772.69,-1177.2,263.862
2776.91,-1179,262.176
2781.33,-1180.8,260.369
2785.55,-1182.6,258.646
2789.77,-1184.4,256.923
2793.98,-1186.2,255.202
2798.2,-1188,253.382
2802.41,-1189.8,251.564
2806.62,-1191.6,249.746
2810.84,-1193.4,247.948
2815.06,-1195.2,246.151
2819.28,-1197,244.352
2823.5,-1198.8,242.556
2827.71,-1200.6,240.752
2831.93,-1202.4,238.95
2836.14,-1204.2,237.148
2840.36,-1206,235.305
2844.58,-1207.8,233.462
2848.79,-1209.6,231.62
2853.01,-1211.4,229.779
2857.22,-1213.2,227.974
2861.46,-1215,226.16
2865.67,-1216.8,224.356
2870.01,-1218.6,222.484
2874.23,-1220.4,220.664
2878.45,-1222.2,218.843
2882.66,-1224,217.024
2886.88,-1225.8,215.145
2891.09,-1227.6,213.266
2895.3,-1229.4,211.388
2899.52,-1231.2,209.508
2903.73,-1233,207.851
2907.95,-1234.8,206.193
2912.16,-1236.6,204.537
2916.37,-1238.4,202.684
2920.59,-1240.2,200.826
2924.81,-1242,198.972
2929.25,-1243.8,197.043
2933.46,-1245.6,195.212
2937.74,-1247.4,193.354
2941.95,-1249.2,191.525
2946.17,-1251,189.792
2950.38,-1252.8,188.057
2954.6,-1254.6,186.324
2958.81,-1256.4,184.589
2963.05,-1258.2,182.797
2967.27,-1260,181.014
2971.48,-1261.8,179.234
2975.7,-1263.6,177.424
2979.92,-1265.4,175.613
2984.13,-1267.2,173.804
2988.35,-1269,171.994
2992.57,-1270.8,170.183
2996.78,-1272.6,168.373
3001,-1274.4,166.565
3005.21,-1276.2,164.759
3009.43,-1278,162.951
3013.64,-1279.8,161.145
3017.86,-1281.6,159.338
3022.08,-1283.4,157.508
3026.3,-1285.2,155.682
3030.51,-1287,153.855
3034.73,-1288.8,152.03
3038.94,-1290.6,150.189
3043.16,-1292.4,148.35
3047.38,-1294.2,146.508
3051.59,-1296,144.713
3055.8,-1297.8,142.917
3060.02,-1299.6,141.119
3064.26,-1301.4,139.298
3068.47,-1303.2,137.483
3072.69,-1305,135.671
3076.9,-1306.8,133.857
3081.12,-1308.6,132.058
3085.33,-1310.4,130.257
3089.55,-1312.2,128.455
3093.76,-1314,126.655
3097.98,-1315.8,124.849
3102.19,-1317.6,123.045
3106.4,-1319.4,121.241
3110.62,-1321.2,119.438
3114.84,-1323,117.636
3119.06,-1324.8,115.83
3123.27,-1326.6,114.029
3127.49,-1328.4,112.221
3131.7,-1330.2,110.414
3135.91,-1332,108.608
3140.13,-1333.8,106.79
3144.35,-1335.6,104.973
3148.56,-1337.4,103.155
3152.78,-1339.2,101.338
3156.99,-1341,99.5086
3161.21,-1342.8,97.6808
3165.45,-1344.6,95.8424
3169.66,-1346.4,94.0118
3174.15,-1348.2,92.06
3178.37,-1350,90.2243
3182.59,-1351.8,88.3894
3186.81,-1353.6,86.6207
3191.02,-1355.4,84.8554
3195.23,-1357.2,83.0898
3199.45,-1359,81.3229
3203.66,-1360.8,79.5251
3207.88,-1362.6,77.7255
3212.1,-1364.4,75.9286
3216.31,-1366.2,74.1144
3220.53,-1368,72.2949
3224.74,-1369.8,70.4794
3228.96,-1371.6,68.6625
3233.17,-1373.4,66.8808
3237.39,-1375.2,65.097
3241.6,-1377,63.3163
3245.82,-1378.8,61.5244
3250.04,-1380.6,59.7307
3254.25,-1382.4,57.9403
3258.47,-1384.2,56.148
3262.68,-1386.01,54.3418
3266.93,-1387.81,52.5216
3271.14,-1389.61,50.7156
3275.36,-1391.41,48.9035
3279.58,-1393.21,47.0889
3283.79,-1395.01,45.2771
3288.01,-1396.81,43.4643
3292.22,-1398.61,41.668
3296.44,-1400.41,39.8706
3300.65,-1402.21,38.0726
3304.88,-1404.01,36.2611
3309.1,-1405.81,34.4513
3313.31,-1407.61,32.6443
3317.53,-1409.41,30.8356
3321.75,-1411.21,28.9801
3325.96,-1413.01,27.1254
3330.18,-1414.81,25.2694
3334.39,-1416.61,23.416
3338.61,-1418.41,21.6067
3342.83,-1420.21,19.7985
3347.05,-1422.01,17.9902
3351.26,-1423.81,16.2098
3355.48,-1425.61,14.4285
3359.7,-1427.41,12.6462
3363.91,-1429.21,10.8667
3368.13,-1431.01,9.06881
3372.34,-1432.81,7.27445
3376.55,-1434.61,5.48062
3380.81,-1436.41,3.6752
3385.15,-1438.21,1.8507
3389.37,-1440.01,0.500458
3393.68,-1441.81,1.93506
3397.89,-1443.61,3.69496
3402.12,-1445.41,5.47862
3406.43,-1447.21,7.30379
3410.85,-1449.01,9.17292
3415.07,-1450.81,10.9551
3424.08,-1452.61,14.7474
3428.46,-1454.41,16.5868
3432.68,-1456.21,18.3571
3436.9,-1458.01,20.1215
3441.11,-1459.81,21.7347
3445.32,-1461.61,23.3502
3449.54,-1463.41,24.9684
3453.76,-1465.21,26.5841
3457.98,-1467.01,28.1964
3462.2,-1468.81,29.8074
3466.46,-1470.61,31.4345
3470.69,-1472.41,33.0202
3474.9,-1474.21,34.6046
3479.12,-1476.01,36.1888
3483.34,-1477.81,37.7718
3487.56,-1479.61,39.4306
3491.77,-1481.41,41.0884
3495.99,-1483.21,42.7453
3500.38,-1485.01,44.6262
3504.6,-1486.81,46.4325
3508.82,-1488.61,48.2401
3513.03,-1490.41,50.0459
3517.25,-1492.21,51.7575
3521.47,-1494.01,53.4686
3525.69,-1495.81,55.1772
3529.91,-1497.61,56.8894
3534.13,-1499.41,58.7761
3538.35,-1501.21,60.6643
3542.57,-1503.01,62.5502
3546.79,-1504.81,64.4096
3551.01,-1506.61,66.2672
3555.22,-1508.41,68.1233
3559.63,-1510.21,69.9014
3563.85,-1512.01,71.6012
3568.1,-1513.81,73.3144
3572.31,-1515.61,75.0133
3576.53,-1517.41,76.8142
3580.75,-1519.21,78.6169
3584.96,-1521.01,80.4174
3589.25,-1522.81,82.2191
3593.46,-1524.61,84.071
3597.68,-1526.41,85.8976
3601.9,-1528.21,87.7197
3606.11,-1530.01,89.509
3610.33,-1531.81,91.2994
3614.55,-1533.61,93.0874
3618.77,-1535.41,94.8777
3622.99,-1537.21,96.6453
3627.21,-1539.01,98.4131
3631.42,-1540.81,100.178
3635.64,-1542.61,101.946
3639.86,-1544.41,103.715
3644.07,-1546.21,105.482
3648.29,-1548.01,107.25
3652.5,-1549.81,109.037
3656.82,-1551.61,110.871
3661.04,-1553.41,112.659
3665.5,-1555.21,114.58
3669.75,-1557.01,116.408
3673.96,-1558.81,118.223
3678.18,-1560.61,120.039
3682.4,-1562.41,121.779
3686.61,-1564.21,123.52
3690.83,-1566.01,125.262
3695.05,-1567.81,127.037
3699.27,-1569.61,128.815
3703.48,-1571.41,130.591
3707.7,-1573.21,132.368
3711.91,-1575.01,134.071
3716.13,-1576.81,135.774
3720.35,-1578.61,137.48
3724.57,-1580.41,139.183
3728.78,-1582.21,141.002
3733,-1584.01,142.821
3737.22,-1585.81,144.64
3741.43,-1587.61,146.466
3745.65,-1589.41,148.293
3749.87,-1591.21,150.121
3754.08,-1593.01,151.946
3758.3,-1594.81,153.651
3762.52,-1596.61,155.353
3766.77,-1598.41,157.072
3771.01,-1600.21,158.784
3775.22,-1602.01,160.671
3779.44,-1603.81,162.561
3783.65,-1605.61,164.447
3787.87,-1607.41,166.255
3792.09,-1609.21,168.062
3796.3,-1611.01,169.868
3800.52,-1612.81,171.686
3804.73,-1614.61,173.503
3808.95,-1616.41,175.32
3813.16,-1618.21,177.136
3817.59,-1620.01,179.044
3821.83,-1621.81,180.877
3826.05,-1623.61,182.698
3830.28,-1625.41,184.522
3834.5,-1627.21,186.296
3838.72,-1629.01,188.071
3842.93,-1630.81,189.842
3847.15,-1632.61,191.624
3851.37,-1634.41,193.401
3855.59,-1636.21,195.179
3859.81,-1638.01,196.959
3864.03,-1639.81,198.766
3868.25,-1641.61,200.576
3872.5,-1643.41,202.394
3876.76,-1645.21,204.206
3880.97,-1647.01,206.001
3885.19,-1648.81,207.796
3889.41,-1650.61,209.592
3893.62,-1652.41,211.383
3897.84,-1654.21,213.175
3902.06,-1656.01,214.963
3906.28,-1657.81,216.786
3910.5,-1659.61,218.608
3914.72,-1661.41,220.428
3918.94,-1663.21,222.25
3923.17,-1665.01,224.094
3927.39,-1666.81,225.935
3931.61,-1668.61,227.772
3935.82,-1670.41,229.588
3940.04,-1672.21,231.404
3944.26,-1674.01,233.221
3948.48,-1675.81,235.038
3952.69,-1677.61,236.841
3956.91,-1679.41,238.644
3961.13,-1681.21,240.446
3965.34,-1683.01,242.249
3969.56,-1684.81,244.067
3973.8,-1686.61,245.893
3978.03,-1688.41,247.713
3982.24,-1690.21,249.521
3986.46,-1692.01,251.328
3990.68,-1693.81,253.137
3994.89,-1695.61,254.944
3999.13,-1697.41,256.761
4003.78,-1699.21,258.742
4008.27,-1701.01,260.665
4012.73,-1702.81,262.572
4017.19,-1704.61,264.474
4021.64,-1706.41,266.373
4026.11,-1708.21,268.146
4030.57,-1710.01,269.917
4035.01,-1711.81,271.678
4039.48,-1713.61,273.45
4044.17,-1715.41,275.347
4048.74,-1717.21,277.199
4053.34,-1719.01,279.051
4061.83,-1720.81,282.522
4066.25,-1722.61,284.33
4070.52,-1724.41,285.878
4074.82,-1726.21,287.438
4079.05,-1728.01,288.967
4083.27,-1729.81,290.496
4087.49,-1731.61,292.022
4091.71,-1733.41,293.546
4095.92,-1735.21,295.069
4100.15,-1737.01,296.595
4104.66,-1738.81,298.523
4108.88,-1740.61,300.328
4113.09,-1742.41,302.13
4117.32,-1744.21,304
4121.53,-1746.01,305.87
4125.77,-1747.81,307.746
4129.99,-1749.61,309.617
4134.21,-1751.41,311.396
4138.43,-1753.21,313.176
4142.65,-1755.02,314.955
4146.87,-1756.82,316.747
4151.09,-1758.62,318.537
4155.31,-1760.42,320.327
4159.53,-1762.22,322.117
4163.75,-1764.02,323.934
4168.03,-1765.82,325.776
4172.25,-1767.62,327.595
4176.47,-1769.42,329.407
4180.69,-1771.22,331.22
4184.91,-1773.02,333.029
4189.13,-1774.82,334.842
4193.35,-1776.62,336.601
4197.57,-1778.42,338.363
4201.79,-1780.22,340.121
4206,-1782.02,341.924
4210.23,-1783.82,343.73
4214.45,-1785.62,345.532
4218.67,-1787.42,347.336
4222.92,-1789.22,349.163
4227.15,-1791.02,350.979
4231.37,-1792.82,352.789
4235.58,-1794.62,354.561
4239.81,-1796.42,356.328
4244.02,-1798.22,358.069
4248.25,-1800.02,359.458
4252.59,-1801.82,358.137
4256.82,-1803.62,356.368
4261.06,-1805.42,354.569
4265.74,-1807.22,352.576
4270.05,-1809.02,350.732
4274.27,-1810.82,348.928
4278.6,-1812.62,347.089
4283.25,-1814.42,345.174
4287.59,-1816.22,343.383
4291.81,-1818.02,341.649
4296.03,-1819.82,339.96
4300.26,-1821.62,338.265
4304.48,-1823.42,336.577
4308.7,-1825.22,334.888
4313.09,-1827.02,333.087
4317.31,-1828.82,331.357
4321.54,-1830.62,329.627
4325.79,-1832.42,327.884
4330.3,-1834.22,325.927
4334.52,-1836.02,324.097
4338.74,-1837.82,322.265
4342.96,-1839.62,320.472
4347.19,-1841.42,318.676
4351.4,-1843.22,316.883
4355.62,-1845.02,315.205
4359.85,-1846.82,313.525
4364.06,-1848.62,311.846
4368.34,-1850.42,310.142
4372.57,-1852.22,308.463
4376.79,-1854.02,306.783
4381.01,-1855.82,305.107
4385.38,-1857.62,303.129
4389.61,-1859.42,301.218
4393.83,-1861.22,299.311
4398.05,-1863.02,297.402
4402.27,-1864.82,295.535
4406.49,-1866.62,293.669
4410.71,-1868.42,291.801
4414.93,-1870.22,289.937
4419.15,-1872.02,288.276
4423.4,-1873.82,286.606
4427.63,-1875.62,284.945
4432.01,-1877.42,283.108
4436.24,-1879.22,281.341
4440.46,-1881.02,279.571
4444.67,-1882.82,277.806
4448.9,-1884.62,275.927
4453.12,-1886.42,274.05
4457.34,-1888.22,272.171
4461.56,-1890.02,270.383
4465.78,-1891.82,268.591
4470,-1893.62,266.799
4474.22,-1895.42,265.008
4478.44,-1897.22,263.305
4482.66,-1899.02,261.601
4486.88,-1900.82,259.897
4491.26,-1902.62,258.061
4495.48,-1904.42,256.295
4499.71,-1906.22,254.528
4503.92,-1908.02,252.765
4508.15,-1909.82,250.927
4512.37,-1911.62,249.097
4516.59,-1913.42,247.266
4520.8,-1915.22,245.437
4525.05,-1917.02,243.642
4529.28,-1918.82,241.852
4533.5,-1920.62,240.068
4537.72,-1922.42,238.257
4541.93,-1924.22,236.449
4546.15,-1926.02,234.637
4550.37,-1927.82,232.824
4554.58,-1929.62,231.032
4558.98,-1931.42,229.164
4563.33,-1933.22,227.315
4567.58,-1935.02,225.597
4571.8,-1936.82,223.891
4576.02,-1938.62,222.186
4580.24,-1940.42,220.48
4584.46,-1942.22,218.702
4588.68,-1944.02,216.923
4592.9,-1945.82,215.147
4597.12,-1947.62,213.288
4601.34,-1949.42,211.433
4605.56,-1951.22,209.58
4609.78,-1953.02,207.723
4613.99,-1954.82,205.949
4618.22,-1956.62,204.171
4622.44,-1958.42,202.396
4626.69,-1960.22,200.575
4630.91,-1962.02,198.762
4635.13,-1963.82,196.953
4639.35,-1965.62,195.142
4643.57,-1967.42,193.332
4647.79,-1969.22,191.52
4652,-1971.02,189.712
4656.38,-1972.82,187.801
4660.61,-1974.62,185.959
4664.82,-1976.42,184.12
4669.04,-1978.22,182.278
4673.26,-1980.02,180.508
4677.49,-1981.82,178.736
4681.7,-1983.62,176.968
4685.92,-1985.42,175.2
4690.14,-1987.22,173.406
4694.36,-1989.02,171.614
4698.58,-1990.82,169.822
4702.8,-1992.62,168.004
4707.02,-1994.42,166.181
4711.24,-1996.22,164.362
4715.63,-1998.02,162.51
4719.86,-1999.82,160.731
4724.11,-2001.62,158.943
4728.33,-2003.42,157.165
4732.58,-2005.22,155.412
4736.8,-2007.02,153.642
4741.02,-2008.82,151.888
4745.23,-2010.62,150.134
4749.45,-2012.42,148.325
4753.67,-2014.22,146.517
4757.89,-2016.02,144.708
4762.11,-2017.82,142.871
4766.33,-2019.62,141.035
4770.55,-2021.42,139.198
4774.76,-2023.22,137.363
4778.98,-2025.02,135.543
4783.28,-2026.82,133.69
4787.51,-2028.62,131.867
4791.72,-2030.42,130.045
4795.94,-2032.22,128.221
4800.16,-2034.02,126.397
4804.38,-2035.82,124.575
4808.6,-2037.62,122.773
4812.81,-2039.42,120.973
4817.03,-2041.22,119.172
4821.51,-2043.02,117.25
4825.75,-2044.82,115.425
4829.98,-2046.62,113.611
4834.19,-2048.42,111.799
4838.42,-2050.22,110.042
4842.63,-2052.02,108.286
4846.85,-2053.82,106.53
4851.07,-2055.62,104.776
4855.29,-2057.42,102.973
4859.51,-2059.22,101.164
4863.73,-2061.02,99.3604
4867.95,-2062.82,97.5285
4872.17,-2064.62,95.7
4876.38,-2066.42,93.8709
4880.91,-2068.22,91.9409
4885.24,-2070.02,90.0794
4889.47,-2071.82,88.2694
4893.69,-2073.62,86.4636
4897.98,-2075.42,84.6842
4902.2,-2077.22,82.9387
4906.41,-2079.02,81.1913
4910.63,-2080.82,79.4415
4914.85,-2082.62,77.6411
4919.2,-2084.42,75.7818
4923.45,-2086.22,73.9688
4927.67,-2088.02,72.1226
4931.89,-2089.82,70.28
4936.11,-2091.62,68.4379
4940.33,-2093.42,66.5946
4944.75,-2095.22,64.7277
4948.98,-2097.02,62.9431
4953.2,-2098.82,61.161
4957.42,-2100.62,59.3678
4961.64,-2102.42,57.5743
4965.85,-2104.22,55.7829
4970.08,-2106.02,53.9886
4974.29,-2107.82,52.2113
4978.52,-2109.62,50.4297
4982.76,-2111.42,48.6396
4986.99,-2113.22,46.8258
4991.21,-2115.02,45.013
4995.43,-2116.82,43.2034
4999.65,-2118.62,41.3908
5003.96,-2120.42,39.5711
5008.18,-2122.22,37.7897
5012.4,-2124.02,36.0097
5016.62,-2125.82,34.2115
5020.85,-2127.62,32.4083
5025.09,-2129.43,30.5968
5029.32,-2131.23,28.795
5033.54,-2133.03,26.9814
5037.76,-2134.83,25.1639
5041.98,-2136.63,23.351
5046.2,-2138.43,21.5372
5050.42,-2140.23,19.7221
5054.64,-2142.03,17.9054
5058.86,-2143.83,16.0908
5063.21,-2145.63,14.2295
5067.5,-2147.43,12.3953
5071.71,-2149.23,10.5915
5075.93,-2151.03,8.78881
5080.44,-2152.83,6.8912
5084.68,-2154.63,5.10718
5088.9,-2156.43,3.33624
5093.12,-2158.23,1.62554
5097.34,-2160.03,0.391671
5101.64,-2161.83,1.94996
5105.86,-2163.63,3.66667
5110.11,-2165.43,5.45743
5114.44,-2167.23,7.28715
5118.73,-2169.03,9.1064
5122.96,-2170.83,10.9093
5127.33,-2172.63,12.7608
5131.95,-2174.43,14.7416
5136.31,-2176.23,16.6104
5140.54,-2178.03,18.3815
5144.77,-2179.83,20.1484
5148.99,-2181.63,21.9145
5153.21,-2183.43,23.6124
5157.43,-2185.23,25.3115
5161.65,-2187.03,27.0076
5165.87,-2188.83,28.8095
5170.09,-2190.63,30.6133
5174.31,-2192.43,32.414
5178.53,-2194.23,34.2175
5182.75,-2196.03,36.0714
5187.01,-2197.83,37.947
5191.23,-2199.63,39.8014
5195.44,-2201.43,41.6553
5199.66,-2203.23,43.4675
5203.89,-2205.03,45.2796
5208.11,-2206.83,47.0922
5212.32,-2208.63,48.7431
5216.54,-2210.43,50.3948
5220.77,-2212.23,52.0509
5225.02,-2214.03,53.7167
5229.24,-2215.83,55.5037
5233.46,-2217.63,57.2887
5237.68,-2219.43,59.0731
5241.9,-2221.23,61.0198
5246.12,-2223.03,62.9662
5250.35,-2224.83,64.9159
5254.56,-2226.63,66.8622
5258.78,-2228.43,68.6833
5263,-2230.23,70.5056
5267.23,-2232.03,72.328
5271.44,-2233.83,74.1471
5275.66,-2235.63,75.754
5279.88,-2237.43,77.3644
5284.1,-2239.23,78.9726
5288.35,-2241.03,80.8717
5292.57,-2242.83,82.7585
5296.79,-2244.63,84.6442
5301.01,-2246.43,86.5274
5305.23,-2248.23,88.408
5309.45,-2250.03,90.2899
5313.66,-2251.83,92.1686
5317.89,-2253.63,93.9471
5322.11,-2255.43,95.7252
5326.36,-2257.23,97.5133
5330.58,-2259.03,99.2914
5334.79,-2260.83,101.018
5339.02,-2262.63,102.751
5343.24,-2264.43,104.48
5347.47,-2266.23,106.248
5351.69,-2268.03,108.014
5355.9,-2269.83,109.779
5360.12,-2271.63,111.546
5364.46,-2273.43,113.395
5368.68,-2275.23,115.193
5372.9,-2277.03,116.991
5377.12,-2278.83,118.758
5381.34,-2280.63,120.524
5385.56,-2282.43,122.288
5389.81,-2284.23,124.067
5394.03,-2286.03,125.877
5398.25,-2287.83,127.689
5402.47,-2289.63,129.496
5406.69,-2291.43,131.333
5410.91,-2293.23,133.173
5415.12,-2295.03,135.009
5419.34,-2296.83,136.848
5423.71,-2298.63,138.67
5427.96,-2300.43,140.443
5432.18,-2302.23,142.201
5436.39,-2304.03,143.96
5440.9,-2305.83,145.941
5445.12,-2307.63,147.797
5449.34,-2309.43,149.654
5453.56,-2311.23,151.391
5457.78,-2313.03,153.132
5462,-2314.83,154.869
5466.22,-2316.63,156.607
5470.44,-2318.43,158.411
5474.65,-2320.23,160.215
5478.88,-2322.03,162.019
5483.09,-2323.83,163.848
5487.32,-2325.63,165.677
5491.56,-2327.43,167.514
5496.01,-2329.23,169.388
5500.23,-2331.03,171.168
5504.45,-2332.83,172.944
5508.67,-2334.63,174.72
5512.89,-2336.43,176.459
5517.11,-2338.23,178.199
5521.33,-2340.03,179.937
5525.57,-2341.83,181.686
5529.79,-2343.63,183.483
5534.02,-2345.43,185.281
5538.24,-2347.23,187.079
5542.46,-2349.03,188.921
5546.68,-2350.83,190.762
5550.9,-2352.63,192.606
5555.11,-2354.43,194.446
5559.33,-2356.23,196.251
5563.55,-2358.03,198.056
5567.77,-2359.83,199.862
5571.99,-2361.63,201.665
5576.2,-2363.43,203.485
5580.42,-2365.23,205.308
5584.65,-2367.03,207.131
5588.87,-2368.83,208.959
5593.11,-2370.63,210.799
5597.33,-2372.43,212.629
5601.55,-2374.23,214.455
5606.05,-2376.03,216.381
5610.27,-2377.83,218.188
5614.49,-2379.63,219.992
5618.72,-2381.43,221.736
5622.94,-2383.23,223.478
5627.19,-2385.03,225.235
5631.41,-2386.83,226.976
5635.62,-2388.63,228.778
5639.85,-2390.43,230.582
5644.07,-2392.23,232.384
5648.29,-2394.03,234.2
5652.51,-2395.83,236.016
5656.77,-2397.63,237.848
5660.98,-2399.43,239.661
5665.2,-2401.23,241.458
5669.42,-2403.03,243.258
5673.64,-2404.83,245.055
5677.86,-2406.63,246.872
5682.08,-2408.43,248.688
5686.29,-2410.23,250.503
5690.51,-2412.03,252.319
5694.77,-2413.83,254.183
5698.99,-2415.63,256.035
5703.21,-2417.43,257.883
5707.43,-2419.23,259.732
5711.93,-2421.03,261.689
5716.15,-2422.83,263.523
5720.37,-2424.63,265.359
5724.59,-2426.43,267.118
5728.84,-2428.23,268.893
5733.06,-2430.03,270.652
5737.28,-2431.83,272.447
5741.5,-2433.63,274.239
5745.72,-2435.43,276.032
5749.94,-2437.23,277.825
5754.16,-2439.03,279.637
5758.38,-2440.83,281.452
5762.6,-2442.63,283.263
5767.01,-2444.43,285.127
5771.23,-2446.23,286.911
5775.45,-2448.03,288.695
5779.67,-2449.83,290.48
5783.88,-2451.63,292.244
5788.11,-2453.43,294.011
5792.33,-2455.23,295.773
5796.57,-2457.03,297.547
5800.79,-2458.83,299.359
5805.01,-2460.63,301.171
5809.23,-2462.43,302.983
5813.45,-2464.23,304.806
5817.67,-2466.03,306.629
5821.89,-2467.83,308.451
5826.26,-2469.63,310.322
5830.48,-2471.43,312.132
5834.7,-2473.23,313.939
5838.92,-2475.03,315.746
5843.15,-2476.83,317.532
5847.37,-2478.63,319.319
5851.59,-2480.43,321.103
5855.8,-2482.23,322.886
5860.02,-2484.03,324.696
5864.25,-2485.83,326.505
5868.47,-2487.63,328.313
5872.88,-2489.43,330.204
5877.11,-2491.23,332.014
5881.32,-2493.03,333.822
5885.54,-2494.83,335.628
5889.76,-2496.64,337.39
5893.99,-2498.44,339.15
5898.24,-2500.24,340.925
5902.46,-2502.04,342.701
5906.68,-2503.84,344.475
5910.9,-2505.64,346.252
5915.11,-2507.44,348.025
5919.33,-2509.24,349.839
5923.55,-2511.04,351.653
5927.8,-2512.84,353.479
5932.14,-2514.64,355.323
5936.36,-2516.44,357.114
5940.58,-2518.24,358.884
5944.8,-2520.04,359.197
5949.34,-2521.84,357.329
5953.56,-2523.64,355.555
5957.81,-2525.44,353.767
5962.48,-2527.24,351.812
5966.87,-2529.04,349.968
5971.09,-2530.84,348.201
5975.38,-2532.64,346.409
5979.9,-2534.44,344.587
5984.25,-2536.24,342.829
5988.47,-2538.04,341.124
5992.76,-2539.84,339.383
5997.02,-2541.64,337.651
6001.24,-2543.44,335.936
6005.46,-2545.24,334.224
6009.84,-2547.04,332.361
6014.06,-2548.84,330.569
6018.28,-2550.64,328.774
6022.5,-2552.44,326.966
6026.79,-2554.24,325.128
6031.01,-2556.04,323.32
6035.22,-2557.84,321.511
6039.44,-2559.64,319.758
6043.66,-2561.44,318.006
6047.89,-2563.24,316.253
6052.1,-2565.04,314.502
6056.32,-2566.84,312.723
6060.54,-2568.64,310.94
6064.76,-2570.44,309.16
6069.08,-2572.24,307.393
6073.31,-2574.04,305.671
6077.53,-2575.84,303.946
6081.74,-2577.64,302.225
6085.96,-2579.44,300.35
6090.18,-2581.24,298.472
6094.4,-2583.04,296.596
6098.66,-2584.84,294.746
6102.88,-2586.64,292.911
6107.1,-2588.44,291.074
6111.31,-2590.24,289.241
6115.53,-2592.04,287.547
6119.75,-2593.84,285.851
6123.97,-2595.64,284.157
6128.23,-2597.44,282.348
6132.44,-2599.24,280.555
6136.66,-2601.04,278.762
6140.88,-2602.84,276.968
6145.1,-2604.64,275.11
6149.32,-2606.44,273.249
6153.54,-2608.24,271.391
6157.76,-2610.04,269.606
6161.98,-2611.84,267.825
6166.2,-2613.64,266.043
6170.42,-2615.44,264.262
6174.65,-2617.24,262.515
6178.87,-2619.04,260.768
6183.09,-2620.84,259.024
6187.31,-2622.64,257.278
6191.53,-2624.44,255.472
6195.75,-2626.24,253.665
6199.99,-2628.04,251.844
6204.21,-2629.84,250.017
6208.44,-2631.64,248.189
6212.65,-2633.44,246.364
6217.01,-2635.24,244.516
6221.23,-2637.04,242.726
6225.45,-2638.84,240.935
6229.7,-2640.64,239.133
6233.92,-2642.44,237.35
6238.14,-2644.24,235.563
6242.36,-2646.04,233.78
6246.58,-2647.84,231.998
6250.8,-2649.64,230.187
6255.02,-2651.44,228.376
6259.24,-2653.24,226.563
6263.46,-2655.04,224.81
6267.68,-2656.84,223.056
6271.9,-2658.64,221.304
6276.11,-2660.44,219.551
6280.34,-2662.24,217.72
6284.55,-2664.04,215.891
6288.77,-2665.84,214.06
6292.99,-2667.64,212.269
6297.21,-2669.44,210.472
6301.45,-2671.24,208.671
6305.73,-2673.04,206.854
6309.96,-2674.84,205.088
6314.17,-2676.64,203.327
6318.4,-2678.44,201.563
6322.88,-2680.24,199.653
6327.14,-2682.04,197.841
6331.35,-2683.84,196.045
6335.57,-2685.64,194.249
6339.79,-2687.44,192.468
6344.01,-2689.24,190.688
6348.23,-2691.04,188.906
6352.45,-2692.84,187.128
6356.66,-2694.64,185.321
6360.88,-2696.44,183.508
6365.1,-2698.24,181.698
6369.32,-2700.04,179.86
6373.54,-2701.84,178.025
6377.76,-2703.64,176.189
6382.31,-2705.44,174.261
6386.62,-2707.24,172.417
6390.85,-2709.04,170.617
6395.06,-2710.84,168.823
6399.35,-2712.64,167.084
6403.6,-2714.44,165.357
6407.82,-2716.24,163.643
6412.04,-2718.04,161.932
6416.25,-2719.84,160.159
6420.47,-2721.64,158.383
6424.68,-2723.44,156.61
6428.94,-2725.24,154.762
6433.16,-2727.04,152.929
6437.38,-2728.84,151.094
6441.6,-2730.64,149.264
6445.81,-2732.44,147.469
6450.04,-2734.24,145.67
6454.26,-2736.04,143.872
6458.48,-2737.84,142.052
6462.7,-2739.64,140.233
6466.98,-2741.44,138.388
6471.2,-2743.24,136.572
6475.41,-2745.04,134.733
6479.63,-2746.84,132.89
6483.85,-2748.64,131.05
6488.08,-2750.44,129.219
6492.29,-2752.24,127.392
6496.51,-2754.04,125.566
6500.73,-2755.84,123.737
6504.98,-2757.64,121.908
6509.21,-2759.44,120.087
6513.43,-2761.24,118.273
6517.65,-2763.04,116.474
6521.86,-2764.84,114.677
6526.09,-2766.64,112.878
6530.34,-2768.44,111.063
6534.56,-2770.24,109.251
6538.78,-2772.04,107.436
6543,-2773.84,105.624
6547.38,-2775.64,103.758
6551.6,-2777.44,101.962
6555.82,-2779.24,100.167
6560.04,-2781.04,98.3692
6564.26,-2782.84,96.5992
6568.49,-2784.64,94.829
6572.7,-2786.44,93.061
6576.92,-2788.24,91.2928
6581.14,-2790.04,89.4816
6585.36,-2791.84,87.6688
6589.58,-2793.64,85.8564
6594.01,-2795.44,83.9444
6598.23,-2797.24,82.1177
6602.45,-2799.04,80.2942
6606.69,-2800.84,78.4599
6610.91,-2802.64,76.6805
6615.13,-2804.44,74.9022
6619.36,-2806.24,73.1231
6623.57,-2808.04,71.31
6627.82,-2809.84,69.4819
6632.04,-2811.64,67.6675
6636.26,-2813.44,65.8532
6640.49,-2815.24,64.0268
6644.7,-2817.04,62.2023
6648.93,-2818.84,60.3784
6653.26,-2820.64,58.5408
6657.48,-2822.44,56.7503
6661.7,-2824.24,54.9627
6665.91,-2826.04,53.1757
6670.14,-2827.84,51.3964
6674.36,-2829.64,49.6185
6678.58,-2831.44,47.8398
6682.8,-2833.24,46.0496
6687.02,-2835.04,44.2565
6691.24,-2836.84,42.4657
6695.45,-2838.64,40.6766
6699.67,-2840.44,38.876
6703.89,-2842.24,37.0738
6708.14,-2844.04,35.2605
6712.36,-2845.84,33.461
6716.57,-2847.64,31.6706
6720.79,-2849.44,29.8774
6725.01,-2851.24,28.0852
6729.27,-2853.04,26.2592
6733.49,-2854.84,24.4486
6737.71,-2856.64,22.6373
6741.92,-2858.44,20.8301
6746.14,-2860.24,19.0176
6750.37,-2862.04,17.2031
6754.58,-2863.84,15.3931
6758.8,-2865.65,13.5813
6763.03,-2867.45,11.7698
6767.25,-2869.25,9.95906
6771.46,-2871.05,8.15502
6775.67,-2872.85,6.36262
6779.89,-2874.65,4.57169
6784.11,-2876.45,2.80303
6788.33,-2878.25,1.1426
6792.57,-2880.05,1.10499
6796.86,-2881.85,2.79995
6801.08,-2883.65,4.56467
6805.38,-2885.45,6.37368
6809.72,-2887.25,8.20835
6814.01,-2889.05,10.0295
6818.24,-2890.85,11.7876
6822.96,-2892.65,13.5715
6827.67,-2894.45,15.7029
6832.03,-2896.25,17.523
6836.25,-2898.05,19.2821
6840.48,-2899.85,21.0456
6844.69,-2901.65,22.8038
6848.91,-2903.45,24.4742
6853.14,-2905.25,26.1455
6857.36,-2907.05,27.817
6861.57,-2908.85,29.4861
6865.79,-2910.65,31.3246
6870.01,-2912.45,33.1659
6874.23,-2914.25,35.0055
6878.46,-2916.05,36.8558
6882.68,-2917.85,38.7052
6886.9,-2919.65,40.5567
6891.11,-2921.45,42.4043
6895.33,-2923.25,44.1833
6899.56,-2925.05,45.9626
6903.77,-2926.85,47.7402
6908,-2928.65,49.4676
6912.22,-2930.45,51.194
6916.44,-2932.25,52.9198
6920.66,-2934.05,54.6464
6925.23,-2935.85,56.6199
6929.49,-2937.65,58.4561
6933.7,-2939.45,60.2761
6938.13,-2941.25,62.1901
6942.35,-2943.05,64.0151
6946.57,-2944.85,65.8391
6950.8,-2946.65,67.6635
6955.02,-2948.45,69.3553
6959.25,-2950.25,71.0449
6963.47,-2952.05,72.7313
6967.69,-2953.85,74.418
6971.91,-2955.65,76.1654
6976.13,-2957.45,77.9172
6980.35,-2959.25,79.6668
6984.57,-2961.05,81.5339
6988.79,-2962.85,83.4019
6993.01,-2964.65,85.2681
6997.38,-2966.45,87.1318
7001.6,-2968.25,88.9333
7005.82,-2970.05,90.7334
7010.06,-2971.85,92.5469
7014.28,-2973.65,94.28
7018.5,-2975.45,96.0156
7022.72,-2977.25,97.7486
7026.95,-2979.05,99.4839
7031.19,-2980.85,101.291
7035.41,-2982.65,103.085
7039.64,-2984.45,104.882
7043.85,-2986.25,106.706
7048.08,-2988.05,108.534
7052.29,-2989.85,110.357
7056.51,-2991.65,112.181
7060.73,-2993.45,113.957
7064.95,-2995.25,115.733
7069.17,-2997.05,117.511
7073.38,-2998.85,119.281
7077.61,-3000.65,121.054
7081.82,-3002.45,122.823
7086.04,-3004.25,124.594
7090.26,-3006.05,126.4
7094.48,-3007.85,128.204
7098.7,-3009.65,130.008
7102.92,-3011.45,131.811
7107.43,-3013.25,133.734
7111.67,-3015.05,135.543
7115.89,-3016.85,137.343
7120.12,-3018.65,139.089
7124.34,-3020.45,140.834
7128.59,-3022.25,142.593
7132.81,-3024.05,144.336
7137.03,-3025.85,146.178
7141.25,-3027.65,148.02
7145.47,-3029.45,149.86
7149.69,-3031.25,151.674
7153.91,-3033.05,153.486
7158.13,-3034.85,155.301
7162.5,-3036.65,157.151
7166.76,-3038.45,158.952
7171.03,-3040.25,160.761
7175.25,-3042.05,162.548
7179.7,-3043.85,164.398
7183.92,-3045.65,166.151
7188.15,-3047.45,167.907
7192.36,-3049.25,169.658
7196.57,-3051.05,171.411
7200.79,-3052.85,173.167
7205.01,-3054.65,174.92
7209.23,-3056.45,176.723
7213.48,-3058.25,178.534
7217.7,-3060.05,180.337
7221.91,-3061.85,182.134
7226.14,-3063.65,183.95
7230.39,-3065.45,185.778
7234.6,-3067.25,187.591
7238.83,-3069.05,189.392
7243.04,-3070.85,191.19
7247.27,-3072.65,192.992
7251.48,-3074.45,194.788
7255.69,-3076.25,196.614
7259.92,-3078.05,198.443
7264.14,-3079.85,200.271
7268.37,-3081.65,202.106
7272.59,-3083.45,203.935
7276.82,-3085.25,205.763
7281.03,-3087.05,207.588
7285.25,-3088.85,209.403
7289.47,-3090.65,211.218
7293.69,-3092.45,213.031
7297.9,-3094.25,214.845
7302.12,-3096.05,216.65
7306.34,-3097.85,218.458
7310.56,-3099.65,220.265
7314.81,-3101.45,222.078
7319.03,-3103.25,223.883
7323.25,-3105.05,225.686
7327.47,-3106.85,227.489
7331.71,-3108.65,229.298
7335.93,-3110.45,231.096
7340.16,-3112.25,232.896
7344.38,-3114.05,234.69
7348.6,-3115.85,236.488
7352.82,-3117.65,238.282
7357.04,-3119.45,240.079
7361.26,-3121.25,241.887
7365.48,-3123.05,243.697
7369.7,-3124.85,245.507
7373.91,-3126.65,247.313
7378.42,-3128.45,249.262
7382.64,-3130.25,251.085
7386.86,-3132.05,252.909
7391.08,-3133.85,254.684
7395.3,-3135.65,256.459
7399.52,-3137.45,258.236
7403.74,-3139.25,260.055
7407.96,-3141.05,261.879
7412.17,-3142.85,263.696
7416.42,-3144.65,265.529
7420.64,-3146.45,267.363
7424.87,-3148.25,269.197
7429.12,-3150.05,271.043
7433.51,-3151.85,272.905
7437.73,-3153.65,274.697
7441.95,-3155.45,276.485
7446.17,-3157.25,278.273
7450.39,-3159.05,280.036
7454.62,-3160.85,281.794
7458.84,-3162.65,283.555
7463.06,-3164.45,285.312
7467.28,-3166.25,287.114
7471.5,-3168.05,288.915
7475.72,-3169.85,290.714
7479.94,-3171.65,292.52
7484.16,-3173.45,294.326
7488.38,-3175.25,296.132
7492.6,-3177.05,297.935
7496.82,-3178.85,299.729
7501.04,-3180.65,301.52
7505.25,-3182.45,303.313
7509.47,-3184.25,305.128
7513.69,-3186.05,306.942
7517.94,-3187.85,308.768
7522.16,-3189.65,310.581
7526.37,-3191.45,312.4
7530.62,-3193.25,314.235
7534.84,-3195.05,316.055
7539.07,-3196.85,317.863
7543.29,-3198.65,319.668
7547.51,-3200.45,321.476
7551.73,-3202.25,323.279
7555.94,-3204.05,325.083
7560.17,-3205.85,326.889
7564.39,-3207.65,328.695
7568.61,-3209.45,330.495
7572.83,-3211.25,332.293
7577.05,-3213.05,334.093
7581.27,-3214.85,335.892
7585.58,-3216.65,337.717
7589.8,-3218.45,339.505
7594.02,-3220.25,341.292
7598.24,-3222.05,343.079
7602.46,-3223.85,344.858
7606.67,-3225.65,346.636
7610.89,-3227.45,348.415
7615.11,-3229.25,350.203
7619.37,-3231.05,352.002
7623.58,-3232.85,353.786
7627.81,-3234.66,355.567
7632.05,-3236.46,357.365
7636.27,-3238.26,359.064
7640.49,-3240.06,358.832
7644.79,-3241.86,357.085
7649.02,-3243.66,355.307
7653.26,-3245.46,353.517
7657.97,-3247.26,351.678
7662.27,-3249.06,349.688
7666.49,-3250.86,347.889
7670.82,-3252.66,346.058
7675.41,-3254.46,344.195
7679.8,-3256.26,342.405
7684.02,-3258.06,340.692
7688.24,-3259.86,338.977
7692.46,-3261.66,337.297
7696.68,-3263.46,335.616
7700.9,-3265.26,333.934
7705.34,-3267.06,332.027
7709.56,-3268.86,330.212
7713.78,-3270.66,328.401
7718.04,-3272.46,326.571
7722.56,-3274.26,324.624
7726.79,-3276.06,322.806
7731.03,-3277.86,320.976
7735.26,-3279.66,319.271
7739.48,-3281.46,317.566
7743.7,-3283.26,315.864
7747.92,-3285.06,314.162
7752.14,-3286.86,312.423
7756.36,-3288.66,310.684
7760.58,-3290.46,308.944
7764.8,-3292.26,307.118
7769.03,-3294.06,305.286
7773.25,-3295.86,303.457
7777.47,-3297.66,301.627
7781.68,-3299.46,299.797
7785.9,-3301.26,297.965
7790.12,-3303.06,296.131
7794.34,-3304.86,294.355
7798.57,-3306.66,292.576
7802.78,-3308.46,290.799
7807,-3310.26,289.021
7811.22,-3312.06,287.27
7815.44,-3313.86,285.516
7819.69,-3315.66,283.751
7823.91,-3317.46,281.919
7828.14,-3319.26,280.081
7832.39,-3321.06,278.237
7836.61,-3322.86,276.406
7840.83,-3324.66,274.609
7845.04,-3326.46,272.814
7849.27,-3328.26,271.016
7853.48,-3330.06,269.22
7857.71,-3331.86,267.454
7861.92,-3333.66,265.69
7866.14,-3335.46,263.922
7870.46,-3337.26,262.088
7874.67,-3339.06,260.294
7878.9,-3340.86,258.497
7883.16,-3342.66,256.689
7887.88,-3344.46,254.684
7892.1,-3346.26,252.896
7896.32,-3348.06,251.112
7900.71,-3349.86,249.342
7904.92,-3351.66,247.64
7909.15,-3353.46,245.932
7913.37,-3355.26,244.23
7917.59,-3357.06,242.469
7921.84,-3358.86,240.691
7926.07,-3360.66,238.927
7930.33,-3362.46,237.053
7934.55,-3364.26,235.195
7938.77,-3366.06,233.335
7942.99,-3367.86,231.479
7947.21,-3369.66,229.679
7951.43,-3371.46,227.882
7955.65,-3373.26,226.084
7960.08,-3375.06,224.248
7964.3,-3376.86,222.5
7968.52,-3378.66,220.75
7972.74,-3380.46,219.003
7976.96,-3382.26,217.232
7981.18,-3384.06,215.465
7985.39,-3385.86,213.696
7989.62,-3387.66,211.887
7993.84,-3389.46,210.079
7998.06,-3391.26,208.268
8002.28,-3393.06,206.464
8006.49,-3394.86,204.68
8010.72,-3396.66,202.892
8014.93,-3398.46,201.106
8019.15,-3400.26,199.308
8023.4,-3402.06,197.497
8027.62,-3403.86,195.697
8031.87,-3405.66,193.888
8036.09,-3407.46,192.059
8040.31,-3409.26,190.228
8044.53,-3411.06,188.4
8048.75,-3412.86,186.586
8052.97,-3414.66,184.774
8057.2,-3416.46,182.96
8061.41,-3418.26,181.151
8065.63,-3420.06,179.332
8069.85,-3421.86,177.511
8074.07,-3423.66,175.692
8078.28,-3425.46,173.873
8082.5,-3427.26,172.071
8086.76,-3429.06,170.249
8090.97,-3430.86,168.446
8095.19,-3432.66,166.654
8099.41,-3434.46,164.862
8103.63,-3436.26,163.07
8107.85,-3438.06,161.278
8112.06,-3439.86,159.49
8116.28,-3441.66,157.702
8120.5,-3443.46,155.911
8124.74,-3445.26,154.102
8128.97,-3447.06,152.3
8133.22,-3448.86,150.487
8137.44,-3450.66,148.685
8141.65,-3452.46,146.882
8145.88,-3454.26,145.077
8150.1,-3456.06,143.272
8154.31,-3457.86,141.469
8158.82,-3459.66,139.53
8163.03,-3461.46,137.715
8167.26,-3463.26,135.897
8171.47,-3465.06,134.115
8175.69,-3466.86,132.33
8179.91,-3468.66,130.545
8184.13,-3470.46,128.72
8188.36,-3472.26,126.894
8192.57,-3474.06,125.07
8196.8,-3475.86,123.247
8201.01,-3477.66,121.417
8205.24,-3479.46,119.585
8209.46,-3481.26,117.754
8213.88,-3483.06,115.862
8218.1,-3484.86,114.054
8222.32,-3486.66,112.25
8226.56,-3488.46,110.434
8231.08,-3490.26,108.538
8235.3,-3492.06,106.768
8239.52,-3493.86,104.997
8243.74,-3495.66,103.228
8247.96,-3497.46,101.464
8252.18,-3499.26,99.7027
8256.4,-3501.06,97.9415
8260.62,-3502.86,96.1284
8264.84,-3504.66,94.3178
8269.06,-3506.46,92.5055
8273.28,-3508.26,90.6962
8277.5,-3510.06,88.8689
8281.72,-3511.86,87.0451
8285.94,-3513.66,85.2204
8290.33,-3515.46,83.3421
8294.54,-3517.26,81.5366
8298.77,-3519.06,79.7285
8302.99,-3520.86,77.9222
8307.21,-3522.66,76.1231
8311.43,-3524.46,74.3279
8315.65,-3526.26,72.5313
8319.87,-3528.06,70.7186
8324.09,-3529.86,68.9079
8328.31,-3531.66,67.0952
8332.56,-3533.46,65.2711
8336.96,-3535.26,63.3733
8341.17,-3537.06,61.5522
8345.39,-3538.86,59.7299
8349.61,-3540.66,57.962
8353.83,-3542.46,56.1961
8358.06,-3544.26,54.427
8362.27,-3546.06,52.6632
8366.49,-3547.86,50.8793
8370.71,-3549.66,49.0951
8374.93,-3551.46,47.313
8379.16,-3553.26,45.5002
8383.38,-3555.06,43.6875
8387.6,-3556.86,41.8756
8391.82,-3558.66,40.0675
8396.2,-3560.46,38.2216
8400.42,-3562.26,36.4439
8404.65,-3564.06,34.6666
8408.87,-3565.86,32.8898
8413.09,-3567.66,31.0988
8417.31,-3569.46,29.307
8421.52,-3571.26,27.5193
8425.76,-3573.06,25.7167
8430.01,-3574.86,23.9046
8434.23,-3576.66,22.1076
8438.46,-3578.46,20.3112
8442.67,-3580.26,18.4816
8446.9,-3582.06,16.648
8451.11,-3583.86,14.8196
8455.33,-3585.66,13.0213
8459.56,-3587.46,11.2218
8463.77,-3589.26,9.42661
8467.99,-3591.06,7.63227
8472.21,-3592.86,5.83961
8476.42,-3594.66,4.05728
8480.64,-3596.46,2.30568
8484.86,-3598.26,0.837428
8489.08,-3600.06,1.59835
8493.38,-3601.86,3.3339
8497.61,-3603.67,5.10457
8502.13,-3605.47,6.99811
8506.49,-3607.27,8.83105
8510.79,-3609.07,10.6511
8515.01,-3610.87,12.3943
8526.75,-3612.67,17.2343
8531.18,-3614.47,19.058
8535.41,-3616.27,20.796
8539.63,-3618.07,22.5322
8544.12,-3619.87,23.9722
8548.35,-3621.67,25.3275
8552.57,-3623.47,26.6806
8556.79,-3625.27,28.0348
8561.01,-3627.07,29.3461
8565.23,-3628.87,30.6589
8569.45,-3630.67,31.9711
8573.67,-3632.47,33.2809
8577.95,-3634.27,35.1038
8582.17,-3636.07,36.8988
8586.39,-3637.87,38.6959
8590.61,-3639.67,40.6782
8594.83,-3641.47,42.6582
8599.06,-3643.27,44.6393
8603.27,-3645.07,46.6208
8607.5,-3646.87,48.3839
8611.71,-3648.67,50.1448
8615.93,-3650.47,51.9075
8620.16,-3652.27,53.5675
8624.37,-3654.07,55.2265
8628.6,-3655.87,56.8874
8632.85,-3657.67,58.5563
8637.08,-3659.47,60.4113
8641.29,-3661.27,62.2612
8645.51,-3663.07,64.1133
8649.74,-3664.87,65.973
8653.96,-3666.67,67.8324
8658.18,-3668.47,69.6917
8662.4,-3670.27,71.5477
8666.61,-3672.07,73.2979
8670.84,-3673.87,75.0509
8675.05,-3675.67,76.8016
8679.27,-3677.47,78.5542
8683.49,-3679.27,80.3253
8687.72,-3681.07,82.0984
8691.93,-3682.87,83.8682
8696.21,-3684.67,85.716
8700.43,-3686.47,87.5419
8704.65,-3688.27,89.3652
8708.87,-3690.07,91.189
8713.09,-3691.87,92.9761
8717.31,-3693.67,94.7645
8721.53,-3695.47,96.5495
8725.74,-3697.27,98.3101
8729.97,-3699.07,100.074
8734.22,-3700.87,101.846
8738.44,-3702.67,103.608
8742.66,-3704.47,105.413
8746.88,-3706.27,107.221
8751.1,-3708.07,109.027
8755.31,-3709.87,110.826
8759.54,-3711.67,112.628
8763.75,-3713.47,114.428
8767.97,-3715.27,116.229
8772.19,-3717.07,118.027
8776.41,-3718.87,119.828
8780.63,-3720.67,121.63
8784.88,-3722.47,123.461
8789.1,-3724.27,125.282
8793.32,-3726.07,127.101
8797.54,-3727.87,128.919
8801.76,-3729.67,130.721
8805.97,-3731.47,132.524
8810.2,-3733.27,134.329
8814.41,-3735.07,136.131
8818.64,-3736.87,137.927
8822.86,-3738.67,139.722
8827.08,-3740.47,141.52
8831.33,-3742.27,143.33
8835.55,-3744.07,145.129
8839.77,-3745.87,146.929
8844.13,-3747.67,148.774
8848.35,-3749.47,150.562
8852.58,-3751.27,152.349
8856.8,-3753.07,154.135
8861.02,-3754.87,155.884
8865.24,-3756.67,157.634
8869.46,-3758.47,159.384
8873.68,-3760.27,161.131
8877.9,-3762.07,162.928
8882.12,-3763.87,164.725
8886.34,-3765.67,166.521
8890.56,-3767.47,168.352
8894.78,-3769.27,170.182
8899,-3771.07,172.013
8903.22,-3772.87,173.842
8907.44,-3774.67,175.655
8911.65,-3776.47,177.465
8915.87,-3778.27,179.277
8920.09,-3780.07,181.099
8924.3,-3781.87,182.918
8928.55,-3783.67,184.751
8932.8,-3785.47,186.584
8937.02,-3787.27,188.404
8941.24,-3789.07,190.223
8945.46,-3790.87,192.041
8949.68,-3792.67,193.859
8954.18,-3794.47,195.767
8958.41,-3796.27,197.555
8962.63,-3798.07,199.341
8966.85,-3799.87,201.083
8971.07,-3801.67,202.824
8975.28,-3803.47,204.561
8979.51,-3805.27,206.354
8983.72,-3807.07,208.144
8987.94,-3808.87,209.935
8992.16,-3810.67,211.723
8996.37,-3812.47,213.545
9001.68,-3814.27,215.835
9006.07,-3816.07,217.722
9011.6,-3817.87,220.091
9016.02,-3819.67,221.976
9020.43,-3821.47,223.86
9024.78,-3823.27,225.348
9029.26,-3825.07,226.879
9033.85,-3826.87,228.451
9040.79,-3828.67,230.82
9045.27,-3830.47,232.682
9049.81,-3832.27,234.562
9054.42,-3834.07,236.486
9058.84,-3835.87,238.076
9063.22,-3837.67,239.655
9067.56,-3839.47,241.223
9071.93,-3841.27,242.709
9076.15,-3843.07,244.146
9080.37,-3844.87,245.583
9084.59,-3846.67,247.017
9088.81,-3848.47,248.933
9093.03,-3850.27,250.846
9097.25,-3852.07,252.761
9101.46,-3853.87,254.612
9105.68,-3855.67,256.465
9109.9,-3857.47,258.318
9114.12,-3859.27,260.169
9118.33,-3861.07,261.977
9122.58,-3862.87,263.798
9126.81,-3864.67,265.607
9131.07,-3866.47,267.421
9135.29,-3868.27,269.217
9139.51,-3870.07,271.013
9143.73,-3871.87,272.807
9147.95,-3873.67,274.621
9152.16,-3875.47,276.433
9156.38,-3877.27,278.245
9160.6,-3879.07,280.055
9164.81,-3880.87,281.864
9169.03,-3882.67,283.675
9173.25,-3884.47,285.483
9177.69,-3886.27,287.341
9181.91,-3888.07,289.105
9186.12,-3889.87,290.869
9190.34,-3891.67,292.658
9194.56,-3893.47,294.447
9198.77,-3895.27,296.236
9202.99,-3897.07,298.023
9207.21,-3898.87,299.809
9211.42,-3900.67,301.593
9215.63,-3902.47,303.376
9219.85,-3904.27,305.187
9224.07,-3906.07,306.996
9228.29,-3907.87,308.807
9232.5,-3909.67,310.615
9236.94,-3911.47,312.537
9241.16,-3913.27,314.363
9245.38,-3915.07,316.186
9249.59,-3916.87,318.012
9253.81,-3918.67,319.8
9258.03,-3920.47,321.59
9262.25,-3922.27,323.378
9266.46,-3924.07,325.172
9270.68,-3925.87,326.969
9274.9,-3927.67,328.764
9279.12,-3929.47,330.56
9283.39,-3931.27,332.411
9287.62,-3933.07,334.239
9291.83,-3934.87,336.063
9296.04,-3936.67,337.828
9300.27,-3938.47,339.595
9304.48,-3940.27,341.358
9308.7,-3942.07,343.122
9312.92,-3943.87,344.911
9317.14,-3945.67,346.701
9321.35,-3947.47,348.486
9325.57,-3949.27,350.277
9329.79,-3951.07,352.067
9334,-3952.87,353.847
9338.22,-3954.67,355.617
9342.44,-3956.47,357.336
9346.65,-3958.27,358.821
9350.87,-3960.07,358.551
9355.18,-3961.87,356.914
9359.4,-3963.67,355.162
9363.64,-3965.47,353.378
9367.96,-3967.27,351.544
9372.25,-3969.07,349.73
9376.48,-3970.88,347.942
9380.77,-3972.68,346.132
9385.23,-3974.48,344.248
9389.64,-3976.28,342.384
9393.98,-3978.08,340.546
9398.2,-3979.88,338.763
9402.41,-3981.68,337.047
9406.63,-3983.48,335.325
9410.85,-3985.28,333.603
9415.25,-3987.08,331.743
9419.47,-3988.88,329.961
9423.68,-3990.68,328.179
9427.9,-3992.48,326.394
9432.12,-3994.28,324.593
9436.34,-3996.08,322.79
9440.56,-3997.88,320.986
9444.78,-3999.68,319.186
9449,-4001.48,317.43
9453.21,-4003.28,315.675
9457.44,-4005.08,313.92
9461.65,-4006.88,312.125
9465.87,-4008.68,310.329
9470.09,-4010.48,308.533
9474.3,-4012.28,306.739
9478.52,-4014.08,304.94
9482.73,-4015.88,303.141
9486.95,-4017.68,301.343
9491.17,-4019.48,299.548
9495.38,-4021.28,297.751
9499.6,-4023.08,295.954
9503.82,-4024.88,294.16
9508.07,-4026.68,292.342
9512.29,-4028.48,290.539
9516.5,-4030.28,288.738
9520.71,-4032.08,286.932
9524.93,-4033.88,285.127
9529.15,-4035.68,283.319
9533.37,-4037.48,281.513
9537.58,-4039.28,279.717
9541.79,-4041.08,277.921
9546,-4042.88,276.126
9550.23,-4044.68,274.339
9554.44,-4046.48,272.553
9558.67,-4048.28,270.766
9562.92,-4050.08,268.967
9567.35,-4051.88,267.079
9571.57,-4053.68,265.283
9575.78,-4055.48,263.488
9580,-4057.28,261.693
9584.22,-4059.08,259.936
9588.44,-4060.88,258.178
9592.65,-4062.68,256.422
9596.88,-4064.48,254.656
9601.09,-4066.28,252.891
9605.31,-4068.08,251.127
9609.52,-4069.88,249.307
9613.74,-4071.68,247.487
9617.96,-4073.48,245.665
9622.17,-4075.28,243.848
9626.58,-4077.08,241.968
9630.84,-4078.88,240.147
9635.05,-4080.68,238.346
9639.27,-4082.48,236.545
9643.49,-4084.28,234.774
9647.71,-4086.08,233.001
9651.92,-4087.88,231.232
9656.14,-4089.68,229.429
9660.36,-4091.48,227.623
9664.57,-4093.28,225.821
9668.79,-4095.08,224.017
9673,-4096.88,222.187
9677.23,-4098.68,220.356
9681.44,-4100.48,218.527
9685.65,-4102.28,216.697
9689.87,-4104.08,214.91
9694.09,-4105.88,213.124
9698.31,-4107.68,211.336
9702.52,-4109.48,209.546
9706.78,-4111.28,207.737
9710.99,-4113.08,205.946
9715.24,-4114.88,204.138
9719.46,-4116.68,202.341
9723.68,-4118.48,200.547
9727.9,-4120.28,198.752
9732.11,-4122.08,196.975
9736.33,-4123.88,195.196
9740.55,-4125.68,193.416
9744.76,-4127.48,191.64
9748.98,-4129.27,189.834
9753.2,-4131.07,188.029
9757.42,-4132.87,186.224
9761.63,-4134.67,184.401
9765.85,-4136.47,182.579
9770.07,-4138.27,180.754
9774.28,-4140.07,178.933
9778.5,-4141.87,177.108
9782.71,-4143.67,175.283
9786.93,-4145.47,173.458
9791.14,-4147.27,171.641
9795.36,-4149.07,169.822
9799.58,-4150.87,168.002
9803.79,-4152.67,166.185
9808.01,-4154.47,164.369
9812.22,-4156.27,162.555
9816.44,-4158.07,160.741
9820.66,-4159.87,158.925
9824.87,-4161.67,157.121
9829.09,-4163.47,155.315
9833.31,-4165.27,153.51
9837.53,-4167.07,151.712
9841.74,-4168.87,149.919
9845.96,-4170.67,148.124
9850.18,-4172.47,146.329
9854.39,-4174.27,144.536
9858.61,-4176.07,142.741
9862.83,-4177.87,140.949
9867.31,-4179.67,139.036
9871.52,-4181.47,137.237
9875.74,-4183.27,135.438
9879.96,-4185.07,133.638
9884.17,-4186.87,131.865
9888.4,-4188.67,130.09
9892.61,-4190.47,128.319
9896.83,-4192.27,126.501
9901.04,-4194.07,124.686
9905.26,-4195.87,122.872
9909.48,-4197.67,121.056
9913.69,-4199.47,119.21
9917.91,-4201.27,117.361
9922.12,-4203.07,115.515
9926.34,-4204.87,113.698
9930.56,-4206.67,111.877
9934.77,-4208.47,110.06
9938.99,-4210.27,108.24
9943.21,-4212.07,106.433
9947.43,-4213.87,104.622
9951.64,-4215.67,102.815
9955.99,-4217.47,100.953
9960.21,-4219.27,99.1463
9964.42,-4221.06,97.3427
9968.64,-4222.86,95.5374
9972.86,-4224.66,93.7593
9977.08,-4226.46,91.9797
9981.3,-4228.26,90.2025
9985.57,-4230.06,88.3731
9989.79,-4231.86,86.5672
9994.01,-4233.66,84.7645
9998.23,-4235.46,82.9603
10002.4,-4237.26,81.1697
10006.7,-4239.06,79.3792
10010.9,-4240.86,77.5878
10015.2,-4242.66,75.7145
10019.5,-4244.46,73.9033
10023.7,-4246.26,72.0945
10027.9,-4248.06,70.2858
10032.1,-4249.86,68.5064
10036.3,-4251.66,66.7253
10040.5,-4253.46,64.9451
10044.8,-4255.26,63.1657
10049,-4257.06,61.3403
10053.2,-4258.86,59.5158
10057.4,-4260.66,57.6904
10061.6,-4262.46,55.8653
10065.8,-4264.26,54.0377
10070.1,-4266.06,52.2105
10074.3,-4267.86,50.3855
10078.5,-4269.66,48.5843
10082.7,-4271.46,46.7836
10086.9,-4273.26,44.9812
10091.1,-4275.06,43.1801
10095.3,-4276.86,41.377
10099.6,-4278.66,39.5739
10103.8,-4280.46,37.7729
10108.1,-4282.26,35.9443
10112.3,-4284.06,34.1473
10116.5,-4285.86,32.3496
10120.7,-4287.66,30.5722
10124.9,-4289.46,28.7957
10129.1,-4291.26,27.0185
10133.4,-4293.06,25.2436
10137.6,-4294.86,23.4545
10141.8,-4296.66,21.6711
10146,-4298.46,19.8871
10150.2,-4300.26,18.0836
10154.4,-4302.06,16.2819
10158.7,-4303.86,14.4794
10162.9,-4305.66,12.6805
10167.3,-4307.46,10.7852
10171.5,-4309.26,8.99037
10175.7,-4311.06,7.20098
10180,-4312.85,5.42159
10184.2,-4314.65,3.69051
10188.4,-4316.45,2.04556
10192.6,-4318.25,1.05868
10196.8,-4320.05,2.12366
10201.1,-4321.85,3.83163
10205.3,-4323.65,5.58983
10209.6,-4325.45,7.37932
10213.9,-4327.25,9.21698
10218.2,-4329.05,11.0561
10222.4,-4330.85,12.8579
10226.7,-4332.65,14.6209
10231.3,-4334.45,16.5365
10235.8,-4336.25,18.3826
10240,-4338.05,20.1466
10244.2,-4339.85,21.8694
10248.5,-4341.65,23.5961
10252.7,-4343.45,25.3187
10256.9,-4345.25,27.037
10261.1,-4347.05,28.7542
10265.3,-4348.85,30.47
10269.5,-4350.65,32.1879
10273.8,-4352.45,34.0428
10278,-4354.25,35.9009
10282.2,-4356.05,37.7565
10286.4,-4357.85,39.5489
10290.6,-4359.65,41.3435
10294.8,-4361.45,43.136
10299.1,-4363.25,44.929
10303.4,-4365.05,46.7852
10307.7,-4366.85,48.5744
10311.9,-4368.65,50.3591
10316.1,-4370.45,52.1442
10320.3,-4372.25,53.9412
10324.5,-4374.05,55.7375
10328.7,-4375.85,57.535
10332.9,-4377.65,59.3205
10337.2,-4379.45,61.1102
10341.4,-4381.25,62.8945
10345.6,-4383.05,64.6793
10349.8,-4384.85,66.4822
10354,-4386.65,68.2838
10358.2,-4388.45,70.0868
10362.7,-4390.25,71.9738
10366.9,-4392.05,73.7674
10371.1,-4393.85,75.5569
10375.3,-4395.65,77.3469
10379.6,-4397.45,79.1143
10383.8,-4399.25,80.8801
10388,-4401.05,82.647
10392.2,-4402.85,84.4182
10396.4,-4404.65,86.1897
10400.6,-4406.44,87.9625
10404.8,-4408.24,89.7337
10409.1,-4410.04,91.5375
10413.3,-4411.84,93.3389
10417.5,-4413.64,95.1415
10421.7,-4415.44,96.9383
10425.9,-4417.24,98.7355
10430.1,-4419.04,100.534
10434.4,-4420.84,102.33
10438.6,-4422.64,104.138
10442.8,-4424.44,105.945
10447,-4426.24,107.75
10451.2,-4428.04,109.561
10455.4,-4429.84,111.373
10459.7,-4431.64,113.185
10463.9,-4433.44,114.996
10468.1,-4435.24,116.809
10472.3,-4437.04,118.62
10476.5,-4438.84,120.431
10480.7,-4440.64,122.236
10485,-4442.44,124.041
10489.2,-4444.24,125.845
10493.4,-4446.04,127.648
10497.6,-4447.84,129.446
10501.8,-4449.64,131.242
10506,-4451.44,133.037
10510.2,-4453.24,134.835
10514.5,-4455.04,136.623
10518.7,-4456.84,138.414
10522.9,-4458.64,140.202
10527.1,-4460.44,141.986
10531.3,-4462.24,143.769
10535.5,-4464.04,145.551
10539.8,-4465.84,147.336
10544,-4467.64,149.13
10548.2,-4469.44,150.926
10552.4,-4471.24,152.719
10556.6,-4473.04,154.511
10560.8,-4474.84,156.325
10565,-4476.64,158.138
10569.3,-4478.44,159.952
10573.5,-4480.24,161.781
10577.7,-4482.04,163.614
10581.9,-4483.84,165.443
10586.2,-4485.64,167.312
10590.5,-4487.44,169.136
10594.7,-4489.24,170.956
10598.9,-4491.04,172.778
10603.1,-4492.84,174.562
10607.3,-4494.64,176.347
10611.5,-4496.44,178.13
10615.7,-4498.23,179.912
10620,-4500.03,181.724
10624.2,-4501.83,183.535
10628.4,-4503.63,185.348
10632.6,-4505.43,187.146
10636.8,-4507.23,188.947
10641,-4509.03,190.746
10645.2,-4510.83,192.543
10649.5,-4512.63,194.329
10653.7,-4514.43,196.113
10657.9,-4516.23,197.899
10662.1,-4518.03,199.696
10666.3,-4519.83,201.493
10670.5,-4521.63,203.291
10674.8,-4523.43,205.089
10679,-4525.23,206.898
10683.2,-4527.03,208.729
10687.5,-4528.83,210.539
10691.7,-4530.63,212.356
10695.9,-4532.43,214.174
10700.1,-4534.23,215.993
10704.3,-4536.03,217.81
10708.5,-4537.83,219.646
10712.8,-4539.63,221.482
10717,-4541.43,223.318
10721.2,-4543.23,225.16
10725.4,-4545.03,227.002
10729.6,-4546.83,228.847
10733.8,-4548.63,230.688
10738,-4550.43,232.513
10742.3,-4552.23,234.335
10746.5,-4554.03,236.157
10750.7,-4555.83,237.98
10754.9,-4557.63,239.79
10759.1,-4559.43,241.601
10763.3,-4561.23,243.411
10767.6,-4563.03,245.213
10771.8,-4564.83,247.015
10776,-4566.63,248.815
10780.2,-4568.43,250.617
10784.4,-4570.23,252.421
10788.6,-4572.03,254.227
10792.9,-4573.83,256.031
10797.1,-4575.63,257.835
10801.3,-4577.43,259.636
10805.5,-4579.23,261.438
10809.7,-4581.03,263.242
10813.9,-4582.83,265.046
10818.2,-4584.63,266.854
10822.4,-4586.43,268.658
10826.6,-4588.23,270.463
10830.8,-4590.02,272.285
10835,-4591.82,274.107
10839.2,-4593.62,275.931
10843.4,-4595.42,277.76
10847.7,-4597.22,279.59
10851.9,-4599.02,281.418
10856.1,-4600.82,283.242
10860.3,-4602.62,285.068
10864.5,-4604.42,286.891
10868.7,-4606.22,288.715
10873.2,-4608.02,290.628
10877.4,-4609.82,292.446
10881.6,-4611.62,294.26
10885.9,-4613.42,296.09
10890.7,-4615.22,298.104
10894.9,-4617.02,299.885
10899.1,-4618.82,301.66
10903.6,-4620.62,303.419
10907.8,-4622.42,305.081
10912,-4624.22,306.739
10916.2,-4626.02,308.395
10920.4,-4627.82,310.166
10924.7,-4629.62,311.952
10928.9,-4631.42,313.727
10933.1,-4633.22,315.54
10937.3,-4635.02,317.355
10941.5,-4636.82,319.168
10945.8,-4638.62,320.956
10950,-4640.42,322.747
10954.2,-4642.22,324.535
10958.4,-4644.02,326.325
10962.6,-4645.82,328.132
10966.8,-4647.62,329.94
10971,-4649.42,331.746
10975.3,-4651.22,333.553
10979.5,-4653.02,335.376
10983.7,-4654.82,337.197
10987.9,-4656.62,339.019
10992.1,-4658.42,340.827
10996.3,-4660.22,342.636
11000.6,-4662.02,344.446
11004.8,-4663.82,346.253
11009,-4665.62,348.049
11013.2,-4667.42,349.841
11017.4,-4669.22,351.632
11021.6,-4671.02,353.414
11025.8,-4672.82,355.187
11030.1,-4674.62,356.934
11034.3,-4676.42,358.553
11038.5,-4678.22,358.891
11042.7,-4680.02,357.395
11047,-4681.81,355.633
11051.5,-4683.61,353.769
11055.7,-4685.41,351.993
11060.1,-4687.21,350.17
11064.4,-4689.01,348.357
11068.8,-4690.81,346.547
11080.8,-4692.61,341.637
11085.2,-4694.41,339.832
11089.4,-4696.21,338.091
11093.6,-4698.01,336.356
11097.8,-4699.81,335.078
11102,-4701.61,333.801
11106.3,-4703.41,332.524
11110.7,-4705.21,331.289
11115,-4707.01,330.128
11119.2,-4708.81,328.966
11123.4,-4710.61,327.806
11127.6,-4712.41,325.896
11131.8,-4714.21,323.988
11136,-4716.01,322.079
11140.3,-4717.81,320.168
11144.5,-4719.61,318.184
11148.7,-4721.41,316.195
11152.9,-4723.21,314.211
11157.1,-4725.01,312.478
11161.3,-4726.81,310.747
11165.5,-4728.61,309.017
11169.8,-4730.41,307.284
11174,-4732.21,305.614
11178.2,-4734.01,303.943
11182.4,-4735.81,302.273
11186.6,-4737.61,300.382
11190.8,-4739.41,298.487
11195.1,-4741.21,296.596
11199.3,-4743.01,294.703
11203.6,-4744.81,292.824
11207.8,-4746.61,290.977
11212,-4748.41,289.134
11216.2,-4750.21,287.291
11220.4,-4752.01,285.571
11224.6,-4753.81,283.85
11228.9,-4755.61,282.131
11233.1,-4757.41,280.335
11237.3,-4759.21,278.537
11241.5,-4761.01,276.743
11245.7,-4762.81,274.948
11249.9,-4764.61,273.112
11254.2,-4766.41,271.275
11258.4,-4768.21,269.439
11262.8,-4770.01,267.586
11267,-4771.81,265.826
11271.2,-4773.6,264.068
11275.5,-4775.4,262.31
11279.7,-4777.2,260.559
11283.9,-4779,258.807
11288.1,-4780.8,257.055
11292.3,-4782.6,255.248
11296.5,-4784.4,253.44
11300.7,-4786.2,251.631
11305,-4788,249.824
11309.2,-4789.8,247.992
11313.4,-4791.6,246.16
11317.6,-4793.4,244.328
11321.8,-4795.2,242.53
11326,-4797,240.733
11330.2,-4798.8,238.934
11334.5,-4800.6,237.138
11338.7,-4802.4,235.321
11342.9,-4804.2,233.503
11347.1,-4806,231.687
11351.5,-4807.8,229.808
11355.7,-4809.6,227.999
11359.9,-4811.4,226.189
11364.1,-4813.2,224.379
11368.3,-4815,222.63
11372.6,-4816.8,220.88
11376.8,-4818.6,219.131
11381,-4820.4,217.383
11385.2,-4822.2,215.596
11389.4,-4824,213.807
11393.6,-4825.8,212.02
11397.8,-4827.6,210.214
11402.1,-4829.4,208.381
11406.3,-4831.2,206.576
11410.6,-4833,204.771
11414.8,-4834.8,202.995
11419,-4836.6,201.217
11423.2,-4838.4,199.44
11427.4,-4840.2,197.617
11431.6,-4842,195.796
11435.8,-4843.8,193.976
11440.1,-4845.6,192.152
11444.3,-4847.4,190.296
11448.5,-4849.2,188.452
11452.7,-4851,186.611
11457,-4852.8,184.769
11461.2,-4854.6,182.952
11465.4,-4856.4,181.134
11469.6,-4858.2,179.315
11473.8,-4860,177.503
11478,-4861.8,175.687
11482.2,-4863.6,173.876
11486.5,-4865.4,172.063
11490.7,-4867.19,170.256
11494.9,-4868.99,168.449
11499.1,-4870.79,166.642
11503.6,-4872.59,164.751
11507.8,-4874.39,162.964
11512,-4876.19,161.18
11516.2,-4877.99,159.396
11520.4,-4879.79,157.644
11524.6,-4881.59,155.892
11528.9,-4883.39,154.14
11533.1,-4885.19,152.356
11537.3,-4886.99,150.57
11541.5,-4888.79,148.786
11545.7,-4890.59,147.004
11549.9,-4892.39,145.171
11554.1,-4894.19,143.338
11558.4,-4895.99,141.505
11562.6,-4897.79,139.693
11566.8,-4899.59,137.879
11571,-4901.39,136.069
11575.2,-4903.19,134.259
11579.4,-4904.99,132.425
11583.7,-4906.79,130.593
11587.9,-4908.59,128.76
11592.2,-4910.39,126.867
11596.5,-4912.19,125.041
11600.7,-4913.99,123.214
11604.9,-4915.79,121.389
11609.1,-4917.59,119.605
11613.3,-4919.39,117.822
11617.5,-4921.19,116.039
11621.7,-4922.99,114.23
11626,-4924.79,112.42
11630.2,-4926.59,110.608
11634.4,-4928.39,108.801
11638.6,-4930.19,106.989
11642.8,-4931.99,105.176
11647,-4933.79,103.364
11651.5,-4935.59,101.459
11655.7,-4937.39,99.6537
11659.9,-4939.19,97.8471
11664.1,-4940.99,96.0426
11668.3,-4942.79,94.2856
11672.6,-4944.59,92.529
11676.8,-4946.39,90.7484
11681,-4948.19,88.9947
11685.3,-4949.99,87.1798
11689.5,-4951.79,85.3623
11693.7,-4953.59,83.5473
11698.1,-4955.39,81.6334
11702.3,-4957.19,79.808
11706.5,-4958.98,77.9821
11710.8,-4960.78,76.1553
11715,-4962.58,74.3698
11719.2,-4964.38,72.5818
11723.4,-4966.18,70.7972
11727.6,-4967.98,68.978
11731.8,-4969.78,67.1622
11736.1,-4971.58,65.3459
11740.3,-4973.38,63.5276
11744.5,-4975.18,61.6991
11748.7,-4976.98,59.8667
11752.9,-4978.78,58.0378
11757.4,-4980.58,56.153
11761.6,-4982.38,54.3656
11765.8,-4984.18,52.5779
11770,-4985.98,50.7893
11774.2,-4987.78,49.046
11778.4,-4989.58,47.2998
11782.7,-4991.38,45.5565
11786.9,-4993.18,43.808
11791.1,-4994.98,42.0215
11795.3,-4996.78,40.2334
11799.5,-4998.58,38.4453
11803.7,-5000.38,36.6415
11807.9,-5002.18,34.8347
11812.2,-5003.98,33.0323
11816.4,-5005.78,31.2295
11820.6,-5007.58,29.4445
11824.8,-5009.38,27.6599
11829,-5011.18,25.8744
11833.2,-5012.98,24.0598
11837.4,-5014.78,22.2421
11841.7,-5016.58,20.4278
11845.9,-5018.38,18.6134
11850.1,-5020.18,16.798
11854.3,-5021.98,14.9847
11858.5,-5023.78,13.1703
11862.7,-5025.58,11.3649
11867,-5027.38,9.56
11871.2,-5029.18,7.76332
11875.4,-5030.98,5.97521
11879.6,-5032.78,4.21569
11883.8,-5034.58,2.517
11888,-5036.38,1.16565
11892.2,-5038.18,1.68697
11896.4,-5039.98,3.28493
11900.7,-5041.78,5.05432
11905,-5043.58,6.82164
11909.5,-5045.38,8.71442
11913.8,-5047.18,10.544
11918.1,-5048.98,12.3622
11922.6,-5050.77,14.2112
11934.4,-5052.57,19.0377
11938.8,-5054.37,20.7777
11943,-5056.17,22.4614
11947.3,-5057.97,24.1403
11951.6,-5059.77,25.3896
11955.8,-5061.57,26.5975
11960.1,-5063.37,27.8062
11964.3,-5065.17,29.0132
11968.5,-5066.97,30.2913
11972.7,-5068.77,31.5677
11976.9,-5070.57,32.8451
11981.1,-5072.37,34.1203
11985.4,-5074.17,36.1584
11989.6,-5075.97,38.2004
11993.8,-5077.77,40.2387
11998.2,-5079.57,42.2219
12002.5,-5081.37,44.0982
12006.7,-5083.17,45.9738
12010.9,-5084.97,47.8509
12015.1,-5086.77,49.4787
12019.3,-5088.57,51.1085
12023.5,-5090.37,52.736
12027.7,-5092.17,54.4729
12032,-5093.97,56.2075
12036.2,-5095.77,57.9433
12040.4,-5097.57,59.6811
12044.6,-5099.37,61.5972
12048.8,-5101.17,63.5165
12053,-5102.97,65.4328
12057.5,-5104.77,67.3273
12061.7,-5106.57,69.1185
12065.9,-5108.37,70.9101
12070.1,-5110.17,72.7022
12074.3,-5111.97,74.3874
12078.6,-5113.77,76.0758
12082.8,-5115.57,77.7607
12087,-5117.37,79.5953
12091.2,-5119.17,81.4271
12095.4,-5120.97,83.2597
12099.6,-5122.77,85.0931
12103.9,-5124.57,86.9201
12108.1,-5126.37,88.75
12112.3,-5128.17,90.5762
12116.5,-5129.97,92.4032
12120.8,-5131.77,94.1783
12125,-5133.57,95.9274
12129.2,-5135.37,97.677
12133.4,-5137.17,99.4563
12137.6,-5138.97,101.238
12141.8,-5140.77,103.017
12146.1,-5142.56,104.795
12150.3,-5144.36,106.616
12154.5,-5146.16,108.423
12158.7,-5147.96,110.23
12163,-5149.76,112.02
12167.2,-5151.56,113.811
12171.4,-5153.36,115.6
12175.6,-5155.16,117.388
12179.8,-5156.96,119.197
12184,-5158.76,121.005
12188.2,-5160.56,122.814
12192.5,-5162.36,124.641
12196.7,-5164.16,126.471
12200.9,-5165.96,128.301
12205.1,-5167.76,130.129
12209.6,-5169.56,132.042
12213.8,-5171.36,133.848
12218,-5173.16,135.655
12222.2,-5174.96,137.461
12226.4,-5176.76,139.227
12230.6,-5178.56,140.997
12234.8,-5180.36,142.764
12239.1,-5182.16,144.558
12243.3,-5183.96,146.352
12247.5,-5185.76,148.145
12251.7,-5187.56,149.955
12255.9,-5189.36,151.765
12260.1,-5191.16,153.577
12264.4,-5192.96,155.386
12268.8,-5194.76,157.25
12273,-5196.56,159.015
12277.2,-5198.36,160.781
12281.5,-5200.16,162.543
12285.7,-5201.96,164.298
12289.9,-5203.76,166.056
12294.1,-5205.56,167.812
12298.3,-5207.36,169.626
12302.5,-5209.16,171.439
12306.8,-5210.96,173.266
12311,-5212.76,175.078
12315.2,-5214.56,176.925
12319.4,-5216.36,178.774
12323.6,-5218.16,180.62
12327.8,-5219.96,182.431
12332.1,-5221.76,184.238
12336.3,-5223.56,186.059
12340.5,-5225.36,187.869
12344.7,-5227.16,189.683
12348.9,-5228.96,191.499
12353.2,-5230.76,193.313
12357.5,-5232.56,195.164
12361.7,-5234.35,196.963
12365.9,-5236.15,198.762
12370.1,-5237.95,200.562
12374.3,-5239.75,202.333
12378.6,-5241.55,204.107
12382.8,-5243.35,205.88
12387.1,-5245.15,207.667
12391.4,-5246.95,209.513
12395.6,-5248.75,211.31
12399.8,-5250.55,213.107
12404,-5252.35,214.874
12408.3,-5254.15,216.64
12412.5,-5255.95,218.403
12416.7,-5257.75,220.167
12420.9,-5259.55,221.981
12425.1,-5261.35,223.791
12429.3,-5263.15,225.601
12433.5,-5264.95,227.435
12437.8,-5266.75,229.274
12442,-5268.55,231.11
12446.2,-5270.35,232.946
12450.4,-5272.15,234.773
12454.6,-5273.95,236.598
12458.8,-5275.75,238.425
12463,-5277.55,240.249
12467.3,-5279.35,242.081
12471.5,-5281.15,243.912
12475.7,-5282.95,245.741
12479.9,-5284.75,247.553
12484.1,-5286.55,249.363
12488.3,-5288.35,251.175
12492.6,-5290.15,252.995
12496.8,-5291.95,254.808
12501,-5293.75,256.617
12505.2,-5295.55,258.426
12509.4,-5297.35,260.228
12513.7,-5299.15,262.03
12517.9,-5300.95,263.833
12522.1,-5302.75,265.632
12526.3,-5304.55,267.433
12530.5,-5306.35,269.237
12534.7,-5308.15,271.038
12538.9,-5309.95,272.842
12543.2,-5311.75,274.646
12547.4,-5313.55,276.45
12551.6,-5315.35,278.25
12555.8,-5317.15,280.051
12560,-5318.95,281.855
12564.2,-5320.75,283.656
12568.5,-5322.55,285.47
12572.7,-5324.35,287.281
12576.9,-5326.15,289.094
12581.1,-5327.94,290.904
12585.3,-5329.74,292.726
12589.5,-5331.54,294.549
12593.7,-5333.34,296.371
12598,-5335.14,298.192
12602.2,-5336.94,300.009
12606.4,-5338.74,301.826
12610.6,-5340.54,303.645
12614.8,-5342.34,305.458
12619,-5344.14,307.274
12623.2,-5345.94,309.088
12627.5,-5347.74,310.893
12631.7,-5349.54,312.695
12635.9,-5351.34,314.497
12640.1,-5353.14,316.301
12644.6,-5354.94,318.198
12648.8,-5356.74,319.994
12653,-5358.54,321.787
12657.2,-5360.34,323.581
12661.4,-5362.14,325.331
12665.6,-5363.94,327.082
12669.9,-5365.74,328.834
12674.1,-5367.54,330.612
12678.3,-5369.34,332.393
12682.5,-5371.14,334.171
12686.7,-5372.94,335.959
12691,-5374.74,337.773
12695.2,-5376.54,339.588
12699.4,-5378.34,341.402
12703.6,-5380.14,343.187
12707.8,-5381.94,344.974
12712,-5383.74,346.755
12716.2,-5385.54,348.535
12720.5,-5387.34,350.344
12724.7,-5389.14,352.148
12728.9,-5390.94,353.941
12733.2,-5392.74,355.755
12737.5,-5394.54,357.438
12741.7,-5396.34,358.683
12745.9,-5398.14,358.124
12750.1,-5399.94,356.587
12754.4,-5401.74,354.857
12758.6,-5403.54,353.119
12762.9,-5405.34,351.361
12767.3,-5407.14,349.522
12771.6,-5408.94,347.701
12775.8,-5410.74,345.921
12788,-5412.54,340.841
12792.5,-5414.34,339.059
12796.8,-5416.14,337.397
12801,-5417.94,335.755
12805.2,-5419.73,334.114
12809.5,-5421.53,332.979
12813.7,-5423.33,331.846
12817.9,-5425.13,330.712
12822.1,-5426.93,329.581
12826.4,-5428.73,328.114
12830.6,-5430.53,326.664
12834.8,-5432.33,325.217
12839,-5434.13,323.177
12843.2,-5435.93,321.139
12847.5,-5437.73,319.102
12851.7,-5439.53,317.067
12855.9,-5441.33,315.244
12860.1,-5443.13,313.418
12864.3,-5444.93,311.595
12868.5,-5446.73,309.926
12872.7,-5448.53,308.259
12877,-5450.33,306.592
12881.2,-5452.13,304.926
12885.4,-5453.93,303.123
12889.6,-5455.73,301.315
12893.8,-5457.53,299.511
12898,-5459.33,297.706
12902.5,-5461.13,295.745
12906.8,-5462.93,293.889
12911,-5464.73,292.049
12915.2,-5466.53,290.338
12919.4,-5468.33,288.623
12923.6,-5470.13,286.911
12927.8,-5471.93,285.131
12932.1,-5473.73,283.354
12936.3,-5475.53,281.576
12940.5,-5477.33,279.796
12944.7,-5479.13,277.926
12948.9,-5480.93,276.053
12953.1,-5482.73,274.185
12957.6,-5484.53,272.298
12961.8,-5486.33,270.517
12966,-5488.13,268.737
12970.2,-5489.93,266.955
12974.5,-5491.73,265.241
12978.7,-5493.53,263.524
12982.9,-5495.33,261.81
12987.1,-5497.13,260.094
12991.3,-5498.93,258.283
12995.5,-5500.73,256.471
12999.8,-5502.53,254.657
13004,-5504.33,252.859
13008.2,-5506.13,251.059
13012.4,-5507.93,249.262
13016.6,-5509.73,247.466
13020.8,-5511.52,245.701
13025,-5513.32,243.94
13029.3,-5515.12,242.176
13033.5,-5516.92,240.37
13037.7,-5518.72,238.561
13041.9,-5520.52,236.75
13046.1,-5522.32,234.943
13050.4,-5524.12,233.092
13054.7,-5525.92,231.279
13058.9,-5527.72,229.464
13063.1,-5529.52,227.653
13067.3,-5531.32,225.857
13071.5,-5533.12,224.063
13075.7,-5534.92,222.27
13079.9,-5536.72,220.461
13084.2,-5538.52,218.654
13088.4,-5540.32,216.847
13092.6,-5542.12,215.033
13096.8,-5543.92,213.217
13101,-5545.72,211.405
13105.2,-5547.52,209.593
13109.4,-5549.32,207.813
13113.7,-5551.12,206.035
13117.9,-5552.92,204.256
13122.1,-5554.72,202.48
13126.3,-5556.52,200.687
13130.5,-5558.32,198.891
13134.7,-5560.12,197.097
13138.9,-5561.92,195.295
13143.2,-5563.72,193.493
13147.4,-5565.52,191.691
13151.6,-5567.32,189.893
13155.8,-5569.12,188.109
13160,-5570.92,186.321
13164.2,-5572.72,184.536
13168.4,-5574.52,182.736
13172.7,-5576.32,180.938
13176.9,-5578.12,179.138
13181.1,-5579.92,177.342
13185.3,-5581.72,175.512
13189.5,-5583.52,173.685
13193.7,-5585.32,171.86
13198,-5587.12,170.033
13202.2,-5588.92,168.211
13206.4,-5590.72,166.388
13210.6,-5592.52,164.564
13214.8,-5594.32,162.748
13219,-5596.12,160.93
13223.2,-5597.92,159.115
13227.5,-5599.72,157.297
13231.7,-5601.52,155.485
13235.9,-5603.31,153.671
13240.1,-5605.11,151.843
13244.3,-5606.91,150.05
13248.6,-5608.71,148.254
13252.8,-5610.51,146.46
13257,-5612.31,144.667
13261.2,-5614.11,142.883
13265.4,-5615.91,141.096
13269.6,-5617.71,139.31
13273.8,-5619.51,137.51
13278.1,-5621.31,135.707
13282.3,-5623.11,133.909
13286.5,-5624.91,132.109
13290.7,-5626.71,130.312
13294.9,-5628.51,128.516
13299.1,-5630.31,126.72
13303.4,-5632.11,124.912
13307.6,-5633.91,123.101
13311.8,-5635.71,121.295
13316,-5637.51,119.488
13320.2,-5639.31,117.661
13324.4,-5641.11,115.834
13328.6,-5642.91,114.007
13332.8,-5644.71,112.182
13337.1,-5646.51,110.344
13341.3,-5648.31,108.509
13345.5,-5650.11,106.673
13349.7,-5651.91,104.851
13353.9,-5653.71,103.031
13358.1,-5655.51,101.21
13362.4,-5657.31,99.3919
13366.6,-5659.11,97.5862
13370.8,-5660.91,95.7772
13375,-5662.71,93.9715
13379.2,-5664.51,92.1636
13383.4,-5666.31,90.357
13387.6,-5668.11,88.5499
13391.9,-5669.91,86.7454
13396.1,-5671.71,84.9405
13400.3,-5673.51,83.1326
13404.5,-5675.31,81.3264
13408.7,-5677.11,79.5249
13412.9,-5678.91,77.7238
13417.1,-5680.71,75.9223
13421.4,-5682.51,74.1238
13425.6,-5684.31,72.3265
13429.8,-5686.11,70.5267
13434,-5687.91,68.7298
13438.2,-5689.71,66.9213
13442.5,-5691.51,65.1134
13446.7,-5693.31,63.3034
13450.9,-5695.1,61.4934
13455.1,-5696.9,59.6816
13459.3,-5698.7,57.8665
13463.5,-5700.5,56.0531
13467.7,-5702.3,54.2397
13472,-5704.1,52.4199
13476.2,-5705.9,50.5997
13480.4,-5707.7,48.7775
13484.6,-5709.5,46.9619
13488.8,-5711.3,45.1426
13493,-5713.1,43.3259
13497.2,-5714.9,41.5075
13501.5,-5716.7,39.7038
13505.7,-5718.5,37.8984
13509.9,-5720.3,36.0919
13514.1,-5722.1,34.297
13518.3,-5723.9,32.4986
13522.5,-5725.7,30.7044
13526.8,-5727.5,28.8968
13531,-5729.3,27.0863
13535.2,-5731.1,25.2881
13539.5,-5732.9,23.4911
13543.7,-5734.7,21.684
13548,-5736.5,19.9022
13552.2,-5738.3,18.1244
13556.4,-5740.1,16.3472
13560.6,-5741.9,14.5752
13564.8,-5743.7,12.8053
13569,-5745.5,11.0387
13573.2,-5747.3,9.26015
13577.5,-5749.1,7.48732
13581.7,-5750.9,5.73229
13585.9,-5752.7,4.01246
13590.1,-5754.5,2.38708
13594.3,-5756.3,1.36485
13598.5,-5758.1,2.14347
13602.7,-5759.9,3.7245
13607,-5761.7,5.49389
13611.2,-5763.5,7.27101
13615.5,-5765.3,9.07157
13619.8,-5767.1,10.9024
13624.1,-5768.9,12.7329
13628.3,-5770.7,14.5282
13639.2,-5772.5,19.1174
13643.5,-5774.3,20.9478
13647.8,-5776.1,22.7113
13652,-5777.9,24.0945
13656.2,-5779.7,25.4797
13660.4,-5781.5,26.8661
13664.7,-5783.3,28.0858
13668.9,-5785.1,29.2933
13673.1,-5786.9,30.4996
13677.3,-5788.69,31.7064
13681.5,-5790.49,33.5545
13685.7,-5792.29,35.404
13690,-5794.09,37.2553
13694.2,-5795.89,39.2434
13698.4,-5797.69,41.2343
13702.6,-5799.49,43.2264
13706.8,-5801.29,45.2181
13711,-5803.09,46.9559
13715.3,-5804.89,48.6961
13719.5,-5806.69,50.4364
13723.7,-5808.49,52.1539
13727.9,-5810.29,53.8746
13732.1,-5812.09,55.5922
13736.3,-5813.89,57.3101
13740.5,-5815.69,59.1512
13744.8,-5817.49,60.9926
13749,-5819.29,62.8337
13753.2,-5821.09,64.6431
13757.4,-5822.89,66.4554
13761.6,-5824.69,68.2641
13765.8,-5826.49,70.0731
13770.1,-5828.29,71.8206
13774.3,-5830.09,73.5657
13778.5,-5831.89,75.3116
13782.7,-5833.69,77.0555
13786.9,-5835.49,78.8627
13791.1,-5837.29,80.6683
13795.3,-5839.09,82.4734
13799.6,-5840.89,84.2875
13803.8,-5842.69,86.0995
13808,-5844.49,87.9132
13812.2,-5846.29,89.7248
13816.4,-5848.09,91.5003
13820.6,-5849.89,93.279
13824.8,-5851.69,95.0553
13829.1,-5853.49,96.8721
13833.3,-5855.29,98.6881
13837.5,-5857.09,100.505
13841.7,-5858.89,102.319
13845.9,-5860.69,104.143
13850.1,-5862.49,105.969
13854.3,-5864.29,107.793
13858.6,-5866.09,109.619
13862.8,-5867.89,111.403
13867,-5869.69,113.19
13871.2,-5871.49,114.975
13875.4,-5873.29,116.773
13879.6,-5875.09,118.575
13883.9,-5876.89,120.377
13888.3,-5878.69,122.267
13892.6,-5880.48,124.135
13896.9,-5882.28,125.943
13901.1,-5884.08,127.744
13905.3,-5885.88,129.441
13909.5,-5887.68,131.14
13913.7,-5889.48,132.838
13917.9,-5891.28,134.539
13922.2,-5893.08,136.326
13926.4,-5894.88,138.114
13930.6,-5896.68,139.901
13934.8,-5898.48,141.732
13939,-5900.28,143.569
13943.2,-5902.08,145.402
13947.4,-5903.88,147.238
13951.7,-5905.68,149.029
13955.9,-5907.48,150.819
13960.1,-5909.28,152.613
13964.3,-5911.08,154.437
13968.5,-5912.88,156.266
13972.7,-5914.68,158.091
13976.9,-5916.48,159.919
13981.2,-5918.28,161.74
13985.4,-5920.08,163.564
13989.6,-5921.88,165.389
13993.8,-5923.68,167.211
14003.1,-5925.48,171.167
14011.1,-5927.28,174.016
14015.6,-5929.08,175.598
14020,-5930.88,177.179
14024.4,-5932.68,177.966
14028.9,-5934.48,178.755
14033.3,-5936.28,179.542
14037.8,-5938.08,180.331
14042.2,-5939.88,182.277
14046.8,-5941.68,184.253
14051.3,-5943.48,186.222
14056.1,-5945.28,188.331
14063.3,-5947.08,191.614
14067.7,-5948.88,193.613
14072,-5950.68,195.149
14076.2,-5952.48,196.675
14080.4,-5954.28,198.201
14084.6,-5956.08,199.536
14088.9,-5957.88,200.871
14093.1,-5959.68,202.203
14097.3,-5961.48,203.538
14101.5,-5963.28,205.604
14105.7,-5965.08,207.674
14109.9,-5966.88,209.743
14114.1,-5968.68,211.598
14118.4,-5970.48,213.455
14122.6,-5972.27,215.311
14126.8,-5974.07,217.168
14131,-5975.87,218.891
14135.2,-5977.67,220.615
14139.4,-5979.47,222.341
14143.7,-5981.27,224.083
14147.9,-5983.07,225.901
14152.1,-5984.87,227.713
14156.3,-5986.67,229.525
14160.6,-5988.47,231.362
14164.8,-5990.27,233.198
14169,-5992.07,235.035
14173.2,-5993.87,236.87
14177.4,-5995.67,238.639
14181.6,-5997.47,240.404
14185.8,-5999.27,242.171
14190.1,-6001.07,243.962
14194.3,-6002.87,245.752
14198.5,-6004.67,247.542
14202.7,-6006.47,249.33
14206.9,-6008.27,251.161
14211.1,-6010.07,252.991
14215.3,-6011.87,254.82
14219.5,-6013.67,256.651
14223.8,-6015.47,258.439
14228,-6017.27,260.227
14232.2,-6019.07,262.013
14236.4,-6020.87,263.831
14240.6,-6022.67,265.652
14244.9,-6024.47,267.486
14249.1,-6026.27,269.313
14253.3,-6028.07,271.164
14257.6,-6029.87,273.044
14261.8,-6031.67,274.895
14266,-6033.47,276.69
14270.2,-6035.27,278.486
14274.4,-6037.07,280.281
14278.7,-6038.87,282.079
14282.9,-6040.67,283.891
14287.1,-6042.47,285.695
14291.3,-6044.27,287.494
14295.5,-6046.07,289.303
14299.8,-6047.87,291.114
14304,-6049.67,292.924
14308.2,-6051.47,294.736
14312.4,-6053.27,296.524
14316.6,-6055.07,298.313
14320.8,-6056.87,300.103
14325,-6058.67,301.885
14329.3,-6060.47,303.67
14333.5,-6062.27,305.451
14337.7,-6064.06,307.235
14341.9,-6065.86,309.034
14346.1,-6067.66,310.837
14350.4,-6069.46,312.651
14354.6,-6071.26,314.462
14358.8,-6073.06,316.275
14363,-6074.86,318.085
14367.2,-6076.66,319.897
14371.4,-6078.46,321.703
14375.6,-6080.26,323.51
14379.9,-6082.06,325.318
14384.1,-6083.86,327.126
14388.3,-6085.66,328.956
14392.5,-6087.46,330.786
14396.8,-6089.26,332.65
14401,-6091.06,334.46
14405.2,-6092.86,336.269
14409.4,-6094.66,338.078
14413.7,-6096.46,339.884
14417.9,-6098.26,341.657
14422.1,-6100.06,343.427
14426.3,-6101.86,345.195
14430.5,-6103.66,346.99
14434.7,-6105.46,348.78
14438.9,-6107.26,350.568
14443.1,-6109.06,352.346
14447.4,-6110.86,354.112
14451.6,-6112.66,355.856
14455.8,-6114.46,357.495
14460,-6116.26,358.631
14464.2,-6118.06,358.055
14468.5,-6119.86,356.537
14472.8,-6121.66,354.816
14477,-6123.46,353.065
14481.2,-6125.26,351.292
14485.5,-6127.06,349.475
14489.8,-6128.86,347.654
14494,-6130.66,345.863
14498.3,-6132.46,344.047
14502.9,-6134.26,342.115
14507.3,-6136.06,340.244
14511.7,-6137.86,338.427
14515.9,-6139.66,336.657
14520.1,-6141.46,334.965
14524.3,-6143.26,333.274
14528.5,-6145.06,331.585
14532.7,-6146.86,329.897
14536.9,-6148.66,328.07
14541.2,-6150.46,326.246
14545.4,-6152.26,324.404
14549.7,-6154.06,322.566
14553.9,-6155.85,320.731
14558.1,-6157.65,318.905
14562.3,-6159.45,317.079
14566.6,-6161.25,315.317
14570.8,-6163.05,313.566
14575,-6164.85,311.821
14579.2,-6166.65,310.039
14583.5,-6168.45,308.257
14587.7,-6170.25,306.476
14591.9,-6172.05,304.697
14596.1,-6173.85,302.9
14600.3,-6175.65,301.1
14604.5,-6177.45,299.302
14608.7,-6179.25,297.503
14613,-6181.05,295.712
14617.2,-6182.85,293.918
14621.4,-6184.65,292.127
14625.6,-6186.45,290.345
14629.8,-6188.25,288.56
14634,-6190.05,286.778
14638.2,-6191.85,284.994
14642.4,-6193.65,283.195
14646.7,-6195.45,281.378
14650.9,-6197.25,279.562
14655.2,-6199.05,277.745
14659.4,-6200.85,275.927
14663.6,-6202.65,274.111
14667.8,-6204.45,272.294
14672,-6206.25,270.504
14676.2,-6208.05,268.713
14680.4,-6209.85,266.921
14684.7,-6211.65,265.12
14688.9,-6213.45,263.319
14693.1,-6215.25,261.52
14697.3,-6217.05,259.72
14701.5,-6218.85,257.931
14705.7,-6220.65,256.14
14709.9,-6222.45,254.348
14714.2,-6224.25,252.566
14718.4,-6226.05,250.783
14722.6,-6227.85,248.999
14726.8,-6229.65,247.217
14731,-6231.45,245.437
14735.2,-6233.25,243.656
14739.4,-6235.05,241.874
14743.6,-6236.85,240.093
14747.9,-6238.65,238.284
14752.1,-6240.45,236.476
14756.3,-6242.25,234.679
14760.6,-6244.05,232.882
14764.8,-6245.85,231.088
14769,-6247.65,229.291
14773.2,-6249.44,227.497
14777.4,-6251.24,225.687
14781.6,-6253.04,223.88
14785.8,-6254.84,222.073
14790.1,-6256.64,220.249
14794.3,-6258.44,218.426
14798.5,-6260.24,216.602
14802.7,-6262.04,214.779
14806.9,-6263.84,212.971
14811.1,-6265.64,211.164
14815.3,-6267.44,209.356
14819.6,-6269.24,207.546
14823.8,-6271.04,205.754
14828,-6272.84,203.96
14832.2,-6274.64,202.168
14836.4,-6276.44,200.376
14840.6,-6278.24,198.581
14844.8,-6280.04,196.787
14849.1,-6281.84,194.971
14853.3,-6283.64,193.174
14857.5,-6285.44,191.376
14861.8,-6287.24,189.582
14866,-6289.04,187.812
14870.2,-6290.84,186.038
14874.4,-6292.64,184.266
14878.6,-6294.44,182.493
14882.8,-6296.24,180.7
14887,-6298.04,178.904
14891.2,-6299.84,177.111
14895.4,-6301.64,175.3
14899.7,-6303.44,173.486
14903.9,-6305.24,171.675
14908.1,-6307.04,169.861
14912.3,-6308.84,168.038
14916.5,-6310.64,166.211
14920.7,-6312.44,164.384
14924.9,-6314.24,162.558
14929.2,-6316.04,160.73
14933.4,-6317.84,158.906
14937.6,-6319.64,157.079
14941.8,-6321.44,155.266
14946,-6323.24,153.45
14950.3,-6325.04,151.612
14954.5,-6326.84,149.798
14958.8,-6328.64,147.969
14963,-6330.44,146.169
14967.2,-6332.24,144.367
14971.4,-6334.04,142.596
14975.6,-6335.84,140.823
14979.9,-6337.64,139.05
14984.1,-6339.44,137.279
14988.3,-6341.23,135.47
14992.5,-6343.03,133.664
14996.7,-6344.83,131.84
15001,-6346.63,130.044
15005.2,-6348.43,128.248
15009.4,-6350.23,126.452
15013.6,-6352.03,124.657
15017.8,-6353.83,122.869
15022,-6355.63,121.082
15026.2,-6357.43,119.295
15030.5,-6359.23,117.472
15034.7,-6361.03,115.651
15038.9,-6362.83,113.829
15043.1,-6364.63,112.008
15047.3,-6366.43,110.174
15051.6,-6368.23,108.318
15055.8,-6370.03,106.483
15060,-6371.83,104.648
15064.2,-6373.63,102.817
15068.4,-6375.43,100.985
15072.7,-6377.23,99.1522
15076.9,-6379.03,97.3402
15081.1,-6380.83,95.5295
15085.3,-6382.63,93.7192
15089.5,-6384.43,91.9098
15093.7,-6386.23,90.102
15097.9,-6388.03,88.2922
15102.1,-6389.83,86.4862
15106.4,-6391.63,84.6854
15110.6,-6393.43,82.8825
15114.8,-6395.23,81.0826
15119,-6397.03,79.2798
15123.2,-6398.83,77.4745
15127.4,-6400.63,75.6655
15131.6,-6402.43,73.8603
15135.9,-6404.23,72.0687
15140.1,-6406.03,70.2738
15144.3,-6407.83,68.4818
15148.5,-6409.63,66.687
15152.8,-6411.43,64.8633
15157,-6413.23,63.0588
15161.2,-6415.03,61.2586
15165.4,-6416.83,59.457
15169.6,-6418.63,57.6533
15173.8,-6420.43,55.8518
15178,-6422.23,54.0482
15182.3,-6424.03,52.2322
15186.5,-6425.83,50.414
15190.7,-6427.63,48.5942
15194.9,-6429.43,46.77
15199.1,-6431.23,44.9437
15203.3,-6433.02,43.1188
15207.5,-6434.82,41.2934
15211.8,-6436.62,39.4867
15216,-6438.42,37.6781
15220.2,-6440.22,35.8682
15224.4,-6442.02,34.0695
15228.6,-6443.82,32.2672
15232.8,-6445.62,30.4679
15237,-6447.42,28.6664
15241.2,-6449.22,26.8722
15245.5,-6451.02,25.0752
15249.7,-6452.82,23.2671
15253.9,-6454.62,21.4627
15258.2,-6456.42,19.6689
15262.4,-6458.22,17.8763
15266.6,-6460.02,16.0852
15270.8,-6461.82,14.316
15275,-6463.62,12.5509
15279.2,-6465.42,10.7875
15283.4,-6467.22,9.03124
15287.6,-6469.02,7.25915
15291.9,-6470.82,5.5077
15296.1,-6472.62,3.79756
15300.3,-6474.42,2.22588
15304.5,-6476.22,1.39771
15308.7,-6478.02,2.33167
15312.9,-6479.82,3.92488
15317.2,-6481.62,5.68786
15321.4,-6483.42,7.45524
15325.7,-6485.22,9.24592
15330,-6487.02,11.0835
15334.3,-6488.82,12.9308
15338.5,-6490.62,14.7254
15342.8,-6492.42,16.5373
15347.6,-6494.22,18.5109
15352.1,-6496.02,20.3882
15356.5,-6497.82,22.2136
15360.7,-6499.62,23.8987
15364.9,-6501.42,25.5788
15369.1,-6503.22,27.2599
15373.3,-6505.02,28.9386
15377.6,-6506.82,30.6762
15381.8,-6508.62,32.4108
15387.9,-6510.42,34.9359
15392.3,-6512.22,36.862
15396.5,-6514.02,38.7211
15400.7,-6515.82,40.5761
15404.9,-6517.62,42.1197
15409.1,-6519.42,43.6671
15413.3,-6521.22,45.2109
15417.6,-6523.02,46.7562
15421.9,-6524.81,48.5079
15426.1,-6526.61,50.1924
15430.3,-6528.41,51.8793
15434.6,-6530.21,53.5662
15438.8,-6532.01,55.4968
15443,-6533.81,57.4255
15447.2,-6535.61,59.3571
15451.5,-6537.41,61.1516
15455.7,-6539.21,62.9463
15459.9,-6541.01,64.7293
15464.2,-6542.81,66.5092
15468.4,-6544.61,68.2765
15472.6,-6546.41,70.0439
15476.8,-6548.21,71.8121
15481,-6550.01,73.6059
15485.2,-6551.81,75.4012
15489.5,-6553.61,77.1958
15493.7,-6555.41,78.9929
15497.9,-6557.21,80.8051
15502.1,-6559.01,82.6148
15506.3,-6560.81,84.4254
15510.5,-6562.61,86.1994
15514.8,-6564.41,87.9735
15519,-6566.21,89.7467
15523.2,-6568.01,91.5183
15527.4,-6569.81,93.3038
15531.6,-6571.61,95.0867
15535.8,-6573.41,96.8672
15540,-6575.21,98.651
15544.3,-6577.01,100.464
15548.5,-6578.81,102.284
15552.7,-6580.61,104.109
15557,-6582.41,105.911
15561.2,-6584.21,107.701
15565.4,-6586.01,109.489
15569.6,-6587.81,111.279
15573.8,-6589.61,113.077
15578.1,-6591.41,114.877
15582.3,-6593.21,116.675
15586.5,-6595.01,118.502
15590.7,-6596.81,120.33
15594.9,-6598.61,122.154
15599.1,-6600.41,123.981
15603.3,-6602.21,125.78
15607.6,-6604.01,127.583
15611.8,-6605.81,129.381
15616,-6607.61,131.173
15620.2,-6609.41,132.966
15624.4,-6611.21,134.757
15628.6,-6613.01,136.55
15632.9,-6614.81,138.351
15637.1,-6616.6,140.155
15641.3,-6618.4,141.955
15645.5,-6620.2,143.738
15649.7,-6622,145.524
15654,-6623.8,147.32
15658.2,-6625.6,149.114
15662.7,-6627.4,151.02
15666.9,-6629.2,152.813
15671.1,-6631,154.602
15675.3,-6632.8,156.341
15679.6,-6634.6,158.084
15683.8,-6636.4,159.823
15688,-6638.2,161.564
15692.2,-6640,163.364
15696.4,-6641.8,165.166
15700.6,-6643.6,166.967
15704.8,-6645.4,168.767
15709.1,-6647.2,170.617
15713.3,-6649,172.467
15717.5,-6650.8,174.316
15721.7,-6652.6,176.126
15725.9,-6654.4,177.936
15730.1,-6656.2,179.748
15734.3,-6658,181.558
15738.6,-6659.8,183.379
15742.8,-6661.6,185.198
15747,-6663.4,187.02
15751.2,-6665.2,188.818
15755.4,-6667,190.605
15759.7,-6668.8,192.403
15763.9,-6670.6,194.189
15768.1,-6672.4,195.973
15772.3,-6674.2,197.756
15776.5,-6676,199.538
15780.8,-6677.8,201.328
15785,-6679.6,203.117
15789.2,-6681.4,204.907
15793.4,-6683.2,206.694
15797.6,-6685,208.489
15801.8,-6686.8,210.282
15806.1,-6688.6,212.075
15810.3,-6690.4,213.87
15814.8,-6692.2,215.807
15819,-6694,217.628
15823.2,-6695.8,219.445
15827.4,-6697.6,221.208
15831.6,-6699.4,222.968
15835.8,-6701.2,224.728
15840.1,-6703,226.489
15844.3,-6704.8,228.33
15848.5,-6706.6,230.175
15852.7,-6708.4,232.028
15856.9,-6710.19,233.86
15861.2,-6711.99,235.699
15865.4,-6713.79,237.529
15869.9,-6715.59,239.417
15874.1,-6717.39,241.205
15878.3,-6719.19,242.993
15882.5,-6720.99,244.78
15886.8,-6722.79,246.549
15891,-6724.59,248.302
15895.2,-6726.39,250.054
15899.4,-6728.19,251.808
15903.6,-6729.99,253.624
15907.8,-6731.79,255.444
15912,-6733.59,257.259
15916.3,-6735.39,259.068
15920.5,-6737.19,260.879
15924.7,-6738.99,262.687
15928.9,-6740.79,264.496
15933.1,-6742.59,266.28
15937.3,-6744.39,268.066
15941.6,-6746.19,269.849
15945.8,-6747.99,271.665
15950,-6749.79,273.484
15954.2,-6751.59,275.313
15958.5,-6753.39,277.13
15962.7,-6755.19,278.973
15966.9,-6756.99,280.8
15971.1,-6758.79,282.622
15975.4,-6760.59,284.445
15979.6,-6762.39,286.26
15983.8,-6764.19,288.076
15988,-6765.99,289.891
15992.2,-6767.79,291.709
15996.4,-6769.59,293.529
16000.6,-6771.39,295.349
16004.9,-6773.19,297.169
16009.1,-6774.99,298.991
16013.3,-6776.79,300.81
16017.5,-6778.59,302.629
16021.7,-6780.39,304.427
16025.9,-6782.19,306.225
16030.2,-6783.99,308.023
16034.4,-6785.79,309.82
16038.6,-6787.59,311.624
16042.8,-6789.39,313.426
16047,-6791.19,315.232
16051.3,-6792.99,317.037
16055.5,-6794.79,318.831
16059.7,-6796.59,320.625
16063.9,-6798.39,322.428
16068.2,-6800.19,324.214
16072.4,-6801.98,325.998
16076.6,-6803.78,327.782
16080.8,-6805.58,329.568
16085,-6807.38,331.361
16089.2,-6809.18,333.157
16093.4,-6810.98,334.951
16097.7,-6812.78,336.756
16101.9,-6814.58,338.558
16106.1,-6816.38,340.359
16110.3,-6818.18,342.16
16114.8,-6819.98,344.091
16119,-6821.78,345.905
16123.2,-6823.58,347.713
16127.4,-6825.38,349.46
16131.7,-6827.18,351.198
16135.9,-6828.98,352.923
16140.1,-6830.78,354.628
16144.4,-6832.58,356.369
16148.6,-6834.38,357.874
16152.9,-6836.18,358.416
16157.1,-6837.98,357.347
16161.3,-6839.78,355.758
16165.6,-6841.58,354.008
16169.8,-6843.38,352.26
16174.1,-6845.18,350.517
16178.4,-6846.98,348.723
16182.7,-6848.78,346.939
16186.9,-6850.58,345.172
16191.2,-6852.38,343.378
16195.8,-6854.18,341.472
16200.3,-6855.98,339.566
16204.6,-6857.78,337.747
16208.9,-6859.58,335.967
16213.1,-6861.38,334.195
16217.3,-6863.18,332.515
16221.5,-6864.98,330.838
16225.7,-6866.78,329.161
16230,-6868.58,327.483
16234.2,-6870.38,325.622
16238.4,-6872.18,323.756
16242.6,-6873.98,321.892
16247,-6875.78,320.016
16251.2,-6877.58,318.184
16255.4,-6879.38,316.365
16259.6,-6881.18,314.545
16263.9,-6882.98,312.795
16268.1,-6884.78,311.027
16272.3,-6886.58,309.278
16276.5,-6888.38,307.494
16280.8,-6890.18,305.71
16285,-6891.98,303.927
16289.2,-6893.77,302.143
16293.4,-6895.57,300.341
16297.6,-6897.37,298.538
16301.8,-6899.17,296.738
16306.1,-6900.97,294.947
16310.3,-6902.77,293.154
16314.5,-6904.57,291.364
16318.7,-6906.37,289.572
16323.2,-6908.17,287.675
16327.4,-6909.97,285.889
16331.6,-6911.77,284.106
16335.8,-6913.57,282.35
16340,-6915.37,280.591
16344.3,-6917.17,278.837
16348.5,-6918.97,277.077
16352.7,-6920.77,275.285
16357,-6922.57,273.502
16361.2,-6924.37,271.723
16365.4,-6926.17,269.9
16369.6,-6927.97,268.067
16373.8,-6929.77,266.245
16378.1,-6931.57,264.396
16382.3,-6933.37,262.6
16386.6,-6935.17,260.804
16390.8,-6936.97,259.005
16395,-6938.77,257.21
16399.2,-6940.57,255.415
16403.4,-6942.37,253.622
16407.6,-6944.17,251.827
16411.8,-6945.97,250.033
16416.1,-6947.77,248.239
16420.3,-6949.57,246.445
16424.5,-6951.37,244.651
16428.7,-6953.17,242.859
16432.9,-6954.97,241.065
16437.1,-6956.77,239.273
16441.4,-6958.57,237.484
16445.6,-6960.37,235.707
16449.8,-6962.17,233.926
16454,-6963.97,232.136
16458.3,-6965.77,230.351
16462.5,-6967.57,228.568
16466.7,-6969.37,226.786
16471.1,-6971.17,224.907
16475.3,-6972.97,223.114
16479.5,-6974.77,221.323
16483.8,-6976.57,219.533
16488,-6978.37,217.775
16492.2,-6980.17,216.021
16496.4,-6981.97,214.267
16500.6,-6983.77,212.512
16504.8,-6985.56,210.69
16509.1,-6987.36,208.865
16513.3,-6989.16,207.044
16517.5,-6990.96,205.214
16521.7,-6992.76,203.386
16525.9,-6994.56,201.559
16530.1,-6996.36,199.73
16534.3,-6998.16,197.933
16538.6,-6999.96,196.131
16542.8,-7001.76,194.333
16547,-7003.56,192.542
16551.2,-7005.36,190.751
16555.4,-7007.16,188.951
16559.7,-7008.96,187.159
16563.9,-7010.76,185.37
16568.1,-7012.56,183.578
16572.3,-7014.36,181.779
16576.5,-7016.16,179.991
16580.8,-7017.96,178.201
16585,-7019.76,176.413
16589.2,-7021.56,174.623
16593.4,-7023.36,172.833
16597.6,-7025.16,171.039
16601.8,-7026.96,169.25
16606,-7028.76,167.445
16610.3,-7030.56,165.636
16614.5,-7032.36,163.829
16618.7,-7034.16,162.021
16622.9,-7035.96,160.201
16627.1,-7037.76,158.379
16631.3,-7039.56,156.56
16635.6,-7041.36,154.741
16639.8,-7043.16,152.914
16644,-7044.96,151.091
16648.2,-7046.76,149.263
16652.4,-7048.56,147.434
16656.7,-7050.36,145.617
16660.9,-7052.16,143.798
16665.1,-7053.96,141.983
16669.3,-7055.76,140.176
16673.6,-7057.56,138.359
16677.8,-7059.36,136.552
16682,-7061.16,134.758
16686.2,-7062.96,132.963
16690.4,-7064.76,131.166
16694.7,-7066.56,129.369
16698.9,-7068.36,127.572
16703.1,-7070.16,125.777
16707.3,-7071.96,123.983
16711.5,-7073.76,122.193
16716,-7075.56,120.273
16720.2,-7077.35,118.464
16724.4,-7079.15,116.659
16728.6,-7080.95,114.906
16732.9,-7082.75,113.155
16737.1,-7084.55,111.402
16741.3,-7086.35,109.604
16745.5,-7088.15,107.805
16749.8,-7089.95,105.973
16754,-7091.75,104.16
16758.3,-7093.55,102.345
16762.5,-7095.35,100.534
16766.7,-7097.15,98.7229
16771.1,-7098.95,96.8289
16775.3,-7100.75,95.0126
16779.6,-7102.55,93.2089
16783.8,-7104.35,91.4068
16788,-7106.15,89.6183
16792.2,-7107.95,87.8323
16796.4,-7109.75,86.0455
16800.6,-7111.55,84.2587
16804.9,-7113.35,82.4377
16809.1,-7115.15,80.6133
16813.3,-7116.95,78.7922
16817.5,-7118.75,76.9862
16821.7,-7120.55,75.1817
16825.9,-7122.35,73.3782
16830.2,-7124.15,71.573
16834.4,-7125.95,69.7834
16838.6,-7127.75,67.9906
16842.8,-7129.55,66.201
16847,-7131.35,64.4093
16851.2,-7133.15,62.6185
16855.5,-7134.95,60.8169
16859.7,-7136.75,59.0245
16864.1,-7138.55,57.1735
16868.3,-7140.35,55.3831
16872.5,-7142.15,53.5961
16876.8,-7143.95,51.7944
16881,-7145.75,50.0125
16886,-7147.55,47.8938
16891.7,-7149.35,45.5017
16896,-7151.15,43.6612
16900.2,-7152.95,41.8526
16904.4,-7154.75,40.0565
16908.6,-7156.55,38.5802
16912.9,-7158.35,37.1054
16917.1,-7160.15,35.6293
16921.3,-7161.95,33.7816
16925.5,-7163.75,31.934
16929.7,-7165.55,30.0852
16933.9,-7167.35,28.2366
16938.1,-7169.15,26.3744
16942.4,-7170.94,24.5169
16946.6,-7172.74,22.661
16950.8,-7174.54,20.8025
16955,-7176.34,19.0306
16959.3,-7178.14,17.2724
16963.5,-7179.94,15.5175
16967.7,-7181.74,13.7398
16971.9,-7183.54,11.9683
16976.2,-7185.34,10.1843
16980.4,-7187.14,8.42444
16984.6,-7188.94,6.6658
16988.8,-7190.74,4.93963
16993,-7192.54,3.30584
16997.2,-7194.34,1.9999
17001.4,-7196.14,1.88631
17005.7,-7197.94,3.09778
17009.9,-7199.74,4.70187
17014.2,-7201.54,6.45523
17018.4,-7203.34,8.21608
17022.6,-7205.14,9.9984
17027.2,-7206.94,11.9383
17031.5,-7208.74,13.7613
17035.7,-7210.54,15.5544
17040,-7212.34,17.384
17044.6,-7214.14,19.231
17048.9,-7215.94,21.0008
17053.2,-7217.74,22.7281
17057.4,-7219.54,24.4216
17061.6,-7221.34,26.1118
17065.8,-7223.14,27.8015
17070,-7224.94,29.4934
17074.3,-7226.74,31.297
17078.5,-7228.54,33.1211
17082.8,-7230.34,34.9513
17087,-7232.14,36.7648
17091.2,-7233.94,38.5751
17095.4,-7235.74,40.3865
17099.7,-7237.54,42.1997
17103.9,-7239.34,43.946
17108.1,-7241.14,45.6974
17112.3,-7242.94,47.4431
17116.6,-7244.74,49.2821
17120.8,-7246.54,51.0895
17125,-7248.34,52.8936
17129.3,-7250.14,54.6994
17133.5,-7251.94,56.4911
17137.7,-7253.74,58.2854
17141.9,-7255.54,60.0764
17146.1,-7257.34,61.8658
17150.3,-7259.14,63.6738
17154.6,-7260.94,65.4936
17158.8,-7262.73,67.3009
17163,-7264.53,69.1098
17167.2,-7266.33,70.9204
17171.5,-7268.13,72.7276
17175.9,-7269.93,74.6038
17180.1,-7271.73,76.4159
17184.3,-7273.53,78.213
17188.5,-7275.33,80.011
17192.8,-7277.13,81.7553
17197,-7278.93,83.5028
17201.2,-7280.73,85.2455
17205.4,-7282.53,86.989
17209.6,-7284.33,88.7772
17213.8,-7286.13,90.5629
17218.1,-7287.93,92.3495
17222.3,-7289.73,94.1491
17226.5,-7291.53,95.9505
17230.7,-7293.33,97.7527
17234.9,-7295.13,99.5523
17239.1,-7296.93,101.338
17243.3,-7298.73,103.12
17247.6,-7300.53,104.905
17251.8,-7302.33,106.695
17256,-7304.13,108.496
17260.2,-7305.93,110.288
17264.4,-7307.73,112.076
17268.7,-7309.53,113.884
17272.9,-7311.33,115.688
17277.1,-7313.13,117.492
17281.3,-7314.93,119.305
17285.6,-7316.73,121.119
17289.8,-7318.53,122.939
17294,-7320.33,124.755
17298.2,-7322.13,126.556
17302.4,-7323.93,128.354
17306.6,-7325.73,130.151
17310.9,-7327.53,131.95
17315.1,-7329.33,133.761
17319.3,-7331.13,135.575
17323.5,-7332.93,137.385
17327.7,-7334.73,139.182
17331.9,-7336.53,140.978
17336.1,-7338.33,142.772
17340.4,-7340.13,144.567
17344.6,-7341.93,146.354
17348.9,-7343.73,148.167
17353.1,-7345.53,149.964
17357.3,-7347.33,151.761
17361.5,-7349.13,153.554
17365.8,-7350.93,155.346
17370,-7352.73,157.139
17374.2,-7354.52,158.92
17378.4,-7356.32,160.705
17382.7,-7358.12,162.498
17386.9,-7359.92,164.301
17391.1,-7361.72,166.099
17395.3,-7363.52,167.898
17399.5,-7365.32,169.697
17403.7,-7367.12,171.497
17407.9,-7368.92,173.301
17412.2,-7370.72,175.101
17416.6,-7372.52,177.031
17420.8,-7374.32,178.864
17425,-7376.12,180.693
17429.2,-7377.92,182.524
17433.5,-7379.72,184.285
17437.7,-7381.52,186.046
17441.9,-7383.32,187.804
17446.1,-7385.12,189.563
17450.3,-7386.92,191.383
17454.6,-7388.72,193.214
17458.8,-7390.52,195.034
17463,-7392.32,196.833
17467.2,-7394.12,198.633
17471.4,-7395.92,200.43
17475.6,-7397.72,202.228
17479.9,-7399.52,204.007
17484.1,-7401.32,205.795
17488.3,-7403.12,207.574
17492.5,-7404.92,209.369
17496.8,-7406.72,211.194
17501,-7408.52,212.988
17505.2,-7410.32,214.781
17509.5,-7412.12,216.556
17513.7,-7413.92,218.331
17517.9,-7415.72,220.107
17522.1,-7417.52,221.879
17526.3,-7419.32,223.702
17530.5,-7421.12,225.527
17534.8,-7422.92,227.35
17539,-7424.72,229.184
17543.2,-7426.52,231.015
17547.4,-7428.32,232.847
17551.6,-7430.12,234.681
17555.9,-7431.92,236.527
17560.1,-7433.72,238.363
17564.3,-7435.52,240.195
17568.7,-7437.32,242.083
17572.9,-7439.12,243.898
17577.1,-7440.92,245.712
17581.3,-7442.72,247.525
17585.5,-7444.52,249.291
17589.8,-7446.31,251.062
17594,-7448.11,252.829
17598.2,-7449.91,254.634
17602.4,-7451.71,256.435
17606.6,-7453.51,258.236
17610.8,-7455.31,260.039
17615,-7457.11,261.848
17619.3,-7458.91,263.66
17623.5,-7460.71,265.468
17627.7,-7462.51,267.274
17631.9,-7464.31,269.078
17636.1,-7466.11,270.88
17640.3,-7467.91,272.685
17644.5,-7469.71,274.493
17648.8,-7471.51,276.304
17653,-7473.31,278.116
17657.2,-7475.11,279.928
17661.4,-7476.91,281.728
17665.7,-7478.71,283.525
17669.9,-7480.51,285.325
17674.1,-7482.31,287.133
17678.3,-7484.11,288.942
17682.5,-7485.91,290.75
17686.8,-7487.71,292.597
17691,-7489.51,294.421
17695.2,-7491.31,296.245
17699.4,-7493.11,298.069
17703.7,-7494.91,299.877
17707.9,-7496.71,301.689
17712.1,-7498.51,303.497
17716.3,-7500.31,305.306
17720.5,-7502.11,307.123
17724.7,-7503.91,308.941
17728.9,-7505.71,310.76
17733.2,-7507.51,312.563
17737.4,-7509.31,314.37
17741.6,-7511.11,316.173
17745.8,-7512.91,317.975
17750,-7514.71,319.774
17754.3,-7516.51,321.583
17758.5,-7518.31,323.381
17762.7,-7520.11,325.176
17766.9,-7521.91,326.966
17771.1,-7523.71,328.753
17775.3,-7525.51,330.539
17779.6,-7527.31,332.332
17783.8,-7529.11,334.143
17788.1,-7530.91,335.947
17792.3,-7532.71,337.736
17796.5,-7534.51,339.524
17800.7,-7536.31,341.311
17804.9,-7538.1,343.095
17809.4,-7539.9,344.995
17813.6,-7541.7,346.778
17817.8,-7543.5,348.558
17822.1,-7545.3,350.329
17826.3,-7547.1,352.083
17830.5,-7548.9,353.818
17834.7,-7550.7,355.511
17838.9,-7552.5,357.103
17843.1,-7554.3,358.216
17847.4,-7556.1,357.879
17851.6,-7557.9,356.487
17855.8,-7559.7,354.801
17860.1,-7561.5,353.009
17864.3,-7563.3,351.225
17868.7,-7565.1,349.415
17873.1,-7566.9,347.62
17877.3,-7568.7,345.834
17881.8,-7570.5,344.009
17886.2,-7572.3,342.215
17890.8,-7574.1,340.358
17895.1,-7575.9,338.58
17899.3,-7577.7,336.885
17903.5,-7579.5,335.191
17907.8,-7581.3,333.498
17912,-7583.1,331.742
17916.2,-7584.9,329.986
17920.4,-7586.7,328.229
17924.6,-7588.5,326.472
17928.9,-7590.3,324.607
17933.1,-7592.1,322.742
17937.3,-7593.9,320.877
17941.5,-7595.7,319.015
17945.8,-7597.5,317.168
17950.1,-7599.3,315.364
17954.3,-7601.1,313.553
17958.5,-7602.9,311.755
17962.7,-7604.7,309.96
17967,-7606.5,308.163
17971.2,-7608.3,306.369
17975.4,-7610.1,304.583
17979.6,-7611.9,302.795
17983.8,-7613.7,301.01
17988,-7615.5,299.211
17992.2,-7617.3,297.413
17996.5,-7619.1,295.615
18000.7,-7620.9,293.817
18004.9,-7622.7,292.031
18009.1,-7624.5,290.243
18013.3,-7626.3,288.456
18017.5,-7628.1,286.665
18021.8,-7629.9,284.877
18026,-7631.69,283.088
18030.2,-7633.49,281.298
18034.4,-7635.29,279.506
18038.6,-7637.09,277.714
18042.8,-7638.89,275.924
18047.1,-7640.69,274.134
18051.3,-7642.49,272.346
18055.5,-7644.29,270.545
18059.7,-7646.09,268.756
18064.1,-7647.89,266.92
18068.3,-7649.69,265.126
18072.5,-7651.49,263.335
18076.7,-7653.29,261.533
18080.9,-7655.09,259.741
18085.2,-7656.89,257.95
18089.4,-7658.69,256.147
18093.6,-7660.49,254.346
18097.8,-7662.29,252.544
18102.1,-7664.09,250.747
18106.3,-7665.89,248.948
18110.5,-7667.69,247.138
18114.7,-7669.49,245.328
18118.9,-7671.29,243.518
18123.1,-7673.09,241.712
18127.3,-7674.89,239.915
18131.6,-7676.69,238.121
18135.8,-7678.49,236.328
18140,-7680.29,234.537
18144.2,-7682.09,232.747
18148.4,-7683.89,230.954
18152.8,-7685.69,229.117
18157,-7687.49,227.318
18161.2,-7689.29,225.534
18165.4,-7691.09,223.749
18169.9,-7692.89,221.89
18174.1,-7694.69,220.14
18178.4,-7696.49,218.389
18182.6,-7698.29,216.639
18186.8,-7700.09,214.887
18191,-7701.89,213.128
18195.2,-7703.69,211.378
18199.5,-7705.49,209.572
18203.7,-7707.29,207.767
18207.9,-7709.09,205.963
18212.1,-7710.89,204.161
18216.3,-7712.69,202.321
18220.5,-7714.49,200.479
18224.7,-7716.29,198.637
18229.2,-7718.09,196.734
18233.4,-7719.89,194.922
18237.6,-7721.69,193.109
18241.8,-7723.48,191.3
18246,-7725.28,189.541
18250.3,-7727.08,187.753
18254.5,-7728.88,185.982
18258.8,-7730.68,184.189
18263,-7732.48,182.4
18267.2,-7734.28,180.61
18271.4,-7736.08,178.823
18275.6,-7737.88,177.039
18279.8,-7739.68,175.253
18284.1,-7741.48,173.469
18288.3,-7743.28,171.678
18292.5,-7745.08,169.879
18296.8,-7746.88,168.074
18301,-7748.68,166.286
18305.2,-7750.48,164.491
18309.4,-7752.28,162.691
18313.6,-7754.08,160.895
18317.9,-7755.88,159.067
18322.1,-7757.68,157.237
18326.4,-7759.48,155.422
18330.6,-7761.28,153.603
18334.8,-7763.08,151.79
18339.1,-7764.88,149.97
18343.3,-7766.68,148.159
18347.5,-7768.48,146.336
18351.7,-7770.28,144.518
18356,-7772.08,142.686
18360.2,-7773.88,140.864
18364.5,-7775.68,139.051
18368.7,-7777.48,137.242
18372.9,-7779.28,135.433
18377.2,-7781.08,133.611
18381.4,-7782.88,131.805
18385.6,-7784.68,130.009
18389.9,-7786.48,128.191
18394.3,-7788.28,126.288
18398.6,-7790.08,124.464
18402.8,-7791.88,122.655
18407,-7793.68,120.843
18411.3,-7795.48,119.088
18415.5,-7797.28,117.341
18419.7,-7799.08,115.596
18424,-7800.88,113.808
18428.2,-7802.68,112.017
18432.4,-7804.48,110.231
18436.7,-7806.28,108.451
18440.9,-7808.08,106.657
18445.1,-7809.88,104.859
18449.4,-7811.68,103.066
18453.6,-7813.48,101.227
18457.8,-7815.27,99.3835
18462.1,-7817.07,97.5398
18466.3,-7818.87,95.6971
18470.5,-7820.67,93.8659
18474.8,-7822.47,92.0289
18479,-7824.27,90.1928
18483.2,-7826.07,88.385
18487.5,-7827.87,86.5847
18491.8,-7829.67,84.7595
18496,-7831.47,82.9476
18500.2,-7833.27,81.156
18504.5,-7835.07,79.3676
18508.7,-7836.87,77.5827
18512.9,-7838.67,75.7928
18517.2,-7840.47,73.9784
18521.4,-7842.27,72.1607
18525.6,-7844.07,70.3473
18529.9,-7845.87,68.5199
18534.1,-7847.67,66.6952
18538.3,-7849.47,64.8697
18542.6,-7851.27,63.0835
18546.8,-7853.07,61.285
18551,-7854.87,59.5007
18555.3,-7856.67,57.7023
18559.5,-7858.47,55.9262
18563.7,-7860.27,54.1477
18568,-7862.07,52.37
18572.2,-7863.87,50.5925
18576.4,-7865.67,48.7983
18580.6,-7867.47,46.9967
18584.9,-7869.27,45.2019
18589.1,-7871.07,43.3837
18593.3,-7872.87,41.5808
18597.6,-7874.67,39.7621
18601.8,-7876.47,37.9611
18606,-7878.27,36.1438
18610.3,-7880.07,34.3327
18614.5,-7881.87,32.5167
18618.7,-7883.67,30.6946
18622.9,-7885.47,28.8721
18627.2,-7887.27,27.0515
18631.4,-7889.07,25.2349
18635.6,-7890.87,23.416
18639.8,-7892.67,21.6022
18644.1,-7894.47,19.7859
18648.3,-7896.27,18.0051
18652.5,-7898.07,16.2286
18656.8,-7899.87,14.4369
18661,-7901.67,12.6551
18665.3,-7903.47,10.8788
18669.5,-7905.27,9.11913
18673.7,-7907.06,7.37486
18677.9,-7908.86,5.65154
18682.2,-7910.66,3.99682
18686.4,-7912.46,2.51108
18690.6,-7914.26,1.72823
18694.8,-7916.06,2.46261
18699.1,-7917.86,3.95963
18703.3,-7919.66,5.63128
18707.6,-7921.46,7.38749
18711.8,-7923.26,9.14272
18720.5,-7925.06,12.8035
18724.9,-7926.86,14.6588
18729.2,-7928.66,16.4554
18739.1,-7930.46,19.5624
18743.5,-7932.26,20.9383
18747.7,-7934.06,22.2697
18751.9,-7935.86,23.5993
18756.2,-7937.66,24.4434
18760.4,-7939.46,25.2865
18764.6,-7941.26,26.1325
18768.9,-7943.06,28.0305
18773.1,-7944.86,29.9395
18777.4,-7946.66,31.8426
18781.6,-7948.46,33.7356
18785.8,-7950.26,35.7149
18790,-7952.06,37.7008
18794.3,-7953.86,39.6796
18798.5,-7955.66,41.4303
18802.8,-7957.46,43.194
18807,-7959.26,44.9513
18811.3,-7961.06,46.7078
18815.5,-7962.86,48.4797
18819.7,-7964.66,50.2582
18824,-7966.46,52.0326
18828.2,-7968.26,53.8417
18832.4,-7970.06,55.6425
18836.7,-7971.86,57.4516
18840.9,-7973.66,59.255
18845.1,-7975.46,61.0682
18849.3,-7977.26,62.8698
18853.6,-7979.06,64.6724
18857.8,-7980.86,66.4724
18862,-7982.66,68.2248
18866.2,-7984.46,69.9862
18870.5,-7986.26,71.7443
18874.7,-7988.06,73.5469
18878.9,-7989.86,75.3553
18883.2,-7991.66,77.1579
18887.4,-7993.46,78.9631
18891.6,-7995.26,80.7862
18895.9,-7997.06,82.5969
18900.1,-7998.85,84.4142
18904.4,-8000.65,86.1828
18908.6,-8002.45,87.9393
18912.8,-8004.25,89.6967
18917.1,-8006.05,91.4572
18921.3,-8007.85,93.2772
18925.5,-8009.65,95.0939
18929.8,-8011.45,96.9189
18934,-8013.25,98.7357
18938.2,-8015.05,100.561
18942.4,-8016.85,102.376
18946.7,-8018.65,104.191
18950.9,-8020.45,105.986
18955.1,-8022.25,107.782
18959.4,-8024.05,109.575
18963.6,-8025.85,111.371
18967.8,-8027.65,113.167
18972.1,-8029.45,114.966
18976.3,-8031.25,116.759
18980.5,-8033.05,118.547
18984.7,-8034.85,120.338
18989,-8036.65,122.125
18993.2,-8038.45,123.917
18997.4,-8040.25,125.702
19001.7,-8042.05,127.491
19005.9,-8043.85,129.292
19010.2,-8045.65,131.067
19014.6,-8047.45,132.915
19019.1,-8049.25,134.805
19023.5,-8051.05,136.65
19028.1,-8052.85,138.559
19032.5,-8054.65,140.395
19037,-8056.45,142.275
19041.4,-8058.25,144
19048.4,-8060.05,146.704
19053,-8061.85,148.636
19057.6,-8063.65,150.504
19062.3,-8065.45,152.452
19066.7,-8067.25,154.288
19071.1,-8069.05,155.558
19075.4,-8070.85,156.817
19079.6,-8072.65,158.044
19083.8,-8074.45,159.268
19088.1,-8076.25,161.125
19092.3,-8078.05,162.982
19096.5,-8079.85,164.838
19100.7,-8081.65,166.708
19105,-8083.45,168.595
19109.2,-8085.25,170.466
19113.4,-8087.05,172.266
19117.6,-8088.85,174.07
19121.8,-8090.65,175.871
19126,-8092.44,177.672
19130.2,-8094.24,179.469
19134.5,-8096.04,181.264
19138.7,-8097.84,183.06
19142.9,-8099.64,184.855
19147.1,-8101.44,186.69
19151.3,-8103.24,188.524
19155.5,-8105.04,190.365
19159.8,-8106.84,192.212
19164,-8108.64,194.055
19168.2,-8110.44,195.898
19172.4,-8112.24,197.738
19176.6,-8114.04,199.518
19180.9,-8115.84,201.301
19185.1,-8117.64,203.08
19189.3,-8119.44,204.88
19193.5,-8121.24,206.678
19197.7,-8123.04,208.476
19201.9,-8124.84,210.272
19206.2,-8126.64,212.071
19210.5,-8128.44,213.893
19214.7,-8130.24,215.683
19218.9,-8132.04,217.445
19223.1,-8133.84,219.202
19227.3,-8135.64,220.961
19231.5,-8137.44,222.717
19235.8,-8139.24,224.513
19240,-8141.04,226.313
19244.2,-8142.84,228.111
19248.4,-8144.64,229.948
19252.6,-8146.44,231.785
19256.8,-8148.24,233.622
19261.1,-8150.04,235.461
19265.3,-8151.84,237.277
19269.5,-8153.64,239.094
19273.7,-8155.44,240.908
19277.9,-8157.24,242.724
19282.1,-8159.04,244.561
19286.4,-8160.84,246.399
19290.6,-8162.64,248.237
19294.8,-8164.44,250.056
19299,-8166.24,251.878
19303.2,-8168.04,253.697
19307.5,-8169.84,255.531
19311.7,-8171.64,257.332
19315.9,-8173.44,259.135
19320.1,-8175.24,260.938
19324.3,-8177.04,262.737
19328.5,-8178.84,264.539
19332.8,-8180.64,266.337
19337,-8182.44,268.139
19341.2,-8184.23,269.939
19345.4,-8186.03,271.742
19349.6,-8187.83,273.544
19354.2,-8189.63,275.471
19358.4,-8191.43,277.268
19362.6,-8193.23,279.058
19366.8,-8195.03,280.85
19371,-8196.83,282.565
19375.3,-8198.63,284.283
19379.5,-8200.43,286.002
19383.7,-8202.23,287.821
19387.9,-8204.03,289.643
19392.1,-8205.83,291.461
19396.3,-8207.63,293.279
19400.5,-8209.43,295.119
19404.8,-8211.23,296.958
19409,-8213.03,298.81
19413.4,-8214.83,300.678
19417.6,-8216.63,302.494
19421.8,-8218.43,304.308
19426,-8220.23,306.12
19430.2,-8222.03,307.906
19434.4,-8223.83,309.691
19438.7,-8225.63,311.476
19442.9,-8227.43,313.259
19447.1,-8229.23,315.075
19451.3,-8231.03,316.887
19455.5,-8232.83,318.701
19459.8,-8234.63,320.503
19464,-8236.43,322.291
19468.2,-8238.23,324.078
19472.4,-8240.03,325.862
19476.6,-8241.83,327.628
19480.8,-8243.63,329.395
19485.1,-8245.43,331.159
19489.3,-8247.23,332.938
19493.5,-8249.03,334.716
19497.7,-8250.83,336.493
19501.9,-8252.63,338.266
19506.2,-8254.43,340.061
19510.4,-8256.23,341.841
19514.6,-8258.03,343.617
19518.8,-8259.83,345.411
19523,-8261.63,347.198
19527.3,-8263.43,348.975
19531.5,-8265.23,350.742
19535.7,-8267.03,352.506
19539.9,-8268.83,354.236
19544.1,-8270.63,355.884
19548.3,-8272.43,357.308
19552.6,-8274.23,357.943
19556.8,-8276.03,357.173
19561.1,-8277.83,355.696
19565.8,-8279.62,353.819
19570.2,-8281.42,352.026
19574.4,-8283.22,350.257
19578.6,-8285.02,348.591
19583,-8286.82,346.88
19587.3,-8288.62,345.171
19591.5,-8290.42,343.496
19595.9,-8292.22,341.694
19600.4,-8294.02,339.812
19604.8,-8295.82,338.013
19609,-8297.62,336.256
19613.2,-8299.42,334.484
19617.5,-8301.22,332.73
19621.7,-8303.02,330.978
19625.9,-8304.82,329.243
19630.2,-8306.62,327.521
19634.4,-8308.42,325.8
19638.6,-8310.22,324.077
19642.8,-8312.02,322.241
19647,-8313.82,320.403
19651.2,-8315.62,318.569
19655.5,-8317.42,316.768
19659.7,-8319.22,314.951
19663.9,-8321.02,313.151
19668.1,-8322.82,311.339
19672.4,-8324.62,309.529
19676.6,-8326.42,307.718
19680.8,-8328.22,305.906
19685,-8330.02,304.105
19689.2,-8331.82,302.301
19693.4,-8333.62,300.501
19697.7,-8335.42,298.694
19701.9,-8337.22,296.881
19706.2,-8339.02,295.062
19710.5,-8340.82,293.228
19714.9,-8342.62,291.369
19719.1,-8344.42,289.583
19723.4,-8346.22,287.809
19727.6,-8348.02,286.033
19731.8,-8349.82,284.305
19736,-8351.62,282.575
19740.2,-8353.42,280.845
19744.4,-8355.22,279.115
19748.7,-8357.02,277.3
19752.9,-8358.82,275.486
19757.1,-8360.62,273.67
19761.4,-8362.42,271.867
19765.6,-8364.22,270.074
19769.8,-8366.02,268.282
19774,-8367.82,266.51
19778.2,-8369.62,264.737
19782.4,-8371.42,262.968
19786.7,-8373.21,261.198
19791,-8375.01,259.312
19795.3,-8376.81,257.504
19799.5,-8378.61,255.695
19803.7,-8380.41,253.888
19807.9,-8382.21,252.105
19812.1,-8384.01,250.323
19816.4,-8385.81,248.527
19820.6,-8387.61,246.726
19824.8,-8389.41,244.928
19829,-8391.21,243.128
19833.2,-8393.01,241.329
19837.5,-8394.81,239.514
19841.7,-8396.61,237.702
19845.9,-8398.41,235.89
19850.1,-8400.21,234.1
19854.3,-8402.01,232.312
19858.5,-8403.81,230.521
19862.8,-8405.61,228.721
19867,-8407.41,226.933
19871.2,-8409.21,225.148
19875.4,-8411.01,223.363
19879.7,-8412.81,221.589
19883.9,-8414.61,219.817
19892.2,-8416.41,216.324
19896.5,-8418.21,214.477
19900.8,-8420.01,212.684
19905,-8421.81,210.9
19909.2,-8423.61,209.715
19913.4,-8425.41,208.532
19917.7,-8427.21,207.317
19921.9,-8429.01,206.135
19926.1,-8430.81,204.318
19930.3,-8432.61,202.498
19934.6,-8434.41,200.677
19938.8,-8436.21,198.854
19943.3,-8438.01,196.805
19947.5,-8439.81,194.882
19951.7,-8441.61,192.965
19955.9,-8443.41,191.267
19960.2,-8445.21,189.553
19964.4,-8447.01,187.856
19968.6,-8448.81,186.091
19972.8,-8450.61,184.327
19977,-8452.41,182.563
19981.2,-8454.21,180.801
19985.5,-8456.01,179.008
19989.7,-8457.81,177.213
19993.9,-8459.61,175.421
19998.1,-8461.41,173.627
20002.3,-8463.21,171.812
20006.5,-8465,169.995
20010.8,-8466.8,168.178
20015,-8468.6,166.389
20019.2,-8470.4,164.587
20023.4,-8472.2,162.798
20027.6,-8474,161.008
20031.9,-8475.8,159.177
20036.1,-8477.6,157.343
20040.3,-8479.4,155.509
20044.5,-8481.2,153.676
20048.7,-8483,151.833
20052.9,-8484.8,149.991
20057.2,-8486.6,148.145
20061.4,-8488.4,146.344
20065.6,-8490.2,144.553
20069.8,-8492,142.762
20074,-8493.8,140.957
20078.3,-8495.6,139.149
20082.5,-8497.4,137.344
20086.7,-8499.2,135.539
20091.2,-8501,133.622
20095.4,-8502.8,131.821
20099.6,-8504.6,130.018
20103.8,-8506.4,128.217
20108,-8508.2,126.498
20112.2,-8510,124.781
20116.4,-8511.8,123.064
20120.7,-8513.6,121.254
20124.9,-8515.4,119.454
20129.1,-8517.2,117.653
20133.3,-8519,115.856
20137.6,-8520.8,114.033
20141.8,-8522.6,112.212
20146,-8524.4,110.39
20150.4,-8526.2,108.482
20154.6,-8528,106.67
20158.9,-8529.8,104.856
20163.1,-8531.6,103.032
20167.3,-8533.4,101.242
20171.5,-8535.2,99.4553
20175.7,-8537,97.6691
20180,-8538.8,95.843
20184.2,-8540.6,94.0169
20188.4,-8542.4,92.1908
20192.6,-8544.2,90.3639
20196.8,-8546,88.5438
20201.1,-8547.8,86.7253
20205.3,-8549.6,84.9086
20209.5,-8551.4,83.1061
20213.7,-8553.2,81.3062
20217.9,-8555,79.5037
20222.2,-8556.79,77.6938
20226.4,-8558.59,75.8922
20230.6,-8560.39,74.0898
20234.8,-8562.19,72.2899
20239.1,-8563.99,70.4772
20243.3,-8565.79,68.6958
20247.5,-8567.59,66.9137
20251.7,-8569.39,65.1349
20256,-8571.19,63.3686
20260.2,-8572.99,61.59
20264.4,-8574.79,59.8238
20268.6,-8576.59,58.056
20272.8,-8578.39,56.2507
20277.1,-8580.19,54.4429
20281.3,-8581.99,52.6402
20285.5,-8583.79,50.8178
20289.7,-8585.59,48.9929
20293.9,-8587.39,47.1707
20298.3,-8589.19,45.2612
20302.6,-8590.99,43.4371
20306.8,-8592.79,41.6123
20311,-8594.59,39.7919
20315.2,-8596.39,38.0344
20319.4,-8598.19,36.2755
20323.7,-8599.99,34.508
20327.9,-8601.79,32.7497
20332.1,-8603.59,30.9344
20336.3,-8605.39,29.1188
20340.5,-8607.19,27.3029
20344.8,-8608.99,25.5131
20349,-8610.79,23.7226
20353.2,-8612.59,21.9347
20357.4,-8614.39,20.1449
20361.7,-8616.19,18.3425
20365.9,-8617.99,16.5517
20370.1,-8619.79,14.7651
20374.3,-8621.59,13.0052
20378.5,-8623.39,11.2494
20382.7,-8625.19,9.50707
20386.9,-8626.99,7.77945
20391.2,-8628.79,6.09085
20395.4,-8630.59,4.46987
20399.6,-8632.39,3.02232
20403.8,-8634.19,2.13579
20408,-8635.99,2.51575
20412.2,-8637.79,3.81689
20416.4,-8639.59,5.4106
20420.7,-8641.39,7.15592
20425,-8643.19,8.92082
20429.2,-8644.99,10.7047
20433.6,-8646.79,12.5374
20437.9,-8648.58,14.365
20442.1,-8650.38,16.1538
20446.6,-8652.18,18.0257
20451.2,-8653.98,19.9704
20455.6,-8655.78,21.7723
20459.8,-8657.58,23.5254
20464,-8659.38,25.2813
20468.3,-8661.18,26.9754
20472.6,-8662.98,28.6404
20476.8,-8664.78,30.3027
20481,-8666.58,32.1097
20485.3,-8668.38,33.9196
20489.5,-8670.18,35.7274
20493.7,-8671.98,37.5362
20497.9,-8673.78,39.3337
20502.2,-8675.58,41.1332
20506.4,-8677.38,42.9279
20510.6,-8679.18,44.699
20514.9,-8680.98,46.4613
20519.1,-8682.78,48.2326
20523.4,-8684.58,50.0107
20527.6,-8686.38,51.8044
20531.8,-8688.18,53.6025
20536.1,-8689.98,55.4006
20540.3,-8691.78,57.2029
20544.5,-8693.58,58.9962
20548.7,-8695.38,60.792
20553,-8697.18,62.5904
20557.2,-8698.98,64.4175
20561.4,-8700.78,66.2371
20565.7,-8702.58,68.0559
20569.9,-8704.38,69.871
20574.1,-8706.18,71.6929
20578.4,-8707.98,73.5164
20582.6,-8709.78,75.3308
20586.8,-8711.58,77.1416
20591.1,-8713.38,78.9558
20595.3,-8715.18,80.7641
20599.5,-8716.98,82.5766
20603.7,-8718.78,84.3763
20608,-8720.58,86.1676
20612.2,-8722.38,87.9615
20616.4,-8724.18,89.7439
20620.6,-8725.98,91.5297
20624.9,-8727.78,93.3261
20629.1,-8729.58,95.1201
20633.4,-8731.38,96.9364
20637.6,-8733.18,98.7378
20641.9,-8734.98,100.537
20646.1,-8736.78,102.306
20650.4,-8738.58,104.074
20654.6,-8740.38,105.832
20658.8,-8742.17,107.596
20663.1,-8743.97,109.386
20667.3,-8745.77,111.174
20671.5,-8747.57,112.955
20675.7,-8749.37,114.769
20680,-8751.17,116.579
20684.2,-8752.97,118.395
20688.4,-8754.77,120.204
20692.7,-8756.57,122.018
20696.9,-8758.37,123.826
20701.1,-8760.17,125.647
20705.4,-8761.97,127.453
20709.6,-8763.77,129.269
20713.8,-8765.57,131.074
20718.1,-8767.37,132.885
20722.3,-8769.17,134.683
20726.5,-8770.97,136.494
20730.8,-8772.77,138.297
20735,-8774.57,140.093
20739.2,-8776.37,141.898
20743.4,-8778.17,143.698
20747.7,-8779.97,145.497
20751.9,-8781.77,147.272
20756.1,-8783.57,149.064
20760.4,-8785.37,150.851
20764.6,-8787.17,152.633
20768.8,-8788.97,154.426
20773.1,-8790.77,156.216
20777.3,-8792.57,157.999
20781.5,-8794.37,159.763
20785.7,-8796.17,161.526
20790,-8797.97,163.293
20794.2,-8799.77,165.095
20798.4,-8801.57,166.899
20802.7,-8803.37,168.697
20806.9,-8805.17,170.504
20811.1,-8806.97,172.326
20815.4,-8808.77,174.146
20819.6,-8810.57,175.961
20823.8,-8812.37,177.778
20828.1,-8814.17,179.617
20832.3,-8815.97,181.44
20836.5,-8817.77,183.261
20840.8,-8819.57,185.087
20845,-8821.37,186.917
20849.2,-8823.17,188.747
20853.5,-8824.97,190.567
20857.7,-8826.77,192.374
20861.9,-8828.57,194.175
20866.1,-8830.37,195.993
20870.4,-8832.17,197.797
20874.6,-8833.96,199.602
20878.8,-8835.76,201.404
20883.1,-8837.56,203.21
20887.3,-8839.36,204.993
20891.5,-8841.16,206.775
20895.7,-8842.96,208.558
20900,-8844.76,210.343
20904.2,-8846.56,212.133
20908.4,-8848.36,213.918
20912.6,-8850.16,215.702
20916.9,-8851.96,217.49
20921.1,-8853.76,219.285
20925.3,-8855.56,221.076
20929.6,-8857.36,222.873
20933.9,-8859.16,224.701
20938.1,-8860.96,226.53
20942.3,-8862.76,228.341
20946.6,-8864.56,230.162
20950.8,-8866.36,231.985
20955,-8868.16,233.812
20959.3,-8869.96,235.657
20963.5,-8871.76,237.497
20967.7,-8873.56,239.34
20971.9,-8875.36,241.176
20976.2,-8877.16,242.984
20980.4,-8878.96,244.787
20984.7,-8880.76,246.606
20988.9,-8882.56,248.414
20993.1,-8884.36,250.234
20997.4,-8886.16,252.044
21001.6,-8887.96,253.846
21005.8,-8889.76,255.64
21010.1,-8891.56,257.44
21014.3,-8893.36,259.234
21018.5,-8895.16,261.033
21022.7,-8896.96,262.845
21027,-8898.76,264.661
21031.2,-8900.56,266.481
21035.4,-8902.36,268.275
21039.7,-8904.16,270.066
21043.9,-8905.96,271.862
21048.1,-8907.76,273.664
21052.4,-8909.56,275.461
21056.6,-8911.36,277.252
21060.8,-8913.16,279.047
21065.1,-8914.96,280.85
21069.3,-8916.76,282.649
21073.5,-8918.56,284.446
21077.7,-8920.36,286.247
21082,-8922.16,288.061
21086.2,-8923.96,289.883
21090.4,-8925.75,291.7
21094.6,-8927.55,293.515
21098.9,-8929.35,295.345
21103.1,-8931.15,297.183
21107.4,-8932.95,299.004
21111.6,-8934.75,300.816
21115.8,-8936.55,302.625
21120,-8938.35,304.437
21124.3,-8940.15,306.255
21128.5,-8941.95,308.076
21132.7,-8943.75,309.902
21137,-8945.55,311.717
21141.2,-8947.35,313.519
21145.4,-8949.15,315.314
21149.6,-8950.95,317.112
21153.9,-8952.75,318.908
21158.1,-8954.55,320.71
21162.4,-8956.35,322.51
21166.6,-8958.15,324.297
21170.8,-8959.95,326.071
21175.1,-8961.75,327.841
21179.3,-8963.55,329.613
21183.5,-8965.35,331.375
21187.8,-8967.15,333.153
21192,-8968.95,334.928
21196.2,-8970.75,336.705
21200.5,-8972.55,338.507
21204.7,-8974.35,340.308
21208.9,-8976.15,342.108
21213.2,-8977.95,343.903
21217.4,-8979.75,345.696
21221.6,-8981.55,347.488
21225.9,-8983.35,349.262
21230.1,-8985.15,351.056
21234.4,-8986.95,352.831
21238.6,-8988.75,354.537
21242.8,-8990.55,356.118
21247,-8992.35,357.332
21251.3,-8994.15,357.603
21255.5,-8995.95,356.694
21259.7,-8997.75,355.237
21264,-8999.55,353.595
21268.2,-9001.35,351.855
21272.5,-9003.15,350.109
21278.9,-9004.95,347.483
21283.2,-9006.75,345.659
21287.5,-9008.55,343.899
21291.7,-9010.35,342.387
21301.5,-9012.15,338.889
21305.8,-9013.95,337.43
21310.1,-9015.75,336.018
21314.3,-9017.54,334.61
21318.5,-9019.34,333.201
21322.9,-9021.14,331.856
21327.1,-9022.94,330.57
21331.4,-9024.74,329.287
21335.6,-9026.54,327.3
21339.9,-9028.34,325.282
21344.1,-9030.14,323.295
21348.3,-9031.94,321.306
21352.5,-9033.74,319.535
21356.8,-9035.54,317.732
21361,-9037.34,315.96
21365.3,-9039.14,314.177
21369.5,-9040.94,312.425
21373.7,-9042.74,310.675
21377.9,-9044.54,308.925
21382.2,-9046.34,307.15
21390.5,-9048.14,303.689
21394.8,-9049.94,301.862
21399.1,-9051.74,300.054
21403.3,-9053.54,298.253
21407.5,-9055.34,296.453
21411.7,-9057.14,295.132
21415.9,-9058.94,293.813
21420.1,-9060.74,292.491
21424.3,-9062.54,291.171
21428.5,-9064.34,289.335
21432.7,-9066.14,287.497
21437,-9067.94,285.639
21441.4,-9069.74,283.666
21445.6,-9071.54,281.781
21449.9,-9073.34,279.893
21454.1,-9075.14,278.009
21458.3,-9076.94,276.292
21462.6,-9078.74,274.566
21466.8,-9080.54,272.838
21471,-9082.34,271.079
21475.4,-9084.14,269.316
21479.6,-9085.94,267.48
21483.9,-9087.74,265.719
21488.1,-9089.54,263.913
21492.3,-9091.34,262.109
21496.5,-9093.14,260.304
21500.7,-9094.94,258.522
21504.9,-9096.74,256.742
21509.1,-9098.54,254.964
21513.3,-9100.34,253.187
21517.6,-9102.14,251.384
21521.8,-9103.94,249.583
21526,-9105.74,247.783
21530.2,-9107.54,245.953
21534.4,-9109.33,244.122
21538.7,-9111.13,242.274
21542.9,-9112.93,240.447
21547.1,-9114.73,238.627
21551.3,-9116.53,236.808
21555.5,-9118.33,234.991
21559.8,-9120.13,233.171
21564,-9121.93,231.383
21568.2,-9123.73,229.605
21572.5,-9125.53,227.83
21576.7,-9127.33,226.033
21580.9,-9129.13,224.234
21585.1,-9130.93,222.437
21589.3,-9132.73,220.639
21593.5,-9134.53,218.841
21597.8,-9136.33,217.047
21602,-9138.13,215.255
21606.2,-9139.93,213.497
21610.4,-9141.73,211.738
21614.6,-9143.53,209.983
21618.8,-9145.33,208.228
21623,-9147.13,206.441
21627.2,-9148.93,204.649
21631.5,-9150.73,202.861
21635.9,-9152.53,201.073
21640.2,-9154.33,199.129
21644.4,-9156.13,197.317
21648.6,-9157.93,195.503
21652.8,-9159.73,193.751
21657.1,-9161.53,191.995
21661.3,-9163.33,190.243
21665.5,-9165.13,188.402
21669.7,-9166.93,186.576
21673.9,-9168.73,184.752
21678.2,-9170.53,182.923
21682.4,-9172.33,181.092
21686.6,-9174.13,179.26
21690.8,-9175.93,177.428
21695.2,-9177.73,175.562
21699.4,-9179.53,173.773
21703.7,-9181.33,171.988
21707.9,-9183.13,170.205
21712.1,-9184.93,168.475
21716.3,-9186.73,166.741
21720.5,-9188.53,165.005
21724.7,-9190.33,163.272
21728.9,-9192.13,161.468
21733.2,-9193.93,159.663
21737.4,-9195.73,157.854
21741.6,-9197.53,156.058
21745.8,-9199.33,154.272
21750,-9201.12,152.487
21754.3,-9202.92,150.703
21760.8,-9204.72,147.905
21765.1,-9206.52,146.087
21769.3,-9208.32,144.29
21773.5,-9210.12,142.876
21777.8,-9211.92,141.462
21782,-9213.72,140.05
21786.2,-9215.52,138.2
21790.4,-9217.32,136.349
21794.6,-9219.12,134.499
21798.9,-9220.92,132.63
21803.2,-9222.72,130.696
21807.5,-9224.52,128.811
21811.7,-9226.32,126.928
21815.9,-9228.12,125.043
21820.7,-9229.92,123.082
21824.9,-9231.72,121.346
21829.1,-9233.52,119.613
21833.3,-9235.32,117.928
21837.5,-9237.12,116.239
21841.8,-9238.92,114.542
21846,-9240.72,112.73
21850.2,-9242.52,110.919
21854.4,-9244.32,109.111
21858.7,-9246.12,107.297
21862.9,-9247.92,105.477
21867.1,-9249.72,103.668
21871.4,-9251.52,101.862
21875.6,-9253.32,100.092
21879.8,-9255.12,98.319
21884,-9256.92,96.5485
21888.3,-9258.72,94.765
21892.7,-9260.52,92.851
21896.9,-9262.32,91.0192
21901.1,-9264.12,89.1917
21905.3,-9265.92,87.3626
21909.5,-9267.72,85.5623
21913.8,-9269.52,83.7645
21918,-9271.32,81.9652
21922.2,-9273.12,80.144
21926.4,-9274.92,78.3203
21930.6,-9276.72,76.4949
21934.9,-9278.52,74.6898
21939.1,-9280.32,72.8805
21943.3,-9282.12,71.0645
21947.6,-9283.92,69.262
21951.9,-9285.72,67.3958
21956.1,-9287.52,65.589
21960.4,-9289.32,63.7764
21964.6,-9291.12,61.9573
21968.8,-9292.92,60.2095
21973,-9294.71,58.4595
21977.3,-9296.51,56.7088
21981.5,-9298.31,54.924
21985.7,-9300.11,53.1402
21989.9,-9301.91,51.3582
21994.1,-9303.71,49.5773
21998.4,-9305.51,47.762
22002.6,-9307.31,45.9595
22006.8,-9309.11,44.1622
22011,-9310.91,42.3707
22015.3,-9312.71,40.5771
22019.5,-9314.51,38.7814
22023.7,-9316.31,36.9886
22027.9,-9318.11,35.1652
22032.1,-9319.91,33.344
22036.3,-9321.71,31.5236
22040.6,-9323.51,29.6823
22044.8,-9325.31,27.8472
22049.1,-9327.11,25.9964
22053.3,-9328.91,24.1775
22057.8,-9330.71,22.2909
22062,-9332.51,20.5075
22066.2,-9334.31,18.7169
22070.5,-9336.11,16.9384
22074.7,-9337.91,15.2155
22078.9,-9339.71,13.4992
22083.1,-9341.51,11.7946
22087.3,-9343.31,10.0398
22091.6,-9345.11,8.31389
22095.8,-9346.91,6.6327
22100,-9348.71,5.06222
22104.2,-9350.51,3.69856
22108.4,-9352.31,2.8512
22112.6,-9354.11,2.99709
22116.8,-9355.91,4.01558
22121,-9357.71,5.4314
22125.2,-9359.51,7.00795
22129.6,-9361.31,8.69552
22133.8,-9363.11,10.4156
22138,-9364.91,12.1687
22142.3,-9366.71,13.9669
22146.8,-9368.51,15.86
22151.1,-9370.31,17.6493
22155.5,-9372.11,19.5151
22160.1,-9373.91,21.4583
22164.4,-9375.71,23.2419
22168.7,-9377.51,24.9811
22172.9,-9379.31,26.7178
22177.1,-9381.11,28.403
22181.4,-9382.91,30.0869
22185.6,-9384.71,31.7802
22189.8,-9386.5,33.472
22194.1,-9388.3,35.3316
22198.3,-9390.1,37.191
22202.6,-9391.9,39.0432
22206.8,-9393.7,40.9233
22211.1,-9395.5,42.6967
22215.3,-9397.3,44.467
22219.5,-9399.1,46.2417
22223.7,-9400.9,47.9932
22227.9,-9402.7,49.7473
22232.2,-9404.5,51.4983
22236.4,-9406.3,53.2853
22240.6,-9408.1,55.074
22244.9,-9409.9,56.8836
22249.2,-9411.7,58.6834
22253.4,-9413.5,60.4706
22257.6,-9415.3,62.2603
22261.8,-9417.1,64.0403
22266.1,-9418.9,65.831
22270.3,-9420.7,67.6065
22274.5,-9422.5,69.3828
22278.8,-9424.3,71.1576
22283,-9426.1,72.9743
22287.2,-9427.9,74.7878
22291.5,-9429.7,76.6005
22295.7,-9431.5,78.4143
22299.9,-9433.3,80.2356
22304.2,-9435.1,82.0478
22308.4,-9436.9,83.8609
22312.6,-9438.7,85.6525
22316.9,-9440.5,87.4673
22321.1,-9442.3,89.2615
22325.4,-9444.1,91.0524
22329.6,-9445.9,92.8372
22333.8,-9447.7,94.6213
22338,-9449.5,96.4112
22342.3,-9451.3,98.2015
22346.5,-9453.1,100.005
22350.8,-9454.9,101.803
22355,-9456.7,103.6
22359.2,-9458.5,105.395
22363.4,-9460.3,107.188
22367.7,-9462.1,108.98
22371.9,-9463.9,110.738
22376.1,-9465.7,112.505
22380.4,-9467.5,114.266
22384.6,-9469.3,116.029
22388.8,-9471.1,117.827
22393.1,-9472.9,119.628
22397.3,-9474.7,121.423
22401.5,-9476.5,123.23
22405.8,-9478.29,125.039
22410,-9480.09,126.871
22414.3,-9481.89,128.675
22418.5,-9483.69,130.493
22422.7,-9485.49,132.314
22427,-9487.29,134.131
22431.2,-9489.09,135.947
22435.4,-9490.89,137.755
22439.6,-9492.69,139.565
22443.9,-9494.49,141.377
22448.1,-9496.29,143.22
22452.4,-9498.09,145.034
22456.6,-9499.89,146.857
22460.8,-9501.69,148.673
22465.1,-9503.49,150.462
22469.3,-9505.29,152.243
22473.5,-9507.09,154.026
22477.7,-9508.89,155.807
22482,-9510.69,157.596
22486.2,-9512.49,159.383
22490.5,-9514.29,161.168
22494.7,-9516.09,162.959
22498.9,-9517.89,164.753
22503.1,-9519.69,166.542
22507.4,-9521.49,168.323
22511.6,-9523.29,170.094
22515.8,-9525.09,171.87
22520.1,-9526.89,173.649
22524.3,-9528.69,175.44
22528.5,-9530.49,177.228
22532.8,-9532.29,179.018
22537,-9534.09,180.837
22541.2,-9535.89,182.664
22545.5,-9537.69,184.479
22549.7,-9539.49,186.306
22554,-9541.29,188.126
22558.2,-9543.09,189.952
22562.4,-9544.89,191.77
22566.6,-9546.69,193.586
22570.9,-9548.49,195.4
22575.1,-9550.29,197.227
22579.3,-9552.09,199.042
22583.6,-9553.89,200.861
22587.8,-9555.69,202.679
22592,-9557.49,204.502
22596.3,-9559.29,206.325
22600.5,-9561.09,208.131
22604.7,-9562.89,209.927
22608.9,-9564.69,211.724
22613.2,-9566.49,213.504
22617.4,-9568.29,215.288
22621.6,-9570.08,217.073
22625.8,-9571.88,218.855
22630.1,-9573.68,220.653
22634.3,-9575.48,222.445
22638.5,-9577.28,224.237
22642.7,-9579.08,226.021
22647,-9580.88,227.812
22651.2,-9582.68,229.615
22655.5,-9584.48,231.403
22659.7,-9586.28,233.213
22663.9,-9588.08,235.019
22668.2,-9589.88,236.828
22672.4,-9591.68,238.638
22676.6,-9593.48,240.447
22680.9,-9595.28,242.262
22685.1,-9597.08,244.087
22689.3,-9598.88,245.929
22693.6,-9600.68,247.775
22697.8,-9602.48,249.618
22702,-9604.28,251.435
22706.3,-9606.08,253.261
22710.5,-9607.88,255.084
22714.7,-9609.68,256.913
22719,-9611.48,258.722
22723.2,-9613.28,260.535
22727.4,-9615.08,262.342
22731.6,-9616.88,264.131
22735.9,-9618.68,265.922
22740.1,-9620.48,267.72
22744.3,-9622.28,269.51
22748.5,-9624.08,271.315
22752.8,-9625.88,273.127
22757,-9627.68,274.929
22761.3,-9629.48,276.757
22765.5,-9631.28,278.556
22769.8,-9633.08,280.353
22774,-9634.88,282.153
22778.2,-9636.68,283.936
22782.5,-9638.48,285.706
22786.7,-9640.28,287.49
22791,-9642.08,289.297
22795.2,-9643.88,291.106
22799.4,-9645.68,292.913
22803.6,-9647.48,294.718
22807.9,-9649.28,296.528
22812.1,-9651.08,298.347
22816.3,-9652.88,300.156
22820.6,-9654.68,301.967
22824.8,-9656.48,303.795
22829,-9658.28,305.628
22833.3,-9660.08,307.461
22837.5,-9661.88,309.288
22841.7,-9663.67,311.106
22845.9,-9665.47,312.928
22850.2,-9667.27,314.747
22854.4,-9669.07,316.565
22858.6,-9670.87,318.369
22862.9,-9672.67,320.173
22867.1,-9674.47,321.988
22871.3,-9676.27,323.779
22875.6,-9678.07,325.569
22879.8,-9679.87,327.365
22884,-9681.67,329.149
22888.3,-9683.47,330.95
22892.6,-9685.27,332.767
22896.9,-9687.07,334.593
22901.2,-9688.87,336.368
22905.4,-9690.67,338.136
22909.6,-9692.47,339.909
22913.9,-9694.27,341.633
22918.1,-9696.07,343.366
22922.3,-9697.87,345.084
22926.6,-9699.67,346.792
22930.8,-9701.47,348.546
22935.1,-9703.27,350.274
22939.3,-9705.07,351.96
22943.5,-9706.87,353.567
22947.7,-9708.67,355.045
22952,-9710.47,356.23
22956.2,-9712.27,356.784
22960.5,-9714.07,356.368
22964.7,-9715.87,355.216
22968.9,-9717.67,353.723
22973.2,-9719.47,352.111
22977.5,-9721.27,350.409
22981.7,-9723.07,348.691
22988.3,-9724.87,345.958
22992.7,-9726.67,344.139
22996.9,-9728.47,342.376
23001.3,-9730.27,340.564
23005.8,-9732.07,339.113
23010.3,-9733.87,337.665
23014.5,-9735.67,336.302
23018.8,-9737.47,334.721
23023,-9739.27,333.126
23027.2,-9741.07,331.538
23031.8,-9742.87,329.534
23036,-9744.67,327.643
23040.3,-9746.47,325.751
23044.5,-9748.27,323.867
23048.8,-9750.07,322.072
23053.1,-9751.87,320.311
23057.3,-9753.67,318.54
23061.6,-9755.46,316.777
23065.8,-9757.26,314.991
23070.1,-9759.06,313.209
23074.3,-9760.86,311.429
23078.5,-9762.66,309.629
23082.8,-9764.46,307.83
23087,-9766.26,306.022
23091.3,-9768.06,304.216
23095.5,-9769.86,302.417
23099.7,-9771.66,300.614
23103.9,-9773.46,298.818
23108.2,-9775.26,297.045
23112.4,-9777.06,295.282
23116.6,-9778.86,293.509
23121.1,-9780.66,291.584
23125.4,-9782.46,289.777
23129.6,-9784.26,287.973
23133.8,-9786.06,286.166
23138.3,-9787.86,284.326
23142.6,-9789.66,282.598
23146.8,-9791.46,280.856
23151,-9793.26,279.127
23155.3,-9795.06,277.408
23159.5,-9796.86,275.692
23163.8,-9798.66,273.992
23168,-9800.46,272.194
23172.2,-9802.26,270.401
23176.5,-9804.06,268.61
23180.7,-9805.86,266.822
23184.9,-9807.66,264.978
23189.2,-9809.46,263.137
23193.4,-9811.26,261.298
23197.6,-9813.06,259.491
23201.8,-9814.86,257.679
23206.1,-9816.66,255.87
23210.3,-9818.46,254.056
23214.5,-9820.26,252.275
23218.8,-9822.06,250.49
23223,-9823.86,248.702
23227.3,-9825.66,246.885
23231.5,-9827.46,245.091
23235.7,-9829.26,243.294
23240,-9831.06,241.497
23244.2,-9832.86,239.72
23248.4,-9834.66,237.941
23252.7,-9836.46,236.17
23256.9,-9838.26,234.4
23261.5,-9840.06,232.468
23265.7,-9841.86,230.697
23270,-9843.66,228.922
23274.2,-9845.46,227.215
23278.4,-9847.25,225.51
23282.7,-9849.05,223.809
23286.9,-9850.85,222.021
23291.1,-9852.65,220.228
23295.4,-9854.45,218.433
23299.6,-9856.25,216.645
23303.8,-9858.05,214.81
23308.1,-9859.85,212.971
23312.3,-9861.65,211.14
23316.5,-9863.45,209.336
23320.8,-9865.25,207.529
23325,-9867.05,205.715
23329.2,-9868.85,203.901
23333.7,-9870.65,201.989
23337.9,-9872.45,200.165
23342.2,-9874.25,198.347
23346.4,-9876.05,196.534
23350.9,-9877.85,194.666
23355.2,-9879.65,192.929
23359.4,-9881.45,191.187
23363.7,-9883.25,189.472
23367.9,-9885.05,187.761
23372.1,-9886.85,186.042
23376.4,-9888.65,184.334
23380.6,-9890.45,182.527
23384.8,-9892.25,180.724
23389,-9894.05,178.917
23393.3,-9895.85,177.138
23397.5,-9897.65,175.352
23401.7,-9899.45,173.573
23405.9,-9901.25,171.788
23410.2,-9903.05,169.985
23414.4,-9904.85,168.181
23418.6,-9906.65,166.385
23423.2,-9908.45,164.426
23427.4,-9910.25,162.602
23431.7,-9912.05,160.787
23435.9,-9913.85,158.97
23440.4,-9915.65,157.083
23444.7,-9917.45,155.328
23448.9,-9919.25,153.578
23453.4,-9921.05,151.7
23457.7,-9922.85,149.955
23461.9,-9924.65,148.197
23466.2,-9926.45,146.447
23470.5,-9928.25,144.656
23474.7,-9930.05,142.889
23478.9,-9931.85,141.12
23483.2,-9933.65,139.349
23487.4,-9935.45,137.571
23491.6,-9937.25,135.797
23495.8,-9939.04,134.026
23500.1,-9940.84,132.217
23504.3,-9942.64,130.416
23508.5,-9944.44,128.614
23512.7,-9946.24,126.835
23517,-9948.04,125.041
23521.2,-9949.84,123.252
23525.5,-9951.64,121.474
23529.7,-9953.44,119.68
23533.9,-9955.24,117.882
23538.2,-9957.04,116.089
23542.4,-9958.84,114.286
23546.6,-9960.64,112.483
23550.8,-9962.44,110.675
23555.1,-9964.24,108.867
23559.3,-9966.04,107.016
23563.6,-9967.84,105.166
23567.8,-9969.64,103.324
23572,-9971.44,101.492
23576.3,-9973.24,99.6476
23580.5,-9975.04,97.8059
23584.7,-9976.84,95.971
23589,-9978.64,94.1588
23593.2,-9980.44,92.3417
23597.4,-9982.24,90.5263
23601.7,-9984.04,88.7185
23605.9,-9985.84,86.9249
23610.1,-9987.64,85.1156
23614.3,-9989.44,83.3221
23618.6,-9991.24,81.5215
23622.8,-9993.04,79.7252
23627,-9994.84,77.928
23631.2,-9996.64,76.1293
23635.8,-9998.44,74.1929
23640,-10000.2,72.3878
23644.3,-10002,70.5945
23648.5,-10003.8,68.8802
23652.7,-10005.6,67.1724
23657,-10007.4,65.4584
23661.2,-10009.2,63.7477
23665.4,-10011,61.9334
23669.7,-10012.8,60.1194
23673.9,-10014.6,58.3089
23678.1,-10016.4,56.4895
23682.4,-10018.2,54.6727
23686.6,-10020,52.8654
23690.8,-10021.8,51.0509
23695.1,-10023.6,49.2285
23699.3,-10025.4,47.4023
23703.5,-10027.2,45.5857
23707.7,-10029,43.7559
23712,-10030.8,41.9325
23716.2,-10032.6,40.1028
23720.4,-10034.4,38.2787
23724.7,-10036.2,36.4679
23728.9,-10038,34.6503
23733.1,-10039.8,32.8334
23737.6,-10041.6,30.9615
23741.8,-10043.4,29.1767
23746,-10045.2,27.3882
23750.2,-10047,25.5972
23754.5,-10048.8,23.8745
23758.7,-10050.6,22.1512
23762.9,-10052.4,20.4308
23767.2,-10054.2,18.7112
23771.4,-10056,16.9371
23775.6,-10057.8,15.1666
23779.8,-10059.6,13.4082
23784.1,-10061.4,11.688
23788.3,-10063.2,9.9944
23792.5,-10065,8.34324
23796.8,-10066.8,6.7315
23801,-10068.6,5.25736
23805.2,-10070.4,4.04665
23809.5,-10072.2,3.39993
23813.9,-10074,3.67073
23818.2,-10075.8,4.69154
23822.4,-10077.6,6.08918
23826.6,-10079.4,7.66003
23830.9,-10081.2,9.31002
23835.1,-10083,10.9929
23842.3,-10084.8,13.9379
23846.6,-10086.6,15.7675
23850.9,-10088.4,17.5506
23856.7,-10090.2,19.9862
23861.7,-10092,21.571
23866.1,-10093.8,22.9468
23870.4,-10095.6,24.2814
23874.6,-10097.4,25.5318
23878.8,-10099.2,26.7891
23883.1,-10101,28.0445
23887.5,-10102.8,29.9896
23891.7,-10104.6,31.8494
23896,-10106.4,33.7026
23900.2,-10108.2,35.567
23904.4,-10110,37.3597
23908.7,-10111.8,39.1574
23912.9,-10113.6,40.9482
23917.1,-10115.4,42.7561
23921.4,-10117.2,44.561
23925.6,-10119,46.3629
23929.8,-10120.8,48.167
23934,-10122.6,49.9651
23938.3,-10124.4,51.7609
23942.5,-10126.2,53.5546
23946.7,-10128,55.3677
23951,-10129.8,57.1706
23955.2,-10131.6,58.9771
23959.4,-10133.4,60.7796
23963.6,-10135.2,62.5459
23967.9,-10137,64.3172
23972.1,-10138.8,66.0961
23976.3,-10140.6,67.8628
23980.6,-10142.4,69.6469
23984.8,-10144.2,71.4253
23989,-10146,73.2047
23993.2,-10147.8,74.9955
23997.5,-10149.6,76.7938
24003.4,-10151.4,79.2977
24007.6,-10153.2,81.0921
24011.9,-10155,82.8615
24016.1,-10156.8,84.6532
24020.6,-10158.6,86.5186
24025.1,-10160.4,88.2198
24029.6,-10162.2,89.9108
24034,-10164,91.5804
24038.4,-10165.8,93.456
24042.8,-10167.6,95.316
24047.3,-10169.4,97.2123
24055.1,-10171.2,100.362
24059.6,-10173,102.16
24064.1,-10174.8,103.992
24068.6,-10176.6,105.3
24073.1,-10178.4,106.576
24077.4,-10180.2,107.842
24081.7,-10182,109.375
24085.9,-10183.8,110.887
24090.1,-10185.6,112.401
24094.3,-10187.4,113.911
24098.6,-10189.2,115.87
24102.8,-10191,117.827
24107,-10192.8,119.786
24111.2,-10194.6,121.742
24115.4,-10196.4,123.541
24119.6,-10198.2,125.343
24123.9,-10200,127.143
24128.1,-10201.8,128.93
24132.3,-10203.6,130.715
24136.5,-10205.4,132.498
24140.7,-10207.2,134.283
24144.9,-10209,136.1
24149.1,-10210.8,137.917
24153.3,-10212.6,139.733
24157.6,-10214.4,141.542
24161.8,-10216.2,143.35
24166,-10218,145.176
24170.3,-10219.8,146.992
24174.5,-10221.6,148.758
24178.7,-10223.4,150.527
24182.9,-10225.2,152.291
24187.1,-10227,154.059
24191.6,-10228.8,155.953
24195.9,-10230.6,157.758
24200.1,-10232.4,159.539
24204.3,-10234.2,161.272
24208.5,-10236,163.007
24212.7,-10237.8,164.738
24217,-10239.6,166.473
24221.2,-10241.4,168.246
24225.4,-10243.2,170.022
24229.6,-10245,171.797
24233.8,-10246.8,173.628
24238,-10248.6,175.461
24242.2,-10250.4,177.293
24246.5,-10252.2,179.123
24250.7,-10254,180.965
24254.9,-10255.8,182.806
24259.1,-10257.6,184.644
24263.3,-10259.4,186.459
24267.5,-10261.2,188.28
24271.8,-10263,190.102
24276,-10264.8,191.918
24280.2,-10266.6,193.71
24284.4,-10268.4,195.5
24288.6,-10270.2,197.294
24292.8,-10272,199.094
24297,-10273.8,200.894
24301.2,-10275.6,202.69
24305.5,-10277.4,204.488
24309.7,-10279.2,206.265
24313.9,-10281,208.041
24318.1,-10282.8,209.813
24322.5,-10284.6,211.661
24326.7,-10286.4,213.448
24330.9,-10288.2,215.237
24335.1,-10290,217.024
24339.3,-10291.8,218.774
24343.5,-10293.6,220.523
24347.8,-10295.4,222.273
24352,-10297.2,224.021
24356.2,-10299,225.831
24360.4,-10300.8,227.644
24364.6,-10302.6,229.453
24368.9,-10304.4,231.296
24373.1,-10306.2,233.128
24377.3,-10308,234.954
24381.7,-10309.8,236.872
24385.9,-10311.6,238.698
24391.7,-10313.4,241.174
24396,-10315.2,243.065
24400.3,-10317,244.871
24404.5,-10318.8,246.648
24408.7,-10320.6,248.426
24412.9,-10322.4,249.988
24417.1,-10324.2,251.554
24421.3,-10326,253.116
24425.5,-10327.8,254.677
24429.7,-10329.6,256.569
24433.9,-10331.4,258.459
24438.2,-10333.2,260.354
24442.4,-10335,262.244
24446.6,-10336.8,264.053
24450.8,-10338.6,265.865
24455,-10340.4,267.673
24459.4,-10342.2,269.54
24463.6,-10344,271.328
24467.9,-10345.8,273.133
24472.1,-10347.6,274.927
24476.6,-10349.4,276.783
24480.8,-10351.2,278.527
24485,-10353,280.268
24489.2,-10354.8,282.006
24493.5,-10356.6,283.744
24497.7,-10358.4,285.482
24501.9,-10360.2,287.216
24506.1,-10362,289.071
24510.3,-10363.8,290.929
24514.5,-10365.6,292.783
24518.8,-10367.4,294.602
24523,-10369.2,296.42
24527.2,-10371,298.239
24531.4,-10372.8,300.055
24535.6,-10374.6,301.877
24539.8,-10376.4,303.703
24544,-10378.2,305.526
24548.2,-10380,307.327
24552.5,-10381.8,309.126
24556.7,-10383.6,310.921
24560.9,-10385.4,312.719
24565.1,-10387.2,314.51
24569.3,-10389,316.318
24573.6,-10390.8,318.127
24577.9,-10392.6,319.947
24582.1,-10394.4,321.751
24586.3,-10396.2,323.552
24590.5,-10398,325.354
24594.7,-10399.8,327.113
24598.9,-10401.6,328.873
24603.2,-10403.4,330.628
24607.4,-10405.2,332.383
24611.6,-10407,334.167
24615.8,-10408.8,335.949
24620,-10410.6,337.732
24624.2,-10412.4,339.526
24628.4,-10414.2,341.319
24632.7,-10416,343.108
24636.9,-10417.8,344.892
24641.1,-10419.6,346.696
24645.3,-10421.4,348.49
24649.5,-10423.2,350.267
24653.7,-10425,352.019
24658,-10426.8,353.722
24662.2,-10428.6,355.315
24666.4,-10430.4,356.641
24670.7,-10432.2,357.275
24674.9,-10434,356.809
24679.1,-10435.8,355.589
24683.3,-10437.6,354.093
24687.5,-10439.4,352.475
24691.8,-10441.2,350.769
24696,-10443,349.064
24700.3,-10444.8,347.311
24704.6,-10446.6,345.506
24708.9,-10448.4,343.703
24713.3,-10450.2,341.881
24717.6,-10452,340.097
24722.2,-10453.8,338.193
24726.5,-10455.6,336.384
24730.7,-10457.4,334.684
24735,-10459.2,332.984
24739.2,-10461,331.283
24743.5,-10462.8,329.497
24747.7,-10464.6,327.734
24751.9,-10466.4,325.976
24756.1,-10468.2,324.216
24760.3,-10470,322.365
24764.5,-10471.8,320.515
24768.8,-10473.6,318.663
24773.1,-10475.4,316.831
24777.3,-10477.2,315.028
24781.5,-10479,313.229
24785.7,-10480.8,311.43
24789.9,-10482.6,309.651
24794.1,-10484.4,307.874
24798.4,-10486.2,306.096
24802.8,-10488,304.223
24807,-10489.8,302.426
24811.2,-10491.6,300.634
24815.4,-10493.4,298.842
24819.6,-10495.2,297.1
24823.8,-10497,295.361
24828,-10498.8,293.619
24832.3,-10500.6,291.88
24836.5,-10502.4,290.088
24840.7,-10504.2,288.294
24844.9,-10506,286.502
24849.1,-10507.8,284.719
24853.3,-10509.6,282.936
24857.5,-10511.4,281.152
24861.8,-10513.2,279.371
24866,-10515,277.596
24870.2,-10516.8,275.815
24874.5,-10518.6,274.012
24878.7,-10520.4,272.217
24882.9,-10522.2,270.422
24887.1,-10524,268.626
24891.3,-10525.8,266.832
24895.5,-10527.6,265.028
24899.8,-10529.4,263.224
24904,-10531.2,261.422
24908.2,-10533,259.587
24912.7,-10534.8,257.646
24917,-10536.6,255.822
24921.2,-10538.4,254.001
24925.4,-10540.2,252.284
24929.6,-10542,250.565
24933.8,-10543.8,248.847
24938,-10545.6,247.024
24942.2,-10547.4,245.201
24946.5,-10549.2,243.381
24950.7,-10551,241.557
24954.9,-10552.8,239.748
24959.1,-10554.6,237.936
24963.3,-10556.4,236.127
24967.5,-10558.2,234.314
24971.8,-10560,232.536
24976,-10561.8,230.755
24980.2,-10563.6,228.986
24984.4,-10565.4,227.22
24988.7,-10567.2,225.452
24992.9,-10569,223.686
24997.1,-10570.8,221.919
25001.3,-10572.6,220.141
25005.5,-10574.4,218.36
25009.7,-10576.2,216.58
25013.9,-10578,214.776
25018.2,-10579.8,212.967
25022.4,-10581.6,211.16
25026.6,-10583.4,209.352
25030.8,-10585.2,207.542
25035,-10587,205.731
25039.2,-10588.8,203.917
25043.5,-10590.6,202.077
25047.7,-10592.4,200.251
25051.9,-10594.2,198.429
25056.1,-10596,196.605
25060.3,-10597.8,194.799
25064.6,-10599.6,192.997
25068.8,-10601.4,191.196
25073,-10603.2,189.389
25077.2,-10605,187.577
25081.5,-10606.8,185.781
25085.7,-10608.6,183.983
25089.9,-10610.4,182.195
25094.1,-10612.2,180.41
25098.3,-10614,178.624
25102.5,-10615.8,176.839
25106.8,-10617.6,175.036
25111,-10619.4,173.245
25115.2,-10621.2,171.454
25119.4,-10623,169.67
25123.6,-10624.8,167.888
25127.8,-10626.6,166.105
25132,-10628.4,164.324
25136.3,-10630.2,162.515
25140.5,-10632,160.705
25144.7,-10633.8,158.896
25148.9,-10635.6,157.085
25153.1,-10637.4,155.27
25157.3,-10639.2,153.451
25161.6,-10641,151.639
25165.8,-10642.8,149.812
25170,-10644.6,147.979
25174.2,-10646.4,146.138
25178.5,-10648.2,144.293
25182.7,-10650,142.459
25186.9,-10651.8,140.624
25191.1,-10653.6,138.794
25195.6,-10655.4,136.875
25200,-10657.2,134.979
25204.3,-10659,133.158
25214.7,-10660.8,128.882
25219,-10662.6,127.145
25223.2,-10664.4,126.108
25227.4,-10666.2,125.069
25231.6,-10668,124.033
25235.8,-10669.8,122.998
25240,-10671.6,121.189
25244.2,-10673.4,119.385
25248.4,-10675.2,117.579
25252.8,-10677,115.586
25257,-10678.8,113.635
25261.2,-10680.6,111.692
25265.4,-10682.4,109.747
25269.6,-10684.2,107.977
25273.9,-10686,106.197
25278.1,-10687.8,104.411
25282.3,-10689.6,102.645
25286.6,-10691.4,100.85
25290.8,-10693.2,99.0528
25295,-10695,97.2561
25299.2,-10696.8,95.4667
25303.4,-10698.6,93.6806
25307.6,-10700.4,91.8937
25311.9,-10702.2,90.111
25316.1,-10704,88.2899
25320.3,-10705.8,86.4663
25324.5,-10707.6,84.6461
25328.7,-10709.4,82.8234
25332.9,-10711.2,81.0524
25337.1,-10713,79.2782
25341.4,-10714.8,77.508
25345.6,-10716.6,75.7041
25349.8,-10718.4,73.897
25354,-10720.2,72.0923
25358.2,-10722,70.2852
25362.4,-10723.8,68.4677
25366.6,-10725.6,66.6486
25370.9,-10727.4,64.8278
25375.1,-10729.2,63.0108
25379.4,-10731,61.1946
25383.6,-10732.8,59.3919
25387.8,-10734.6,57.5868
25392,-10736.4,55.7574
25396.2,-10738.2,53.9265
25400.4,-10740,52.0973
25404.8,-10741.8,50.205
25409,-10743.6,48.3835
25413.2,-10745.4,46.5647
25417.5,-10747.2,44.7444
25421.7,-10749,42.9965
25425.9,-10750.8,41.2455
25430.1,-10752.6,39.4956
25434.3,-10754.4,37.6798
25438.5,-10756.2,35.8618
25442.7,-10758,34.0458
25447,-10759.8,32.2303
25451.4,-10761.6,30.3409
25455.6,-10763.4,28.5501
25459.8,-10765.2,26.7593
25464.1,-10767,25.0219
25468.3,-10768.8,23.2817
25472.5,-10770.6,21.5349
25476.8,-10772.4,19.7869
25481,-10774.2,17.9963
25485.2,-10776,16.2164
25489.4,-10777.8,14.4397
25493.6,-10779.6,12.6774
25497.9,-10781.4,10.9203
25502.1,-10783.2,9.18479
25506.3,-10785,7.47371
25510.7,-10786.8,5.73311
25514.9,-10788.6,4.17144
25519.1,-10790.4,2.91286
25523.3,-10792.2,2.47561
25527.5,-10794,3.21265
25531.7,-10795.8,4.58503
25535.9,-10797.6,6.18336
25540.1,-10799.4,7.88347
25544.4,-10801.2,9.66061
25548.7,-10803,11.4298
25552.9,-10804.8,13.1976
25557.2,-10806.6,15.014
25561.5,-10808.4,16.8204
25565.7,-10810.2,18.5964
25570.1,-10812,20.3386
25574.7,-10813.8,22.2446
25579,-10815.5,24.0061
25583.3,-10817.3,25.7484
25587.5,-10819.1,27.4566
25591.7,-10820.9,29.165
25596,-10822.7,30.8726
25600.2,-10824.5,32.6039
25604.4,-10826.3,34.3359
25608.6,-10828.1,36.0706
25612.8,-10829.9,37.8018
25617,-10831.7,39.6297
25621.2,-10833.5,41.4564
25625.5,-10835.3,43.2825
25629.7,-10837.1,45.1179
25634,-10838.9,46.9258
25638.2,-10840.7,48.7365
25642.4,-10842.5,50.5424
25646.6,-10844.3,52.3521
25650.8,-10846.1,54.1645
25655,-10847.9,55.9745
25659.2,-10849.7,57.7753
25663.5,-10851.5,59.5753
25667.7,-10853.3,61.3855
25671.9,-10855.1,63.1966
25676.1,-10856.9,64.9841
25680.4,-10858.7,66.7759
25684.6,-10860.5,68.5777
25688.8,-10862.3,70.3676
25693,-10864.1,72.1542
25697.3,-10865.9,73.941
25701.5,-10867.7,75.7269
25705.7,-10869.5,77.5126
25709.9,-10871.3,79.3
25714.1,-10873.1,81.0833
25718.3,-10874.9,82.8857
25722.6,-10876.7,84.6989
25726.8,-10878.5,86.503
25731,-10880.3,88.3021
25735.2,-10882.1,90.0996
25739.4,-10883.9,91.9014
25743.6,-10885.7,93.6998
25747.9,-10887.5,95.4999
25752.1,-10889.3,97.2992
25756.3,-10891.1,99.1019
25760.5,-10892.9,100.903
25764.7,-10894.7,102.695
25769,-10896.5,104.487
25773.2,-10898.3,106.289
25777.4,-10900.1,108.081
25781.6,-10901.9,109.872
25785.9,-10903.7,111.677
25790.1,-10905.5,113.473
25794.3,-10907.3,115.292
25798.5,-10909.1,117.115
25802.7,-10910.9,118.935
25806.9,-10912.7,120.756
25811.2,-10914.5,122.567
25815.4,-10916.3,124.381
25819.6,-10918.1,126.196
25823.8,-10919.9,128.024
25828.1,-10921.7,129.839
25832.3,-10923.5,131.65
25836.5,-10925.3,133.461
25840.7,-10927.1,135.248
25844.9,-10928.9,137.035
25849.1,-10930.7,138.821
25853.3,-10932.5,140.606
25857.5,-10934.3,142.396
25861.8,-10936.1,144.185
25866,-10937.9,145.973
25870.2,-10939.7,147.755
25874.4,-10941.5,149.545
25878.7,-10943.3,151.326
25882.9,-10945.1,153.104
25887.1,-10946.9,154.892
25891.9,-10948.7,156.909
25896.2,-10950.5,158.747
25900.4,-10952.3,160.564
25904.6,-10954.1,162.376
25908.8,-10955.9,164.188
25913,-10957.7,165.997
25917.5,-10959.5,167.827
25921.7,-10961.3,169.537
25925.9,-10963.1,171.247
25930.1,-10964.9,173.068
25934.4,-10966.7,174.889
25938.6,-10968.5,176.713
25942.8,-10970.3,178.535
25947,-10972.1,180.352
25951.2,-10973.9,182.166
25955.4,-10975.7,183.98
25959.6,-10977.5,185.773
25963.9,-10979.3,187.564
25968.2,-10981.1,189.419
25972.5,-10982.9,191.221
25976.7,-10984.7,193.009
25980.9,-10986.5,194.799
25985.1,-10988.3,196.602
25989.4,-10990.1,198.36
25993.6,-10991.9,200.116
25997.8,-10993.7,201.873
26002,-10995.5,203.626
26006.2,-10997.3,205.43
26010.4,-10999.1,207.238
26014.6,-11000.9,209.044
26018.9,-11002.7,210.852
26023.3,-11004.5,212.777
26027.6,-11006.3,214.587
26031.8,-11008.1,216.394
26036,-11009.9,218.145
26040.2,-11011.7,219.898
26044.4,-11013.5,221.649
26048.6,-11015.3,223.4
26052.8,-11017.1,225.253
26057.1,-11018.9,227.107
26061.3,-11020.7,228.957
26065.5,-11022.5,230.775
26069.7,-11024.3,232.594
26073.9,-11026.1,234.423
26078.2,-11027.9,236.24
26082.7,-11029.7,238.155
26086.9,-11031.5,239.964
26091.1,-11033.3,241.757
26095.3,-11035.1,243.476
26099.5,-11036.9,245.196
26103.8,-11038.7,246.914
26108,-11040.5,248.634
26112.2,-11042.3,250.454
26116.4,-11044.1,252.276
26120.6,-11045.9,254.098
26124.8,-11047.7,255.9
26129,-11049.5,257.704
26133.2,-11051.3,259.504
26137.5,-11053.1,261.307
26141.7,-11054.9,263.093
26145.9,-11056.7,264.881
26150.1,-11058.5,266.67
26154.3,-11060.3,268.483
26158.5,-11062.1,270.299
26162.7,-11063.9,272.115
26167,-11065.7,273.929
26171.3,-11067.5,275.798
26175.5,-11069.3,277.629
26179.7,-11071.1,279.45
26184,-11072.9,281.268
26188.2,-11074.7,283.09
26192.4,-11076.5,284.9
26196.6,-11078.3,286.711
26200.8,-11080.1,288.538
26205.1,-11081.9,290.365
26209.3,-11083.7,292.192
26213.5,-11085.5,294.017
26217.7,-11087.3,295.845
26221.9,-11089.1,297.669
26226.1,-11090.9,299.494
26230.3,-11092.7,301.302
26234.6,-11094.5,303.108
26238.8,-11096.3,304.917
26243,-11098.1,306.724
26247.2,-11099.9,308.521
26251.4,-11101.7,310.316
26255.6,-11103.5,312.112
26259.8,-11105.3,313.896
26264,-11107.1,315.677
26268.3,-11108.9,317.46
26272.5,-11110.7,319.24
26276.8,-11112.5,321.056
26281,-11114.3,322.848
26285.2,-11116.1,324.634
26289.4,-11117.9,326.432
26293.6,-11119.7,328.214
26297.9,-11121.5,329.996
26302.1,-11123.3,331.775
26306.3,-11125.1,333.582
26310.5,-11126.9,335.393
26314.7,-11128.7,337.198
26319.2,-11130.5,339.138
26323.4,-11132.3,340.961
26327.6,-11134.1,342.781
26331.9,-11135.9,344.618
26336.1,-11137.7,346.343
26340.3,-11139.5,348.061
26344.5,-11141.3,349.763
26348.8,-11143.1,351.445
26353,-11144.9,353.143
26357.2,-11146.7,354.755
26361.4,-11148.5,356.18
26365.6,-11150.3,357.135
26369.9,-11152.1,357.103
26374.1,-11153.9,356.1
26378.3,-11155.7,354.651
26382.5,-11157.5,353.056
26386.8,-11159.3,351.366
26391.1,-11161.1,349.609
26395.3,-11162.9,347.876
26399.6,-11164.7,346.119
26403.9,-11166.5,344.316
26408.2,-11168.3,342.514
26412.4,-11170.1,340.754
26416.7,-11171.9,338.959
26421.3,-11173.7,337.048
26425.6,-11175.5,335.21
26429.8,-11177.3,333.421
26434,-11179.1,331.635
26438.2,-11180.9,329.848
26442.5,-11182.7,328.115
26446.7,-11184.5,326.379
26450.9,-11186.3,324.642
26455.1,-11188.1,322.805
26459.3,-11189.9,320.966
26463.5,-11191.7,319.131
26467.8,-11193.5,317.292
26472,-11195.3,315.484
26476.2,-11197.1,313.664
26480.4,-11198.9,311.854
26484.7,-11200.7,310.087
26488.9,-11202.5,308.319
26493.1,-11204.3,306.537
26497.3,-11206.1,304.769
26501.6,-11207.9,302.992
26505.8,-11209.7,301.211
26510,-11211.5,299.432
26514.2,-11213.3,297.654
26518.4,-11215.1,295.868
26522.6,-11216.9,294.082
26526.8,-11218.7,292.298
26531.1,-11220.5,290.519
26535.3,-11222.3,288.741
26539.5,-11224.1,286.962
26543.7,-11225.9,285.188
26547.9,-11227.7,283.41
26552.1,-11229.5,281.637
26556.3,-11231.3,279.863
26560.6,-11233.1,278.077
26564.8,-11234.9,276.293
26569,-11236.7,274.508
26573.2,-11238.5,272.723
26577.4,-11240.3,270.896
26581.7,-11242.1,269.082
26585.9,-11243.9,267.27
26590.1,-11245.7,265.467
26594.3,-11247.5,263.658
26598.6,-11249.3,261.856
26602.8,-11251.1,260.056
26607,-11252.9,258.256
26611.2,-11254.7,256.457
26615.4,-11256.5,254.658
26619.6,-11258.3,252.865
26623.8,-11260.1,251.072
26628.1,-11261.9,249.28
26632.3,-11263.7,247.49
26636.5,-11265.5,245.705
26640.7,-11267.3,243.916
26644.9,-11269.1,242.131
26649.1,-11270.9,240.343
26653.6,-11272.7,238.446
26657.8,-11274.5,236.663
26662,-11276.3,234.882
26666.2,-11278.1,233.168
26670.5,-11279.9,231.45
26674.7,-11281.7,229.723
26678.9,-11283.5,228.006
26683.2,-11285.3,226.222
26687.4,-11287.1,224.436
26691.6,-11288.9,222.653
26695.8,-11290.7,220.818
26700,-11292.5,218.98
26704.2,-11294.3,217.146
26708.4,-11296.1,215.31
26712.7,-11297.9,213.509
26716.9,-11299.7,211.706
26721.1,-11301.5,209.907
26725.3,-11303.3,208.09
26729.5,-11305.1,206.272
26733.7,-11306.9,204.456
26737.9,-11308.7,202.638
26742.2,-11310.5,200.84
26746.4,-11312.3,199.043
26750.6,-11314.1,197.243
26754.8,-11315.9,195.45
26759,-11317.7,193.654
26763.2,-11319.5,191.863
26767.4,-11321.3,190.07
26771.7,-11323.1,188.253
26776,-11324.9,186.452
26780.2,-11326.7,184.658
26784.4,-11328.5,182.883
26788.6,-11330.3,181.105
26792.8,-11332.1,179.331
26797.1,-11333.9,177.54
26801.5,-11335.7,175.634
26805.7,-11337.5,173.841
26810,-11339.3,172.047
26814.2,-11341.1,170.255
26818.4,-11342.9,168.51
26822.6,-11344.7,166.765
26826.8,-11346.5,165.019
26831,-11348.3,163.208
26835.2,-11350.1,161.4
26839.5,-11351.9,159.589
26843.7,-11353.7,157.781
26847.9,-11355.5,155.927
26852.1,-11357.3,154.078
26856.3,-11359.1,152.228
26860.5,-11360.9,150.419
26864.7,-11362.7,148.612
26869,-11364.5,146.804
26873.2,-11366.3,144.997
26877.4,-11368.1,143.168
26881.6,-11369.9,141.353
26885.8,-11371.7,139.539
26890.2,-11373.5,137.693
26894.4,-11375.3,135.908
26898.7,-11377.1,134.11
26902.9,-11378.9,132.326
26907.1,-11380.7,130.563
26911.3,-11382.5,128.802
26915.5,-11384.3,127.042
26919.7,-11386.1,125.243
26923.9,-11387.9,123.447
26928.2,-11389.7,121.65
26932.4,-11391.5,119.856
26936.6,-11393.3,118.061
26940.8,-11395.1,116.264
26945,-11396.9,114.47
26949.5,-11398.7,112.58
26953.7,-11400.5,110.769
26957.9,-11402.3,108.972
26962.1,-11404.1,107.18
26966.4,-11405.9,105.43
26970.6,-11407.7,103.677
26974.8,-11409.5,101.915
26979,-11411.3,100.164
26983.3,-11413.1,98.3163
26987.5,-11414.9,96.4652
26991.7,-11416.7,94.6175
26995.9,-11418.5,92.7805
27000.1,-11420.3,90.9298
27004.4,-11422.1,89.0937
27008.6,-11423.9,87.256
27012.8,-11425.7,85.435
27017,-11427.5,83.6106
27021.2,-11429.3,81.7923
27025.4,-11431.1,79.9997
27029.6,-11432.9,78.2048
27033.9,-11434.7,76.3874
27038.1,-11436.5,74.5941
27042.3,-11438.3,72.7987
27046.6,-11440.1,71.0015
27050.8,-11441.9,69.2037
27055,-11443.7,67.4114
27059.2,-11445.5,65.6167
27063.4,-11447.3,63.8245
27067.6,-11449.1,62.0324
27071.8,-11450.9,60.2403
27076.1,-11452.7,58.4359
27080.3,-11454.5,56.6414
27084.5,-11456.3,54.8343
27088.7,-11458.1,53.023
27092.9,-11459.9,51.217
27097.2,-11461.7,49.4069
27101.6,-11463.5,47.5007
27105.8,-11465.3,45.6758
27110,-11467.1,43.852
27114.2,-11468.9,42.0292
27118.4,-11470.7,40.2354
27122.6,-11472.5,38.4419
27126.9,-11474.3,36.6488
27131.1,-11476.1,34.8195
27135.3,-11477.9,32.9906
27139.5,-11479.7,31.1605
27143.7,-11481.5,29.3343
27147.9,-11483.3,27.5223
27152.1,-11485.1,25.7136
27156.4,-11486.9,23.9067
27160.6,-11488.7,22.1209
27164.8,-11490.5,20.3375
27169,-11492.3,18.5552
27173.2,-11494.1,16.7771
27177.5,-11495.9,14.9773
27181.7,-11497.7,13.1948
27185.9,-11499.5,11.4202
27190.2,-11501.3,9.62641
27194.4,-11503.1,7.89935
27198.6,-11504.9,6.20333
27202.8,-11506.7,4.58025
27207.1,-11508.5,3.1571
27211.3,-11510.3,2.27595
27215.5,-11512.1,2.56719
27219.7,-11513.9,3.80086
27223.9,-11515.7,5.35869
27228.1,-11517.5,7.02804
27232.3,-11519.3,8.74637
27236.6,-11521.1,10.5622
27240.8,-11522.9,12.3607
27245.1,-11524.7,14.1717
27249.4,-11526.5,16.0287
27253.7,-11528.3,17.8477
27257.9,-11530.1,19.6409
27266.1,-11531.9,23.0512
27270.5,-11533.7,24.9331
27274.8,-11535.5,26.7146
27279,-11537.3,28.485
27283.2,-11539.1,29.8738
27287.4,-11540.9,31.2647
27291.7,-11542.7,32.6523
27295.9,-11544.5,34.1146
27300.1,-11546.3,35.5796
27304.3,-11548.1,37.0559
27308.6,-11549.9,38.5206
27312.8,-11551.7,40.3767
27317,-11553.5,42.236
27321.2,-11555.3,44.0914
27325.4,-11557.1,45.9732
27329.6,-11558.9,47.8571
27333.8,-11560.7,49.7381
27338.1,-11562.5,51.622
27342.4,-11564.3,53.4421
27346.6,-11566.1,55.2084
27350.8,-11567.9,56.9767
27355,-11569.7,58.734
27359.3,-11571.5,60.4932
27363.5,-11573.3,62.2502
27367.7,-11575.1,64.0089
27371.9,-11576.9,65.8329
27376.2,-11578.7,67.6722
27380.4,-11580.5,69.499
27384.6,-11582.3,71.3251
27393.2,-11584.1,74.9898
27397.5,-11585.9,76.8621
27401.8,-11587.7,78.6026
27406,-11589.5,80.3295
27410.2,-11591.3,82.0589
27414.4,-11593.1,83.7844
27418.9,-11594.9,85.1959
27423.1,-11596.7,86.519
27427.3,-11598.5,87.8428
27431.5,-11600.3,89.5397
27435.7,-11602.1,91.2415
27439.9,-11603.9,92.9425
27444.2,-11605.7,94.642
27448.4,-11607.5,96.633
27452.6,-11609.3,98.6259
27456.8,-11611.1,100.617
27461,-11612.9,102.402
27465.2,-11614.7,104.187
27469.4,-11616.5,105.973
27473.7,-11618.3,107.759
27477.9,-11620.1,109.482
27482.1,-11621.9,111.19
27486.3,-11623.7,112.897
27490.6,-11625.5,114.709
27494.8,-11627.3,116.521
27499,-11629.1,118.333
27503.2,-11630.9,120.153
27507.5,-11632.7,122.003
27511.7,-11634.5,123.816
27516,-11636.3,125.629
27520.2,-11638.1,127.443
27524.4,-11639.9,129.159
27528.6,-11641.7,130.879
27532.8,-11643.5,132.596
27537,-11645.3,134.378
27541.2,-11647.1,136.159
27545.5,-11648.9,137.94
27549.7,-11650.7,139.722
27553.9,-11652.5,141.537
27558.1,-11654.3,143.355
27562.3,-11656.1,145.173
27566.5,-11657.9,146.958
27570.8,-11659.7,148.746
27575,-11661.5,150.532
27579.2,-11663.3,152.331
27583.4,-11665.1,154.148
27587.7,-11666.9,155.968
27591.9,-11668.7,157.784
27596.1,-11670.5,159.602
27600.3,-11672.3,161.42
27604.5,-11674.1,163.247
27608.8,-11675.9,165.065
27613,-11677.7,166.871
27617.2,-11679.5,168.678
27621.4,-11681.3,170.482
27625.6,-11683.1,172.276
27629.8,-11684.9,174.072
27634,-11686.7,175.865
27638.3,-11688.5,177.661
27642.5,-11690.3,179.454
27646.7,-11692.1,181.249
27650.9,-11693.9,183.045
27655.1,-11695.7,184.838
27659.6,-11697.5,186.734
27663.8,-11699.3,188.517
27668,-11701.1,190.298
27672.2,-11702.9,192.002
27676.5,-11704.7,193.717
27680.7,-11706.5,195.422
27684.9,-11708.3,197.126
27689.1,-11710.1,198.947
27693.3,-11711.9,200.766
27697.6,-11713.7,202.585
27701.8,-11715.5,204.424
27706,-11717.3,206.275
27710.2,-11719.1,208.116
27714.7,-11720.9,210.055
27718.9,-11722.7,211.883
27723.1,-11724.5,213.71
27727.3,-11726.3,215.537
27731.6,-11728.1,217.279
27735.8,-11729.9,219.021
27740,-11731.7,220.762
27744.3,-11733.5,222.529
27748.5,-11735.2,224.368
27752.7,-11737,226.207
27756.9,-11738.8,228.046
27761.1,-11740.6,229.825
27765.3,-11742.4,231.604
27769.6,-11744.2,233.385
27773.8,-11746,235.164
27778,-11747.8,236.962
27782.2,-11749.6,238.745
27786.4,-11751.4,240.529
27790.7,-11753.2,242.314
27794.9,-11755,244.096
27799.1,-11756.8,245.882
27803.3,-11758.6,247.665
27807.5,-11760.4,249.467
27811.8,-11762.2,251.258
27816,-11764,253.047
27820.2,-11765.8,254.839
27824.4,-11767.6,256.645
27828.6,-11769.4,258.453
27832.8,-11771.2,260.259
27837.1,-11773,262.087
27841.3,-11774.8,263.914
27845.5,-11776.6,265.74
27849.7,-11778.4,267.569
27853.9,-11780.2,269.407
27858.1,-11782,271.248
27862.3,-11783.8,273.085
27866.8,-11785.6,275.01
27871,-11787.4,276.841
27875.2,-11789.2,278.668
27879.5,-11791,280.51
27883.7,-11792.8,282.279
27887.9,-11794.6,284.051
27892.1,-11796.4,285.82
27896.3,-11798.2,287.626
27900.5,-11800,289.435
27904.8,-11801.8,291.242
27909,-11803.6,293.059
27913.4,-11805.4,294.932
27917.6,-11807.2,296.728
27921.8,-11809,298.519
27926.1,-11810.8,300.264
27930.3,-11812.6,302.011
27934.5,-11814.4,303.754
27938.7,-11816.2,305.5
27942.9,-11818,307.295
27947.1,-11819.8,309.092
27951.3,-11821.6,310.884
27955.6,-11823.4,312.698
27959.8,-11825.2,314.513
27964,-11827,316.325
27968.2,-11828.8,318.137
27972.7,-11830.6,320.057
27976.9,-11832.4,321.886
27981.1,-11834.2,323.699
27985.3,-11836,325.512
27989.6,-11837.8,327.288
27993.8,-11839.6,329.062
27998,-11841.4,330.835
28002.2,-11843.2,332.655
28006.4,-11845,334.475
28010.7,-11846.8,336.304
28014.9,-11848.6,338.12
28019.1,-11850.4,339.927
28023.3,-11852.2,341.73
28027.5,-11854,343.529
28031.7,-11855.8,345.284
28035.9,-11857.6,347.031
28040.2,-11859.4,348.77
28044.4,-11861.2,350.494
28048.6,-11863,352.229
28052.8,-11864.8,353.918
28057,-11866.6,355.506
28061.2,-11868.4,356.828
28065.4,-11870.2,357.478
28069.7,-11872,356.986
28073.9,-11873.8,355.708
28078.2,-11875.6,354.155
28082.4,-11877.4,352.504
28086.6,-11879.2,350.804
28090.9,-11881,349.039
28095.1,-11882.8,347.297
28099.4,-11884.6,345.539
28103.7,-11886.4,343.734
28108,-11888.2,341.892
28112.3,-11890,340.072
28121.6,-11891.8,336.139
28126,-11893.6,334.296
28130.2,-11895.4,332.517
28134.4,-11897.2,330.739
28138.7,-11899,329.472
28142.9,-11900.8,328.207
28147.1,-11902.6,326.942
28151.3,-11904.4,325.594
28155.5,-11906.2,324.245
28159.7,-11908,322.893
28163.9,-11909.8,321.546
28168.2,-11911.6,319.546
28172.4,-11913.4,317.546
28176.6,-11915.2,315.53
28181.1,-11917,313.563
28185.3,-11918.8,311.698
28189.5,-11920.6,309.835
28193.7,-11922.4,307.974
28197.9,-11924.2,306.296
28202.2,-11926,304.618
28206.4,-11927.8,302.942
28210.6,-11929.6,301.264
28214.8,-11931.4,299.48
28219.1,-11933.2,297.706
28223.3,-11935,295.937
28227.5,-11936.8,294.057
28231.7,-11938.6,292.18
28235.9,-11940.4,290.301
28240.3,-11942.2,288.429
28244.5,-11944,286.641
28248.8,-11945.8,284.851
28253,-11947.6,283.064
28257.2,-11949.4,281.348
28261.4,-11951.2,279.633
28265.6,-11953,277.918
28269.8,-11954.8,276.203
28274.1,-11956.6,274.386
28278.3,-11958.4,272.556
28282.5,-11960.2,270.74
28286.8,-11962,268.882
28291,-11963.8,267.055
28295.2,-11965.6,265.227
28299.4,-11967.4,263.4
28303.7,-11969.2,261.633
28307.9,-11971,259.865
28312.1,-11972.8,258.101
28316.3,-11974.6,256.314
28320.5,-11976.4,254.534
28324.8,-11978.2,252.758
28329,-11980,250.98
28333.2,-11981.8,249.139
28337.4,-11983.6,247.295
28341.6,-11985.4,245.454
28345.8,-11987.2,243.612
28350,-11989,241.836
28354.3,-11990.8,240.06
28358.5,-11992.6,238.283
28362.7,-11994.4,236.476
28366.9,-11996.2,234.667
28371.1,-11998,232.863
28375.3,-11999.8,231.053
28379.6,-12001.6,229.229
28383.8,-12003.4,227.419
28388,-12005.2,225.608
28392.2,-12007,223.837
28396.4,-12008.8,222.066
28400.7,-12010.6,220.292
28404.9,-12012.4,218.522
28409.1,-12014.2,216.729
28413.3,-12016,214.939
28417.5,-12017.8,213.137
28421.8,-12019.6,211.36
28426,-12021.4,209.584
28430.2,-12023.2,207.807
28434.4,-12025,206.033
28438.6,-12026.8,204.254
28442.8,-12028.6,202.476
28447,-12030.4,200.698
28451.2,-12032.2,198.904
28455.5,-12034,197.11
28459.7,-12035.8,195.316
28463.9,-12037.6,193.499
28468.2,-12039.4,191.686
28472.4,-12041.2,189.878
28476.6,-12043,188.069
28481.1,-12044.8,186.149
28485.3,-12046.6,184.346
28489.5,-12048.4,182.542
28493.7,-12050.2,180.74
28497.9,-12052,179.004
28502.1,-12053.8,177.27
28506.4,-12055.6,175.537
28510.6,-12057.4,173.801
28514.8,-12059.2,171.982
28519,-12061,170.149
28523.2,-12062.8,168.33
28527.5,-12064.6,166.52
28531.7,-12066.4,164.711
28535.9,-12068.2,162.902
28540.3,-12070,161.044
28544.5,-12071.8,159.284
28548.8,-12073.6,157.523
28553,-12075.4,155.763
28557.2,-12077.2,154.031
28561.4,-12079,152.302
28565.6,-12080.8,150.574
28569.8,-12082.6,148.843
28574,-12084.4,147.037
28578.3,-12086.2,145.217
28582.5,-12088,143.412
28586.7,-12089.8,141.573
28591,-12091.6,139.746
28595.2,-12093.4,137.921
28599.4,-12095.2,136.096
28603.6,-12097,134.283
28607.8,-12098.8,132.464
28612,-12100.6,130.651
28616.2,-12102.4,128.819
28620.5,-12104.2,126.972
28624.7,-12106,125.137
28628.9,-12107.8,123.304
28633.2,-12109.6,121.491
28637.4,-12111.4,119.69
28641.6,-12113.2,117.892
28645.8,-12115,116.094
28650,-12116.8,114.306
28654.2,-12118.6,112.52
28658.4,-12120.4,110.73
28662.7,-12122.2,108.948
28666.9,-12124,107.163
28671.1,-12125.8,105.382
28675.3,-12127.6,103.601
28679.5,-12129.4,101.802
28683.8,-12131.2,100.017
28688,-12133,98.2302
28692.2,-12134.8,96.457
28696.4,-12136.6,94.6838
28700.6,-12138.4,92.9089
28704.8,-12140.2,91.1358
28709,-12142,89.3359
28713.2,-12143.8,87.5376
28717.5,-12145.6,85.737
28722,-12147.4,83.7995
28726.2,-12149.2,81.9801
28730.4,-12151,80.1616
28734.6,-12152.8,78.3456
28738.8,-12154.6,76.5678
28743,-12156.4,74.7907
28747.2,-12158.2,73.0146
28751.5,-12160,71.2394
28755.8,-12161.8,69.3548
28760,-12163.6,67.5079
28764.2,-12165.4,65.6661
28768.4,-12167.2,63.834
28772.6,-12169,62.0011
28776.9,-12170.8,60.1692
28781.2,-12172.6,58.3046
28785.4,-12174.4,56.4971
28789.6,-12176.2,54.6888
28793.8,-12178,52.8823
28798.1,-12179.8,51.105
28802.3,-12181.6,49.3295
28806.5,-12183.4,47.5543
28810.7,-12185.2,45.7793
28814.9,-12187,43.9856
28819.1,-12188.8,42.1897
28823.4,-12190.6,40.3852
28827.6,-12192.4,38.602
28831.8,-12194.2,36.8236
28836,-12196,35.0442
28840.2,-12197.8,33.2631
28844.4,-12199.6,31.4946
28848.7,-12201.4,29.7238
28852.9,-12203.2,27.9568
28857.1,-12205,26.1454
28861.3,-12206.8,24.3375
28865.5,-12208.6,22.5335
28869.7,-12210.4,20.7305
28874,-12212.2,18.8815
28878.3,-12214,17.0549
28882.5,-12215.8,15.2479
28886.7,-12217.6,13.4357
28894.2,-12219.4,10.3127
28898.5,-12221.2,8.5195
28902.7,-12223,6.91673
28907,-12224.8,5.381
28911.2,-12226.6,3.998
28915.4,-12228.4,2.97692
28919.6,-12230.2,2.70294
28923.8,-12232,3.12596
28928,-12233.8,4.02687
28932.5,-12235.6,5.69089
28936.7,-12237.4,7.43852
28940.9,-12239.2,9.25507
28945.2,-12241,11.1414
28949.4,-12242.8,12.8705
28953.6,-12244.6,14.6124
28958,-12246.4,16.404
28962.3,-12248.2,18.1899
28966.5,-12250,19.9429
28974.6,-12251.8,23.273
28979,-12253.6,25.1436
28983.2,-12255.4,26.9377
28987.4,-12257.2,28.7279
28991.7,-12259,30.0018
28995.9,-12260.8,31.249
29004.4,-12262.6,33.7479
29008.6,-12264.4,35.4246
29012.8,-12266.2,37.0954
29033,-12268,44.0184
29037.5,-12269.8,44.7656
29041.9,-12271.6,45.5086
29046.4,-12273.4,46.2475
29050.8,-12275.2,46.9916
29062.7,-12277,47.7979
29067.2,-12278.8,50.1419
29071.8,-12280.6,52.5017
29076.2,-12282.4,54.8071
29080.6,-12284.2,57.1068
29085,-12286,58.3893
29089.2,-12287.8,59.6309
29093.4,-12289.6,60.864
29097.7,-12291.4,62.1066
29101.9,-12293.2,63.3494
29106.1,-12295,64.5912
29110.3,-12296.8,65.8338
29114.5,-12298.6,67.8956
29118.7,-12300.4,69.9614
29123,-12302.2,72.0684
29127.3,-12304,73.936
29131.5,-12305.8,75.8012
29135.7,-12307.6,77.6656
29139.9,-12309.4,79.5318
29144.1,-12311.2,81.2331
29148.3,-12313,82.936
29152.6,-12314.8,84.6358
29156.8,-12316.6,86.433
29161,-12318.4,88.1992
29165.3,-12320.2,89.9663
29169.5,-12322,91.7334
29173.7,-12323.8,93.5893
29177.9,-12325.6,95.4504
29182.1,-12327.4,97.3116
29186.4,-12329.2,99.1702
29190.6,-12331,100.93
29194.8,-12332.8,102.689
29199,-12334.6,104.449
29203.2,-12336.4,106.181
29207.4,-12338.2,107.917
29211.6,-12340,109.649
29216.1,-12341.8,111.608
29220.3,-12343.6,113.471
29224.5,-12345.4,115.331
29228.7,-12347.2,117.192
29232.9,-12349,118.915
29237.2,-12350.8,120.641
29241.4,-12352.6,122.362
29245.6,-12354.4,124.086
29249.8,-12356.2,125.888
29254,-12358,127.688
29258.2,-12359.8,129.488
29262.4,-12361.6,131.335
29266.7,-12363.4,133.182
29270.9,-12365.2,135.029
29275.1,-12367,136.874
29279.3,-12368.8,138.661
29283.5,-12370.6,140.453
29287.7,-12372.4,142.242
29292,-12374.2,144.04
29296.2,-12376,145.839
29300.4,-12377.8,147.637
29304.6,-12379.6,149.435
29308.9,-12381.4,151.268
29313.1,-12383.2,153.064
29317.3,-12385,154.861
29321.5,-12386.8,156.656
29325.8,-12388.6,158.413
29330,-12390.4,160.172
29334.2,-12392.2,161.93
29338.4,-12394,163.699
29342.6,-12395.8,165.467
29346.8,-12397.6,167.234
29351,-12399.4,168.999
29355.3,-12401.2,170.809
29359.5,-12403,172.622
29363.7,-12404.8,174.435
29368.2,-12406.6,176.381
29372.4,-12408.4,178.22
29376.6,-12410.2,180.058
29380.8,-12412,181.9
29385,-12413.8,183.671
29389.3,-12415.6,185.431
29393.5,-12417.4,187.188
29397.7,-12419.2,188.999
29401.9,-12421,190.805
29406.1,-12422.8,192.613
29410.3,-12424.6,194.422
29414.5,-12426.4,196.262
29418.8,-12428.2,198.104
29423,-12430,199.944
29427.2,-12431.8,201.696
29431.4,-12433.6,203.445
29435.6,-12435.4,205.195
29439.8,-12437.2,206.947
29444,-12439,208.757
29448.3,-12440.8,210.568
29452.5,-12442.6,212.377
29456.8,-12444.4,214.216
29461,-12446.2,215.997
29465.3,-12448,217.773
29469.5,-12449.8,219.552
29473.7,-12451.6,221.269
29477.9,-12453.4,222.99
29482.1,-12455.2,224.718
29486.4,-12457,226.437
29490.6,-12458.8,228.261
29494.8,-12460.6,230.086
29499,-12462.4,231.912
29503.2,-12464.2,233.824
29507.4,-12466,235.738
29511.7,-12467.8,237.648
29516.1,-12469.6,239.576
29520.3,-12471.4,241.413
29524.5,-12473.2,243.248
29528.7,-12475,245.085
29532.9,-12476.8,246.848
29537.2,-12478.6,248.608
29541.4,-12480.4,250.365
29545.6,-12482.2,252.124
29549.8,-12484,253.976
29554,-12485.8,255.823
29558.2,-12487.6,257.67
29562.4,-12489.4,259.443
29566.6,-12491.2,261.219
29570.9,-12493,262.998
29575.1,-12494.8,264.772
29579.3,-12496.6,266.562
29583.6,-12498.4,268.374
29587.8,-12500.2,270.159
29592,-12502,271.947
29596.2,-12503.8,273.736
29600.5,-12505.6,275.526
29604.7,-12507.4,277.315
29608.9,-12509.2,279.119
29613.1,-12511,280.921
29617.3,-12512.8,282.722
29621.5,-12514.6,284.521
29625.8,-12516.4,286.337
29630,-12518.2,288.153
29634.2,-12520,289.968
29638.4,-12521.8,291.777
29642.6,-12523.6,293.586
29646.9,-12525.4,295.395
29651.1,-12527.2,297.2
29655.3,-12529,299.03
29659.5,-12530.8,300.864
29663.7,-12532.6,302.695
29667.9,-12534.4,304.513
29672.1,-12536.2,306.33
29676.3,-12538,308.145
29680.6,-12539.8,309.965
29684.8,-12541.6,311.803
29689,-12543.4,313.632
29693.2,-12545.2,315.458
29697.5,-12547,317.268
29701.7,-12548.8,319.075
29705.9,-12550.6,320.882
29710.1,-12552.4,322.69
29714.3,-12554.2,324.486
29718.5,-12556,326.286
29722.8,-12557.8,328.083
29727,-12559.6,329.889
29731.2,-12561.4,331.693
29735.4,-12563.2,333.495
29739.6,-12565,335.298
29743.8,-12566.8,337.085
29748,-12568.6,338.874
29752.3,-12570.4,340.659
29756.5,-12572.2,342.442
29760.7,-12574,344.242
29764.9,-12575.8,346.038
29769.1,-12577.6,347.83
29773.3,-12579.4,349.59
29777.5,-12581.2,351.341
29781.8,-12583,353.068
29786,-12584.8,354.767
29790.2,-12586.6,356.382
29794.4,-12588.4,357.662
29798.7,-12590.2,357.88
29802.9,-12592,356.8
29807.1,-12593.8,355.233
29811.3,-12595.6,353.527
29815.5,-12597.4,351.766
29819.7,-12599.2,349.977
29824,-12601,348.135
29828.3,-12602.8,346.289
29832.7,-12604.6,344.444
29837,-12606.4,342.591
29841.3,-12608.2,340.746
29845.5,-12610,338.941
29850.1,-12611.8,336.991
29854.7,-12613.6,335.1
29859.1,-12615.4,333.297
29863.3,-12617.2,331.598
29867.6,-12619,329.896
29871.8,-12620.8,328.197
29876,-12622.6,326.497
29880.2,-12624.4,324.734
29884.5,-12626.2,322.973
29888.7,-12628,321.22
29893,-12629.8,319.321
29897.2,-12631.6,317.442
29901.5,-12633.4,315.574
29905.7,-12635.2,313.699
29909.9,-12637,311.895
29914.2,-12638.8,310.088
29918.4,-12640.6,308.286
29922.6,-12642.4,306.496
29926.8,-12644.2,304.705
29931.2,-12646,302.869
29935.4,-12647.8,301.074
29939.6,-12649.6,299.308
29943.9,-12651.4,297.535
29948.1,-12653.2,295.757
29952.4,-12655,293.944
29956.6,-12656.8,292.135
29960.8,-12658.5,290.323
29965,-12660.3,288.51
29969.4,-12662.1,286.647
29973.7,-12663.9,284.858
29977.9,-12665.7,283.068
29982.1,-12667.5,281.27
29986.4,-12669.3,279.477
29990.6,-12671.1,277.697
29994.8,-12672.9,275.923
29999.1,-12674.7,274.184
30003.3,-12676.5,272.458
30007.6,-12678.3,270.729
30011.8,-12680.1,269.006
30016,-12681.9,267.25
30020.2,-12683.7,265.494
30024.5,-12685.5,263.741
30028.7,-12687.3,261.901
30032.9,-12689.1,260.052
30037.2,-12690.9,258.212
30041.4,-12692.7,256.378
30045.6,-12694.5,254.5
30049.9,-12696.3,252.632
30054.1,-12698.1,250.763
30058.4,-12699.9,248.967
30062.6,-12701.7,247.182
30066.8,-12703.5,245.394
30071,-12705.3,243.608
30075.3,-12707.1,241.819
30079.5,-12708.9,240.026
30083.7,-12710.7,238.23
30087.9,-12712.5,236.428
30092.2,-12714.3,234.623
30096.4,-12716.1,232.825
30100.6,-12717.9,231.026
30104.9,-12719.7,229.243
30109.1,-12721.5,227.453
30113.3,-12723.3,225.68
30117.5,-12725.1,223.914
30121.8,-12726.9,222.154
30126,-12728.7,220.386
30130.2,-12730.5,218.613
30134.5,-12732.3,216.814
30138.7,-12734.1,215.012
30142.9,-12735.9,213.211
30147.2,-12737.7,211.411
30151.4,-12739.5,209.645
30155.6,-12741.3,207.873
30159.8,-12743.1,206.1
30164,-12744.9,204.272
30168.3,-12746.7,202.446
30172.5,-12748.5,200.622
30176.7,-12750.3,198.768
30181,-12752.1,196.929
30185.2,-12753.9,195.085
30189.4,-12755.7,193.245
30193.6,-12757.5,191.453
30197.9,-12759.3,189.656
30202.1,-12761.1,187.851
30206.3,-12762.9,186.059
30210.6,-12764.7,184.236
30214.8,-12766.5,182.423
30219,-12768.3,180.603
30223.2,-12770.1,178.832
30227.5,-12771.9,177.055
30231.7,-12773.7,175.284
30235.9,-12775.5,173.501
30240.2,-12777.3,171.717
30244.4,-12779.1,169.935
30248.6,-12780.9,168.145
30252.8,-12782.7,166.388
30257.1,-12784.5,164.624
30261.3,-12786.3,162.868
30265.5,-12788.1,161.109
30269.7,-12789.9,159.333
30274,-12791.7,157.547
30278.2,-12793.5,155.766
30282.4,-12795.3,153.987
30286.7,-12797.1,152.178
30290.9,-12798.9,150.37
30295.1,-12800.7,148.555
30299.4,-12802.5,146.737
30303.6,-12804.3,144.928
30307.8,-12806.1,143.112
30312,-12807.9,141.296
30316.3,-12809.7,139.474
30320.5,-12811.5,137.653
30324.7,-12813.3,135.827
30329,-12815.1,134.017
30333.2,-12816.9,132.2
30337.5,-12818.7,130.383
30341.7,-12820.5,128.575
30345.9,-12822.3,126.791
30350.2,-12824.1,125.001
30354.4,-12825.9,123.218
30358.6,-12827.7,121.435
30362.8,-12829.5,119.66
30367.1,-12831.3,117.87
30371.3,-12833.1,116.093
30375.5,-12834.9,114.3
30379.7,-12836.7,112.501
30384,-12838.5,110.697
30388.2,-12840.3,108.907
30392.5,-12842.1,107.113
30396.9,-12843.9,105.241
30401.2,-12845.7,103.41
30405.5,-12847.5,101.633
30409.7,-12849.3,99.8598
30413.9,-12851.1,98.0909
30418.2,-12852.9,96.299
30422.4,-12854.7,94.5088
30426.6,-12856.5,92.7154
30430.8,-12858.3,90.9229
30435.1,-12860.1,89.0671
30439.3,-12861.9,87.2013
30443.5,-12863.7,85.3483
30447.8,-12865.5,83.5204
30452,-12867.3,81.6917
30456.2,-12869.1,79.8554
30460.5,-12870.9,78.0209
30464.7,-12872.7,76.2007
30468.9,-12874.5,74.3788
30473.2,-12876.3,72.5536
30477.4,-12878.1,70.7336
30481.6,-12879.9,68.9135
30485.8,-12881.7,67.0902
30490.1,-12883.5,65.257
30494.3,-12885.3,63.4485
30498.6,-12887.1,61.6443
30502.8,-12888.9,59.8379
30507,-12890.7,58.0523
30511.2,-12892.5,56.2744
30515.5,-12894.3,54.4958
30519.7,-12896.1,52.7101
30523.9,-12897.9,50.9267
30528.2,-12899.7,49.1379
30532.4,-12901.5,47.3569
30536.6,-12903.3,45.5757
30540.8,-12905.1,43.7789
30545.1,-12906.9,41.9819
30549.3,-12908.7,40.1866
30553.5,-12910.5,38.368
30557.7,-12912.3,36.5462
30562,-12914.1,34.7314
30566.2,-12915.9,32.9124
30570.4,-12917.7,31.1005
30574.7,-12919.5,29.2754
30578.9,-12921.3,27.4644
30583.1,-12923.1,25.6709
30587.3,-12924.9,23.8782
30591.6,-12926.7,22.0844
30595.8,-12928.5,20.3021
30600,-12930.3,18.5034
30604.3,-12932.1,16.7214
30608.5,-12933.9,14.9525
30612.7,-12935.7,13.1934
30616.9,-12937.5,11.4901
30621.1,-12939.3,9.82446
30625.4,-12941.1,8.22399
30629.6,-12942.9,6.74881
30633.9,-12944.7,5.456
30638.1,-12946.5,4.5349
30642.4,-12948.3,4.22014
30646.6,-12950.1,4.57871
30650.8,-12951.9,5.50827
30655,-12953.7,6.77487
30659.3,-12955.5,8.22913
30663.5,-12957.3,9.78353
30667.7,-12959.1,11.4035
30672,-12960.9,13.0879
30676.2,-12962.7,14.8075
30682.6,-12964.5,17.4248
30687.3,-12966.3,19.3623
30691.5,-12968.1,21.1278
30700.8,-12969.9,24.9995
30705.2,-12971.7,26.4811
30709.4,-12973.5,27.9132
30713.6,-12975.3,29.3411
30717.8,-12977.1,30.7703
30722,-12978.9,31.8377
30726.2,-12980.7,32.9061
30730.5,-12982.5,33.9758
30734.7,-12984.3,35.9501
30739,-12986.1,37.9376
30743.2,-12987.9,39.9037
30747.4,-12989.7,41.8736
30751.6,-12991.5,43.7183
30755.8,-12993.3,45.5613
30760,-12995.1,47.4051
30764.3,-12996.9,49.1559
30768.5,-12998.7,50.9112
30772.7,-13000.5,52.6637
30776.9,-13002.3,54.4182
30781.1,-13004.1,56.2306
30785.3,-13005.9,58.0475
30789.6,-13007.7,59.863
30793.8,-13009.5,61.6938
30798,-13011.3,63.5282
30802.2,-13013.1,65.3587
30806.4,-13014.9,67.1902
30810.6,-13016.7,68.972
30814.9,-13018.5,70.7548
30819.1,-13020.3,72.5386
30823.3,-13022.1,74.3204
30827.5,-13023.9,76.0885
30831.8,-13025.7,77.8518
30836,-13027.5,79.616
30840.2,-13029.3,81.4199
30844.4,-13031.1,83.2123
30848.6,-13032.9,85.0057
30852.9,-13034.7,86.7974
30857.1,-13036.5,88.5813
30861.3,-13038.3,90.3635
30865.5,-13040.1,92.145
30869.7,-13041.9,93.909
30873.9,-13043.7,95.6739
30878.1,-13045.5,97.4396
30882.6,-13047.3,99.3515
30886.8,-13049.1,101.16
30891.1,-13050.9,102.961
30895.3,-13052.7,104.761
30899.8,-13054.5,106.611
30904,-13056.3,108.348
30908.2,-13058.1,110.088
30912.4,-13059.9,111.822
30916.6,-13061.7,113.571
30920.8,-13063.5,115.322
30925,-13065.3,117.07
30929.3,-13067.1,118.916
30933.5,-13068.9,120.761
30937.7,-13070.7,122.605
30941.9,-13072.5,124.458
30946.1,-13074.3,126.279
30950.3,-13076.1,128.105
30954.6,-13077.9,129.927
30958.8,-13079.7,131.704
30963,-13081.5,133.482
30967.2,-13083.3,135.26
30971.4,-13085.1,137.036
30975.6,-13086.9,138.838
30979.8,-13088.7,140.646
30984.1,-13090.5,142.452
30988.4,-13092.3,144.333
30992.7,-13094.1,146.139
30996.9,-13095.9,147.945
31001.1,-13097.7,149.75
31005.3,-13099.5,151.495
31009.5,-13101.3,153.246
31013.7,-13103.1,154.996
31018,-13104.9,156.784
31022.2,-13106.7,158.57
31026.4,-13108.5,160.358
31030.6,-13110.3,162.146
31034.8,-13112.1,163.994
31039,-13113.9,165.843
31043.3,-13115.7,167.699
31047.7,-13117.5,169.564
31051.9,-13119.3,171.338
31056.1,-13121.1,173.112
31060.3,-13122.9,174.885
31064.5,-13124.7,176.647
31068.8,-13126.5,178.413
31073,-13128.3,180.177
31077.2,-13130.1,181.941
31081.4,-13131.9,183.789
31085.6,-13133.7,185.65
31089.9,-13135.5,187.502
31094.1,-13137.3,189.276
31098.3,-13139.1,191.054
31102.5,-13140.9,192.826
31106.7,-13142.7,194.617
31111,-13144.5,196.404
31115.2,-13146.3,198.194
31119.4,-13148.1,199.986
31123.6,-13149.9,201.778
31127.8,-13151.7,203.572
31132,-13153.5,205.362
31136.2,-13155.3,207.154
31140.5,-13157.1,208.979
31144.8,-13158.9,210.785
31149,-13160.7,212.581
31153.2,-13162.5,214.377
31157.4,-13164.3,216.166
31161.6,-13166.1,217.956
31165.8,-13167.9,219.747
31170.1,-13169.7,221.578
31174.3,-13171.5,223.406
31178.5,-13173.3,225.237
31182.7,-13175.1,227.083
31187,-13176.9,228.945
31191.2,-13178.7,230.794
31195.4,-13180.5,232.641
31199.8,-13182.3,234.518
31204,-13184.1,236.316
31208.2,-13185.9,238.114
31212.4,-13187.7,239.911
31216.6,-13189.5,241.667
31220.8,-13191.3,243.429
31225.1,-13193.1,245.189
31229.3,-13194.9,246.99
31233.5,-13196.7,248.79
31237.7,-13198.5,250.591
31241.9,-13200.3,252.388
31246.2,-13202.1,254.199
31250.4,-13203.9,256.005
31254.6,-13205.7,257.803
31258.8,-13207.5,259.606
31263,-13209.3,261.407
31267.2,-13211.1,263.209
31271.4,-13212.9,265.007
31275.7,-13214.7,266.8
31279.9,-13216.5,268.595
31284.1,-13218.3,270.391
31288.5,-13220.1,272.255
31292.7,-13221.9,274.057
31296.9,-13223.7,275.858
31301.1,-13225.5,277.658
31305.3,-13227.3,279.434
31309.5,-13229.1,281.213
31313.7,-13230.9,282.988
31318,-13232.7,284.766
31322.2,-13234.5,286.604
31326.4,-13236.3,288.441
31330.6,-13238.1,290.281
31334.8,-13239.9,292.096
31339,-13241.7,293.915
31343.3,-13243.5,295.758
31347.7,-13245.3,297.649
31351.9,-13247.1,299.457
31356.1,-13248.9,301.264
31360.4,-13250.7,303.072
31364.6,-13252.5,304.822
31368.8,-13254.3,306.575
31373,-13256.1,308.324
31377.2,-13257.9,310.075
31381.4,-13259.7,311.881
31385.7,-13261.5,313.7
31389.9,-13263.3,315.509
31394.3,-13265.1,317.378
31398.5,-13266.9,319.158
31402.8,-13268.7,320.933
31407,-13270.5,322.709
31411.2,-13272.3,324.426
31415.4,-13274.1,326.143
31419.6,-13275.9,327.859
31423.8,-13277.7,329.651
31428,-13279.5,331.448
31432.3,-13281.3,333.234
31436.5,-13283.1,335.02
31440.7,-13284.9,336.824
31444.9,-13286.7,338.625
31449.1,-13288.5,340.429
31453.6,-13290.3,342.323
31457.8,-13292.1,344.113
31462,-13293.9,345.887
31466.2,-13295.7,347.638
31470.4,-13297.5,349.276
31474.7,-13299.3,350.873
31478.9,-13301.1,352.399
31483.1,-13302.9,353.806
31487.3,-13304.7,355.03
31491.5,-13306.5,355.786
31495.8,-13308.3,355.824
31500,-13310.1,355.15
31504.2,-13311.9,354.006
31508.4,-13313.7,352.607
31512.6,-13315.5,351.071
31516.8,-13317.3,349.448
31521,-13319.1,347.784
31525.3,-13320.9,346.055
31529.6,-13322.7,344.345
31533.8,-13324.5,342.619
31538.1,-13326.3,340.836
31542.4,-13328.1,339.051
31546.7,-13329.9,337.294
31554.5,-13331.7,334.025
31558.9,-13333.5,332.168
31563.1,-13335.3,330.383
31567.3,-13337.1,328.599
31571.5,-13338.9,326.817
31575.8,-13340.7,325.381
31580,-13342.5,323.942
31584.2,-13344.3,322.502
31588.5,-13346.1,320.714
31592.7,-13347.9,318.943
31596.9,-13349.7,317.174
31601.1,-13351.5,315.403
31605.3,-13353.3,313.597
31609.5,-13355.1,311.789
31613.8,-13356.9,309.983
31618,-13358.7,308.173
31622.2,-13360.5,306.425
31626.4,-13362.3,304.675
31630.6,-13364.1,302.923
31634.8,-13365.9,301.159
31639,-13367.7,299.393
31643.3,-13369.5,297.628
31647.5,-13371.3,295.862
31651.7,-13373.1,294.063
31655.9,-13374.9,292.273
31660.2,-13376.7,290.484
31664.4,-13378.5,288.685
31668.6,-13380.3,286.885
31672.8,-13382.1,285.088
31677,-13383.9,283.289
31681.3,-13385.7,281.477
31685.5,-13387.5,279.67
31689.7,-13389.3,277.872
31693.9,-13391.1,276.079
31698.2,-13392.9,274.282
31702.4,-13394.7,272.485
31706.6,-13396.5,270.689
31710.8,-13398.3,268.891
31715,-13400.1,267.095
31719.2,-13401.9,265.299
31723.5,-13403.7,263.513
31727.7,-13405.5,261.728
31731.9,-13407.3,259.946
31736.1,-13409.1,258.164
31740.3,-13410.9,256.388
31744.5,-13412.7,254.613
31748.7,-13414.5,252.839
31753,-13416.3,251.055
31757.2,-13418.1,249.267
31761.5,-13419.9,247.428
31765.8,-13421.7,245.64
31770,-13423.5,243.873
31774.2,-13425.3,242.108
31778.4,-13427.1,240.344
31782.6,-13428.9,238.578
31786.9,-13430.7,236.79
31791.1,-13432.5,235.019
31795.3,-13434.3,233.248
31799.5,-13436.1,231.443
31803.8,-13437.9,229.64
31808,-13439.7,227.836
31812.2,-13441.5,226.036
31816.4,-13443.3,224.229
31820.6,-13445.1,222.418
31824.8,-13446.9,220.61
31829,-13448.7,218.795
31833.2,-13450.5,216.982
31837.5,-13452.3,215.166
31841.7,-13454.1,213.354
31845.9,-13455.9,211.548
31850.1,-13457.7,209.74
31854.3,-13459.5,207.926
31858.6,-13461.3,206.118
31862.8,-13463.1,204.315
31867,-13464.9,202.509
31871.2,-13466.7,200.706
31875.5,-13468.5,198.896
31879.7,-13470.3,197.131
31884,-13472.1,195.365
31888.2,-13473.9,193.588
31892.7,-13475.7,191.719
31896.9,-13477.5,189.928
31901.2,-13479.3,188.117
31905.5,-13481.1,186.329
31909.7,-13482.9,184.539
31913.9,-13484.7,182.751
31918.1,-13486.5,180.959
31922.3,-13488.3,179.188
31926.5,-13490.1,177.42
31930.7,-13491.9,175.651
31934.9,-13493.7,173.854
31939.2,-13495.5,172.05
31943.4,-13497.3,170.251
31947.6,-13499.1,168.448
31951.8,-13500.9,166.632
31956.1,-13502.7,164.8
31960.3,-13504.5,162.981
31964.5,-13506.3,161.161
31968.7,-13508.1,159.34
31972.9,-13509.9,157.518
31977.1,-13511.7,155.698
31981.3,-13513.5,153.893
31985.6,-13515.3,152.087
31989.8,-13517.1,150.277
31994,-13518.9,148.47
31998.2,-13520.7,146.661
32002.4,-13522.5,144.853
32006.6,-13524.3,143.044
32010.9,-13526.1,141.266
32015.1,-13527.9,139.489
32019.3,-13529.7,137.712
32023.5,-13531.5,135.934
32027.7,-13533.3,134.157
32031.9,-13535.1,132.381
32036.1,-13536.9,130.606
32040.4,-13538.7,128.818
32044.6,-13540.5,127.03
32048.8,-13542.3,125.214
32053.1,-13544.1,123.426
32057.3,-13545.9,121.602
32061.5,-13547.7,119.789
32065.7,-13549.5,117.976
32069.9,-13551.3,116.18
32074.2,-13553.1,114.388
32078.4,-13554.9,112.592
32082.6,-13556.7,110.797
32086.8,-13558.5,108.973
32091,-13560.3,107.153
32095.2,-13562.1,105.335
32099.5,-13563.9,103.505
32103.7,-13565.7,101.678
32107.9,-13567.5,99.8478
32112.1,-13569.3,98.0211
32116.3,-13571.1,96.1938
32120.5,-13572.9,94.3665
32124.7,-13574.7,92.5393
32129,-13576.5,90.7121
32133.2,-13578.2,88.9049
32137.4,-13580,87.0962
32141.6,-13581.8,85.2925
32145.8,-13583.6,83.5106
32150,-13585.4,81.7287
32154.2,-13587.2,79.9453
32158.5,-13589,78.1352
32162.7,-13590.8,76.3302
32166.9,-13592.6,74.5202
32171.1,-13594.4,72.7138
32175.3,-13596.2,70.9266
32179.5,-13598,69.138
32183.7,-13599.8,67.3496
32188,-13601.6,65.5599
32192.2,-13603.4,63.7504
32196.4,-13605.2,61.9411
32200.6,-13607,60.1322
32204.8,-13608.8,58.3082
32209,-13610.6,56.4829
32213.2,-13612.4,54.6595
32217.5,-13614.2,52.833
32221.7,-13616,51.0018
32225.9,-13617.8,49.1725
32230.1,-13619.6,47.3386
32234.3,-13621.4,45.4958
32238.5,-13623.2,43.6535
32242.7,-13625,41.8137
32247,-13626.8,39.9713
32251.2,-13628.6,38.1536
32255.4,-13630.4,36.3379
32259.6,-13632.2,34.511
32263.8,-13634,32.6986
32268.1,-13635.8,30.8895
32272.3,-13637.6,29.0852
32276.5,-13639.4,27.2829
32280.7,-13641.2,25.4958
32284.9,-13643,23.7171
32289.1,-13644.8,21.9414
32293.3,-13646.6,20.1754
32297.6,-13648.4,18.4308
32301.8,-13650.2,16.7015
32306,-13652,14.9867
32310.2,-13653.8,13.3056
32314.4,-13655.6,11.6557
32318.6,-13657.4,10.0498
32322.8,-13659.2,8.51867
32327,-13661,7.13059
32331.2,-13662.8,5.95946
32335.5,-13664.6,5.15327
32339.7,-13666.4,4.84667
32343.9,-13668.2,5.21969
32348.1,-13670,6.152
32352.3,-13671.8,7.4322
32356.5,-13673.6,8.8873
32360.7,-13675.4,10.4627
32364.9,-13677.2,12.1087
32369.2,-13679,13.8256
32373.4,-13680.8,15.5933
32377.6,-13682.6,17.3678
32381.9,-13684.4,19.1637
32386.2,-13686.2,20.9653
32390.5,-13688,22.7778
32394.7,-13689.8,24.5624
32399,-13691.6,26.3683
32403.6,-13693.4,28.2595
32407.9,-13695.2,30.0594
32412.1,-13697,31.8067
32416.4,-13698.8,33.5057
32420.6,-13700.6,35.2027
32424.8,-13702.4,36.9005
32429,-13704.2,38.6002
32433.2,-13706,40.3721
32437.4,-13707.8,42.1459
32441.6,-13709.6,43.9164
32445.9,-13711.4,45.6747
32450.1,-13713.2,47.4353
32454.3,-13715,49.1932
32458.5,-13716.8,50.9531
32462.8,-13718.6,52.7581
32467,-13720.4,54.5451
32471.2,-13722.2,56.3307
32475.4,-13724,58.1392
32479.6,-13725.8,59.9483
32483.8,-13727.6,61.7577
32488.1,-13729.4,63.5692
32492.3,-13731.2,65.4139
32496.5,-13733,67.2555
32500.7,-13734.8,69.0992
32504.9,-13736.6,70.9057
32509.1,-13738.4,72.7141
32513.3,-13740.2,74.5195
32517.6,-13742,76.3285
32521.8,-13743.8,78.1168
32526,-13745.6,79.9104
32530.2,-13747.4,81.7025
32534.4,-13749.2,83.489
32538.6,-13751,85.2789
32542.8,-13752.8,87.0674
32547.1,-13754.6,88.8559
32551.3,-13756.4,90.6399
32555.5,-13758.2,92.4207
32559.7,-13760,94.2066
32563.9,-13761.8,96.0008
32568.2,-13763.6,97.7758
32572.4,-13765.4,99.5524
32576.6,-13767.2,101.327
32580.8,-13769,103.081
32585,-13770.8,104.829
32589.2,-13772.6,106.584
32593.4,-13774.4,108.334
32597.7,-13776.2,110.112
32601.9,-13778,111.89
32606.1,-13779.8,113.667
32610.3,-13781.6,115.472
32614.5,-13783.4,117.275
32618.7,-13785.2,119.081
32622.9,-13787,120.883
32627.2,-13788.8,122.693
32631.4,-13790.6,124.5
32635.6,-13792.4,126.306
32639.8,-13794.2,128.107
32644,-13796,129.909
32648.2,-13797.8,131.71
32652.4,-13799.6,133.51
32656.7,-13801.4,135.314
32660.9,-13803.2,137.12
32665.1,-13805,138.932
32669.3,-13806.8,140.73
32673.5,-13808.6,142.526
32677.8,-13810.4,144.322
32682,-13812.2,146.117
32686.2,-13814,147.886
32690.4,-13815.8,149.661
32694.6,-13817.6,151.431
32698.8,-13819.4,153.206
32703,-13821.2,154.981
32707.3,-13823,156.761
32711.5,-13824.8,158.537
32715.7,-13826.6,160.306
32719.9,-13828.4,162.076
32724.1,-13830.2,163.847
32728.3,-13832,165.618
32732.6,-13833.8,167.41
32736.8,-13835.6,169.219
32741,-13837.4,171.011
32745.2,-13839.2,172.856
32749.4,-13841,174.7
32753.6,-13842.8,176.545
32757.9,-13844.6,178.416
32762.1,-13846.4,180.195
32766.4,-13848.2,181.983
32770.6,-13850,183.762
32774.8,-13851.8,185.578
32779,-13853.6,187.393
32783.2,-13855.4,189.207
32787.4,-13857.2,191.022
32791.6,-13859,192.821
32795.9,-13860.8,194.618
32800.1,-13862.6,196.419
32804.3,-13864.4,198.219
32808.5,-13866.2,200.026
32812.7,-13868,201.831
32816.9,-13869.8,203.637
32821.2,-13871.6,205.417
32825.4,-13873.4,207.198
32829.6,-13875.2,208.98
32833.8,-13877,210.76
32838,-13878.8,212.552
32842.2,-13880.6,214.344
32846.4,-13882.4,216.135
32850.7,-13884.2,217.911
32854.9,-13886,219.686
32859.1,-13887.8,221.46
32863.3,-13889.6,223.233
32867.5,-13891.4,225.02
32871.7,-13893.2,226.804
32875.9,-13895,228.588
32880.1,-13896.8,230.43
32884.4,-13898.6,232.269
32888.6,-13900.4,234.111
32892.8,-13902.2,235.952
32897,-13904,237.808
32901.2,-13905.8,239.661
32905.4,-13907.6,241.515
32909.6,-13909.4,243.352
32913.9,-13911.2,245.188
32918.1,-13913,247.028
32922.3,-13914.8,248.864
32926.5,-13916.6,250.674
32930.7,-13918.4,252.487
32934.9,-13920.2,254.298
32939.1,-13922,256.109
32943.4,-13923.8,257.913
32947.6,-13925.6,259.721
32951.8,-13927.4,261.525
32956,-13929.2,263.329
32960.2,-13931,265.135
32964.4,-13932.8,266.938
32968.7,-13934.6,268.754
32972.9,-13936.4,270.551
32977.1,-13938.2,272.347
32981.3,-13940,274.142
32985.5,-13941.8,275.909
32989.8,-13943.6,277.677
32994,-13945.4,279.444
32998.2,-13947.2,281.212
33002.4,-13949,283.009
33006.6,-13950.8,284.807
33010.8,-13952.6,286.605
33015,-13954.4,288.403
33019.3,-13956.2,290.208
33023.5,-13958,292.012
33027.7,-13959.8,293.815
33031.9,-13961.6,295.656
33036.1,-13963.4,297.497
33040.3,-13965.2,299.341
33044.5,-13967,301.184
33048.8,-13968.8,303.013
33053,-13970.6,304.841
33057.2,-13972.4,306.672
33061.4,-13974.2,308.491
33065.6,-13976,310.31
33069.8,-13977.8,312.142
33074.1,-13979.6,313.96
33078.3,-13981.4,315.789
33082.5,-13983.2,317.614
33086.7,-13985,319.453
33091,-13986.8,321.264
33095.2,-13988.6,323.069
33099.4,-13990.4,324.878
33103.6,-13992.2,326.681
33107.8,-13994,328.467
33112,-13995.8,330.245
33116.2,-13997.6,332.025
33120.5,-13999.4,333.799
33124.7,-14001.2,335.571
33128.9,-14003,337.338
33133.1,-14004.8,339.098
33137.3,-14006.6,340.852
33141.5,-14008.4,342.591
33145.7,-14010.2,344.321
33150,-14012,346.06
33154.2,-14013.8,347.772
33158.4,-14015.6,349.451
33162.6,-14017.4,351.076
33166.8,-14019.2,352.635
33171.1,-14021,354.045
33175.3,-14022.8,355.153
33179.5,-14024.6,355.73
33183.7,-14026.4,355.576
33187.9,-14028.2,354.738
33192.1,-14030,353.475
33196.3,-14031.8,352.016
33200.6,-14033.6,350.433
33204.8,-14035.4,348.782
33209,-14037.2,347.085
33213.2,-14039,345.374
33217.5,-14040.8,343.625
33221.7,-14042.6,341.881
33225.9,-14044.4,340.14
33230.2,-14046.2,338.35
33234.5,-14048,336.561
33238.7,-14049.8,334.801
33243,-14051.6,333.054
33247.5,-14053.4,331.181
33251.9,-14055.2,329.395
33256.1,-14057,327.656
33260.3,-14058.8,325.918
33264.5,-14060.6,324.182
33268.7,-14062.4,322.442
33272.9,-14064.2,320.682
33277.2,-14066,318.92
33281.4,-14067.8,317.159
33285.6,-14069.6,315.326
33289.8,-14071.4,313.49
33294,-14073.2,311.657
33298.2,-14075,309.823
33302.5,-14076.8,308.031
33306.7,-14078.6,306.238
33310.9,-14080.4,304.441
33315.1,-14082.2,302.647
33319.3,-14084,300.845
33323.5,-14085.8,299.042
33327.7,-14087.6,297.235
33332,-14089.4,295.444
33336.2,-14091.2,293.651
33340.4,-14093,291.858
33344.6,-14094.8,290.067
33348.8,-14096.6,288.277
33353,-14098.4,286.49
33357.3,-14100.2,284.7
33361.5,-14102,282.923
33365.7,-14103.8,281.147
33369.9,-14105.6,279.368
33374.1,-14107.4,277.578
33378.4,-14109.2,275.788
33382.6,-14111,274
33386.8,-14112.8,272.211
33391,-14114.6,270.452
33395.2,-14116.4,268.69
33399.6,-14118.2,266.885
33403.8,-14120,265.097
33408.1,-14121.8,263.331
33412.3,-14123.6,261.569
33416.5,-14125.4,259.811
33420.7,-14127.2,258.03
33424.9,-14129,256.248
33429.1,-14130.8,254.464
33433.4,-14132.6,252.681
33437.6,-14134.4,250.854
33441.8,-14136.2,249.029
33446,-14138,247.202
33450.2,-14139.8,245.37
33454.4,-14141.6,243.566
33458.6,-14143.4,241.761
33462.8,-14145.2,239.955
33467.1,-14147,238.158
33471.3,-14148.8,236.335
33475.6,-14150.6,234.52
33479.8,-14152.4,232.724
33484,-14154.2,230.93
33488.2,-14156,229.136
33492.5,-14157.8,227.339
33496.7,-14159.6,225.561
33500.9,-14161.4,223.782
33505.1,-14163.2,222.004
33509.3,-14165,220.226
33513.5,-14166.8,218.427
33517.8,-14168.6,216.626
33522,-14170.4,214.827
33526.2,-14172.2,213.052
33530.4,-14174,211.278
33534.6,-14175.8,209.501
33538.8,-14177.6,207.727
33543,-14179.4,205.939
33547.2,-14181.2,204.154
33551.5,-14183,202.368
33555.7,-14184.8,200.573
33559.9,-14186.6,198.774
33564.1,-14188.4,196.978
33568.3,-14190.2,195.181
33572.5,-14192,193.37
33576.8,-14193.8,191.531
33581,-14195.6,189.722
33585.2,-14197.4,187.91
33589.4,-14199.2,186.083
33593.7,-14201,184.257
33597.9,-14202.8,182.429
33602.1,-14204.6,180.629
33606.3,-14206.4,178.829
33610.5,-14208.2,177.026
33614.7,-14210,175.228
33618.9,-14211.8,173.417
33623.2,-14213.6,171.61
33627.4,-14215.4,169.8
33631.6,-14217.2,168.011
33635.8,-14219,166.221
33640,-14220.8,164.43
33644.2,-14222.6,162.643
33648.4,-14224.4,160.865
33652.7,-14226.2,159.09
33656.9,-14228,157.312
33661.1,-14229.8,155.532
33665.3,-14231.6,153.75
33669.5,-14233.4,151.969
33673.7,-14235.2,150.189
33678,-14237,148.379
33682.2,-14238.8,146.581
33686.4,-14240.6,144.786
33690.6,-14242.4,142.97
33694.8,-14244.2,141.16
33699,-14246,139.348
33703.2,-14247.8,137.536
33707.5,-14249.6,135.707
33711.7,-14251.4,133.88
33715.9,-14253.2,132.054
33720.1,-14255,130.225
33724.3,-14256.8,128.399
33728.5,-14258.6,126.569
33732.8,-14260.4,124.74
33737,-14262.2,122.931
33741.2,-14264,121.123
33745.4,-14265.8,119.316
33749.6,-14267.6,117.503
33753.8,-14269.4,115.708
33758,-14271.2,113.913
33762.3,-14273,112.119
33766.5,-14274.8,110.327
33770.7,-14276.6,108.534
33774.9,-14278.4,106.74
33779.1,-14280.2,104.937
33783.4,-14282,103.14
33787.6,-14283.8,101.343
33791.8,-14285.6,99.5457
33796,-14287.4,97.7627
33800.2,-14289.2,95.9797
33804.4,-14291,94.2017
33808.6,-14292.8,92.4188
33812.9,-14294.6,90.6336
33817.1,-14296.4,88.8451
33821.3,-14298.2,87.0601
33825.5,-14300,85.2646
33829.7,-14301.8,83.4692
33833.9,-14303.6,81.6723
33838.1,-14305.4,79.8755
33842.4,-14307.2,78.0574
33846.6,-14309,76.2361
33850.8,-14310.8,74.4132
33855,-14312.6,72.5938
33859.2,-14314.4,70.7553
33863.4,-14316.2,68.9203
33867.7,-14318,67.082
33871.9,-14319.8,65.2513
33876.1,-14321.6,63.4208
33880.3,-14323.4,61.5769
33884.5,-14325.2,59.7451
33888.7,-14327,57.9151
33893,-14328.8,56.0888
33897.2,-14330.6,54.2595
33901.4,-14332.4,52.4543
33905.6,-14334.2,50.6495
33909.8,-14336,48.8418
33914,-14337.8,47.0378
33918.2,-14339.6,45.2288
33922.5,-14341.4,43.4238
33926.7,-14343.2,41.6195
33930.9,-14345,39.8267
33935.1,-14346.8,38.0348
33939.3,-14348.6,36.2439
33943.5,-14350.4,34.4542
33947.7,-14352.2,32.678
33952,-14354,30.9038
33956.2,-14355.8,29.1349
33960.4,-14357.6,27.3399
33964.6,-14359.4,25.5497
33968.8,-14361.2,23.7633
33973,-14363,21.985
33977.3,-14364.8,20.2191
33981.5,-14366.6,18.4539
33985.7,-14368.4,16.7066
33989.9,-14370.2,14.9724
33994.1,-14372,13.2219
33998.4,-14373.8,11.4975
34002.7,-14375.6,9.78554
34006.9,-14377.4,8.18207
34011.1,-14379.2,6.69838
34015.3,-14381,5.42909
34019.5,-14382.8,4.5554
34023.8,-14384.6,4.32115
34028.2,-14386.4,4.85474
34032.6,-14388.2,5.99
34037,-14390,7.37677
34041.4,-14391.8,8.91748
34045.8,-14393.6,10.547
34050.2,-14395.4,12.2438
34054.5,-14397.2,13.8737
34059,-14399,15.5446
