4.29713,-1.8,0.687562
8.83509,-3.6,0.690969
13.0737,-5.4,0.694358
17.2956,-7.2,0.429783
21.5133,-9,1.29057
25.7222,-10.8,2.21566
29.9389,-12.6,3.25357
34.1573,-14.4,4.35615
38.3698,-16.2,5.48219
42.5867,-18,6.6223
46.7975,-19.8,9.07658
51.0096,-21.6,11.5643
55.2308,-23.4,14.0724
59.448,-25.2,15.9503
63.669,-27,17.8315
67.887,-28.8,19.712
72.1113,-30.6,21.596
76.3283,-32.4,23.2157
80.6195,-34.2,24.8358
84.8419,-36,26.4865
89.0588,-37.8,28.3838
93.2804,-39.6,30.2838
97.496,-41.4,32.1815
101.749,-43.2,34.0958
105.965,-45,35.9951
110.183,-46.8,37.895
114.406,-48.6,39.7985
118.622,-50.4,41.6982
122.846,-52.2,43.5419
127.108,-54,45.4023
131.331,-55.8,47.2453
135.548,-57.6,49.0887
139.764,-59.4,50.9334
143.99,-61.2,52.7819
148.208,-63,54.627
152.428,-64.8,56.4458
156.642,-66.6,58.2623
160.862,-68.4,60.0813
165.084,-70.2,61.8069
169.302,-72,63.5312
173.522,-73.8,65.2562
177.739,-75.6,66.9803
181.96,-77.4,68.7214
186.175,-79.2,70.4597
190.389,-81,72.1978
194.609,-82.8,73.9383
198.826,-84.6,75.7181
203.069,-86.4,77.5107
207.285,-88.2,79.2909
211.507,-90,81.0591
215.726,-91.8,82.8271
219.945,-93.6,84.5947
224.165,-95.4,86.3852
228.381,-97.2,88.1741
232.606,-99,89.9662
236.821,-100.8,91.7552
241.034,-102.6,93.5981
245.252,-104.4,95.4449
249.468,-106.2,97.2898
253.706,-108,99.1444
257.923,-109.8,101.038
262.141,-111.6,102.932
266.354,-113.4,104.824
270.568,-115.2,106.841
274.788,-117,108.862
279.001,-118.8,110.879
283.219,-120.6,112.898
287.433,-122.4,114.701
291.653,-124.2,116.506
295.87,-126,118.31
300.085,-127.8,120.047
304.33,-129.6,121.796
308.545,-131.4,123.533
312.765,-133.2,125.271
316.986,-135,126.965
321.229,-136.8,128.668
325.45,-138.6,130.361
329.665,-140.4,132.153
333.888,-142.2,133.948
338.132,-144,135.746
342.471,-145.8,137.593
346.73,-147.6,139.293
350.949,-149.4,140.975
355.173,-151.2,142.66
359.388,-153,144.55
363.61,-154.8,146.443
367.83,-156.6,148.335
372.051,-158.4,150.228
376.263,-160.2,152.127
380.48,-162,154.028
384.7,-163.8,155.93
388.916,-165.6,157.873
393.135,-167.4,159.821
397.352,-169.2,161.765
401.573,-171,163.712
405.84,-172.8,165.62
410.056,-174.6,167.505
414.282,-176.4,169.394
418.497,-178.2,171.278
422.716,-180,173.062
426.932,-181.8,174.844
431.146,-183.6,176.625
435.365,-185.4,178.385
439.581,-187.2,180.145
443.802,-189,181.906
448.016,-190.8,183.664
452.235,-192.6,185.379
456.449,-194.4,187.093
460.664,-196.2,188.807
464.883,-198,190.538
469.099,-199.8,192.268
473.32,-201.6,194
477.535,-203.4,195.729
481.752,-205.2,197.494
485.969,-207,199.26
490.184,-208.8,201.025
494.404,-210.6,202.79
498.653,-212.4,204.641
502.875,-214.2,206.479
507.125,-216,208.329
511.349,-217.8,210.205
515.568,-219.6,212.079
519.787,-221.4,213.954
524.008,-223.2,215.854
528.224,-225,217.753
532.444,-226.8,219.653
536.659,-228.6,221.551
540.875,-230.4,223.363
545.095,-232.2,225.177
549.311,-234,226.989
553.533,-235.8,228.804
557.754,-237.6,230.593
561.976,-239.4,232.382
566.189,-241.2,234.168
570.406,-243,235.982
574.625,-244.8,237.798
578.841,-246.6,239.612
583.063,-248.4,241.428
587.278,-250.2,243.131
591.496,-252,244.835
595.713,-253.8,246.537
599.932,-255.6,248.295
604.156,-257.4,250.053
608.399,-259.2,251.82
612.623,-261,253.578
616.842,-262.8,255.343
621.062,-264.6,257.107
625.281,-266.4,258.87
629.496,-268.2,260.633
633.721,-270,262.45
637.938,-271.8,264.265
642.159,-273.6,266.082
646.372,-275.4,267.933
650.59,-277.2,269.787
654.81,-279,271.642
659.024,-280.8,273.499
663.245,-282.6,275.36
667.463,-284.4,277.22
671.683,-286.2,279.081
675.9,-288,280.971
680.116,-289.8,282.863
684.335,-291.6,284.756
688.552,-293.4,286.648
692.773,-295.2,288.357
696.994,-297,290.069
701.247,-298.8,291.792
705.471,-300.6,293.178
709.711,-302.4,294.57
713.934,-304.2,295.956
718.154,-306,297.341
722.374,-307.8,298.895
726.591,-309.6,300.446
730.807,-311.4,301.998
735.026,-313.2,303.55
739.241,-315,305.485
743.463,-316.8,307.422
747.683,-318.6,309.358
751.903,-320.4,311.061
756.117,-322.2,312.763
760.333,-324,314.464
764.555,-325.8,316.167
768.773,-327.6,317.904
772.993,-329.4,319.644
777.212,-331.2,321.38
781.434,-333,323.387
785.65,-334.8,325.39
789.936,-336.6,327.426
794.157,-338.4,329.429
798.374,-340.2,331.351
802.596,-342,333.275
806.811,-343.8,335.191
811.053,-345.6,337.094
815.278,-347.4,338.986
819.495,-349.2,340.871
823.716,-351,342.753
827.934,-352.8,344.526
832.155,-354.6,346.293
836.37,-356.4,348.048
840.587,-358.2,349.741
844.808,-360,351.414
849.026,-361.8,353.05
853.247,-363.6,354.617
857.462,-365.4,355.966
861.685,-367.2,356.978
865.899,-369,357.244
870.116,-370.8,356.587
874.369,-372.6,355.344
878.588,-374.4,353.889
882.807,-376.199,352.337
887.022,-377.999,350.719
891.279,-379.799,349.054
895.494,-381.599,347.389
899.712,-383.399,345.614
903.935,-385.199,343.828
908.152,-386.999,342.04
912.4,-388.799,340.234
916.62,-390.599,338.369
920.839,-392.399,336.502
925.062,-394.199,334.631
929.28,-395.999,332.761
933.499,-397.799,330.871
937.717,-399.599,328.981
941.94,-401.399,327.086
946.154,-403.199,325.226
950.373,-404.999,323.362
954.594,-406.799,321.497
958.812,-408.599,319.632
963.031,-410.399,317.845
967.248,-412.199,316.06
971.471,-413.999,314.27
975.687,-415.799,312.524
979.907,-417.599,310.777
984.127,-419.399,309.027
988.343,-421.199,307.279
992.564,-422.999,305.568
996.78,-424.799,303.859
1001,-426.599,302.148
1005.22,-428.399,300.436
1009.44,-430.199,298.793
1013.66,-431.999,297.148
1017.88,-433.799,295.503
1022.1,-435.599,293.691
1026.31,-437.399,291.882
1030.53,-439.199,290.072
1034.75,-440.999,288.201
1038.97,-442.799,286.332
1043.2,-444.599,284.461
1047.41,-446.399,282.593
1051.63,-448.199,280.71
1055.86,-449.999,278.826
1060.08,-451.799,276.945
1064.33,-453.599,275.061
1068.55,-455.399,273.112
1072.77,-457.199,271.173
1076.99,-458.999,269.236
1081.23,-460.799,267.347
1085.46,-462.599,265.471
1089.67,-464.399,263.596
1093.9,-466.199,261.72
1098.11,-467.999,259.923
1102.34,-469.799,258.122
1106.55,-471.599,256.326
1110.77,-473.399,254.744
1115,-475.199,253.157
1119.22,-476.999,251.573
1123.44,-478.799,249.989
1127.66,-480.599,248.474
1131.88,-482.399,246.956
1136.1,-484.199,245.44
1140.32,-485.999,243.679
1144.54,-487.799,241.917
1148.76,-489.599,240.156
1152.99,-491.399,238.392
1157.2,-493.199,236.511
1161.43,-494.999,234.626
1165.64,-496.799,232.746
1169.86,-498.599,231.025
1174.08,-500.399,229.302
1178.3,-502.199,227.582
1182.52,-503.999,225.86
1186.73,-505.799,224.013
1190.95,-507.599,222.164
1195.17,-509.399,220.314
1199.39,-511.199,218.467
1203.61,-512.999,216.491
1207.83,-514.799,214.518
1212.05,-516.599,212.543
1216.27,-518.399,210.635
1220.49,-520.199,208.728
1224.72,-521.999,206.819
1228.94,-523.799,204.911
1233.16,-525.599,203.113
1237.38,-527.398,201.317
1241.61,-529.198,199.518
1245.82,-530.998,197.747
1250.04,-532.798,195.976
1254.26,-534.598,194.204
1258.48,-536.398,192.434
1262.7,-538.198,190.691
1266.91,-539.998,188.951
1271.13,-541.798,187.21
1275.35,-543.598,185.462
1279.57,-545.398,183.714
1283.79,-547.198,181.965
1288.01,-548.998,180.218
1292.23,-550.798,178.42
1296.45,-552.598,176.623
1300.66,-554.398,174.827
1304.88,-556.198,173.029
1309.1,-557.998,171.182
1313.33,-559.798,169.333
1317.55,-561.598,167.485
1321.77,-563.398,165.611
1325.99,-565.198,163.735
1330.21,-566.998,161.862
1334.43,-568.798,159.986
1338.65,-570.598,158.086
1342.87,-572.398,156.183
1347.1,-574.198,154.279
1351.32,-575.998,152.403
1355.54,-577.798,150.527
1359.75,-579.598,148.654
1363.98,-581.398,146.777
1368.19,-583.198,144.987
1372.41,-584.998,143.194
1376.63,-586.798,141.405
1380.85,-588.598,139.692
1385.07,-590.398,137.976
1389.29,-592.198,136.262
1393.5,-593.998,134.548
1397.72,-595.798,132.8
1401.94,-597.598,131.049
1406.16,-599.398,129.302
1410.38,-601.198,127.538
1414.6,-602.998,125.772
1418.82,-604.798,124.006
1423.05,-606.598,122.241
1427.26,-608.398,120.468
1431.48,-610.198,118.69
1435.7,-611.998,116.918
1439.92,-613.798,115.143
1444.17,-615.598,113.301
1448.39,-617.398,111.473
1452.61,-619.198,109.644
1456.82,-620.998,107.82
1461.04,-622.798,105.995
1465.26,-624.598,104.168
1469.48,-626.398,102.343
1473.7,-628.198,100.474
1477.92,-629.998,98.6053
1482.14,-631.798,96.7354
1486.35,-633.598,94.8623
1490.57,-635.398,92.9886
1494.79,-637.198,91.1119
1499.05,-638.998,89.2199
1503.27,-640.798,87.3949
1507.49,-642.598,85.5696
1511.71,-644.398,83.7433
1515.94,-646.198,82.0131
1520.16,-647.998,80.2847
1524.38,-649.798,78.5554
1528.6,-651.598,76.8257
1532.82,-653.398,75.1915
1537.04,-655.198,73.5591
1541.33,-656.998,71.8994
1545.54,-658.798,70.1206
1549.77,-660.598,68.34
1553.99,-662.398,66.5579
1558.21,-664.198,64.779
1562.43,-665.998,62.9755
1566.64,-667.798,61.1746
1570.86,-669.598,59.3726
1575.09,-671.398,57.4527
1579.3,-673.198,55.5359
1583.53,-674.997,53.6188
1587.74,-676.797,51.7018
1591.97,-678.597,49.861
1596.18,-680.397,48.0245
1600.4,-682.197,46.1883
1604.62,-683.997,44.3498
1608.84,-685.797,42.5143
1613.06,-687.597,40.6749
1617.28,-689.397,38.8384
1621.5,-691.197,36.9449
1625.72,-692.997,35.0531
1629.94,-694.797,33.1616
1634.16,-696.597,31.2698
1638.38,-698.397,29.3773
1642.6,-700.197,27.4823
1646.82,-701.997,25.592
1651.03,-703.797,23.928
1655.26,-705.597,22.2636
1659.47,-707.397,20.5997
1663.7,-709.197,18.9381
1667.91,-710.997,17.332
1672.13,-712.797,15.7278
1676.35,-714.597,14.1291
1680.57,-716.397,12.4462
1684.79,-718.197,10.7717
1689.01,-719.997,9.11629
1693.23,-721.797,7.48805
1697.44,-723.597,5.94328
1701.66,-725.397,4.49031
1705.87,-727.197,3.25886
1710.09,-728.997,2.57723
1714.31,-730.797,3.02051
1718.53,-732.597,4.25082
1722.75,-734.397,5.78559
1726.96,-736.197,7.5127
1731.18,-737.997,9.30118
1735.4,-739.797,11.1213
1739.61,-741.597,12.9602
1743.84,-743.397,14.8274
1748.06,-745.197,16.7003
1752.28,-746.997,18.5793
1756.49,-748.797,20.436
1760.71,-750.597,22.2963
1764.93,-752.397,24.1621
1769.15,-754.197,26.0282
1773.37,-755.997,27.8477
1777.59,-757.797,29.6672
1781.81,-759.597,31.4903
1786.03,-761.397,33.2108
1790.25,-763.197,34.9323
1794.47,-764.997,36.6575
1798.69,-766.797,38.3809
1802.91,-768.597,40.0091
1807.13,-770.397,41.6386
1811.35,-772.197,43.2693
1815.59,-773.997,44.9033
1819.81,-775.797,46.5682
1824.03,-777.597,48.2327
1828.25,-779.397,49.8949
1832.47,-781.197,51.7102
1836.71,-782.997,53.5297
1841,-784.797,55.3729
1845.31,-786.597,57.3791
1849.54,-788.397,59.3446
1853.77,-790.197,61.306
1857.99,-791.997,63.2681
1862.21,-793.797,65.3342
1866.43,-795.597,67.3986
1870.65,-797.397,69.4623
1874.87,-799.197,71.5295
1879.09,-800.997,73.3576
1883.31,-802.797,75.1876
1887.53,-804.597,77.0159
1891.75,-806.397,78.811
1895.97,-808.197,80.6054
1900.19,-809.997,82.3984
1904.41,-811.797,84.193
1908.63,-813.597,85.9722
1912.85,-815.397,87.7568
1917.09,-817.197,89.5427
1921.31,-818.997,91.3251
1925.52,-820.797,92.9968
1929.74,-822.596,94.6714
1933.97,-824.396,96.3464
1938.19,-826.196,97.9708
1942.41,-827.996,99.5971
1946.63,-829.796,101.22
1950.85,-831.596,102.948
1955.07,-833.396,104.677
1959.29,-835.196,106.405
1963.51,-836.996,108.133
1967.73,-838.796,109.988
1971.95,-840.596,111.846
1976.17,-842.396,113.699
1980.38,-844.196,115.633
1984.61,-845.996,117.569
1988.83,-847.796,119.504
1993.05,-849.596,121.44
1997.27,-851.396,123.333
2001.49,-853.196,125.23
2005.71,-854.996,127.122
2009.93,-856.796,129.017
2014.15,-858.596,130.822
2018.37,-860.396,132.628
2022.59,-862.196,134.434
2026.81,-863.996,136.396
2031.02,-865.796,138.358
2035.25,-867.596,140.323
2039.46,-869.396,142.285
2043.69,-871.196,144.183
2047.91,-872.996,146.079
2052.13,-874.796,147.977
2056.34,-876.596,149.871
2060.56,-878.396,151.63
2064.78,-880.196,153.391
2069,-881.996,155.149
2073.22,-883.796,156.905
2077.44,-885.596,158.659
2081.66,-887.396,160.415
2085.88,-889.196,162.122
2090.09,-890.996,163.83
2094.32,-892.796,165.54
2098.53,-894.596,167.248
2102.75,-896.396,168.982
2106.97,-898.196,170.718
2111.19,-899.996,172.452
2115.41,-901.796,174.187
2119.63,-903.596,175.984
2123.85,-905.396,177.784
2128.07,-907.196,179.581
2132.3,-908.996,181.463
2136.51,-910.796,183.343
2140.73,-912.596,185.223
2144.95,-914.396,187.106
2149.17,-916.196,189.021
2153.39,-917.996,190.937
2157.61,-919.796,192.852
2161.84,-921.596,194.736
2166.05,-923.396,196.619
2170.27,-925.196,198.501
2174.49,-926.996,200.386
2178.71,-928.796,202.206
2182.94,-930.596,204.031
2187.16,-932.396,205.854
2191.38,-934.196,207.675
2195.66,-935.996,209.449
2199.88,-937.796,211.198
2204.1,-939.596,212.947
2208.32,-941.396,214.635
2212.54,-943.196,216.325
2216.76,-944.996,218.012
2220.99,-946.796,219.747
2225.21,-948.596,221.479
2229.43,-950.396,223.209
2233.65,-952.196,224.941
2237.87,-953.996,226.755
2242.09,-955.796,228.571
2246.31,-957.596,230.382
2250.53,-959.396,232.194
2254.79,-961.196,234.045
2259,-962.996,235.877
2263.23,-964.796,237.712
2267.44,-966.596,239.506
2271.67,-968.396,241.303
2275.88,-970.195,243.096
2280.1,-971.995,244.891
2284.32,-973.795,246.789
2288.54,-975.595,248.685
2292.76,-977.395,250.582
2296.98,-979.195,252.441
2301.2,-980.995,254.299
2305.42,-982.795,256.158
2309.64,-984.595,258.016
2313.86,-986.395,259.825
2318.09,-988.195,261.633
2322.31,-989.995,263.441
2326.52,-991.795,265.204
2330.74,-993.595,266.971
2334.97,-995.395,268.738
2339.19,-997.195,270.506
2343.41,-998.995,272.245
2347.63,-1000.8,273.983
2351.86,-1002.6,275.726
2356.07,-1004.4,277.463
2360.29,-1006.2,279.107
2364.51,-1008,280.753
2368.73,-1009.8,282.397
2372.95,-1011.6,284.146
2377.17,-1013.4,285.894
2381.39,-1015.2,287.639
2385.6,-1017,289.382
2389.82,-1018.8,291.246
2394.04,-1020.6,293.111
2398.26,-1022.4,294.972
2402.49,-1024.2,296.99
2406.7,-1026,299.004
2410.92,-1027.8,301.018
2415.17,-1029.6,303.048
2419.39,-1031.4,304.889
2423.62,-1033.2,306.731
2427.84,-1035,308.571
2432.06,-1036.8,310.231
2436.28,-1038.6,311.888
2440.49,-1040.4,313.545
2444.72,-1042.2,315.202
2448.93,-1044,317.181
2453.16,-1045.8,319.162
2457.37,-1047.6,321.139
2461.59,-1049.4,323.016
2465.81,-1051.2,324.891
2470.03,-1053,326.767
2474.25,-1054.8,328.644
2478.47,-1056.6,330.335
2482.69,-1058.4,332.028
2486.91,-1060.2,333.718
2491.12,-1062,335.405
2495.35,-1063.8,337.089
2499.56,-1065.6,338.771
2503.79,-1067.4,340.453
2508,-1069.2,342.144
2512.23,-1071,343.836
2516.44,-1072.8,345.523
2520.66,-1074.6,347.318
2524.89,-1076.4,349.105
2529.1,-1078.2,350.876
2533.33,-1080,352.624
2537.55,-1081.8,354.427
2541.77,-1083.6,356.101
2545.99,-1085.4,357.384
2550.2,-1087.2,357.556
2554.43,-1089,356.404
2558.64,-1090.8,354.719
2562.87,-1092.6,352.865
2567.09,-1094.4,351.048
2571.31,-1096.2,349.199
2575.53,-1098,347.337
2579.74,-1099.8,345.464
2583.97,-1101.6,343.757
2588.19,-1103.4,342.049
2592.41,-1105.2,340.336
2596.62,-1107,338.723
2600.84,-1108.8,337.106
2605.07,-1110.6,335.485
2609.28,-1112.4,333.866
2613.5,-1114.2,332.144
2617.73,-1116,330.418
2621.95,-1117.8,328.692
2626.17,-1119.6,326.969
2630.41,-1121.4,325.111
2634.64,-1123.2,323.263
2638.86,-1125,321.416
2643.08,-1126.8,319.509
2647.3,-1128.6,317.602
2651.52,-1130.4,315.695
2655.73,-1132.2,313.788
2659.95,-1134,311.829
2664.17,-1135.8,309.867
2668.39,-1137.6,307.907
2672.61,-1139.4,305.946
2676.83,-1141.2,303.986
2681.04,-1143,302.026
2685.26,-1144.8,300.064
2689.48,-1146.6,298.175
2693.7,-1148.4,296.284
2697.92,-1150.2,294.394
2702.14,-1152,292.564
2706.36,-1153.8,290.735
2710.58,-1155.6,288.906
2714.8,-1157.4,287.074
2719.02,-1159.2,285.298
2723.25,-1161,283.52
2727.47,-1162.8,281.744
2731.69,-1164.6,280.033
2735.91,-1166.4,278.325
2740.12,-1168.2,276.617
2744.35,-1170,274.907
2748.56,-1171.8,273.244
2752.79,-1173.6,271.58
2757,-1175.4,269.918
2761.26,-1177.2,268.241
2765.49,-1179,266.542
2769.7,-1180.8,264.846
2773.93,-1182.6,263.149
2778.15,-1184.4,261.336
2782.37,-1186.2,259.52
2786.58,-1188,257.707
2790.8,-1189.8,255.894
2795.02,-1191.6,254.014
2799.24,-1193.4,252.131
2803.47,-1195.2,250.25
2807.68,-1197,248.181
2811.91,-1198.8,246.109
2816.12,-1200.6,244.041
2820.34,-1202.4,241.971
2824.57,-1204.2,239.906
2828.79,-1206,237.844
2833.01,-1207.8,235.781
2837.22,-1209.6,233.846
2841.45,-1211.4,231.909
2845.66,-1213.2,229.974
2849.88,-1215,228.04
2854.1,-1216.8,226.356
2858.32,-1218.6,224.675
2862.54,-1220.4,222.992
2866.75,-1222.2,221.173
2870.97,-1224,219.353
2875.19,-1225.8,217.532
2879.41,-1227.6,215.711
2883.63,-1229.4,213.971
2887.86,-1231.2,212.228
2892.08,-1233,210.486
2896.29,-1234.8,208.797
2900.51,-1236.6,207.107
2904.73,-1238.4,205.415
2908.95,-1240.2,203.723
2913.17,-1242,201.96
2917.39,-1243.8,200.2
2921.62,-1245.6,198.435
2925.88,-1247.4,196.656
2930.1,-1249.2,194.845
2934.32,-1251,193.033
2938.54,-1252.8,191.224
2942.76,-1254.6,189.391
2946.97,-1256.4,187.56
2951.19,-1258.2,185.73
2955.41,-1260,183.897
2959.63,-1261.8,181.992
2963.85,-1263.6,180.081
2968.07,-1265.4,178.172
2972.29,-1267.2,176.267
2976.5,-1269,174.365
2980.72,-1270.8,172.459
2984.95,-1272.6,170.553
2989.16,-1274.4,168.72
2993.39,-1276.2,166.885
2997.61,-1278,165.051
3001.83,-1279.8,163.287
3006.05,-1281.6,161.523
3010.26,-1283.4,159.762
3014.48,-1285.2,157.997
3018.7,-1287,156.268
3022.93,-1288.8,154.539
3027.15,-1290.6,152.811
3031.37,-1292.4,151.079
3035.59,-1294.2,149.35
3039.8,-1296,147.621
3044.02,-1297.8,145.891
3048.24,-1299.6,144.136
3052.46,-1301.4,142.378
3056.67,-1303.2,140.624
3060.89,-1305,138.87
3065.11,-1306.8,137.067
3069.33,-1308.6,135.267
3073.55,-1310.4,133.465
3077.77,-1312.2,131.58
3081.99,-1314,129.691
3086.21,-1315.8,127.807
3090.43,-1317.6,125.922
3094.65,-1319.4,124.048
3098.87,-1321.2,122.173
3103.09,-1323,120.297
3107.31,-1324.8,118.513
3111.53,-1326.6,116.725
3115.75,-1328.4,114.942
3119.97,-1330.2,113.154
3124.19,-1332,111.227
3128.41,-1333.8,109.3
3132.63,-1335.6,107.373
3136.84,-1337.4,105.448
3141.06,-1339.2,103.678
3145.28,-1341,101.906
3149.49,-1342.8,100.136
3153.72,-1344.6,98.3816
3157.94,-1346.4,96.6284
3162.16,-1348.2,94.8744
3166.37,-1350,93.133
3170.59,-1351.8,91.3914
3174.81,-1353.6,89.647
3179.03,-1355.4,87.9059
3183.25,-1357.2,86.1524
3187.47,-1359,84.3977
3191.69,-1360.8,82.6426
3195.91,-1362.6,80.8888
3200.12,-1364.4,79.1436
3204.34,-1366.2,77.3952
3208.56,-1368,75.6484
3212.78,-1369.8,73.8211
3217,-1371.6,71.9978
3221.25,-1373.4,70.1579
3225.47,-1375.2,68.3312
3229.69,-1377,66.2708
3233.91,-1378.8,64.2075
3238.13,-1380.6,62.1484
3242.35,-1382.4,60.1448
3246.63,-1384.2,58.1444
3250.85,-1386.01,56.111
3255.07,-1387.81,54.1078
3259.29,-1389.61,52.361
3263.51,-1391.41,50.614
3267.73,-1393.21,48.8682
3271.96,-1395.01,47.2373
3276.17,-1396.81,45.6106
3280.39,-1398.61,43.9849
3284.61,-1400.41,42.3568
3288.83,-1402.21,40.503
3293.05,-1404.01,38.6457
3297.27,-1405.81,36.7916
3301.49,-1407.61,35.0831
3305.71,-1409.41,33.3767
3309.93,-1411.21,31.6694
3314.15,-1413.01,29.9617
3318.36,-1414.81,28.3058
3322.59,-1416.61,26.6471
3326.81,-1418.41,24.992
3331.02,-1420.21,23.3367
3335.24,-1422.01,21.4485
3339.49,-1423.81,19.555
3343.88,-1425.61,17.587
3348.11,-1427.41,15.6274
3352.34,-1429.21,13.6747
3356.56,-1431.01,11.7306
3360.77,-1432.81,9.79282
3364.99,-1434.61,7.87024
3369.21,-1436.41,5.96668
3373.43,-1438.21,4.10581
3377.64,-1440.01,2.39559
3381.86,-1441.81,1.4494
3386.07,-1443.61,2.2883
3390.29,-1445.41,3.89002
3394.51,-1447.21,5.59025
3398.72,-1449.01,7.33792
3402.95,-1450.81,9.1089
3407.17,-1452.61,10.789
3411.39,-1454.41,12.4764
3415.61,-1456.21,14.1676
3419.83,-1458.01,15.8631
3424.06,-1459.81,17.4479
3428.28,-1461.61,19.0331
3432.5,-1463.41,20.6205
3436.72,-1465.21,22.2102
3440.94,-1467.01,23.8509
3445.16,-1468.81,25.4922
3449.38,-1470.61,27.1321
3453.6,-1472.41,28.9303
3457.82,-1474.21,30.7281
3462.04,-1476.01,32.5264
3466.26,-1477.81,34.4549
3470.47,-1479.61,36.3848
3474.7,-1481.41,38.317
3478.92,-1483.21,40.248
3483.14,-1485.01,42.216
3487.36,-1486.81,44.1845
3491.58,-1488.61,46.1542
3495.79,-1490.41,48.1214
3500.01,-1492.21,50.0276
3504.23,-1494.01,51.9377
3508.45,-1495.81,53.845
3512.67,-1497.61,55.7291
3516.89,-1499.41,57.61
3521.11,-1501.21,59.4952
3525.33,-1503.01,61.3795
3529.55,-1504.81,63.1421
3533.78,-1506.61,64.9062
3537.99,-1508.41,66.6716
3542.22,-1510.21,68.3177
3546.43,-1512.01,69.9616
3550.65,-1513.81,71.6061
3554.87,-1515.61,73.2509
3559.09,-1517.41,74.9651
3563.31,-1519.21,76.6819
3567.53,-1521.01,78.396
3571.75,-1522.81,80.1112
3575.97,-1524.61,81.8824
3580.19,-1526.41,83.6516
3584.41,-1528.21,85.422
3588.63,-1530.01,87.1819
3592.86,-1531.81,88.9457
3597.08,-1533.61,90.7085
3601.3,-1535.41,92.4702
3605.52,-1537.21,94.3042
3609.74,-1539.01,96.1414
3613.96,-1540.81,97.9803
3618.18,-1542.61,99.9035
3622.4,-1544.41,101.832
3626.62,-1546.21,103.755
3630.84,-1548.01,105.678
3635.06,-1549.81,107.579
3639.34,-1551.61,109.507
3643.56,-1553.41,111.41
3647.78,-1555.21,113.308
3652,-1557.01,115.208
3656.22,-1558.81,117.106
3660.44,-1560.61,119.003
3664.66,-1562.41,120.697
3668.88,-1564.21,122.391
3673.1,-1566.01,124.086
3677.32,-1567.81,125.779
3681.54,-1569.61,127.437
3685.75,-1571.41,129.094
3689.97,-1573.21,130.753
3694.2,-1575.01,132.499
3698.41,-1576.81,134.244
3702.63,-1578.61,135.99
3706.86,-1580.41,137.737
3711.08,-1582.21,139.483
3715.3,-1584.01,141.231
3719.52,-1585.81,142.975
3723.74,-1587.61,144.642
3727.97,-1589.41,146.306
3732.19,-1591.21,147.971
3736.41,-1593.01,149.633
3740.62,-1594.81,151.462
3744.85,-1596.61,153.296
3749.07,-1598.41,155.126
3753.29,-1600.21,156.971
3757.51,-1602.01,158.812
3761.73,-1603.81,160.657
3765.95,-1605.61,162.498
3770.17,-1607.41,164.447
3774.39,-1609.21,166.4
3778.6,-1611.01,168.351
3782.82,-1612.81,170.267
3787.04,-1614.61,172.181
3791.3,-1616.41,174.114
3795.51,-1618.21,176.026
3799.73,-1620.01,177.846
3803.95,-1621.81,179.671
3808.17,-1623.61,181.491
3812.39,-1625.41,183.251
3816.61,-1627.21,185.01
3820.83,-1629.01,186.771
3825.05,-1630.81,188.531
3829.26,-1632.61,190.249
3833.49,-1634.41,191.971
3837.7,-1636.21,193.689
3841.93,-1638.01,195.411
3846.14,-1639.81,197.143
3850.36,-1641.61,198.878
3854.58,-1643.41,200.614
3858.8,-1645.21,202.371
3863.02,-1647.01,204.131
3867.24,-1648.81,205.89
3871.46,-1650.61,207.65
3875.68,-1652.41,209.436
3879.9,-1654.21,211.223
3884.12,-1656.01,213.01
3888.34,-1657.81,214.882
3892.56,-1659.61,216.756
3896.78,-1661.41,218.627
3901,-1663.21,220.498
3905.22,-1665.01,222.411
3909.44,-1666.81,224.322
3913.66,-1668.61,226.234
3917.91,-1670.41,228.077
3922.14,-1672.21,229.91
3926.35,-1674.01,231.74
3930.57,-1675.81,233.568
3934.8,-1677.61,235.356
3939.01,-1679.41,237.141
3943.24,-1681.21,238.928
3947.45,-1683.01,240.713
3951.68,-1684.81,242.509
3955.89,-1686.61,244.302
3960.11,-1688.41,246.098
3964.33,-1690.21,247.83
3968.55,-1692.01,249.561
3972.78,-1693.81,251.293
3976.99,-1695.61,253.024
3981.24,-1697.41,254.793
3985.46,-1699.21,256.554
3989.68,-1701.01,258.311
3993.91,-1702.81,260.081
3999.23,-1704.61,262.304
4003.48,-1706.41,264.077
4007.84,-1708.21,265.63
4012.27,-1710.01,267.204
4016.63,-1711.81,268.757
4021.14,-1713.61,270.359
4025.61,-1715.41,272.675
4030.02,-1717.21,274.957
4034.49,-1719.01,277.262
4039.03,-1720.81,279.199
4043.54,-1722.61,281.114
4048.11,-1724.41,283.075
4052.48,-1726.21,284.665
4056.81,-1728.01,286.243
4061.03,-1729.81,287.778
4065.25,-1731.61,289.313
4069.47,-1733.41,290.965
4073.7,-1735.21,292.62
4077.91,-1737.01,294.272
4082.13,-1738.81,295.924
4086.64,-1740.61,297.741
4090.86,-1742.41,299.445
4095.09,-1744.21,301.147
4099.31,-1746.01,302.729
4103.53,-1747.81,304.313
4107.75,-1749.61,305.894
4111.97,-1751.41,307.479
4116.23,-1753.21,309.54
4120.45,-1755.02,311.589
4124.71,-1756.82,313.65
4128.93,-1758.62,315.496
4133.15,-1760.42,317.343
4137.37,-1762.22,319.186
4141.72,-1764.02,321.077
4145.94,-1765.82,322.909
4150.16,-1767.62,324.741
4154.38,-1769.42,326.572
4158.6,-1771.22,328.347
4162.83,-1773.02,330.122
4167.04,-1774.82,331.893
4171.29,-1776.62,333.678
4175.51,-1778.42,335.608
4179.73,-1780.22,337.54
4183.95,-1782.02,339.471
4188.17,-1783.82,341.169
4192.4,-1785.62,342.867
4196.61,-1787.42,344.558
4200.83,-1789.22,346.246
4205.05,-1791.02,347.884
4209.27,-1792.82,349.51
4213.49,-1794.62,351.125
4217.71,-1796.42,352.725
4221.97,-1798.22,354.296
4226.19,-1800.02,355.764
4230.4,-1801.82,357.005
4234.62,-1803.62,357.637
4238.85,-1805.42,357.1
4243.07,-1807.22,355.822
4247.29,-1809.02,354.282
4251.8,-1810.82,352.265
4256.01,-1812.62,350.332
4260.23,-1814.42,348.375
4264.45,-1816.22,346.484
4268.67,-1818.02,344.588
4272.89,-1819.82,342.686
4277.12,-1821.62,340.78
4281.34,-1823.42,338.836
4285.56,-1825.22,336.891
4289.77,-1827.02,334.944
4294,-1828.82,333.162
4298.22,-1830.62,331.376
4302.44,-1832.42,329.59
4306.85,-1834.22,327.969
4311.07,-1836.02,326.413
4315.29,-1837.82,324.855
4319.6,-1839.62,323.264
4324.05,-1841.42,321.668
4328.27,-1843.22,320.153
4332.49,-1845.02,318.633
4336.71,-1846.82,317.117
4340.92,-1848.62,315.587
4345.21,-1850.42,314.032
4349.43,-1852.22,312.501
4353.65,-1854.02,310.673
4357.87,-1855.82,308.846
4362.09,-1857.62,307.017
4366.31,-1859.42,305.192
4370.52,-1861.22,303.142
4374.74,-1863.02,301.089
4378.96,-1864.82,299.036
4383.19,-1866.62,297.12
4387.41,-1868.42,295.206
4391.63,-1870.22,293.291
4395.84,-1872.02,291.377
4400.07,-1873.82,289.481
4404.29,-1875.62,287.583
4408.51,-1877.42,285.69
4412.73,-1879.22,283.913
4416.95,-1881.02,282.137
4421.17,-1882.82,280.361
4425.42,-1884.62,278.571
4429.92,-1886.42,276.734
4434.15,-1888.22,275.012
4438.37,-1890.02,273.292
4442.59,-1891.82,271.691
4446.81,-1893.62,270.091
4451.02,-1895.42,268.493
4455.24,-1897.22,266.893
4459.46,-1899.02,265.155
4463.69,-1900.82,263.416
4467.91,-1902.62,261.679
4472.13,-1904.42,259.941
4476.35,-1906.22,258.275
4480.57,-1908.02,256.609
4484.79,-1909.82,254.941
4489.24,-1911.62,253.058
4493.47,-1913.42,251.271
4497.69,-1915.22,249.489
4501.91,-1917.02,247.704
4506.41,-1918.82,245.851
4510.63,-1920.62,244.116
4514.85,-1922.42,242.376
4519.07,-1924.22,240.459
4523.33,-1926.02,238.525
4527.55,-1927.82,236.605
4531.77,-1929.62,234.686
4535.99,-1931.42,232.767
4540.21,-1933.22,230.848
4544.43,-1935.02,228.929
4548.65,-1936.82,227.207
4552.87,-1938.62,225.484
4557.1,-1940.42,223.758
4561.32,-1942.22,222.035
4565.53,-1944.02,220.128
4569.75,-1945.82,218.22
4573.98,-1947.62,216.308
4578.19,-1949.42,214.521
4582.42,-1951.22,212.731
4586.63,-1953.02,210.944
4590.85,-1954.82,209.156
4595.07,-1956.62,207.459
4599.29,-1958.42,205.763
4603.51,-1960.22,204.066
4607.72,-1962.02,202.371
4612.23,-1963.82,200.502
4616.44,-1965.62,198.753
4620.66,-1967.42,197.005
4624.91,-1969.22,195.391
4629.16,-1971.02,193.78
4633.38,-1972.82,192.179
4637.6,-1974.62,190.578
4641.82,-1976.42,188.762
4646.04,-1978.22,186.948
4650.25,-1980.02,185.134
4654.47,-1981.82,183.19
4658.7,-1983.62,181.246
4662.92,-1985.42,179.301
4667.35,-1987.22,177.312
4671.57,-1989.02,175.417
4675.79,-1990.82,173.525
4680.01,-1992.62,171.634
4684.23,-1994.42,169.862
4688.45,-1996.22,168.093
4692.68,-1998.02,166.322
4696.89,-1999.82,164.556
4701.11,-2001.62,162.729
4705.33,-2003.42,160.898
4709.55,-2005.22,159.072
4713.77,-2007.02,157.283
4718.02,-2008.82,155.483
4722.24,-2010.62,153.693
4726.48,-2012.42,151.894
4730.7,-2014.22,150.184
4734.93,-2016.02,148.471
4739.14,-2017.82,146.761
4743.37,-2019.62,145.022
4747.58,-2021.42,143.283
4751.81,-2023.22,141.542
4756.02,-2025.02,139.806
4760.24,-2026.82,138.047
4764.46,-2028.62,136.283
4768.68,-2030.42,134.522
4772.9,-2032.22,132.759
4777.4,-2034.02,130.773
4781.62,-2035.82,128.914
4785.84,-2037.62,127.054
4790.06,-2039.42,125.328
4794.28,-2041.22,123.598
4798.5,-2043.02,121.873
4802.72,-2044.82,120.061
4806.94,-2046.62,118.255
4811.16,-2048.42,116.448
4815.38,-2050.22,114.64
4819.6,-2052.02,112.67
4823.85,-2053.82,110.684
4828.07,-2055.62,108.716
4832.48,-2057.42,106.873
4836.69,-2059.22,105.106
4840.94,-2061.02,103.332
4845.27,-2062.82,101.516
4849.77,-2064.62,99.7361
4853.99,-2066.42,98.0606
4858.21,-2068.22,96.3898
4862.71,-2070.02,94.6299
4866.93,-2071.82,92.9785
4871.15,-2073.62,91.3272
4875.37,-2075.42,89.6754
4879.59,-2077.22,88.0892
4883.81,-2079.02,86.5015
4888.03,-2080.82,84.9152
4892.25,-2082.62,83.329
4896.47,-2084.42,81.5477
4900.69,-2086.22,79.764
4904.91,-2088.02,77.9806
4909.13,-2089.82,76.1273
4913.36,-2091.62,74.2693
4917.57,-2093.42,72.4167
4921.8,-2095.22,70.5612
4926.05,-2097.02,68.4299
4930.26,-2098.82,66.3133
4934.49,-2100.62,64.1951
4938.7,-2102.42,62.2624
4942.93,-2104.22,60.3263
4947.15,-2106.02,58.392
4951.37,-2107.82,56.4582
4955.6,-2109.62,54.7431
4959.83,-2111.42,53.0301
4964.05,-2113.22,51.3192
4968.27,-2115.02,49.7636
4972.49,-2116.82,48.2052
4976.7,-2118.62,46.6502
4980.93,-2120.42,45.0943
4985.15,-2122.22,43.2504
4989.37,-2124.02,41.4079
4993.59,-2125.82,39.5655
4997.81,-2127.62,37.7241
5002.03,-2129.43,36.0826
5006.24,-2131.23,34.4444
5010.46,-2133.03,32.8047
5014.92,-2134.83,31.0703
5019.17,-2136.63,29.419
5023.42,-2138.43,27.7661
5027.64,-2140.23,26.1269
5032.16,-2142.03,24.2427
5036.38,-2143.83,22.4881
5040.59,-2145.63,20.7338
5045.16,-2147.43,18.5986
5049.37,-2149.23,16.6323
5053.59,-2151.03,14.6752
5057.81,-2152.83,12.7373
5062.03,-2154.63,10.8367
5066.25,-2156.43,8.97964
5070.46,-2158.23,7.19826
5074.69,-2160.03,5.5114
5078.9,-2161.83,4.12767
5083.12,-2163.63,3.43315
5087.33,-2165.43,3.82222
5091.56,-2167.23,4.7486
5095.77,-2169.03,6.01895
5099.99,-2170.83,7.46133
5104.42,-2172.63,8.8385
5108.64,-2174.43,10.1979
5112.86,-2176.23,11.593
5117.08,-2178.03,13.0076
5121.33,-2179.83,14.5059
5125.58,-2181.63,16.0108
5129.8,-2183.43,17.5124
5134.02,-2185.23,19.3262
5138.24,-2187.03,21.1421
5142.46,-2188.83,22.9618
5146.68,-2190.63,24.7807
5150.89,-2192.43,26.8009
5155.12,-2194.23,28.8258
5159.33,-2196.03,30.849
5163.55,-2197.83,32.8747
5167.77,-2199.63,34.9579
5171.99,-2201.43,37.0439
5176.21,-2203.23,39.1262
5180.43,-2205.03,41.1878
5184.65,-2206.83,43.2547
5188.87,-2208.63,45.317
5193.1,-2210.43,47.2051
5197.32,-2212.23,49.0894
5201.54,-2214.03,50.975
5205.75,-2215.83,52.8564
5209.98,-2217.63,54.5801
5214.2,-2219.43,56.3041
5218.42,-2221.23,58.0269
5222.67,-2223.03,59.7627
5226.91,-2224.83,61.3852
5231.13,-2226.63,62.9978
5235.35,-2228.43,64.6123
5239.58,-2230.23,66.2074
5243.8,-2232.03,67.8038
5248.02,-2233.83,69.398
5252.24,-2235.63,70.9952
5256.45,-2237.43,72.8377
5260.67,-2239.23,74.6813
5264.89,-2241.03,76.5257
5269.11,-2242.83,78.445
5273.34,-2244.63,80.3655
5277.55,-2246.43,82.2844
5281.78,-2248.23,84.2045
5285.99,-2250.03,86.0653
5290.21,-2251.83,87.9289
5294.43,-2253.63,89.7926
5298.65,-2255.43,91.6558
5303.16,-2257.23,93.7384
5307.38,-2259.03,95.686
5311.6,-2260.83,97.6361
5315.82,-2262.63,99.4993
5320.04,-2264.43,101.366
5324.32,-2266.23,103.256
5328.54,-2268.03,105.254
5332.76,-2269.83,107.254
5336.98,-2271.63,109.253
5341.2,-2273.43,111.25
5345.42,-2275.23,113.223
5349.64,-2277.03,115.196
5353.86,-2278.83,117.17
5358.22,-2280.63,118.895
5362.45,-2282.43,120.565
5366.67,-2284.23,122.233
5370.88,-2286.03,123.9
5375.11,-2287.83,125.528
5379.33,-2289.63,127.153
5383.55,-2291.43,128.78
5387.77,-2293.23,130.404
5391.99,-2295.03,132.146
5396.21,-2296.83,133.884
5400.43,-2298.63,135.622
5404.65,-2300.43,137.311
5408.87,-2302.23,138.997
5413.09,-2304.03,140.686
5417.31,-2305.83,142.372
5421.6,-2307.63,144.115
5425.87,-2309.43,145.853
5430.1,-2311.23,147.569
5434.32,-2313.03,149.453
5438.54,-2314.83,151.335
5442.77,-2316.63,153.216
5446.98,-2318.43,155.097
5451.2,-2320.23,157.055
5455.42,-2322.03,159.018
5459.64,-2323.83,160.976
5463.87,-2325.63,162.87
5468.09,-2327.43,164.762
5472.31,-2329.23,166.654
5476.52,-2331.03,168.542
5480.74,-2332.83,170.407
5484.97,-2334.63,172.275
5489.18,-2336.43,174.139
5493.41,-2338.23,175.922
5497.62,-2340.03,177.704
5501.85,-2341.83,179.489
5506.06,-2343.63,181.269
5510.3,-2345.43,183.011
5514.52,-2347.23,184.748
5518.74,-2349.03,186.483
5522.96,-2350.83,188.22
5527.51,-2352.63,190.067
5531.73,-2354.43,191.784
5535.96,-2356.23,193.499
5540.17,-2358.03,195.094
5544.4,-2359.83,196.69
5548.61,-2361.63,198.284
5552.84,-2363.43,199.88
5557.08,-2365.23,201.7
5561.31,-2367.03,203.536
5565.52,-2368.83,205.355
5569.74,-2370.63,207.264
5573.97,-2372.43,209.179
5578.19,-2374.23,211.087
5582.41,-2376.03,212.998
5586.62,-2377.83,214.877
5590.84,-2379.63,216.759
5595.06,-2381.43,218.644
5599.28,-2383.23,220.529
5603.5,-2385.03,222.417
5607.72,-2386.83,224.303
5611.94,-2388.63,226.191
5616.17,-2390.43,227.994
5620.39,-2392.23,229.792
5624.64,-2394.03,231.604
5628.89,-2395.83,233.39
5633.12,-2397.63,235.168
5637.33,-2399.43,236.941
5641.55,-2401.23,238.716
5645.77,-2403.03,240.435
5649.99,-2404.83,242.154
5654.21,-2406.63,243.875
5658.43,-2408.43,245.593
5662.65,-2410.23,247.26
5666.86,-2412.03,248.925
5671.08,-2413.83,250.589
5675.42,-2415.63,252.429
5679.64,-2417.43,254.22
5683.86,-2419.23,256.013
5688.08,-2421.03,257.804
5692.31,-2422.83,259.558
5696.52,-2424.63,261.309
5700.74,-2426.43,263.059
5704.97,-2428.23,264.92
5709.19,-2430.03,266.777
5713.41,-2431.83,268.634
5717.63,-2433.63,270.488
5721.86,-2435.43,272.391
5726.1,-2437.23,274.301
5730.35,-2439.03,276.212
5734.57,-2440.83,278.079
5738.79,-2442.63,279.944
5743.05,-2444.43,281.827
5747.27,-2446.23,283.691
5751.5,-2448.03,285.599
5755.71,-2449.83,287.504
5759.93,-2451.63,289.41
5764.16,-2453.43,291.021
5768.37,-2455.23,292.63
5772.6,-2457.03,294.241
5776.81,-2458.83,295.849
5781.29,-2460.63,297.556
5785.51,-2462.43,299.165
5789.73,-2464.23,300.773
5793.95,-2466.03,302.382
5798.17,-2467.83,303.958
5802.39,-2469.63,305.535
5806.61,-2471.43,307.108
5810.83,-2473.23,309.262
5815.05,-2475.03,311.419
5819.27,-2476.83,313.569
5823.49,-2478.63,315.498
5827.74,-2480.43,317.435
5832,-2482.23,319.373
5836.21,-2484.03,321.295
5840.43,-2485.83,323.049
5844.66,-2487.63,324.804
5848.87,-2489.43,326.555
5853.1,-2491.23,328.307
5857.32,-2493.03,330.329
5861.54,-2494.83,332.35
5865.75,-2496.64,334.36
5869.98,-2498.44,336.27
5874.2,-2500.24,338.173
5878.42,-2502.04,340.067
5882.64,-2503.84,341.952
5886.86,-2505.64,343.618
5891.08,-2507.44,345.273
5895.31,-2509.24,346.916
5899.52,-2511.04,348.449
5903.75,-2512.84,349.965
5907.97,-2514.64,351.45
5912.19,-2516.44,352.885
5916.4,-2518.24,354.192
5920.63,-2520.04,355.363
5924.88,-2521.84,356.267
5929.22,-2523.64,356.58
5933.48,-2525.44,356.084
5937.7,-2527.24,355.038
5941.92,-2529.04,353.707
5946.14,-2530.84,351.978
5950.36,-2532.64,350.179
5954.58,-2534.44,348.341
5958.8,-2536.24,346.484
5963.02,-2538.04,344.434
5967.24,-2539.84,342.378
5971.46,-2541.64,340.313
5975.68,-2543.44,338.453
5979.9,-2545.24,336.586
5984.12,-2547.04,334.715
5988.47,-2548.84,332.969
5992.69,-2550.64,331.27
5996.92,-2552.44,329.568
6001.13,-2554.24,327.866
6005.36,-2556.04,326.255
6009.58,-2557.84,324.644
6013.8,-2559.64,323.029
6018.02,-2561.44,321.416
6022.24,-2563.24,319.703
6026.49,-2565.04,317.981
6030.7,-2566.84,316.269
6034.96,-2568.64,314.557
6039.18,-2570.44,312.857
6043.4,-2572.24,311.156
6047.62,-2574.04,309.458
6051.84,-2575.84,307.768
6056.06,-2577.64,306.081
6060.28,-2579.44,304.395
6064.5,-2581.24,302.659
6068.72,-2583.04,300.922
6072.94,-2584.84,299.184
6077.16,-2586.64,297.447
6081.38,-2588.44,295.514
6085.6,-2590.24,293.581
6089.82,-2592.04,291.65
6094.32,-2593.84,289.714
6098.54,-2595.64,287.508
6102.77,-2597.44,285.439
6106.99,-2599.24,283.369
6111.24,-2601.04,281.642
6115.46,-2602.84,279.927
6119.68,-2604.64,278.213
6123.91,-2606.44,276.298
6128.16,-2608.24,274.373
6132.38,-2610.04,272.459
6136.62,-2611.84,270.537
6140.85,-2613.64,268.687
6145.07,-2615.44,266.839
6149.29,-2617.24,264.994
6153.61,-2619.04,263.366
6157.83,-2620.84,261.776
6162.05,-2622.64,260.185
6166.26,-2624.44,258.597
6170.48,-2626.24,257.006
6174.71,-2628.04,255.414
6178.93,-2629.84,253.823
6183.15,-2631.64,252.232
6187.37,-2633.44,250.475
6191.59,-2635.24,248.716
6195.81,-2637.04,246.961
6200.03,-2638.84,245.066
6204.25,-2640.64,243.171
6208.46,-2642.44,241.277
6212.68,-2644.24,239.382
6216.9,-2646.04,237.345
6221.12,-2647.84,235.305
6225.37,-2649.64,233.251
6229.59,-2651.44,231.329
6233.82,-2653.24,229.405
6238.06,-2655.04,227.473
6242.28,-2656.84,225.551
6246.5,-2658.64,223.826
6250.72,-2660.44,222.098
6254.94,-2662.24,220.37
6259.17,-2664.04,218.642
6263.39,-2665.84,216.626
6267.61,-2667.64,214.611
6271.83,-2669.44,212.595
6276.05,-2671.24,210.649
6280.27,-2673.04,208.703
6284.48,-2674.84,206.755
6288.7,-2676.64,204.917
6292.92,-2678.44,203.076
6297.15,-2680.24,201.237
6301.36,-2682.04,199.398
6305.58,-2683.84,197.679
6309.8,-2685.64,195.959
6314.02,-2687.44,194.237
6318.23,-2689.24,192.518
6322.46,-2691.04,190.802
6326.7,-2692.84,189.079
6330.92,-2694.64,187.365
6335.14,-2696.44,185.647
6339.38,-2698.24,183.927
6343.72,-2700.04,182.16
6348,-2701.84,180.415
6352.23,-2703.64,178.642
6356.44,-2705.44,176.875
6360.66,-2707.24,175.107
6364.88,-2709.04,173.22
6369.1,-2710.84,171.334
6373.32,-2712.64,169.447
6377.54,-2714.44,167.56
6381.76,-2716.24,165.699
6385.98,-2718.04,163.837
6390.2,-2719.84,161.976
6394.42,-2721.64,160.092
6398.64,-2723.44,158.212
6402.86,-2725.24,156.329
6407.08,-2727.04,154.445
6411.3,-2728.84,152.585
6415.52,-2730.64,150.728
6419.74,-2732.44,148.872
6423.97,-2734.24,147.01
6428.22,-2736.04,145.21
6432.44,-2737.84,143.423
6436.66,-2739.64,141.638
6440.92,-2741.44,139.938
6445.2,-2743.24,138.227
6449.42,-2745.04,136.543
6453.64,-2746.84,134.858
6457.86,-2748.64,133.214
6462.09,-2750.44,131.568
6466.3,-2752.24,129.925
6470.52,-2754.04,128.13
6474.74,-2755.84,126.331
6478.96,-2757.64,124.533
6483.18,-2759.44,122.735
6487.4,-2761.24,120.891
6491.62,-2763.04,119.046
6495.84,-2764.84,117.199
6500.06,-2766.64,115.329
6504.28,-2768.44,113.457
6508.5,-2770.24,111.588
6512.72,-2772.04,109.716
6516.94,-2773.84,107.82
6521.15,-2775.64,105.923
6525.37,-2777.44,104.025
6529.62,-2779.24,102.164
6533.85,-2781.04,100.312
6538.06,-2782.84,98.4649
6542.31,-2784.64,96.6028
6546.53,-2786.44,94.7817
6550.75,-2788.24,92.9606
6554.98,-2790.04,91.1343
6559.2,-2791.84,89.3118
6563.42,-2793.64,87.5397
6567.64,-2795.44,85.7705
6571.86,-2797.24,83.998
6576.08,-2799.04,82.3068
6580.3,-2800.84,80.6165
6584.52,-2802.64,78.924
6588.74,-2804.44,77.334
6592.96,-2806.24,75.7411
6597.18,-2808.04,74.1508
6601.4,-2809.84,72.5597
6605.61,-2811.64,70.6367
6609.83,-2813.44,68.7123
6614.05,-2815.24,66.7869
6618.27,-2817.04,64.8641
6622.49,-2818.84,62.8341
6626.74,-2820.64,60.7949
6630.96,-2822.44,58.7699
6635.18,-2824.24,56.6722
6639.4,-2826.04,54.5783
6643.65,-2827.84,52.468
6647.87,-2829.64,50.371
6652.09,-2831.44,48.8078
6656.31,-2833.24,47.2481
6660.53,-2835.04,45.688
6664.75,-2836.84,44.1563
6668.97,-2838.64,42.6248
6673.19,-2840.44,41.0931
6677.41,-2842.24,39.5634
6681.64,-2844.04,37.6942
6685.86,-2845.84,35.8241
6690.07,-2847.64,33.9571
6694.29,-2849.44,32.0879
6698.51,-2851.24,30.3557
6702.73,-2853.04,28.6212
6706.95,-2854.84,26.8886
6711.17,-2856.64,25.2143
6715.39,-2858.44,23.5385
6719.61,-2860.24,21.8647
6723.83,-2862.04,20.1886
6728.08,-2863.84,18.3471
6732.3,-2865.65,16.5191
6736.52,-2867.45,14.6995
6740.74,-2869.25,12.8876
6744.99,-2871.05,11.0692
6749.22,-2872.85,9.28077
6753.44,-2874.65,7.5228
6757.65,-2876.45,5.75138
6761.87,-2878.25,4.13809
6766.08,-2880.05,2.95951
6770.29,-2881.85,2.80331
6774.51,-2883.65,3.83387
6778.73,-2885.45,5.41046
6782.95,-2887.25,7.18443
6787.16,-2889.05,9.11913
6791.38,-2890.85,11.0974
6795.6,-2892.65,13.0975
6799.82,-2894.45,15.1144
6804.04,-2896.25,17.1643
6808.26,-2898.05,19.2184
6812.48,-2899.85,21.2806
6816.69,-2901.65,23.2439
6820.91,-2903.45,25.2094
6825.13,-2905.25,27.1798
6829.38,-2907.05,28.9686
6833.61,-2908.85,30.7496
6837.82,-2910.65,32.5285
6842.05,-2912.45,34.3114
6846.26,-2914.25,35.9177
6850.48,-2916.05,37.5258
6854.71,-2917.85,39.1372
6858.92,-2919.65,40.7483
6863.15,-2921.45,42.3302
6867.36,-2923.25,43.9099
6871.58,-2925.05,45.4922
6875.8,-2926.85,47.0903
6880.01,-2928.65,48.6895
6884.24,-2930.45,50.2911
6888.45,-2932.25,51.8917
6892.67,-2934.05,53.5951
6896.89,-2935.85,55.2961
6901.1,-2937.65,56.999
6905.33,-2939.45,58.8425
6909.54,-2941.25,60.6841
6913.76,-2943.05,62.5267
6917.98,-2944.85,64.3708
6922.21,-2946.65,66.2094
6926.46,-2948.45,68.0578
6930.67,-2950.25,69.8947
6934.9,-2952.05,71.7346
6939.12,-2953.85,73.5483
6943.35,-2955.65,75.3654
6947.59,-2957.45,77.1911
6951.82,-2959.25,79.0385
6956.03,-2961.05,80.8819
6960.25,-2962.85,82.7257
6964.47,-2964.65,84.5587
6968.69,-2966.45,86.3891
6972.91,-2968.25,88.2237
6977.13,-2970.05,90.0553
6981.36,-2971.85,91.6447
6985.57,-2973.65,93.2316
6989.79,-2975.45,94.8193
6994.01,-2977.25,96.4082
6998.23,-2979.05,98.0648
7002.45,-2980.85,99.7222
7006.67,-2982.65,101.378
7010.88,-2984.45,103.111
7015.1,-2986.25,104.847
7019.32,-2988.05,106.581
7023.54,-2989.85,108.318
7027.79,-2991.65,110.185
7032.01,-2993.45,112.041
7036.23,-2995.25,113.895
7040.45,-2997.05,115.842
7044.67,-2998.85,117.791
7048.91,-3000.65,119.751
7053.14,-3002.45,121.702
7057.35,-3004.25,123.598
7061.57,-3006.05,125.495
7065.79,-3007.85,127.392
7070.01,-3009.65,129.287
7074.23,-3011.45,131.1
7078.44,-3013.25,132.91
7082.66,-3015.05,134.722
7086.88,-3016.85,136.325
7091.1,-3018.65,137.93
7095.32,-3020.45,139.536
7099.54,-3022.25,141.14
7103.76,-3024.05,142.943
7107.98,-3025.85,144.747
7112.2,-3027.65,146.551
7116.41,-3029.45,148.269
7120.63,-3031.25,149.987
7124.86,-3033.05,151.709
7129.1,-3034.85,153.441
7133.33,-3036.65,155.265
7137.55,-3038.45,157.087
7141.81,-3040.25,158.928
7146.03,-3042.05,160.729
7150.27,-3043.85,162.54
7154.49,-3045.65,164.344
7158.71,-3047.45,166.146
7162.93,-3049.25,168.038
7167.15,-3051.05,169.928
7171.37,-3052.85,171.819
7175.59,-3054.65,173.753
7179.8,-3056.45,175.688
7184.02,-3058.25,177.623
7188.24,-3060.05,179.556
7192.46,-3061.85,181.487
7196.68,-3063.65,183.414
7200.9,-3065.45,185.343
7205.11,-3067.25,187.243
7209.33,-3069.05,189.141
7213.55,-3070.85,191.041
7217.77,-3072.65,192.938
7221.99,-3074.45,194.714
7226.21,-3076.25,196.487
7230.45,-3078.05,198.273
7234.68,-3079.85,200.048
7238.9,-3081.65,201.747
7243.11,-3083.45,203.447
7247.33,-3085.25,205.146
7251.55,-3087.05,206.888
7255.77,-3088.85,208.628
7259.99,-3090.65,210.367
7264.21,-3092.45,212.135
7268.43,-3094.25,213.901
7272.65,-3096.05,215.668
7276.86,-3097.85,217.435
7281.08,-3099.65,219.278
7285.3,-3101.45,221.122
7289.52,-3103.25,222.964
7293.75,-3105.05,224.811
7297.97,-3106.85,226.681
7302.19,-3108.65,228.553
7306.4,-3110.45,230.42
7310.62,-3112.25,232.292
7314.84,-3114.05,234.167
7319.06,-3115.85,236.039
7323.28,-3117.65,237.913
7327.53,-3119.45,239.786
7331.75,-3121.25,241.648
7335.97,-3123.05,243.511
7340.19,-3124.85,245.334
7344.41,-3126.65,247.158
7348.62,-3128.45,248.981
7352.88,-3130.25,250.819
7357.1,-3132.05,252.707
7361.33,-3133.85,254.595
7365.54,-3135.65,256.478
7369.76,-3137.45,258.36
7373.99,-3139.25,260.166
7378.2,-3141.05,261.966
7382.42,-3142.85,263.768
7386.64,-3144.65,265.484
7390.86,-3146.45,267.203
7395.08,-3148.25,268.921
7399.3,-3150.05,270.638
7403.52,-3151.85,272.426
7407.73,-3153.65,274.211
7411.96,-3155.45,275.999
7416.17,-3157.25,277.774
7420.39,-3159.05,279.549
7424.6,-3160.85,281.326
7428.85,-3162.65,283.114
7433.08,-3164.45,284.878
7437.3,-3166.25,286.638
7441.52,-3168.05,288.398
7445.74,-3169.85,290.225
7449.96,-3171.65,292.051
7454.21,-3173.45,293.89
7458.42,-3175.25,295.715
7462.65,-3177.05,297.652
7466.86,-3178.85,299.586
7471.08,-3180.65,301.521
7475.3,-3182.45,303.242
7479.52,-3184.25,304.961
7483.74,-3186.05,306.681
7487.96,-3187.85,308.401
7492.18,-3189.65,310.143
7496.4,-3191.45,311.881
7500.61,-3193.25,313.618
7504.83,-3195.05,315.357
7509.05,-3196.85,316.807
7513.27,-3198.65,318.259
7517.49,-3200.45,319.709
7521.71,-3202.25,321.598
7525.93,-3204.05,323.486
7530.17,-3205.85,325.386
7534.39,-3207.65,327.276
7538.61,-3209.45,328.9
7542.83,-3211.25,330.527
7547.09,-3213.05,332.151
7551.31,-3214.85,333.84
7555.55,-3216.65,335.522
7559.77,-3218.45,337.195
7563.99,-3220.25,338.869
7568.21,-3222.05,340.845
7572.43,-3223.85,342.817
7576.64,-3225.65,344.779
7580.86,-3227.45,346.715
7585.08,-3229.25,348.64
7589.3,-3231.05,350.542
7593.52,-3232.85,352.411
7597.74,-3234.66,354.222
7601.96,-3236.46,355.888
7606.18,-3238.26,357.133
7610.39,-3240.06,357.335
7614.61,-3241.86,356.322
7618.83,-3243.66,354.757
7623.11,-3245.46,352.971
7627.36,-3247.26,351.194
7631.58,-3249.06,349.387
7635.8,-3250.86,347.561
7640.02,-3252.66,345.843
7644.24,-3254.46,344.116
7648.45,-3256.26,342.384
7652.67,-3258.06,340.645
7656.89,-3259.86,338.969
7661.11,-3261.66,337.288
7665.33,-3263.46,335.605
7669.55,-3265.26,333.922
7673.77,-3267.06,332.229
7677.98,-3268.86,330.538
7682.21,-3270.66,328.844
7686.42,-3272.46,327.141
7690.64,-3274.26,325.437
7694.86,-3276.06,323.732
7699.08,-3277.86,322.026
7703.3,-3279.66,320.252
7707.52,-3281.46,318.479
7711.73,-3283.26,316.704
7715.95,-3285.06,314.851
7720.17,-3286.86,312.997
7724.39,-3288.66,311.14
7728.64,-3290.46,309.274
7732.86,-3292.26,307.41
7737.08,-3294.06,305.546
7741.31,-3295.86,303.681
7745.52,-3297.66,301.73
7749.74,-3299.46,299.777
7753.96,-3301.26,297.821
7758.21,-3303.06,295.855
7762.43,-3304.86,294.061
7766.65,-3306.66,292.27
7770.86,-3308.46,290.477
7775.09,-3310.26,288.741
7779.3,-3312.06,287.007
7783.52,-3313.86,285.271
7787.74,-3315.66,283.536
7791.97,-3317.46,281.828
7796.19,-3319.26,280.123
7800.41,-3321.06,278.419
7804.63,-3322.86,276.713
7808.85,-3324.66,274.924
7813.07,-3326.46,273.135
7817.29,-3328.26,271.348
7821.51,-3330.06,269.551
7825.73,-3331.86,267.752
7829.98,-3333.66,265.94
7834.2,-3335.46,264.14
7838.47,-3337.26,262.244
7842.77,-3339.06,260.338
7847.09,-3340.86,258.415
7851.32,-3342.66,256.55
7855.54,-3344.46,254.689
7859.75,-3346.26,252.83
7863.98,-3348.06,250.966
7868.2,-3349.86,249.174
7872.42,-3351.66,247.379
7876.63,-3353.46,245.588
7880.85,-3355.26,243.799
7885.08,-3357.06,242.009
7889.29,-3358.86,240.221
7893.52,-3360.66,238.432
7897.73,-3362.46,236.649
7901.96,-3364.26,234.864
7906.17,-3366.06,233.082
7910.39,-3367.86,231.301
7914.61,-3369.66,229.546
7918.83,-3371.46,227.793
7923.05,-3373.26,226.039
7927.27,-3375.06,224.284
7931.52,-3376.86,222.515
7935.74,-3378.66,220.761
7939.96,-3380.46,219.005
7944.18,-3382.26,217.171
7948.4,-3384.06,215.338
7952.62,-3385.86,213.505
7956.84,-3387.66,211.704
7961.09,-3389.46,209.89
7965.31,-3391.26,208.087
7969.53,-3393.06,206.287
7973.75,-3394.86,204.38
7977.97,-3396.66,202.473
7982.19,-3398.46,200.566
7986.41,-3400.26,198.649
7990.63,-3402.06,196.732
7994.85,-3403.86,194.81
7999.07,-3405.66,192.892
8003.29,-3407.46,190.951
8007.5,-3409.26,189.014
8011.72,-3411.06,187.073
8015.94,-3412.86,185.154
8020.16,-3414.66,183.237
8024.38,-3416.46,181.317
8028.62,-3418.26,179.386
8032.85,-3420.06,177.511
8037.1,-3421.86,175.622
8041.32,-3423.66,173.747
8045.54,-3425.46,171.875
8049.76,-3427.26,170.108
8053.98,-3429.06,168.335
8058.2,-3430.86,166.566
8062.45,-3432.66,164.843
8066.66,-3434.46,163.133
8070.88,-3436.26,161.422
8075.1,-3438.06,159.709
8079.32,-3439.86,157.987
8083.54,-3441.66,156.262
8087.76,-3443.46,154.541
8091.98,-3445.26,152.742
8096.19,-3447.06,150.947
8100.41,-3448.86,149.152
8104.63,-3450.66,147.356
8108.85,-3452.46,145.488
8113.07,-3454.26,143.62
8117.29,-3456.06,141.754
8121.51,-3457.86,139.848
8125.73,-3459.66,137.941
8129.98,-3461.46,136.022
8134.2,-3463.26,134.112
8138.42,-3465.06,132.196
8142.64,-3466.86,130.279
8146.86,-3468.66,128.364
8151.07,-3470.46,126.471
8155.3,-3472.26,124.577
8159.51,-3474.06,122.687
8163.76,-3475.86,120.782
8167.98,-3477.66,118.998
8172.2,-3479.46,117.215
8176.42,-3481.26,115.434
8180.63,-3483.06,113.653
8184.86,-3484.86,111.907
8189.08,-3486.66,110.164
8193.3,-3488.46,108.418
8197.51,-3490.26,106.729
8201.73,-3492.06,105.039
8205.95,-3493.86,103.351
8210.17,-3495.66,101.662
8214.39,-3497.46,99.8891
8218.61,-3499.26,98.1164
8222.83,-3501.06,96.3429
8227.08,-3502.86,94.5838
8231.34,-3504.66,92.7958
8235.55,-3506.46,91.0372
8239.77,-3508.26,89.2785
8243.99,-3510.06,87.4959
8248.21,-3511.86,85.7138
8252.43,-3513.66,83.9304
8256.65,-3515.46,82.0076
8260.86,-3517.26,80.083
8265.11,-3519.06,78.1452
8269.33,-3520.86,76.2195
8273.55,-3522.66,74.3344
8277.77,-3524.46,72.4507
8281.99,-3526.26,70.5672
8286.21,-3528.06,68.6846
8290.43,-3529.86,66.6985
8294.65,-3531.66,64.7108
8298.87,-3533.46,62.7255
8303.09,-3535.26,60.9777
8307.31,-3537.06,59.2337
8311.53,-3538.86,57.4869
8315.75,-3540.66,56.0169
8319.97,-3542.46,54.5432
8324.25,-3544.26,53.0506
8328.5,-3546.06,51.5702
8332.72,-3547.86,49.99
8336.94,-3549.66,48.4126
8341.16,-3551.46,46.8359
8345.38,-3553.26,45.258
8349.6,-3555.06,43.4511
8353.82,-3556.86,41.6441
8358.04,-3558.66,39.8379
8362.26,-3560.46,38.0149
8366.5,-3562.26,36.1827
8370.72,-3564.06,34.3613
8374.94,-3565.86,32.5386
8379.16,-3567.66,30.9141
8383.38,-3569.46,29.2904
8387.6,-3571.26,27.6684
8391.83,-3573.06,25.6749
8396.04,-3574.86,23.6872
8400.26,-3576.66,21.7038
8404.48,-3578.46,19.7219
8408.7,-3580.26,17.8005
8412.92,-3582.06,15.8858
8417.14,-3583.86,13.9846
8421.36,-3585.66,12.1034
8425.58,-3587.46,10.3431
8429.83,-3589.26,8.60222
8434.05,-3591.06,6.92419
8438.27,-3592.86,5.36906
8442.48,-3594.66,4.0294
8446.7,-3596.46,3.18917
8450.91,-3598.26,3.22481
8455.13,-3600.06,4.07768
8459.35,-3601.86,5.37139
8463.57,-3603.67,6.86125
8467.79,-3605.47,8.33892
8472,-3607.27,9.86609
8476.22,-3609.07,11.421
8480.43,-3610.87,12.9961
8484.66,-3612.67,14.6157
8488.87,-3614.47,16.2411
8493.1,-3616.27,17.8747
8497.31,-3618.07,19.6124
8501.53,-3619.87,21.3539
8505.75,-3621.67,23.0947
8509.97,-3623.47,24.8409
8514.19,-3625.27,26.6822
8518.4,-3627.07,28.5221
8522.62,-3628.87,30.3648
8526.84,-3630.67,32.278
8531.09,-3632.47,34.2053
8535.38,-3634.27,36.1475
8539.59,-3636.07,38.0617
8543.82,-3637.87,40.0017
8548.04,-3639.67,41.936
8552.26,-3641.47,43.8718
8556.48,-3643.27,45.813
8560.69,-3645.07,47.7531
8564.92,-3646.87,49.6964
8569.16,-3648.67,51.6506
8573.38,-3650.47,53.4589
8577.6,-3652.27,55.2661
8581.82,-3654.07,57.0747
8586.04,-3655.87,58.8814
8590.26,-3657.67,60.5678
8594.48,-3659.47,62.2573
8598.69,-3661.27,63.9442
8602.92,-3663.07,65.633
8607.14,-3664.87,67.3199
8611.36,-3666.67,69.007
8615.58,-3668.47,70.6821
8619.8,-3670.27,72.3582
8624.02,-3672.07,74.0348
8628.23,-3673.87,75.7114
8632.49,-3675.67,77.541
8636.7,-3677.47,79.3556
8640.93,-3679.27,81.1714
8645.15,-3681.07,82.9877
8649.36,-3682.87,84.8044
8653.59,-3684.67,86.625
8657.81,-3686.47,88.4422
8662.03,-3688.27,90.2654
8666.25,-3690.07,92.0857
8670.49,-3691.87,93.9187
8674.71,-3693.67,95.7424
8678.93,-3695.47,97.5439
8683.16,-3697.27,99.3471
8687.37,-3699.07,101.148
8691.59,-3700.87,103.069
8695.81,-3702.67,104.987
8700.03,-3704.47,106.906
8704.24,-3706.27,108.826
8708.46,-3708.07,110.642
8712.68,-3709.87,112.46
8716.9,-3711.67,114.276
8721.11,-3713.47,116.09
8725.34,-3715.27,117.74
8729.59,-3717.07,119.396
8733.81,-3718.87,121.045
8738.03,-3720.67,122.643
8742.25,-3722.47,124.242
8746.46,-3724.27,125.841
8750.68,-3726.07,127.666
8754.9,-3727.87,129.49
8759.12,-3729.67,131.312
8763.34,-3731.47,133.139
8767.56,-3733.27,134.979
8771.81,-3735.07,136.832
8776.02,-3736.87,138.671
8780.24,-3738.67,140.51
8784.46,-3740.47,142.271
8788.68,-3742.27,144.029
8792.9,-3744.07,145.79
8797.12,-3745.87,147.763
8801.34,-3747.67,149.735
8805.56,-3749.47,151.704
8809.77,-3751.27,153.675
8813.99,-3753.07,155.624
8818.21,-3754.87,157.571
8822.43,-3756.67,159.52
8826.65,-3758.47,161.479
8830.9,-3760.27,163.45
8835.12,-3762.07,165.411
8839.34,-3763.87,167.37
8843.56,-3765.67,169.173
8847.78,-3767.47,170.977
8852,-3769.27,172.78
8856.22,-3771.07,174.581
8860.44,-3772.87,176.336
8864.66,-3774.67,178.093
8868.87,-3776.47,179.845
8873.12,-3778.27,181.561
8877.34,-3780.07,183.264
8881.56,-3781.87,184.967
8885.78,-3783.67,186.65
8889.99,-3785.47,188.333
8894.21,-3787.27,190.017
8898.43,-3789.07,191.701
8902.65,-3790.87,193.465
8906.86,-3792.67,195.229
8911.08,-3794.47,196.992
8915.3,-3796.27,198.757
8919.52,-3798.07,200.604
8923.74,-3799.87,202.452
8927.96,-3801.67,204.303
8932.21,-3803.47,206.205
8936.43,-3805.27,208.091
8940.65,-3807.07,209.979
8944.87,-3808.87,211.868
8949.09,-3810.67,213.774
8953.31,-3812.47,215.679
8957.53,-3814.27,217.583
8961.75,-3816.07,219.416
8965.97,-3817.87,221.249
8970.18,-3819.67,223.079
8974.43,-3821.47,224.924
8978.65,-3823.27,226.735
8982.87,-3825.07,228.55
8987.09,-3826.87,230.364
8991.33,-3828.67,232.184
8995.57,-3830.47,233.912
8999.79,-3832.27,235.633
9004.01,-3834.07,237.353
9008.26,-3835.87,239.069
9012.65,-3837.67,240.85
9017.15,-3839.47,242.673
9021.55,-3841.27,244.459
9025.94,-3843.07,246.219
9030.48,-3844.87,248.037
9034.97,-3846.67,249.839
9039.42,-3848.47,251.665
9043.89,-3850.27,253.507
9048.4,-3852.07,255.357
9053.04,-3853.87,257.327
9057.45,-3855.67,259.206
9061.8,-3857.47,261.056
9066.02,-3859.27,262.85
9070.24,-3861.07,264.488
9074.51,-3862.87,266.145
9078.73,-3864.67,267.783
9082.95,-3866.47,269.698
9087.17,-3868.27,271.608
9091.39,-3870.07,273.521
9095.61,-3871.87,275.43
9099.83,-3873.67,277.282
9104.06,-3875.47,279.135
9108.27,-3877.27,280.986
9112.49,-3879.07,282.637
9116.71,-3880.87,284.286
9120.93,-3882.67,285.935
9125.15,-3884.47,287.584
9129.37,-3886.27,289.166
9133.62,-3888.07,290.763
9137.84,-3889.87,292.346
9142.07,-3891.67,294.065
9146.28,-3893.47,295.78
9150.5,-3895.27,297.495
9154.72,-3897.07,299.214
9158.94,-3898.87,301.157
9163.16,-3900.67,303.101
9167.38,-3902.47,305.041
9171.6,-3904.27,307.202
9175.85,-3906.07,309.377
9180.07,-3907.87,311.535
9184.29,-3909.67,313.695
9188.51,-3911.47,315.71
9192.74,-3913.27,317.726
9196.96,-3915.07,319.741
9201.17,-3916.87,321.752
9205.4,-3918.67,323.522
9209.61,-3920.47,325.288
9213.84,-3922.27,327.055
9218.06,-3924.07,328.936
9222.28,-3925.87,330.818
9226.49,-3927.67,332.693
9230.71,-3929.47,334.571
9234.96,-3931.27,336.439
9239.24,-3933.07,338.319
9243.47,-3934.87,340.17
9247.69,-3936.67,341.863
9251.91,-3938.47,343.555
9256.13,-3940.27,345.237
9260.35,-3942.07,346.915
9264.57,-3943.87,348.542
9268.79,-3945.67,350.153
9273.01,-3947.47,351.739
9277.26,-3949.27,353.337
9281.48,-3951.07,354.84
9285.69,-3952.87,356.149
9289.91,-3954.67,357.003
9294.13,-3956.47,356.981
9298.35,-3958.27,356.095
9302.57,-3960.07,354.765
9306.79,-3961.87,353.204
9311,-3963.67,351.554
9315.22,-3965.47,349.855
9319.44,-3967.27,348.134
9323.66,-3969.07,346.362
9327.88,-3970.88,344.58
9332.13,-3972.68,342.776
9336.35,-3974.48,340.98
9340.59,-3976.28,339.132
9344.93,-3978.08,337.235
9349.23,-3979.88,335.345
9353.46,-3981.68,333.467
9357.68,-3983.48,331.594
9361.91,-3985.28,329.717
9366.12,-3987.08,327.842
9370.34,-3988.88,325.979
9374.57,-3990.68,324.113
9378.82,-3992.48,322.232
9383.04,-3994.28,320.522
9387.26,-3996.08,318.814
9391.48,-3997.88,317.103
9395.7,-3999.68,315.395
9399.92,-4001.48,313.685
9404.14,-4003.28,311.973
9408.35,-4005.08,310.264
9412.58,-4006.88,308.516
9416.79,-4008.68,306.77
9421.01,-4010.48,305.026
9425.23,-4012.28,303.278
9429.45,-4014.08,301.501
9433.7,-4015.88,299.708
9437.92,-4017.68,297.93
9442.14,-4019.48,296.15
9446.36,-4021.28,294.375
9450.58,-4023.08,292.599
9454.8,-4024.88,290.821
9459.01,-4026.68,288.948
9463.24,-4028.48,287.074
9467.45,-4030.28,285.2
9471.68,-4032.08,283.324
9475.89,-4033.88,281.399
9480.14,-4035.68,279.461
9484.36,-4037.48,277.534
9488.58,-4039.28,275.659
9492.8,-4041.08,273.781
9497.01,-4042.88,271.906
9501.27,-4044.68,270.016
9505.48,-4046.48,268.134
9509.7,-4048.28,266.25
9513.92,-4050.08,264.365
9518.14,-4051.88,262.746
9522.36,-4053.68,261.128
9526.58,-4055.48,259.511
9530.79,-4057.28,257.893
9535.05,-4059.08,256.198
9539.26,-4060.88,254.516
9543.49,-4062.68,252.832
9547.71,-4064.48,250.999
9551.93,-4066.28,249.162
9556.15,-4068.08,247.329
9560.36,-4069.88,245.495
9564.59,-4071.68,243.7
9568.81,-4073.48,241.904
9573.03,-4075.28,240.108
9577.25,-4077.08,238.289
9581.5,-4078.88,236.454
9585.72,-4080.68,234.634
9589.94,-4082.48,232.815
9594.16,-4084.28,230.967
9598.37,-4086.08,229.123
9602.59,-4087.88,227.275
9606.81,-4089.68,225.371
9611.03,-4091.48,223.467
9615.25,-4093.28,221.562
9619.46,-4095.08,219.657
9623.68,-4096.88,217.916
9627.91,-4098.68,216.175
9632.16,-4100.48,214.42
9636.38,-4102.28,212.68
9640.6,-4104.08,210.779
9644.82,-4105.88,208.877
9649.04,-4107.68,206.976
9653.26,-4109.48,205.169
9657.48,-4111.28,203.361
9661.7,-4113.08,201.553
9665.92,-4114.88,199.746
9670.13,-4116.68,198.084
9674.35,-4118.48,196.419
9678.57,-4120.28,194.755
9682.82,-4122.08,192.946
9687.04,-4123.88,191.149
9691.3,-4125.68,189.335
9695.51,-4127.48,187.54
9699.73,-4129.27,185.763
9703.95,-4131.07,183.982
9708.17,-4132.87,182.204
9712.39,-4134.67,180.39
9716.6,-4136.47,178.578
9720.82,-4138.27,176.764
9725.04,-4140.07,174.948
9729.26,-4141.87,173.069
9733.51,-4143.67,171.176
9737.73,-4145.47,169.297
9741.95,-4147.27,167.417
9746.17,-4149.07,165.522
9750.39,-4150.87,163.628
9754.6,-4152.67,161.733
9758.82,-4154.47,159.88
9763.04,-4156.27,158.025
9767.26,-4158.07,156.173
9771.48,-4159.87,154.318
9775.7,-4161.67,152.559
9779.91,-4163.47,150.8
9784.16,-4165.27,149.03
9788.38,-4167.07,147.33
9792.6,-4168.87,145.628
9796.81,-4170.67,143.93
9801.03,-4172.47,142.231
9805.25,-4174.27,140.524
9809.47,-4176.07,138.819
9813.69,-4177.87,137.112
9817.9,-4179.67,135.302
9822.12,-4181.47,133.491
9826.34,-4183.27,131.681
9830.56,-4185.07,129.872
9834.81,-4186.87,128.003
9839.03,-4188.67,126.15
9843.25,-4190.47,124.296
9847.47,-4192.27,122.45
9851.69,-4194.07,120.602
9855.91,-4195.87,118.755
9860.13,-4197.67,116.911
9864.35,-4199.47,115.054
9868.57,-4201.27,113.199
9872.79,-4203.07,111.343
9877,-4204.87,109.525
9881.24,-4206.67,107.694
9885.49,-4208.47,105.859
9889.71,-4210.27,104.038
9893.94,-4212.07,102.179
9898.15,-4213.87,100.323
9902.37,-4215.67,98.465
9906.59,-4217.47,96.6082
9910.81,-4219.27,94.8544
9915.03,-4221.06,93.0989
9919.24,-4222.86,91.3467
9923.47,-4224.66,89.6054
9927.68,-4226.46,87.8686
9931.91,-4228.26,86.1261
9936.22,-4230.06,84.351
9940.43,-4231.86,82.5652
9944.66,-4233.66,80.7773
9948.88,-4235.46,78.9915
9953.1,-4237.26,77.2386
9957.32,-4239.06,75.4877
9961.54,-4240.86,73.7353
9965.75,-4242.66,71.9869
9969.97,-4244.46,70.2209
9974.19,-4246.26,68.4546
9978.41,-4248.06,66.6901
9982.63,-4249.86,64.6232
9986.88,-4251.66,62.5455
9991.09,-4253.46,60.4825
9995.32,-4255.26,58.4206
9999.54,-4257.06,56.2341
10003.8,-4258.86,54.0481
10008,-4260.66,51.8623
10012.2,-4262.46,49.6779
10016.4,-4264.26,48.0599
10020.6,-4266.06,46.4422
10024.9,-4267.86,44.8225
10029.1,-4269.66,43.0847
10033.3,-4271.46,41.3366
10037.5,-4273.26,39.6041
10041.8,-4275.06,37.8724
10046,-4276.86,36.3965
10050.2,-4278.66,34.9219
10054.4,-4280.46,33.4466
10058.6,-4282.26,31.6418
10062.8,-4284.06,29.8331
10067.1,-4285.86,28.0153
10071.3,-4287.66,26.2064
10075.5,-4289.46,24.5807
10079.8,-4291.26,22.956
10084,-4293.06,21.3291
10088.2,-4294.86,19.7004
10092.4,-4296.66,18.0819
10096.7,-4298.46,16.4672
10100.9,-4300.26,14.8554
10105.1,-4302.06,13.2234
10109.3,-4303.86,11.5979
10113.5,-4305.66,9.97698
10117.7,-4307.46,7.9539
10122,-4309.26,5.95907
10126.2,-4311.06,4.04627
10130.4,-4312.85,2.40634
10134.6,-4314.65,1.90407
10138.8,-4316.45,3.03524
10143.1,-4318.25,4.7448
10147.3,-4320.05,6.59481
10151.5,-4321.85,8.336
10155.7,-4323.65,10.0975
10159.9,-4325.45,11.8755
10164.1,-4327.25,13.746
10168.4,-4329.05,15.6185
10172.6,-4330.85,17.4976
10176.8,-4332.65,19.3769
10181,-4334.45,21.239
10185.2,-4336.25,23.1065
10189.5,-4338.05,24.9849
10193.7,-4339.85,26.5698
10197.9,-4341.65,28.1552
10202.1,-4343.45,29.7399
10206.3,-4345.25,31.3246
10210.6,-4347.05,33.0072
10214.8,-4348.85,34.6911
10219,-4350.65,36.3726
10223.2,-4352.45,38.2466
10227.4,-4354.25,40.1198
10231.7,-4356.05,41.995
10235.9,-4357.85,43.8801
10240.1,-4359.65,45.6554
10244.3,-4361.45,47.4332
10248.6,-4363.25,49.2088
10252.8,-4365.05,51.0448
10257,-4366.85,52.8769
10261.3,-4368.65,54.7333
10265.5,-4370.45,56.5694
10269.7,-4372.25,58.392
10273.9,-4374.05,60.2159
10278.1,-4375.85,62.0368
10282.4,-4377.65,63.9754
10286.6,-4379.45,65.9104
10290.8,-4381.25,67.8576
10295,-4383.05,69.7963
10299.2,-4384.85,71.643
10303.5,-4386.65,73.4927
10307.7,-4388.45,75.34
10311.9,-4390.25,77.1903
10316.1,-4392.05,78.9478
10320.3,-4393.85,80.7067
10324.6,-4395.65,82.4663
10328.8,-4397.45,84.2102
10333,-4399.25,85.9653
10337.2,-4401.05,87.708
10341.5,-4402.85,89.453
10345.7,-4404.65,91.2049
10349.9,-4406.44,92.9585
10354.1,-4408.24,94.7133
10358.3,-4410.04,96.4834
10362.5,-4411.84,98.2548
10366.8,-4413.64,100.023
10371,-4415.44,101.796
10375.2,-4417.24,103.673
10379.4,-4419.04,105.55
10383.6,-4420.84,107.428
10387.8,-4422.64,109.257
10392.1,-4424.44,111.101
10396.3,-4426.24,112.928
10400.5,-4428.04,114.757
10404.7,-4429.84,116.538
10409,-4431.64,118.32
10413.2,-4433.44,120.102
10417.4,-4435.24,122.029
10421.6,-4437.04,123.957
10425.8,-4438.84,125.884
10430,-4440.64,127.813
10434.3,-4442.44,129.749
10438.5,-4444.24,131.671
10442.7,-4446.04,133.596
10447,-4447.84,135.517
10451.2,-4449.64,137.352
10455.4,-4451.44,139.188
10459.6,-4453.24,141.021
10463.8,-4455.04,142.736
10468.1,-4456.84,144.447
10472.3,-4458.64,146.16
10476.5,-4460.44,147.869
10480.7,-4462.24,149.601
10484.9,-4464.04,151.335
10489.2,-4465.84,153.078
10493.4,-4467.64,154.809
10497.6,-4469.44,156.527
10501.9,-4471.24,158.25
10506.1,-4473.04,159.968
10510.3,-4474.84,161.812
10514.5,-4476.64,163.657
10518.7,-4478.44,165.502
10522.9,-4480.24,167.35
10527.2,-4482.04,169.069
10531.4,-4483.84,170.791
10535.6,-4485.64,172.521
10539.8,-4487.44,174.386
10544.1,-4489.24,176.251
10548.3,-4491.04,178.112
10552.5,-4492.84,180.021
10556.7,-4494.64,181.93
10560.9,-4496.44,183.839
10565.1,-4498.23,185.749
10569.4,-4500.03,187.641
10573.6,-4501.83,189.536
10577.8,-4503.63,191.428
10582,-4505.43,193.322
10586.2,-4507.23,195.118
10590.4,-4509.03,196.914
10594.7,-4510.83,198.724
10598.9,-4512.63,200.438
10603.1,-4514.43,202.152
10607.3,-4516.23,203.865
10611.6,-4518.03,205.579
10615.8,-4519.83,207.292
10620,-4521.63,209.006
10624.2,-4523.43,210.722
10628.4,-4525.23,212.492
10632.6,-4527.03,214.266
10636.9,-4528.83,216.069
10641.2,-4530.63,217.842
10645.4,-4532.43,219.687
10649.6,-4534.23,221.532
10653.8,-4536.03,223.378
10658,-4537.83,225.283
10662.2,-4539.63,227.19
10666.5,-4541.43,229.095
10670.7,-4543.23,231.001
10674.9,-4545.03,232.874
10679.1,-4546.83,234.745
10683.3,-4548.63,236.617
10687.5,-4550.43,238.488
10691.8,-4552.23,240.296
10696,-4554.03,242.113
10700.2,-4555.83,243.92
10704.4,-4557.63,245.604
10708.7,-4559.43,247.286
10712.9,-4561.23,248.97
10717.1,-4563.03,250.66
10721.3,-4564.83,252.35
10725.5,-4566.63,254.04
10729.8,-4568.43,255.729
10734,-4570.23,257.465
10738.2,-4572.03,259.188
10742.4,-4573.83,260.912
10746.7,-4575.63,262.634
10750.9,-4577.43,264.274
10755.1,-4579.23,265.917
10759.3,-4581.03,267.558
10763.5,-4582.83,269.279
10767.7,-4584.63,270.997
10772,-4586.43,272.718
10776.2,-4588.23,274.436
10780.4,-4590.02,276.209
10784.6,-4591.82,277.982
10788.8,-4593.62,279.755
10793.1,-4595.42,281.595
10797.3,-4597.22,283.445
10801.5,-4599.02,285.286
10805.7,-4600.82,287.123
10810,-4602.62,289.041
10814.2,-4604.42,290.961
10818.4,-4606.22,292.878
10822.6,-4608.02,294.795
10826.8,-4609.82,296.786
10831,-4611.62,298.776
10835.3,-4613.42,300.779
10839.5,-4615.22,302.794
10843.8,-4617.02,304.828
10848.1,-4618.82,306.903
10852.3,-4620.62,308.923
10856.6,-4622.42,310.74
10860.8,-4624.22,312.557
10865,-4626.02,314.371
10869.2,-4627.82,315.703
10873.4,-4629.62,317.036
10877.7,-4631.42,318.366
10881.9,-4633.22,319.698
10886.1,-4635.02,321.202
10890.3,-4636.82,322.706
10894.5,-4638.62,324.211
10898.8,-4640.42,326.098
10903,-4642.22,327.97
10907.2,-4644.02,329.836
10911.5,-4645.82,331.704
10915.7,-4647.62,333.413
10919.9,-4649.42,335.12
10924.1,-4651.22,336.826
10928.3,-4653.02,338.688
10932.5,-4654.82,340.55
10936.8,-4656.62,342.418
10941,-4658.42,344.266
10945.2,-4660.22,346.092
10949.4,-4662.02,347.902
10953.7,-4663.82,349.694
10957.9,-4665.62,351.451
10962.1,-4667.42,353.171
10966.3,-4669.22,354.767
10970.5,-4671.02,356.091
10974.8,-4672.82,356.79
10979,-4674.62,356.418
10983.2,-4676.42,355.218
10987.4,-4678.22,353.646
10991.6,-4680.02,351.969
10995.8,-4681.81,350.221
11000.1,-4683.61,348.423
11004.3,-4685.41,346.726
11008.5,-4687.21,345.016
11012.8,-4689.01,343.296
11017,-4690.81,341.569
11021.2,-4692.61,339.914
11025.4,-4694.41,338.254
11029.7,-4696.21,336.564
11034,-4698.01,334.841
11038.2,-4699.81,333.13
11042.4,-4701.61,331.416
11046.6,-4703.41,329.705
11050.8,-4705.21,327.926
11055,-4707.01,326.145
11059.3,-4708.81,324.366
11063.5,-4710.61,322.585
11067.7,-4712.41,320.783
11071.9,-4714.21,318.98
11076.1,-4716.01,317.179
11080.4,-4717.81,315.341
11084.6,-4719.61,313.499
11088.8,-4721.41,311.659
11093,-4723.21,309.689
11097.2,-4725.01,307.72
11101.5,-4726.81,305.735
11105.7,-4728.61,303.766
11109.9,-4730.41,301.865
11114.1,-4732.21,299.962
11118.3,-4734.01,298.06
11122.6,-4735.81,296.157
11126.8,-4737.61,294.318
11131,-4739.41,292.477
11135.2,-4741.21,290.623
11139.5,-4743.01,288.94
11143.7,-4744.81,287.257
11147.9,-4746.61,285.574
11152.1,-4748.41,283.892
11156.3,-4750.21,282.233
11160.6,-4752.01,280.573
11164.8,-4753.81,278.911
11169,-4755.61,277.123
11173.2,-4757.41,275.332
11177.4,-4759.21,273.542
11181.7,-4761.01,271.751
11185.9,-4762.81,270.025
11190.1,-4764.61,268.297
11194.3,-4766.41,266.569
11198.5,-4768.21,264.888
11202.8,-4770.01,263.196
11207,-4771.81,261.517
11211.2,-4773.6,259.824
11215.5,-4775.4,257.991
11219.7,-4777.2,256.16
11223.9,-4779,254.329
11228.1,-4780.8,252.5
11232.3,-4782.6,250.617
11236.6,-4784.4,248.723
11240.8,-4786.2,246.842
11245,-4788,244.943
11249.2,-4789.8,243.047
11253.5,-4791.6,241.147
11257.7,-4793.4,239.25
11261.9,-4795.2,237.366
11266.1,-4797,235.484
11270.3,-4798.8,233.602
11274.5,-4800.6,231.959
11278.8,-4802.4,230.315
11283,-4804.2,228.672
11287.2,-4806,227.03
11291.4,-4807.8,225.326
11295.6,-4809.6,223.626
11299.8,-4811.4,221.923
11304.1,-4813.2,220.112
11308.3,-4815,218.315
11312.5,-4816.8,216.516
11316.8,-4818.6,214.72
11321,-4820.4,213.018
11325.2,-4822.2,211.317
11329.4,-4824,209.618
11333.6,-4825.8,207.824
11337.9,-4827.6,206.02
11342.1,-4829.4,204.226
11346.4,-4831.2,202.408
11350.6,-4833,200.539
11354.8,-4834.8,198.67
11359,-4836.6,196.802
11363.3,-4838.4,194.933
11367.5,-4840.2,192.954
11371.7,-4842,190.973
11375.9,-4843.8,188.993
11380.1,-4845.6,187.147
11384.3,-4847.4,185.299
11388.6,-4849.2,183.451
11392.8,-4851,181.602
11397,-4852.8,179.798
11401.2,-4854.6,177.979
11405.5,-4856.4,176.16
11409.7,-4858.2,174.423
11413.9,-4860,172.685
11418.1,-4861.8,170.95
11422.4,-4863.6,169.213
11426.6,-4865.4,167.498
11430.8,-4867.19,165.779
11435,-4868.99,164.048
11439.3,-4870.79,162.318
11443.5,-4872.59,160.588
11447.7,-4874.39,158.86
11451.9,-4876.19,157.129
11456.1,-4877.99,155.34
11460.3,-4879.79,153.551
11464.6,-4881.59,151.76
11468.8,-4883.39,149.909
11473,-4885.19,148.057
11477.2,-4886.99,146.206
11481.4,-4888.79,144.352
11485.7,-4890.59,142.463
11489.9,-4892.39,140.573
11494.1,-4894.19,138.68
11498.3,-4895.99,136.79
11502.5,-4897.79,134.876
11506.8,-4899.59,132.953
11511,-4901.39,131.042
11515.2,-4903.19,129.177
11519.4,-4904.99,127.316
11523.6,-4906.79,125.45
11527.9,-4908.59,123.702
11532.1,-4910.39,121.948
11536.3,-4912.19,120.187
11540.6,-4913.99,118.437
11544.8,-4915.79,116.73
11549,-4917.59,115.027
11553.2,-4919.39,113.321
11557.4,-4921.19,111.618
11561.7,-4922.99,109.913
11565.9,-4924.79,108.209
11570.1,-4926.59,106.504
11574.3,-4928.39,104.732
11578.5,-4930.19,102.962
11582.7,-4931.99,101.192
11587,-4933.79,99.4218
11591.2,-4935.59,97.6306
11595.4,-4937.39,95.8391
11599.6,-4939.19,94.0496
11603.8,-4940.99,92.2165
11608.1,-4942.79,90.3754
11612.3,-4944.59,88.5437
11616.5,-4946.39,86.7157
11620.7,-4948.19,84.8411
11625,-4949.99,82.9604
11629.2,-4951.79,81.0837
11633.4,-4953.59,79.2056
11637.7,-4955.39,77.2356
11641.9,-4957.19,75.2766
11646.1,-4958.98,73.3198
11650.3,-4960.78,71.4347
11654.5,-4962.58,69.5475
11658.8,-4964.38,67.6625
11663,-4966.18,65.774
11667.2,-4967.98,63.9685
11671.4,-4969.78,62.1609
11675.6,-4971.58,60.3579
11679.9,-4973.38,58.8055
11684.1,-4975.18,57.2509
11688.3,-4976.98,55.7021
11692.5,-4978.78,54.1501
11696.7,-4980.58,52.5746
11700.9,-4982.38,50.9994
11705.2,-4984.18,49.4224
11709.4,-4985.98,47.5368
11713.6,-4987.78,45.6607
11717.9,-4989.58,43.7883
11722.1,-4991.38,41.9161
11726.3,-4993.18,39.9561
11730.5,-4994.98,37.9972
11734.7,-4996.78,36.0365
11739,-4998.58,34.0709
11743.2,-5000.38,32.1185
11747.4,-5002.18,30.1701
11751.6,-5003.98,28.2216
11755.9,-5005.78,26.3405
11760.1,-5007.58,24.4604
11764.3,-5009.38,22.5813
11768.5,-5011.18,20.6448
11772.7,-5012.98,18.7111
11776.9,-5014.78,16.7841
11781.2,-5016.58,14.863
11785.4,-5018.38,12.9901
11789.6,-5020.18,11.123
11793.8,-5021.98,9.26184
11798,-5023.78,7.41659
11802.2,-5025.58,5.69061
11806.5,-5027.38,4.05767
11810.7,-5029.18,2.6823
11814.9,-5030.98,2.17645
11819.2,-5032.78,2.97402
11823.4,-5034.58,4.41187
11827.6,-5036.38,6.0497
11831.8,-5038.18,7.55584
11836.1,-5039.98,9.10631
11840.3,-5041.78,10.6693
11844.5,-5043.58,12.2834
11848.7,-5045.38,13.9058
11852.9,-5047.18,15.5361
11857.2,-5048.98,17.1683
11861.4,-5050.77,18.8476
11865.6,-5052.57,20.5284
11869.8,-5054.37,22.2103
11874,-5056.17,23.9885
11878.2,-5057.97,25.766
11882.5,-5059.77,27.5477
11886.7,-5061.57,29.3274
11890.9,-5063.37,31.2153
11895.1,-5065.17,33.1047
11899.3,-5066.97,34.9935
11903.5,-5068.77,36.9351
11907.8,-5070.57,38.8756
11912,-5072.37,40.8286
11916.2,-5074.17,42.7682
11920.4,-5075.97,44.5451
11924.7,-5077.77,46.3244
11928.9,-5079.57,48.1012
11933.2,-5081.37,49.909
11937.4,-5083.17,51.6622
11941.6,-5084.97,53.4043
11945.8,-5086.77,55.1445
11950.1,-5088.57,56.911
11954.3,-5090.37,58.6775
11958.5,-5092.17,60.4428
11962.7,-5093.97,62.2114
11966.9,-5095.77,63.9693
11971.2,-5097.57,65.7285
11975.4,-5099.37,67.4881
11979.6,-5101.17,69.2356
11983.8,-5102.97,70.9872
11988,-5104.77,72.7348
11992.2,-5106.57,74.484
11996.5,-5108.37,76.2139
12000.7,-5110.17,77.9436
12004.9,-5111.97,79.6764
12009.1,-5113.77,81.4066
12013.4,-5115.57,83.3077
12017.6,-5117.37,85.1963
12021.8,-5119.17,87.087
12026,-5120.97,88.8729
12030.2,-5122.77,90.6593
12034.5,-5124.57,92.4499
12038.7,-5126.37,94.2707
12042.9,-5128.17,96.0831
12047.2,-5129.97,97.8926
12051.4,-5131.77,99.7269
12055.6,-5133.57,101.638
12059.9,-5135.37,103.549
12064.1,-5137.17,105.463
12068.3,-5138.97,107.374
12072.5,-5140.77,109.274
12076.7,-5142.56,111.172
12081,-5144.36,113.071
12085.2,-5146.16,114.728
12089.4,-5147.96,116.382
12093.6,-5149.76,118.037
12097.8,-5151.56,119.691
12102,-5153.36,121.31
12106.3,-5155.16,122.927
12110.5,-5156.96,124.545
12114.7,-5158.76,126.319
12118.9,-5160.56,128.081
12123.2,-5162.36,129.843
12127.4,-5164.16,131.602
12131.6,-5165.96,133.317
12135.8,-5167.76,135.043
12140.1,-5169.56,136.756
12144.3,-5171.36,138.471
12148.5,-5173.16,140.288
12152.7,-5174.96,142.106
12156.9,-5176.76,143.923
12161.2,-5178.56,145.773
12165.4,-5180.36,147.624
12169.6,-5182.16,149.474
12173.8,-5183.96,151.325
12178,-5185.76,153.339
12182.3,-5187.56,155.356
12186.5,-5189.36,157.369
12190.7,-5191.16,159.17
12194.9,-5192.96,160.975
12199.1,-5194.76,162.775
12203.3,-5196.56,164.579
12207.6,-5198.36,166.257
12211.8,-5200.16,167.936
12216,-5201.96,169.621
12220.2,-5203.76,171.353
12224.5,-5205.56,173.086
12228.7,-5207.36,174.818
12232.9,-5209.16,176.552
12237.2,-5210.96,178.315
12241.4,-5212.76,180.068
12245.6,-5214.56,181.819
12249.8,-5216.36,183.59
12254,-5218.16,185.364
12258.2,-5219.96,187.135
12262.5,-5221.76,188.909
12266.7,-5223.56,190.754
12270.9,-5225.36,192.599
12275.1,-5227.16,194.445
12279.3,-5228.96,196.323
12283.5,-5230.76,198.201
12287.8,-5232.56,200.078
12292,-5234.35,201.957
12296.2,-5236.15,203.827
12300.4,-5237.95,205.698
12304.6,-5239.75,207.568
12308.9,-5241.55,209.437
12313.1,-5243.35,211.29
12317.3,-5245.15,213.15
12321.5,-5246.95,215.001
12325.8,-5248.75,216.811
12330,-5250.55,218.624
12334.2,-5252.35,220.437
12338.4,-5254.15,222.262
12342.7,-5255.95,224.022
12347,-5257.75,225.826
12351.4,-5259.55,227.644
12355.6,-5261.35,229.338
12359.8,-5263.15,231.035
12364,-5264.95,232.732
12368.3,-5266.75,234.426
12372.5,-5268.55,236.202
12376.7,-5270.35,237.976
12380.9,-5272.15,239.753
12385.1,-5273.95,241.51
12389.4,-5275.75,243.264
12393.6,-5277.55,245.02
12397.8,-5279.35,246.775
12402,-5281.15,248.642
12406.2,-5282.95,250.505
12410.4,-5284.75,252.37
12414.7,-5286.55,254.174
12418.9,-5288.35,255.992
12423.1,-5290.15,257.796
12427.4,-5291.95,259.597
12431.6,-5293.75,261.49
12435.8,-5295.55,263.382
12440,-5297.35,265.287
12444.3,-5299.15,267.121
12448.5,-5300.95,268.952
12452.7,-5302.75,270.785
12456.9,-5304.55,272.617
12461.1,-5306.35,274.439
12465.4,-5308.15,276.259
12469.6,-5309.95,278.083
12473.8,-5311.75,279.911
12478,-5313.55,281.757
12482.2,-5315.35,283.605
12486.5,-5317.15,285.45
12490.7,-5318.95,287.199
12494.9,-5320.75,288.95
12499.1,-5322.55,290.698
12503.3,-5324.35,292.448
12507.6,-5326.15,294.092
12511.8,-5327.94,295.739
12516,-5329.74,297.384
12520.3,-5331.54,299.071
12524.5,-5333.34,300.744
12528.7,-5335.14,302.416
12532.9,-5336.94,304.09
12537.2,-5338.74,305.89
12541.4,-5340.54,307.68
12545.6,-5342.34,309.463
12549.8,-5344.14,311.25
12554.1,-5345.94,313.322
12558.3,-5347.74,315.389
12562.5,-5349.54,317.458
12566.7,-5351.34,319.434
12570.9,-5353.14,321.411
12575.1,-5354.94,323.387
12579.4,-5356.74,325.072
12583.6,-5358.54,326.761
12587.8,-5360.34,328.447
12592,-5362.14,330.132
12596.2,-5363.94,331.974
12600.5,-5365.74,333.818
12604.7,-5367.54,335.662
12608.9,-5369.34,337.504
12613.1,-5371.14,339.417
12617.3,-5372.94,341.326
12621.6,-5374.74,343.251
12625.8,-5376.54,344.935
12630,-5378.34,346.613
12634.3,-5380.14,348.316
12638.6,-5381.94,349.99
12642.8,-5383.74,351.617
12647,-5385.54,353.216
12651.3,-5387.34,354.782
12655.5,-5389.14,356.278
12659.7,-5390.94,357.422
12663.9,-5392.74,357.637
12668.1,-5394.54,356.733
12672.4,-5396.34,355.286
12676.6,-5398.14,353.663
12680.8,-5399.94,351.969
12685,-5401.74,350.234
12689.2,-5403.54,348.48
12693.5,-5405.34,346.713
12697.7,-5407.14,344.938
12701.9,-5408.94,343.201
12706.1,-5410.74,341.463
12710.3,-5412.54,339.719
12714.5,-5414.34,337.817
12718.8,-5416.14,335.914
12723,-5417.94,333.996
12727.2,-5419.73,332.092
12731.4,-5421.53,330.098
12735.7,-5423.33,328.105
12739.9,-5425.13,326.095
12744.1,-5426.93,324.098
12748.4,-5428.73,322.241
12752.6,-5430.53,320.357
12756.8,-5432.33,318.5
12761.1,-5434.13,316.856
12765.3,-5435.93,315.211
12769.5,-5437.73,313.567
12773.7,-5439.53,311.92
12777.9,-5441.33,310.23
12782.2,-5443.13,308.539
12786.4,-5444.93,306.85
12790.6,-5446.73,305.098
12794.8,-5448.53,303.341
12799,-5450.33,301.587
12803.3,-5452.13,299.832
12807.5,-5453.93,298.153
12811.7,-5455.73,296.471
12815.9,-5457.53,294.79
12820.1,-5459.33,292.947
12824.4,-5461.13,291.089
12828.6,-5462.93,289.244
12832.8,-5464.73,287.396
12837.1,-5466.53,285.522
12841.3,-5468.33,283.657
12845.5,-5470.13,281.797
12849.7,-5471.93,279.928
12854,-5473.73,278.054
12858.2,-5475.53,276.184
12862.4,-5477.33,274.312
12866.6,-5479.13,272.501
12870.8,-5480.93,270.686
12875.1,-5482.73,268.871
12879.3,-5484.53,266.986
12883.5,-5486.33,265.098
12887.7,-5488.13,263.213
12891.9,-5489.93,261.324
12896.2,-5491.73,259.562
12900.4,-5493.53,257.8
12904.6,-5495.33,256.035
12908.8,-5497.13,254.271
12913,-5498.93,252.603
12917.3,-5500.73,250.938
12921.5,-5502.53,249.27
12925.7,-5504.33,247.533
12929.9,-5506.13,245.805
12934.2,-5507.93,244.074
12938.4,-5509.73,242.336
12942.6,-5511.52,240.559
12946.8,-5513.32,238.785
12951.1,-5515.12,237.009
12955.3,-5516.92,235.197
12959.5,-5518.72,233.384
12963.7,-5520.52,231.572
12968,-5522.32,229.76
12972.2,-5524.12,227.921
12976.4,-5525.92,226.085
12980.6,-5527.72,224.247
12984.8,-5529.52,222.406
12989,-5531.32,220.446
12993.3,-5533.12,218.487
12997.5,-5534.92,216.529
13001.7,-5536.72,214.789
13005.9,-5538.52,213.051
13010.1,-5540.32,211.313
13014.4,-5542.12,209.425
13018.6,-5543.92,207.538
13022.8,-5545.72,205.649
13027,-5547.52,203.752
13031.3,-5549.32,202.051
13035.5,-5551.12,200.367
13039.8,-5552.92,198.671
13044,-5554.72,196.984
13048.2,-5556.52,195.301
13052.4,-5558.32,193.616
13056.6,-5560.12,191.934
13060.8,-5561.92,190.153
13065.1,-5563.72,188.371
13069.3,-5565.52,186.591
13073.5,-5567.32,184.808
13077.7,-5569.12,182.908
13081.9,-5570.92,181.006
13086.2,-5572.72,179.109
13090.4,-5574.52,177.22
13094.6,-5576.32,175.329
13098.8,-5578.12,173.439
13103,-5579.92,171.547
13107.2,-5581.72,169.667
13111.5,-5583.52,167.782
13115.7,-5585.32,165.9
13119.9,-5587.12,164.031
13124.1,-5588.92,162.164
13128.4,-5590.72,160.284
13132.6,-5592.52,158.414
13136.8,-5594.32,156.623
13141,-5596.12,154.819
13145.3,-5597.92,153.024
13149.5,-5599.72,151.234
13153.7,-5601.52,149.484
13157.9,-5603.31,147.737
13162.1,-5605.11,145.987
13166.4,-5606.91,144.232
13170.6,-5608.71,142.475
13174.8,-5610.51,140.717
13179,-5612.31,138.962
13183.2,-5614.11,137.238
13187.5,-5615.91,135.514
13191.7,-5617.71,133.789
13195.9,-5619.51,132.018
13200.1,-5621.31,130.247
13204.3,-5623.11,128.474
13208.6,-5624.91,126.704
13212.8,-5626.71,124.87
13217,-5628.51,123.04
13221.2,-5630.31,121.198
13225.4,-5632.11,119.338
13229.7,-5633.91,117.467
13233.9,-5635.71,115.606
13238.2,-5637.51,113.735
13242.4,-5639.31,111.855
13246.6,-5641.11,109.98
13250.8,-5642.91,108.104
13255,-5644.71,106.257
13259.3,-5646.51,104.412
13263.5,-5648.31,102.567
13267.7,-5650.11,100.722
13271.9,-5651.91,98.8548
13276.1,-5653.71,96.9904
13280.3,-5655.51,95.1247
13284.6,-5657.31,93.2587
13288.8,-5659.11,91.4333
13293,-5660.91,89.6067
13297.2,-5662.71,87.7835
13301.4,-5664.51,86.0235
13305.7,-5666.31,84.2659
13309.9,-5668.11,82.51
13314.1,-5669.91,80.75
13318.3,-5671.71,78.982
13322.5,-5673.51,77.2117
13326.7,-5675.31,75.4443
13331,-5677.11,73.6342
13335.2,-5678.91,71.833
13339.5,-5680.71,70.0223
13343.7,-5682.51,68.2225
13347.9,-5684.31,66.4824
13352.1,-5686.11,64.7403
13356.3,-5687.91,63.0025
13360.6,-5689.71,61.1403
13364.8,-5691.51,59.2766
13369,-5693.31,57.4164
13373.2,-5695.1,55.5549
13377.4,-5696.9,53.5029
13381.7,-5698.7,51.4486
13385.9,-5700.5,49.3986
13390.1,-5702.3,47.6294
13394.3,-5704.1,45.8592
13398.5,-5705.9,44.0906
13402.8,-5707.7,42.3208
13407,-5709.5,40.5157
13411.2,-5711.3,38.709
13415.4,-5713.1,36.9025
13419.6,-5714.9,35.1002
13423.8,-5716.7,33.4696
13428.1,-5718.5,31.8447
13432.3,-5720.3,30.2091
13436.5,-5722.1,28.3714
13440.8,-5723.9,26.5209
13445,-5725.7,24.6822
13449.2,-5727.5,22.8427
13453.4,-5729.3,21.2493
13457.7,-5731.1,19.6394
13461.9,-5732.9,18.0471
13466.1,-5734.7,16.3717
13470.4,-5736.5,14.7018
13474.6,-5738.3,13.0349
13478.8,-5740.1,11.379
13483,-5741.9,9.5408
13487.2,-5743.7,7.73806
13491.4,-5745.5,5.99575
13495.7,-5747.3,4.42091
13499.9,-5749.1,3.08309
13504.1,-5750.9,2.41641
13508.3,-5752.7,2.92626
13512.5,-5754.5,4.17744
13516.7,-5756.3,5.69928
13520.9,-5758.1,7.32691
13525.2,-5759.9,9.003
13529.4,-5761.7,10.8238
13533.7,-5763.5,12.7065
13537.9,-5765.3,14.5713
13542.2,-5767.1,16.3997
13546.4,-5768.9,18.2316
13550.6,-5770.7,20.0678
13554.8,-5772.5,21.9097
13559,-5774.3,23.6844
13563.3,-5776.1,25.4618
13567.5,-5777.9,27.2417
13571.7,-5779.7,29.0129
13575.9,-5781.5,30.7845
13580.1,-5783.3,32.5554
13584.3,-5785.1,34.3299
13588.6,-5786.9,36.1449
13592.8,-5788.69,37.9619
13597,-5790.49,39.7773
13601.3,-5792.29,41.5272
13605.5,-5794.09,43.2538
13609.7,-5795.89,44.9789
13613.9,-5797.69,46.7064
13618.2,-5799.49,48.414
13622.4,-5801.29,50.1232
13626.6,-5803.09,51.832
13630.8,-5804.89,53.6866
13635.1,-5806.69,55.555
13639.3,-5808.49,57.424
13643.5,-5810.29,59.2813
13647.7,-5812.09,61.1558
13652,-5813.89,63.0356
13656.2,-5815.69,64.9108
13660.4,-5817.49,66.7878
13664.6,-5819.29,68.7392
13668.8,-5821.09,70.6892
13673.1,-5822.89,72.6416
13677.3,-5824.69,74.5312
13681.5,-5826.49,76.4231
13685.7,-5828.29,78.3133
13689.9,-5830.09,80.2036
13694.2,-5831.89,81.9736
13698.4,-5833.69,83.7429
13702.6,-5835.49,85.5147
13706.8,-5837.29,87.3012
13711,-5839.09,89.0877
13715.2,-5840.89,90.8751
13719.5,-5842.69,92.6622
13723.7,-5844.49,94.4867
13727.9,-5846.29,96.2987
13732.2,-5848.09,98.1087
13736.4,-5849.89,99.8751
13740.6,-5851.69,101.654
13744.8,-5853.49,103.423
13749.1,-5855.29,105.189
13753.3,-5857.09,107.007
13757.5,-5858.89,108.823
13761.7,-5860.69,110.641
13765.9,-5862.49,112.479
13770.2,-5864.29,114.317
13774.4,-5866.09,116.158
13778.6,-5867.89,117.997
13782.8,-5869.69,119.891
13787,-5871.49,121.785
13791.3,-5873.29,123.695
13795.5,-5875.09,125.652
13799.7,-5876.89,127.611
13803.9,-5878.69,129.572
13808.1,-5880.48,131.53
13812.4,-5882.28,133.362
13816.6,-5884.08,135.183
13820.8,-5885.88,137.008
13825,-5887.68,138.831
13829.3,-5889.48,140.637
13833.5,-5891.28,142.444
13837.7,-5893.08,144.252
13842,-5894.88,146.009
13846.3,-5896.68,147.8
13850.6,-5898.48,149.582
13854.9,-5900.28,151.327
13859.1,-5902.08,153.009
13863.3,-5903.88,154.691
13867.5,-5905.68,156.373
13871.7,-5907.48,158.137
13875.9,-5909.28,159.902
13880.2,-5911.08,161.668
13884.4,-5912.88,163.434
13888.6,-5914.68,165.306
13892.8,-5916.48,167.183
13897,-5918.28,169.056
13901.3,-5920.08,170.879
13905.5,-5921.88,172.681
13909.7,-5923.68,174.485
13914,-5925.48,176.291
13918.2,-5927.28,178.092
13922.4,-5929.08,179.895
13926.6,-5930.88,181.693
13930.8,-5932.68,183.588
13935,-5934.48,185.486
13939.3,-5936.28,187.395
13943.5,-5938.08,189.292
13947.7,-5939.88,191.251
13951.9,-5941.68,193.216
13956.2,-5943.48,195.176
13960.4,-5945.28,197.136
13964.6,-5947.08,198.945
13968.9,-5948.88,200.737
13973.1,-5950.68,202.531
13977.3,-5952.48,204.156
13981.5,-5954.28,205.783
13985.7,-5956.08,207.406
13989.9,-5957.88,209.132
13994.2,-5959.68,210.861
13998.4,-5961.48,212.592
14002.6,-5963.28,214.318
14006.8,-5965.08,216.133
14011.1,-5966.88,217.95
14015.3,-5968.68,219.773
14019.8,-5970.48,221.669
14024.2,-5972.27,223.608
14028.6,-5974.07,225.494
14033,-5975.87,227.388
14037.4,-5977.67,229.089
14042,-5979.47,230.89
14046.5,-5981.27,232.646
14050.9,-5983.07,234.372
14055.5,-5984.87,236.29
14060,-5986.67,238.237
14064.4,-5988.47,240.107
14068.8,-5990.27,242.021
14073,-5992.07,243.895
14077.2,-5993.87,245.755
14081.4,-5995.67,247.509
14085.7,-5997.47,249.26
14089.9,-5999.27,251.012
14094.1,-6001.07,252.763
14098.3,-6002.87,254.401
14102.5,-6004.67,256.041
14106.8,-6006.47,257.677
14111,-6008.27,259.354
14115.2,-6010.07,261.033
14119.4,-6011.87,262.708
14123.6,-6013.67,264.385
14127.9,-6015.47,266.219
14132.1,-6017.27,268.026
14136.4,-6019.07,269.848
14140.6,-6020.87,271.653
14145.2,-6022.67,273.622
14149.4,-6024.47,275.449
14153.6,-6026.27,277.278
14157.8,-6028.07,278.955
14162,-6029.87,280.634
14166.3,-6031.67,282.336
14170.5,-6033.47,284.013
14174.8,-6035.27,285.897
14179,-6037.07,287.777
14183.2,-6038.87,289.659
14187.4,-6040.67,291.652
14191.6,-6042.47,293.647
14195.9,-6044.27,295.638
14200.2,-6046.07,297.509
14204.4,-6047.87,299.328
14208.6,-6049.67,301.143
14212.9,-6051.47,302.96
14217.1,-6053.27,304.499
14221.3,-6055.07,306.039
14225.5,-6056.87,307.574
14229.7,-6058.67,309.109
14234,-6060.47,310.619
14238.2,-6062.27,312.129
14242.4,-6064.06,313.648
14246.7,-6065.86,315.934
14250.9,-6067.66,318.218
14255.1,-6069.46,320.498
14259.3,-6071.26,322.772
14263.5,-6073.06,324.791
14267.8,-6074.86,326.811
14272,-6076.66,328.827
14276.2,-6078.46,330.31
14280.4,-6080.26,331.793
14284.6,-6082.06,333.276
14288.9,-6083.86,334.757
14293.1,-6085.66,336.624
14297.3,-6087.46,338.488
14301.5,-6089.26,340.349
14305.7,-6091.06,342.201
14310.2,-6092.86,344.203
14314.5,-6094.66,346.072
14318.7,-6096.46,347.929
14322.9,-6098.26,349.841
14327.1,-6100.06,351.729
14331.3,-6101.86,353.574
14335.6,-6103.66,355.068
14339.8,-6105.46,356.411
14344.1,-6107.26,357.332
14348.3,-6109.06,357.349
14352.5,-6110.86,356.51
14356.7,-6112.66,355.248
14360.9,-6114.46,353.815
14365.3,-6116.26,352.211
14369.5,-6118.06,350.628
14373.8,-6119.86,349.024
14378,-6121.66,347.409
14382.2,-6123.46,345.647
14386.4,-6125.26,343.882
14390.6,-6127.06,342.114
14394.9,-6128.86,340.341
14399.1,-6130.66,338.454
14403.3,-6132.46,336.563
14407.5,-6134.26,334.675
14411.9,-6136.06,332.816
14416.1,-6137.86,331.016
14420.3,-6139.66,329.216
14424.5,-6141.46,327.414
14428.8,-6143.26,325.773
14433,-6145.06,324.129
14437.2,-6146.86,322.486
14441.4,-6148.66,320.446
14445.7,-6150.46,318.393
14449.9,-6152.26,316.354
14454.1,-6154.06,314.314
14458.3,-6155.85,312.342
14462.6,-6157.65,310.366
14466.8,-6159.45,308.393
14471.2,-6161.25,306.672
14475.4,-6163.05,305.031
14479.6,-6164.85,303.392
14483.9,-6166.65,301.751
14488.1,-6168.45,300.255
14492.3,-6170.25,298.759
14496.5,-6172.05,297.265
14500.7,-6173.85,295.496
14505,-6175.65,293.722
14509.2,-6177.45,291.948
14513.4,-6179.25,290.176
14517.6,-6181.05,288.348
14521.9,-6182.85,286.515
14526.1,-6184.65,284.686
14530.5,-6186.45,282.887
14534.7,-6188.25,281.15
14538.9,-6190.05,279.414
14543.2,-6191.85,277.665
14547.6,-6193.65,275.792
14551.9,-6195.45,274.032
14556.1,-6197.25,272.276
14560.3,-6199.05,270.519
14564.5,-6200.85,268.87
14568.8,-6202.65,267.223
14573,-6204.45,265.574
14577.2,-6206.25,263.485
14581.4,-6208.05,261.394
14585.6,-6209.85,259.305
14589.8,-6211.65,257.217
14594.1,-6213.45,255.242
14598.3,-6215.25,253.27
14602.5,-6217.05,251.296
14606.7,-6218.85,249.608
14610.9,-6220.65,247.918
14615.2,-6222.45,246.228
14619.4,-6224.25,244.54
14623.6,-6226.05,242.965
14627.8,-6227.85,241.39
14632,-6229.65,239.813
14636.3,-6231.45,238.057
14640.6,-6233.25,236.316
14644.8,-6235.05,234.573
14649,-6236.85,232.843
14653.5,-6238.65,231.132
14657.7,-6240.45,229.521
14662,-6242.25,227.906
14666.2,-6244.05,226.296
14670.4,-6245.85,224.489
14674.6,-6247.65,222.681
14678.8,-6249.44,220.874
14683.1,-6251.24,218.969
14687.3,-6253.04,217.066
14691.5,-6254.84,215.163
14695.7,-6256.64,213.263
14699.9,-6258.44,211.545
14704.2,-6260.24,209.826
14708.4,-6262.04,208.109
14712.8,-6263.84,205.983
14717,-6265.64,203.946
14721.2,-6267.44,201.888
14725.5,-6269.24,199.847
14730,-6271.04,197.877
14734.2,-6272.84,196.031
14738.4,-6274.64,194.184
14742.7,-6276.44,192.665
14746.9,-6278.24,191.147
14751.1,-6280.04,189.64
14755.3,-6281.84,188.13
14759.6,-6283.64,186.414
14763.8,-6285.44,184.696
14768,-6287.24,182.98
14772.2,-6289.04,181.137
14776.4,-6290.84,179.294
14780.7,-6292.64,177.452
14784.9,-6294.44,175.609
14789.1,-6296.24,173.871
14793.3,-6298.04,172.132
14797.5,-6299.84,170.395
14801.8,-6301.64,168.626
14806,-6303.44,166.86
14810.2,-6305.24,165.094
14814.4,-6307.04,163.328
14818.6,-6308.84,161.474
14822.8,-6310.64,159.616
14827.1,-6312.44,157.75
14831.3,-6314.24,155.894
14835.5,-6316.04,153.987
14839.7,-6317.84,152.078
14844,-6319.64,150.143
14848.2,-6321.44,148.253
14852.5,-6323.24,146.36
14856.7,-6325.04,144.472
14860.9,-6326.84,142.694
14865.1,-6328.64,140.915
14869.4,-6330.44,139.119
14873.6,-6332.24,137.342
14877.8,-6334.04,135.626
14882.1,-6335.84,133.908
14886.3,-6337.64,132.195
14890.5,-6339.44,130.481
14894.7,-6341.23,128.742
14898.9,-6343.03,127.004
14903.1,-6344.83,125.267
14907.4,-6346.63,123.518
14911.6,-6348.43,121.763
14915.8,-6350.23,120.015
14920,-6352.03,118.267
14924.2,-6353.83,116.454
14928.4,-6355.63,114.641
14932.7,-6357.43,112.826
14936.9,-6359.23,111.021
14941.1,-6361.03,109.217
14945.4,-6362.83,107.386
14949.6,-6364.63,105.581
14953.8,-6366.43,103.691
14958,-6368.23,101.802
14962.3,-6370.03,99.9135
14966.6,-6371.83,97.9584
14970.8,-6373.63,96.045
14975,-6375.43,94.1312
14979.2,-6377.23,92.2216
14983.5,-6379.03,90.4842
14987.7,-6380.83,88.7494
14991.9,-6382.63,87.0111
14996.1,-6384.43,85.1899
15000.3,-6386.23,83.3659
15004.6,-6388.03,81.5404
15008.8,-6389.83,79.7187
15013,-6391.63,77.961
15017.2,-6393.43,76.2017
15021.4,-6395.23,74.4437
15025.7,-6397.03,72.6885
15029.9,-6398.83,70.9423
15034.1,-6400.63,69.1917
15038.3,-6402.43,67.4453
15042.5,-6404.23,65.7899
15046.8,-6406.03,64.1144
15051,-6407.83,62.4592
15055.2,-6409.63,60.8054
15059.5,-6411.43,59.1803
15063.7,-6413.23,57.5524
15067.9,-6415.03,55.9272
15072.1,-6416.83,53.6743
15076.3,-6418.63,51.4253
15080.6,-6420.43,49.1769
15084.8,-6422.23,46.9305
15089,-6424.03,45.1236
15093.2,-6425.83,43.3156
15097.4,-6427.63,41.5106
15101.7,-6429.43,39.7671
15105.9,-6431.23,38.0252
15110.1,-6433.02,36.2866
15114.3,-6434.82,34.5471
15118.7,-6436.62,32.5147
15122.9,-6438.42,30.5446
15127.1,-6440.22,28.5812
15131.3,-6442.02,26.6249
15135.5,-6443.82,24.888
15139.8,-6445.62,23.1504
15144,-6447.42,21.403
15148.3,-6449.22,19.605
15152.5,-6451.02,17.8213
15156.7,-6452.82,16.0455
15160.9,-6454.62,14.4436
15165.1,-6456.42,12.8553
15169.4,-6458.22,11.29
15173.6,-6460.02,9.7545
15177.9,-6461.82,8.01922
15182.1,-6463.62,6.4358
15186.3,-6465.42,5.06222
15190.5,-6467.22,4.11133
15194.8,-6469.02,3.84753
15199,-6470.82,4.30736
15203.2,-6472.62,5.30745
15207.4,-6474.42,6.68996
15211.6,-6476.22,8.2433
15215.9,-6478.02,9.88521
15220.1,-6479.82,11.5785
15224.3,-6481.62,13.3484
15228.5,-6483.42,15.1409
15232.7,-6485.22,16.95
15236.9,-6487.02,18.7836
15241.2,-6488.82,20.6274
15245.4,-6490.62,22.4898
15249.7,-6492.42,24.3544
15253.9,-6494.22,26.1922
15258.1,-6496.02,28.0329
15262.3,-6497.82,29.8777
15266.6,-6499.62,31.6735
15270.8,-6501.42,33.459
15275,-6503.22,35.2467
15279.2,-6505.02,37.0334
15283.5,-6506.82,38.7145
15287.7,-6508.62,40.3938
15291.9,-6510.42,42.0761
15296.1,-6512.22,43.7549
15300.3,-6514.02,45.4221
15304.5,-6515.82,47.093
15308.8,-6517.62,48.7608
15313,-6519.42,50.518
15317.2,-6521.22,52.2756
15321.4,-6523.02,54.0335
15325.6,-6524.81,55.7897
15329.9,-6526.61,57.5756
15334.1,-6528.41,59.3681
15338.3,-6530.21,61.1583
15343,-6532.01,63.1456
15347.4,-6533.81,65.0429
15351.8,-6535.61,66.9366
15356,-6537.41,68.761
15360.2,-6539.21,70.3205
15364.5,-6541.01,71.8829
15368.7,-6542.81,73.4525
15373,-6544.61,75.4829
15377.2,-6546.41,77.4998
15381.4,-6548.21,79.5233
15385.7,-6550.01,81.5367
15389.9,-6551.81,83.4633
15394.1,-6553.61,85.3874
15398.4,-6555.41,87.3151
15402.6,-6557.21,88.9987
15406.8,-6559.01,90.6917
15411.1,-6560.81,92.3731
15415.3,-6562.61,94.0591
15419.5,-6564.41,95.8009
15423.7,-6566.21,97.5444
15428,-6568.01,99.291
15432.2,-6569.81,101.069
15436.4,-6571.61,102.844
15440.6,-6573.41,104.624
15444.9,-6575.21,106.405
15449.1,-6577.01,108.219
15453.4,-6578.81,110.054
15457.6,-6580.61,111.873
15461.9,-6582.41,113.691
15466.1,-6584.21,115.503
15470.3,-6586.01,117.308
15474.6,-6587.81,119.118
15478.8,-6589.61,120.946
15483,-6591.41,122.77
15487.2,-6593.21,124.589
15491.5,-6595.01,126.421
15495.7,-6596.81,128.397
15499.9,-6598.61,130.381
15504.2,-6600.41,132.359
15508.4,-6602.21,134.087
15512.6,-6604.01,135.811
15516.9,-6605.81,137.546
15521.1,-6607.61,139.271
15525.3,-6609.41,141.115
15529.5,-6611.21,142.949
15533.8,-6613.01,144.79
15538,-6614.81,146.541
15542.2,-6616.6,148.295
15546.5,-6618.4,150.062
15550.7,-6620.2,151.821
15555,-6622,153.515
15559.2,-6623.8,155.209
15563.4,-6625.6,156.897
15567.7,-6627.4,158.616
15572,-6629.2,160.363
15576.2,-6631,162.075
15580.4,-6632.8,163.791
15584.7,-6634.6,165.686
15588.9,-6636.4,167.577
15593.1,-6638.2,169.467
15597.3,-6640,171.217
15601.6,-6641.8,172.961
15605.8,-6643.6,174.71
15610,-6645.4,176.452
15614.3,-6647.2,178.364
15618.5,-6649,180.28
15622.7,-6650.8,182.198
15627,-6652.6,184.12
15631.2,-6654.4,186.025
15635.4,-6656.2,187.924
15639.7,-6658,189.824
15643.9,-6659.8,191.723
15648.1,-6661.6,193.629
15652.4,-6663.4,195.533
15656.6,-6665.2,197.328
15660.9,-6667,199.134
15665.1,-6668.8,200.937
15669.3,-6670.6,202.737
15673.6,-6672.4,204.451
15677.8,-6674.2,206.169
15682,-6676,207.885
15686.3,-6677.8,209.602
15690.5,-6679.6,211.328
15694.7,-6681.4,213.06
15699,-6683.2,214.792
15703.2,-6685,216.582
15707.4,-6686.8,218.372
15711.6,-6688.6,220.165
15715.9,-6690.4,221.952
15720.1,-6692.2,223.811
15724.3,-6694,225.67
15728.6,-6695.8,227.521
15732.8,-6697.6,229.393
15737,-6699.4,231.258
15741.3,-6701.2,233.14
15745.5,-6703,235.022
15749.8,-6704.8,236.89
15754,-6706.6,238.775
15758.2,-6708.4,240.638
15762.5,-6710.19,242.518
15766.7,-6711.99,244.394
15771,-6713.79,246.278
15775.2,-6715.59,248.15
15779.4,-6717.39,249.965
15783.6,-6719.19,251.788
15787.9,-6720.99,253.603
15792.1,-6722.79,255.428
15796.3,-6724.59,257.185
15800.6,-6726.39,258.937
15804.8,-6728.19,260.698
15809,-6729.99,262.365
15813.3,-6731.79,264.036
15817.5,-6733.59,265.703
15821.7,-6735.39,267.452
15826,-6737.19,269.191
15830.2,-6738.99,270.932
15834.4,-6740.79,272.667
15838.7,-6742.59,274.411
15843,-6744.39,276.177
15847.2,-6746.19,277.926
15851.4,-6747.99,279.67
15855.7,-6749.79,281.395
15859.9,-6751.59,283.115
15864.2,-6753.39,284.837
15868.4,-6755.19,286.694
15872.6,-6756.99,288.554
15876.9,-6758.79,290.418
15881.1,-6760.59,292.279
15885.3,-6762.39,294.106
15889.6,-6764.19,295.937
15893.8,-6765.99,297.768
15898,-6767.79,299.901
15902.3,-6769.59,302.029
15906.5,-6771.39,304.154
15910.7,-6773.19,306.287
15915,-6774.99,308.157
15919.2,-6776.79,310.014
15923.4,-6778.59,311.877
15927.7,-6780.39,313.325
15931.9,-6782.19,314.777
15936.1,-6783.99,316.221
15940.4,-6785.79,317.668
15944.6,-6787.59,319.343
15948.9,-6789.39,321.035
15953.1,-6791.19,322.706
15957.3,-6792.99,324.377
15961.5,-6794.79,325.824
15965.8,-6796.59,327.27
15970,-6798.39,328.714
15974.2,-6800.19,330.472
15978.5,-6801.98,332.224
15982.7,-6803.78,333.981
15986.9,-6805.58,335.725
15991.2,-6807.38,337.369
15995.4,-6809.18,339.004
15999.6,-6810.98,340.632
16003.9,-6812.78,342.401
16008.1,-6814.58,344.159
16012.3,-6816.38,345.894
16016.5,-6818.18,347.609
16020.8,-6819.98,349.45
16025,-6821.78,351.232
16029.2,-6823.58,352.906
16033.5,-6825.38,354.375
16037.7,-6827.18,355.473
16041.9,-6828.98,355.904
16046.2,-6830.78,355.463
16050.4,-6832.58,354.427
16054.7,-6834.38,353.048
16058.9,-6836.18,351.493
16063.1,-6837.98,349.897
16067.4,-6839.78,348.254
16071.6,-6841.58,346.574
16075.8,-6843.38,344.87
16080,-6845.18,343.336
16084.3,-6846.98,341.795
16088.5,-6848.78,340.25
16092.8,-6850.58,338.439
16097,-6852.38,336.625
16101.2,-6854.18,334.799
16105.5,-6855.98,332.979
16109.7,-6857.78,331.137
16113.9,-6859.58,329.283
16118.2,-6861.38,327.437
16122.4,-6863.18,325.583
16126.6,-6864.98,323.763
16130.9,-6866.78,321.933
16135.1,-6868.58,320.106
16139.3,-6870.38,318.169
16143.5,-6872.18,316.23
16147.8,-6873.98,314.272
16152,-6875.78,312.328
16156.2,-6877.58,310.394
16160.5,-6879.38,308.438
16164.7,-6881.18,306.496
16169,-6882.98,304.672
16173.2,-6884.78,302.851
16177.4,-6886.58,301.037
16181.7,-6888.38,299.217
16185.9,-6890.18,297.466
16190.1,-6891.98,295.718
16194.4,-6893.77,293.972
16198.6,-6895.57,292.228
16202.9,-6897.37,290.479
16207.1,-6899.17,288.734
16211.3,-6900.97,286.99
16215.6,-6902.77,285.372
16219.8,-6904.57,283.749
16224,-6906.37,282.128
16228.3,-6908.17,280.387
16232.5,-6909.97,278.642
16236.7,-6911.77,276.904
16240.9,-6913.57,275.161
16245.1,-6915.37,273.269
16249.4,-6917.17,271.369
16253.6,-6918.97,269.476
16257.9,-6920.77,267.69
16262.1,-6922.57,265.894
16266.3,-6924.37,264.104
16270.6,-6926.17,262.313
16274.8,-6927.97,260.495
16279.1,-6929.77,258.682
16283.3,-6931.57,256.875
16287.6,-6933.37,255.048
16291.8,-6935.17,253.193
16296,-6936.97,251.341
16300.3,-6938.77,249.496
16304.5,-6940.57,247.607
16308.7,-6942.37,245.712
16313,-6944.17,243.809
16317.2,-6945.97,241.971
16321.4,-6947.77,240.134
16325.7,-6949.57,238.297
16329.9,-6951.37,236.463
16334.1,-6953.17,234.7
16338.4,-6954.97,232.931
16342.6,-6956.77,231.165
16346.9,-6958.57,229.38
16351.1,-6960.37,227.615
16355.3,-6962.17,225.851
16359.6,-6963.97,224.082
16363.8,-6965.77,222.35
16368,-6967.57,220.628
16372.3,-6969.37,218.904
16376.5,-6971.17,217.19
16380.7,-6972.97,215.43
16385,-6974.77,213.661
16389.2,-6976.57,211.899
16393.4,-6978.37,210.09
16397.7,-6980.17,208.285
16401.9,-6981.97,206.475
16406.1,-6983.77,204.673
16410.3,-6985.56,202.7
16414.6,-6987.36,200.728
16418.8,-6989.16,198.751
16423,-6990.96,196.773
16427.3,-6992.76,194.798
16431.5,-6994.56,192.815
16435.7,-6996.36,190.832
16440,-6998.16,188.853
16444.2,-6999.96,186.871
16448.4,-7001.76,184.885
16452.7,-7003.56,182.907
16456.9,-7005.36,181.137
16461.1,-7007.16,179.372
16465.4,-7008.96,177.598
16469.6,-7010.76,175.933
16473.9,-7012.56,174.258
16478.1,-7014.36,172.587
16482.3,-7016.16,170.882
16486.5,-7017.96,169.178
16490.8,-7019.76,167.467
16495,-7021.56,165.759
16499.2,-7023.36,163.984
16503.5,-7025.16,162.203
16507.7,-7026.96,160.431
16511.9,-7028.76,158.648
16516.1,-7030.56,156.797
16520.4,-7032.36,154.946
16524.6,-7034.16,153.09
16528.8,-7035.96,151.119
16533,-7037.76,149.153
16537.3,-7039.56,147.189
16541.5,-7041.36,145.224
16545.7,-7043.16,143.323
16550,-7044.96,141.405
16554.2,-7046.76,139.498
16558.4,-7048.56,137.69
16562.7,-7050.36,135.874
16566.9,-7052.16,134.047
16571.2,-7053.96,132.235
16575.4,-7055.76,130.453
16579.6,-7057.56,128.664
16583.9,-7059.36,126.882
16588.1,-7061.16,125.094
16592.3,-7062.96,123.334
16596.6,-7064.76,121.569
16600.8,-7066.56,119.805
16605,-7068.36,118.066
16609.2,-7070.16,116.334
16613.5,-7071.96,114.596
16617.7,-7073.76,112.859
16622,-7075.56,111.072
16626.2,-7077.35,109.299
16630.4,-7079.15,107.525
16634.7,-7080.95,105.695
16638.9,-7082.75,103.867
16643.1,-7084.55,102.04
16647.4,-7086.35,100.203
16651.6,-7088.15,98.3293
16655.9,-7089.95,96.4412
16660.1,-7091.75,94.5654
16664.3,-7093.55,92.7078
16668.6,-7095.35,90.8332
16672.8,-7097.15,88.9707
16677,-7098.95,87.1116
16681.3,-7100.75,85.2403
16685.5,-7102.55,83.381
16689.8,-7104.35,81.5244
16694,-7106.15,79.729
16698.2,-7107.95,77.9429
16702.4,-7109.75,76.1494
16706.7,-7111.55,74.366
16710.9,-7113.35,72.5064
16715.1,-7115.15,70.652
16719.4,-7116.95,68.7943
16723.6,-7118.75,66.9409
16727.8,-7120.55,65.1908
16732.1,-7122.35,63.456
16736.3,-7124.15,61.7221
16740.5,-7125.95,60.0362
16744.8,-7127.75,58.3433
16749,-7129.55,56.6396
16753.2,-7131.35,55.0242
16757.5,-7133.15,53.4121
16761.7,-7134.95,51.7899
16765.9,-7136.75,50.174
16770.2,-7138.55,48.0549
16774.4,-7140.35,45.9363
16778.7,-7142.15,43.8241
16782.9,-7143.95,41.7129
16787.1,-7145.75,39.5031
16791.3,-7147.55,37.2977
16795.6,-7149.35,35.0923
16799.8,-7151.15,32.9147
16804,-7152.95,30.7454
16808.3,-7154.75,28.5828
16812.5,-7156.55,26.4192
16816.7,-7158.35,24.7055
16821,-7160.15,22.9909
16825.2,-7161.95,21.2865
16829.4,-7163.75,19.4642
16833.6,-7165.55,17.6431
16837.9,-7167.35,15.834
16842.1,-7169.15,14.0311
16846.5,-7170.94,12.0719
16850.9,-7172.74,10.1115
16855.1,-7174.54,8.27489
16859.8,-7176.34,6.68855
16864,-7178.14,5.36293
16868.3,-7179.94,4.2714
16872.8,-7181.74,3.58921
16877,-7183.54,3.70342
16881.2,-7185.34,4.49589
16885.4,-7187.14,5.69501
16889.9,-7188.94,7.04162
16894.2,-7190.74,8.41113
16898.4,-7192.54,9.82948
16903,-7194.34,11.2847
16907.2,-7196.14,13.0299
16911.4,-7197.94,14.6551
16915.7,-7199.74,16.2956
16920.2,-7201.54,18.1416
16924.4,-7203.34,19.8896
16928.6,-7205.14,21.639
16933.2,-7206.94,23.5472
16937.4,-7208.74,25.3218
16941.7,-7210.54,27.1036
16945.9,-7212.34,28.8831
16950.4,-7214.14,30.7975
16954.7,-7215.94,32.5895
16958.9,-7217.74,34.3757
16963.1,-7219.54,36.0222
16967.3,-7221.34,37.6737
16971.6,-7223.14,39.3384
16975.9,-7224.94,40.9948
16980.1,-7226.74,42.7273
16984.3,-7228.54,44.4564
16988.5,-7230.34,46.1876
16992.9,-7232.14,47.9714
16997.1,-7233.94,49.7195
17001.3,-7235.74,51.4738
17005.5,-7237.54,53.2189
17009.8,-7239.34,54.9537
17014,-7241.14,56.6865
17018.2,-7242.94,58.4227
17022.5,-7244.74,60.1561
17026.7,-7246.54,61.9588
17030.9,-7248.34,63.7709
17035.2,-7250.14,65.5798
17039.4,-7251.94,67.3686
17043.6,-7253.74,69.1635
17047.9,-7255.54,70.9736
17052.1,-7257.34,72.7689
17056.3,-7259.14,74.6575
17060.6,-7260.94,76.5549
17064.8,-7262.73,78.4515
17069.3,-7264.53,80.4659
17073.6,-7266.33,82.3601
17077.9,-7268.13,84.2458
17082.1,-7269.93,86.1282
17086.3,-7271.73,87.7448
17090.6,-7273.53,89.3577
17094.8,-7275.33,90.976
17099,-7277.13,92.7953
17103.2,-7278.93,94.6146
17107.5,-7280.73,96.4357
17111.7,-7282.53,98.261
17115.9,-7284.33,100.061
17120.1,-7286.13,101.856
17124.4,-7287.93,103.651
17128.6,-7289.73,105.407
17132.9,-7291.53,107.172
17137.1,-7293.33,108.922
17141.3,-7295.13,110.679
17145.5,-7296.93,112.408
17149.8,-7298.73,114.155
17154,-7300.53,115.889
17158.3,-7302.33,117.621
17162.5,-7304.13,119.444
17166.7,-7305.93,121.269
17171,-7307.73,123.097
17175.2,-7309.53,124.948
17179.5,-7311.33,126.786
17183.7,-7313.13,128.618
17187.9,-7314.93,130.58
17192.1,-7316.73,132.54
17196.4,-7318.53,134.494
17200.6,-7320.33,136.454
17205,-7322.13,138.345
17209.3,-7323.93,140.146
17213.5,-7325.73,141.945
17217.7,-7327.53,143.747
17222.3,-7329.33,145.594
17226.5,-7331.13,147.301
17230.8,-7332.93,149.009
17235.3,-7334.73,150.739
17239.5,-7336.53,152.353
17243.8,-7338.33,153.971
17248.3,-7340.13,155.651
17252.6,-7341.93,157.196
17256.8,-7343.73,158.743
17261,-7345.53,160.292
17265.5,-7347.33,162.038
17269.8,-7349.13,163.68
17274,-7350.93,165.317
17278.6,-7352.73,167.225
17282.8,-7354.52,169.001
17287.1,-7356.32,170.797
17291.4,-7358.12,172.559
17295.8,-7359.92,174.413
17300,-7361.72,176.185
17304.3,-7363.52,177.953
17308.5,-7365.32,179.717
17313.1,-7367.12,181.722
17317.3,-7368.92,183.573
17321.5,-7370.72,185.423
17325.8,-7372.52,187.127
17330,-7374.32,188.819
17334.2,-7376.12,190.519
17338.4,-7377.92,192.21
17342.7,-7379.72,194.032
17346.9,-7381.52,195.853
17351.2,-7383.32,197.682
17355.4,-7385.12,199.438
17359.6,-7386.92,201.193
17363.9,-7388.72,202.958
17368.1,-7390.52,204.668
17372.3,-7392.32,206.375
17376.6,-7394.12,208.084
17380.8,-7395.92,209.795
17385.3,-7397.72,211.65
17389.5,-7399.52,213.413
17393.8,-7401.32,215.177
17398.3,-7403.12,217.143
17402.6,-7404.92,218.968
17406.8,-7406.72,220.796
17411,-7408.52,222.623
17415.5,-7410.32,224.562
17419.8,-7412.12,226.385
17424,-7413.92,228.2
17428.6,-7415.72,230.013
17432.8,-7417.52,232.016
17437,-7419.32,233.87
17441.3,-7421.12,235.74
17445.9,-7422.92,237.674
17450.2,-7424.72,239.471
17454.4,-7426.52,241.251
17458.6,-7428.32,242.924
17462.9,-7430.12,244.593
17467.1,-7431.92,246.267
17471.3,-7433.72,247.938
17475.6,-7435.52,249.72
17479.8,-7437.32,251.524
17484.1,-7439.12,253.311
17488.3,-7440.92,255.091
17492.5,-7442.72,256.88
17496.8,-7444.52,258.667
17501,-7446.31,260.451
17505.2,-7448.11,262.271
17509.5,-7449.91,264.135
17513.8,-7451.71,265.965
17518,-7453.51,267.784
17522.2,-7455.31,269.661
17526.5,-7457.11,271.536
17530.7,-7458.91,273.417
17534.9,-7460.71,275.246
17539.2,-7462.51,277.067
17543.4,-7464.31,278.888
17547.6,-7466.11,280.71
17551.9,-7467.91,282.529
17556.1,-7469.71,284.315
17560.4,-7471.51,286.101
17564.6,-7473.31,287.868
17568.8,-7475.11,289.639
17573.1,-7476.91,291.403
17577.3,-7478.71,293.168
17581.5,-7480.51,294.976
17585.8,-7482.31,296.785
17590,-7484.11,298.589
17594.2,-7485.91,300.177
17598.5,-7487.71,301.756
17602.7,-7489.51,303.344
17606.9,-7491.31,304.923
17611.2,-7493.11,306.554
17615.4,-7494.91,308.184
17619.6,-7496.71,309.81
17623.9,-7498.51,311.592
17628.1,-7500.31,313.368
17632.3,-7502.11,315.138
17636.5,-7503.91,316.907
17640.8,-7505.71,318.97
17645,-7507.51,321.028
17649.3,-7509.31,323.081
17653.5,-7511.11,324.791
17657.8,-7512.91,326.492
17662,-7514.71,328.186
17666.2,-7516.51,329.857
17670.4,-7518.31,331.549
17674.7,-7520.11,333.23
17678.9,-7521.91,334.905
17683.2,-7523.71,336.777
17687.5,-7525.51,338.589
17691.7,-7527.31,340.355
17695.9,-7529.11,342.075
17700.4,-7530.91,343.64
17704.7,-7532.71,345.023
17708.9,-7534.51,346.277
17713.4,-7536.31,347.372
17717.7,-7538.1,348.35
17721.9,-7539.9,349.085
17726.1,-7541.7,349.613
17730.4,-7543.5,349.872
17734.6,-7545.3,349.894
17738.8,-7547.1,349.677
17743.1,-7548.9,349.236
17747.3,-7550.7,348.478
17751.5,-7552.5,347.524
17755.8,-7554.3,346.423
17760,-7556.1,345.222
17764.2,-7557.9,343.91
17768.4,-7559.7,342.514
17772.7,-7561.5,341.046
17776.9,-7563.3,339.551
17781.2,-7565.1,338.015
17785.4,-7566.9,336.455
17789.6,-7568.7,334.823
17793.9,-7570.5,333.161
17798.1,-7572.3,331.483
17802.3,-7574.1,329.792
17806.5,-7575.9,327.989
17810.8,-7577.7,326.169
17815,-7579.5,324.342
17819.3,-7581.3,322.394
17823.6,-7583.1,320.48
17827.8,-7584.9,318.558
17832.1,-7586.7,316.628
17836.3,-7588.5,314.937
17840.5,-7590.3,313.236
17844.8,-7592.1,311.53
17849,-7593.9,309.829
17853.3,-7595.7,308.133
17857.5,-7597.5,306.437
17861.7,-7599.3,304.728
17866,-7601.1,303.118
17870.2,-7602.9,301.507
17874.4,-7604.7,299.896
17878.6,-7606.5,298.248
17882.9,-7608.3,296.591
17887.1,-7610.1,294.938
17891.4,-7611.9,293.291
17895.8,-7613.7,291.553
17900,-7615.5,289.898
17904.3,-7617.3,288.246
17908.8,-7619.1,286.596
17913.1,-7620.9,284.748
17917.3,-7622.7,283.048
17921.5,-7624.5,281.342
17926.1,-7626.3,279.54
17930.3,-7628.1,277.848
17934.5,-7629.9,276.158
17939.1,-7631.69,274.472
17943.3,-7633.49,272.396
17947.5,-7635.29,270.474
17951.8,-7637.09,268.524
17956,-7638.89,266.794
17960.3,-7640.69,265.058
17964.5,-7642.49,263.326
17968.7,-7644.29,261.592
17973,-7646.09,259.733
17977.2,-7647.89,257.876
17981.4,-7649.69,256.012
17985.7,-7651.49,254.317
17989.9,-7653.29,252.618
17994.1,-7655.09,250.916
17998.4,-7656.89,249.195
18002.6,-7658.69,247.466
18006.8,-7660.49,245.735
18011.1,-7662.29,244.005
18015.5,-7664.09,242.265
18019.8,-7665.89,240.611
18024,-7667.69,238.961
18028.3,-7669.49,237.316
18032.5,-7671.29,235.592
18036.7,-7673.09,233.868
18041,-7674.89,232.139
18045.2,-7676.69,230.204
18049.4,-7678.49,228.257
18053.7,-7680.29,226.316
18057.9,-7682.09,224.376
18062.1,-7683.89,222.398
18066.4,-7685.69,220.426
18070.6,-7687.49,218.447
18074.9,-7689.29,216.586
18079.1,-7691.09,214.735
18083.4,-7692.89,212.869
18087.6,-7694.69,211.022
18091.8,-7696.49,210.059
18096.1,-7698.29,209.098
18100.3,-7700.09,208.137
18104.5,-7701.89,206.404
18108.8,-7703.69,204.671
18113,-7705.49,202.931
18117.2,-7707.29,201.19
18121.4,-7709.09,199.311
18125.7,-7710.89,197.429
18129.9,-7712.69,195.545
18134.1,-7714.49,193.892
18138.4,-7716.29,192.245
18142.6,-7718.09,190.595
18146.8,-7719.89,188.941
18151.1,-7721.69,187.198
18155.3,-7723.48,185.466
18159.6,-7725.28,183.733
18163.8,-7727.08,181.998
18168,-7728.88,180.174
18172.3,-7730.68,178.354
18176.5,-7732.48,176.538
18180.7,-7734.28,174.663
18185,-7736.08,172.766
18189.2,-7737.88,170.888
18193.7,-7739.68,168.832
18198,-7741.48,166.888
18202.2,-7743.28,164.955
18206.4,-7745.08,163.018
18210.7,-7746.88,161.274
18214.9,-7748.68,159.522
18219.2,-7750.48,157.77
18223.4,-7752.28,156.023
18227.6,-7754.08,154.231
18231.8,-7755.88,152.425
18236.1,-7757.68,150.631
18240.3,-7759.48,148.865
18244.5,-7761.28,147.101
18248.8,-7763.08,145.339
18253,-7764.88,143.558
18257.2,-7766.68,141.834
18261.5,-7768.48,140.107
18265.7,-7770.28,138.374
18270,-7772.08,136.563
18274.2,-7773.88,134.763
18278.4,-7775.68,132.966
18282.6,-7777.48,131.162
18286.9,-7779.28,129.302
18291.1,-7781.08,127.451
18295.3,-7782.88,125.598
18299.6,-7784.68,123.728
18303.9,-7786.48,121.853
18308.1,-7788.28,119.996
18312.3,-7790.08,118.131
18316.5,-7791.88,116.238
18320.8,-7793.68,114.337
18325,-7795.48,112.443
18329.2,-7797.28,110.585
18333.5,-7799.08,108.725
18337.7,-7800.88,106.857
18342,-7802.68,104.987
18346.2,-7804.48,103.252
18350.6,-7806.28,101.446
18354.9,-7808.08,99.7019
18359.2,-7809.88,97.9867
18363.5,-7811.68,96.3043
18367.7,-7813.48,94.6226
18371.9,-7815.27,92.9356
18376.2,-7817.07,91.0736
18380.4,-7818.87,89.2177
18384.6,-7820.67,87.3636
18388.9,-7822.47,85.5165
18393.1,-7824.27,83.7134
18397.3,-7826.07,81.913
18401.6,-7827.87,80.115
18405.8,-7829.67,78.2761
18410.1,-7831.47,76.4153
18414.3,-7833.27,74.5768
18418.5,-7835.07,72.7419
18422.8,-7836.87,70.8664
18427,-7838.67,68.9964
18431.2,-7840.47,67.1154
18435.5,-7842.27,65.1114
18439.7,-7844.07,63.0967
18444,-7845.87,61.0815
18448.2,-7847.67,59.0778
18452.5,-7849.47,57.0599
18456.7,-7851.27,55.0588
18460.9,-7853.07,53.0524
18465.1,-7854.87,51.3614
18469.4,-7856.67,49.6725
18473.6,-7858.47,47.9795
18477.8,-7860.27,46.2795
18482.1,-7862.07,44.9922
18486.3,-7863.87,43.7047
18490.6,-7865.67,42.413
18494.8,-7867.47,40.5562
18499,-7869.27,38.7058
18503.2,-7871.07,36.8602
18507.5,-7872.87,35.0182
18511.7,-7874.67,33.3361
18515.9,-7876.47,31.6551
18520.2,-7878.27,29.9802
18524.4,-7880.07,28.1231
18528.6,-7881.87,26.2668
18532.9,-7883.67,24.4164
18537.1,-7885.47,22.5657
18541.3,-7887.27,20.9144
18545.5,-7889.07,19.2657
18549.8,-7890.87,17.6233
18554.3,-7892.67,15.6277
18558.6,-7894.47,13.7879
18562.8,-7896.27,11.965
18567.1,-7898.07,10.18
18571.5,-7899.87,8.57285
18575.8,-7901.67,7.13487
18580,-7903.47,5.84108
18584.2,-7905.27,4.80009
18588.8,-7907.06,4.16506
18593,-7908.86,4.35202
18597.3,-7910.66,5.19985
18601.8,-7912.46,6.52546
18606,-7914.26,7.97829
18610.2,-7916.06,9.53768
18614.5,-7917.86,11.1645
18619.1,-7919.66,12.9199
18623.3,-7921.46,14.5622
18627.5,-7923.26,16.2245
18632,-7925.06,17.8817
18636.3,-7926.86,19.4447
18640.5,-7928.66,21.0078
18644.7,-7930.46,22.6281
18649,-7932.26,24.2634
18653.2,-7934.06,25.9004
18657.5,-7935.86,27.5279
18661.7,-7937.66,29.3086
18665.9,-7939.46,31.0876
18670.2,-7941.26,32.8647
18674.4,-7943.06,34.686
18678.6,-7944.86,36.5166
18682.9,-7946.66,38.342
18687.1,-7948.46,40.1737
18691.3,-7950.26,42.0143
18695.6,-7952.06,43.8632
18699.8,-7953.86,45.7126
18704.3,-7955.66,47.7419
18708.6,-7957.46,49.6313
18712.8,-7959.26,51.5265
18717,-7961.06,53.423
18721.5,-7962.86,55.2274
18725.8,-7964.66,56.9257
18730,-7966.46,58.6172
18734.2,-7968.26,60.3074
18738.8,-7970.06,62.0992
18743,-7971.86,63.7608
18747.2,-7973.66,65.4158
18751.8,-7975.46,67.1874
18756,-7977.26,68.8346
18760.3,-7979.06,70.4757
18764.8,-7980.86,72.1185
18769.1,-7982.66,73.8833
18773.3,-7984.46,75.5163
18777.5,-7986.26,77.1455
18781.8,-7988.06,78.8486
18786,-7989.86,80.5383
18790.2,-7991.66,82.2454
18794.5,-7993.46,83.9391
18798.7,-7995.26,85.8873
18803,-7997.06,87.8391
18807.2,-7998.85,89.7766
18811.4,-8000.65,91.5808
18815.7,-8002.45,93.3793
18819.9,-8004.25,95.182
18824.1,-8006.05,96.9949
18828.3,-8007.85,98.8138
18832.6,-8009.65,100.628
18836.8,-8011.45,102.446
18841.3,-8013.25,104.404
18845.5,-8015.05,106.257
18849.8,-8016.85,108.106
18854.3,-8018.65,109.98
18858.6,-8020.45,111.712
18862.8,-8022.25,113.45
18867.1,-8024.05,115.182
18871.5,-8025.85,116.907
18875.8,-8027.65,118.547
18880,-8029.45,120.178
18884.2,-8031.25,121.811
18888.8,-8033.05,123.554
18893.1,-8034.85,125.181
18897.3,-8036.65,126.798
18901.8,-8038.45,128.589
18906,-8040.25,130.27
18910.3,-8042.05,131.945
18914.8,-8043.85,133.621
18919,-8045.65,135.599
18923.3,-8047.45,137.431
18927.5,-8049.25,139.26
18932,-8051.05,141.22
18936.3,-8052.85,143.042
18940.5,-8054.65,144.863
18944.7,-8056.45,146.552
18949,-8058.25,148.244
18953.2,-8060.05,149.948
18957.5,-8061.85,151.631
18961.7,-8063.65,153.575
18965.9,-8065.45,155.523
18970.1,-8067.25,157.463
18974.4,-8069.05,159.299
18978.6,-8070.85,161.135
18982.8,-8072.65,162.979
18987.1,-8074.45,164.816
18995,-8076.25,167.943
18999.3,-8078.05,169.608
19003.5,-8079.85,171.261
19007.8,-8081.65,171.881
19012,-8083.45,172.499
19016.2,-8085.25,173.118
19025.4,-8087.05,178.056
19029.8,-8088.85,180.461
19034.2,-8090.65,182.851
19039,-8092.44,184.375
19043.4,-8094.24,185.772
19047.8,-8096.04,187.162
19052.2,-8097.84,189.705
19056.7,-8099.64,192.298
19061.2,-8101.44,194.86
19065.7,-8103.24,196.13
19070.1,-8105.04,197.398
19074.5,-8106.84,198.652
19078.9,-8108.64,199.898
19083.2,-8110.44,201.726
19087.4,-8112.24,203.53
19091.7,-8114.04,205.334
19095.9,-8115.84,207.282
19100.1,-8117.64,209.212
19104.3,-8119.44,211.142
19108.6,-8121.24,213.071
19112.8,-8123.04,214.9
19117,-8124.84,216.728
19121.3,-8126.64,218.572
19125.5,-8128.44,220.444
19129.7,-8130.24,222.317
19134,-8132.04,224.216
19138.2,-8133.84,226.086
19142.5,-8135.64,227.895
19146.7,-8137.44,229.661
19151,-8139.24,231.429
19155.2,-8141.04,233.153
19159.4,-8142.84,234.875
19163.6,-8144.64,236.598
19167.8,-8146.44,238.32
19172.1,-8148.24,240.119
19176.3,-8150.04,241.913
19180.5,-8151.84,243.709
19184.7,-8153.64,245.496
19188.9,-8155.44,247.284
19193.2,-8157.24,249.07
19197.4,-8159.04,250.866
19201.8,-8160.84,252.725
19206,-8162.64,254.527
19210.2,-8164.44,256.33
19214.4,-8166.24,258.133
19218.6,-8168.04,259.968
19222.9,-8169.84,261.802
19227.1,-8171.64,263.639
19231.3,-8173.44,265.589
19235.5,-8175.24,267.534
19239.8,-8177.04,269.48
19244,-8178.84,271.427
19248.2,-8180.64,273.188
19252.4,-8182.44,274.952
19256.6,-8184.23,276.713
19260.8,-8186.03,278.483
19265.1,-8187.83,280.254
19269.3,-8189.63,282.034
19273.5,-8191.43,283.804
19277.8,-8193.23,285.587
19282,-8195.03,287.37
19286.2,-8196.83,289.151
19290.4,-8198.63,290.892
19294.7,-8200.43,292.619
19298.9,-8202.23,294.356
19303.1,-8204.03,296.082
19307.6,-8205.83,298.033
19311.9,-8207.63,299.863
19316.1,-8209.43,301.692
19320.3,-8211.23,303.538
19324.5,-8213.03,305.386
19328.7,-8214.83,307.229
19333,-8216.63,309.074
19337.2,-8218.43,311.277
19341.4,-8220.23,313.479
19345.6,-8222.03,315.672
19349.8,-8223.83,317.861
19354.1,-8225.63,319.883
19358.3,-8227.43,321.896
19362.5,-8229.23,323.907
19366.9,-8231.03,325.807
19371.1,-8232.83,327.633
19375.3,-8234.63,329.457
19379.6,-8236.43,331.271
19383.8,-8238.23,333.005
19388,-8240.03,334.733
19392.2,-8241.83,336.458
19396.4,-8243.63,338.399
19400.7,-8245.43,340.346
19404.9,-8247.23,342.275
19409.1,-8249.03,344.189
19413.3,-8250.83,346.003
19417.6,-8252.63,347.789
19421.8,-8254.43,349.532
19426,-8256.23,351.062
19430.2,-8258.03,352.494
19434.4,-8259.83,353.762
19438.7,-8261.63,354.741
19442.9,-8263.43,355.261
19447.1,-8265.23,355.17
19451.3,-8267.03,354.497
19455.5,-8268.83,353.424
19459.8,-8270.63,352.103
19464,-8272.43,350.643
19468.2,-8274.23,349.096
19472.4,-8276.03,347.513
19476.6,-8277.83,345.895
19480.9,-8279.62,344.254
19485.1,-8281.42,342.591
19489.3,-8283.22,340.847
19493.5,-8285.02,339.091
19497.8,-8286.82,337.33
19502,-8288.62,335.533
19506.2,-8290.42,333.73
19510.4,-8292.22,331.925
19514.8,-8294.02,329.97
19519,-8295.82,328.096
19523.3,-8297.62,326.218
19527.5,-8299.42,324.341
19531.7,-8301.22,322.592
19535.9,-8303.02,320.844
19540.1,-8304.82,319.098
19544.4,-8306.62,317.348
19548.6,-8308.42,315.524
19552.8,-8310.22,313.696
19557,-8312.02,311.871
19561.3,-8313.82,310.098
19565.5,-8315.62,308.34
19569.7,-8317.42,306.582
19573.9,-8319.22,304.822
19578.1,-8321.02,303.114
19582.4,-8322.82,301.403
19586.6,-8324.62,299.694
19590.8,-8326.42,297.958
19595,-8328.22,296.22
19599.2,-8330.02,294.484
19603.5,-8331.82,292.734
19607.7,-8333.62,290.945
19611.9,-8335.42,289.152
19616.2,-8337.22,287.363
19620.4,-8339.02,285.573
19624.9,-8340.82,283.664
19629.1,-8342.62,281.878
19633.3,-8344.42,280.09
19637.5,-8346.22,278.396
19641.8,-8348.02,276.697
19646,-8349.82,275.003
19650.2,-8351.62,273.067
19654.4,-8353.42,271.13
19658.6,-8355.22,269.197
19662.9,-8357.02,267.262
19667.1,-8358.82,265.446
19671.3,-8360.62,263.629
19675.5,-8362.42,261.817
19679.9,-8364.22,259.96
19684.2,-8366.02,258.18
19688.4,-8367.82,256.402
19692.6,-8369.62,254.624
19696.8,-8371.42,252.965
19701,-8373.21,251.307
19705.3,-8375.01,249.638
19709.5,-8376.81,247.979
19713.7,-8378.61,246.232
19717.9,-8380.41,244.484
19722.2,-8382.21,242.736
19726.4,-8384.01,240.92
19730.6,-8385.81,239.103
19734.8,-8387.61,237.285
19739,-8389.41,235.47
19743.3,-8391.21,233.721
19747.5,-8393.01,231.973
19751.7,-8394.81,230.224
19755.9,-8396.61,228.377
19760.1,-8398.41,226.533
19764.4,-8400.21,224.688
19768.6,-8402.01,222.843
19772.8,-8403.81,220.968
19777,-8405.61,219.094
19781.3,-8407.41,217.204
19785.5,-8409.21,215.332
19790,-8411.01,213.299
19794.2,-8412.81,211.395
19798.4,-8414.61,209.491
19802.7,-8416.41,207.981
19806.9,-8418.21,206.464
19811.1,-8420.01,204.955
19815.3,-8421.81,203.017
19819.6,-8423.61,201.08
19823.8,-8425.41,199.139
19828,-8427.21,197.203
19832.2,-8429.01,195.439
19836.5,-8430.81,193.653
19840.7,-8432.61,191.888
19845.3,-8434.41,190.148
19850,-8436.21,188.338
19854.4,-8438.01,186.676
19858.6,-8439.81,185.063
19862.8,-8441.61,183.484
19867,-8443.41,181.908
19871.3,-8445.21,180.316
19875.5,-8447.01,178.226
19879.7,-8448.81,176.134
19883.9,-8450.61,174.04
19888.2,-8452.41,171.948
19892.6,-8454.21,170.025
19896.9,-8456.01,168.214
19901.1,-8457.81,166.4
19905.3,-8459.61,164.569
19909.8,-8461.41,162.645
19914.1,-8463.21,160.84
19918.3,-8465,159.037
19922.5,-8466.8,157.251
19926.7,-8468.6,155.468
19930.9,-8470.4,153.682
19935.2,-8472.2,151.898
19939.4,-8474,150.116
19943.6,-8475.8,148.331
19947.8,-8477.6,146.548
19952,-8479.4,144.817
19956.3,-8481.2,143.086
19960.5,-8483,141.359
19964.9,-8484.8,139.517
19969.2,-8486.6,137.773
19973.4,-8488.4,136.028
19977.6,-8490.2,134.286
19981.8,-8492,132.604
19986,-8493.8,130.926
19990.3,-8495.6,129.248
19994.5,-8497.4,127.57
19998.7,-8499.2,125.665
20002.9,-8501,123.756
20007.2,-8502.8,121.84
20011.4,-8504.6,119.921
20015.6,-8506.4,118.005
20019.8,-8508.2,116.091
20024,-8510,114.173
20028.3,-8511.8,112.274
20032.5,-8513.6,110.371
20036.7,-8515.4,108.472
20040.9,-8517.2,106.622
20045.1,-8519,104.771
20049.4,-8520.8,102.923
20053.6,-8522.6,101.071
20057.8,-8524.4,99.2615
20062,-8526.2,97.4492
20066.2,-8528,95.6413
20070.4,-8529.8,93.8309
20075,-8531.6,92.0222
20079.2,-8533.4,90.3295
20083.4,-8535.2,88.637
20087.6,-8537,87.0795
20091.8,-8538.8,85.5214
20096.1,-8540.6,83.9634
20100.3,-8542.4,82.1239
20104.5,-8544.2,80.2794
20108.7,-8546,78.43
20113,-8547.8,76.5884
20117.2,-8549.6,74.6617
20121.4,-8551.4,72.732
20125.6,-8553.2,70.8073
20130.1,-8555,68.8597
20134.3,-8556.79,67.01
20138.5,-8558.59,65.1634
20142.7,-8560.39,63.3156
20146.9,-8562.19,61.4542
20151.2,-8563.99,59.5951
20155.4,-8565.79,57.7322
20159.6,-8567.59,55.875
20163.8,-8569.39,53.9309
20168,-8571.19,51.9881
20172.3,-8572.99,50.0459
20176.5,-8574.79,48.3823
20180.7,-8576.59,46.7165
20184.9,-8578.39,45.0527
20189.1,-8580.19,43.3901
20193.4,-8581.99,41.6
20197.6,-8583.79,39.8143
20201.8,-8585.59,38.029
20206,-8587.39,36.3882
20210.3,-8589.19,34.7389
20214.5,-8590.99,33.0997
20218.7,-8592.79,31.4623
20222.9,-8594.59,29.7133
20227.2,-8596.39,27.9657
20231.4,-8598.19,26.2213
20235.6,-8599.99,24.4831
20240.1,-8601.79,22.4708
20244.3,-8603.59,20.5938
20248.5,-8605.39,18.7257
20252.8,-8607.19,17.2218
20257,-8608.99,15.7278
20261.2,-8610.79,14.2469
20265.4,-8612.59,12.4774
20269.6,-8614.39,10.74
20273.9,-8616.19,9.05307
20278.1,-8617.99,7.45093
20282.3,-8619.79,5.97966
20286.5,-8621.59,4.78555
20290.7,-8623.39,4.11723
20295.2,-8625.19,4.29953
20299.4,-8626.99,5.20978
20303.6,-8628.79,6.54307
20307.8,-8630.59,8.09293
20312.1,-8632.39,9.69163
20316.3,-8634.19,11.3397
20320.5,-8635.99,13.0245
20324.7,-8637.79,14.7353
20329,-8639.59,16.5217
20333.2,-8641.39,18.3237
20337.4,-8643.19,20.1323
20341.6,-8644.99,21.8878
20345.8,-8646.79,23.647
20350.1,-8648.58,25.4097
20354.3,-8650.38,27.1767
20358.5,-8652.18,28.8609
20362.7,-8653.98,30.5484
20366.9,-8655.78,32.2343
20371.2,-8657.58,33.9625
20375.4,-8659.38,35.6981
20379.6,-8661.18,37.4258
20383.8,-8662.98,39.1614
20388,-8664.78,40.9148
20392.3,-8666.58,42.6703
20396.5,-8668.38,44.4231
20400.7,-8670.18,46.178
20404.9,-8671.98,48.0025
20409.1,-8673.78,49.8241
20413.4,-8675.58,51.6596
20417.6,-8677.38,53.4865
20421.8,-8679.18,55.319
20426,-8680.98,57.1459
20430.2,-8682.78,58.9723
20434.5,-8684.58,60.844
20438.7,-8686.38,62.7159
20442.9,-8688.18,64.5909
20447.1,-8689.98,66.4144
20451.4,-8691.78,68.2355
20455.6,-8693.58,70.0569
20459.8,-8695.38,71.8777
20464,-8697.18,73.7024
20468.2,-8698.98,75.5247
20472.5,-8700.78,77.348
20476.7,-8702.58,79.115
20480.9,-8704.38,80.8828
20485.1,-8706.18,82.6499
20489.3,-8707.98,84.417
20493.6,-8709.78,86.1647
20497.8,-8711.58,87.9116
20502,-8713.38,89.6585
20506.2,-8715.18,91.4519
20510.4,-8716.98,93.2461
20514.7,-8718.78,95.0537
20518.9,-8720.58,96.848
20523.1,-8722.38,98.6838
20527.3,-8724.18,100.52
20531.5,-8725.98,102.358
20535.9,-8727.78,104.233
20540.2,-8729.58,106.037
20544.4,-8731.38,107.843
20548.6,-8733.18,109.645
20553,-8734.98,111.456
20557.3,-8736.78,113.186
20561.5,-8738.58,114.908
20565.8,-8740.38,116.626
20570,-8742.17,118.409
20574.2,-8743.97,120.194
20578.4,-8745.77,121.972
20582.7,-8747.57,123.834
20586.9,-8749.37,125.695
20591.1,-8751.17,127.555
20595.4,-8752.97,129.339
20599.6,-8754.77,131.126
20603.8,-8756.57,132.919
20608.1,-8758.37,134.711
20612.3,-8760.17,136.385
20616.6,-8761.97,138.071
20620.8,-8763.77,139.751
20625,-8765.57,141.426
20629.2,-8767.37,143.033
20633.5,-8769.17,144.643
20637.7,-8770.97,146.26
20642,-8772.77,148.076
20646.2,-8774.57,149.88
20650.4,-8776.37,151.684
20654.6,-8778.17,153.496
20658.9,-8779.97,155.259
20663.1,-8781.77,157.019
20667.3,-8783.57,158.78
20671.6,-8785.37,160.541
20675.8,-8787.17,162.265
20680,-8788.97,163.985
20684.3,-8790.77,165.71
20688.5,-8792.57,167.632
20692.7,-8794.37,169.564
20697,-8796.17,171.498
20701.2,-8797.97,173.371
20705.4,-8799.77,175.24
20709.7,-8801.57,177.114
20713.9,-8803.37,178.981
20718.1,-8805.17,180.789
20722.4,-8806.97,182.582
20726.6,-8808.77,184.379
20730.8,-8810.57,186.183
20735.1,-8812.37,187.957
20739.3,-8814.17,189.725
20743.5,-8815.97,191.502
20747.8,-8817.77,193.253
20752,-8819.57,194.999
20756.2,-8821.37,196.748
20760.4,-8823.17,198.5
20764.7,-8824.97,200.225
20768.9,-8826.77,201.955
20773.1,-8828.57,203.68
20777.4,-8830.37,205.457
20781.6,-8832.17,207.239
20785.8,-8833.96,209.026
20790,-8835.76,210.803
20794.3,-8837.56,212.643
20798.5,-8839.36,214.474
20802.7,-8841.16,216.307
20807,-8842.96,218.187
20811.2,-8844.76,220.06
20815.4,-8846.56,221.934
20819.7,-8848.36,223.823
20823.9,-8850.16,225.708
20828.1,-8851.96,227.588
20832.4,-8853.76,229.465
20836.6,-8855.56,231.288
20840.8,-8857.36,233.125
20845.1,-8859.16,234.96
20849.3,-8860.96,236.783
20853.5,-8862.76,238.586
20857.8,-8864.56,240.39
20862,-8866.36,242.192
20866.2,-8868.16,243.92
20870.5,-8869.96,245.655
20874.7,-8871.76,247.393
20879,-8873.56,249.131
20883.2,-8875.36,250.848
20887.4,-8877.16,252.563
20891.6,-8878.96,254.288
20895.9,-8880.76,256.005
20900.1,-8882.56,257.753
20904.3,-8884.36,259.507
20908.5,-8886.16,261.254
20912.8,-8887.96,263.011
20917,-8889.76,264.757
20921.3,-8891.56,266.536
20925.5,-8893.36,268.329
20929.8,-8895.16,270.119
20934,-8896.96,271.91
20938.2,-8898.76,273.694
20942.5,-8900.56,275.566
20946.7,-8902.36,277.436
20950.9,-8904.16,279.31
20955.1,-8905.96,281.187
20959.4,-8907.76,283.048
20963.6,-8909.56,284.905
20967.8,-8911.36,286.773
20972.1,-8913.16,288.47
20976.3,-8914.96,290.163
20980.5,-8916.76,291.848
20984.8,-8918.56,293.538
20989,-8920.36,295.306
20993.2,-8922.16,297.073
20997.5,-8923.96,298.844
21001.7,-8925.75,300.522
21005.9,-8927.55,302.202
21010.1,-8929.35,303.876
21014.4,-8931.15,305.552
21018.6,-8932.95,307.361
21022.9,-8934.75,309.217
21027.2,-8936.55,311.03
21031.4,-8938.35,312.836
21035.6,-8940.15,314.691
21039.8,-8941.95,316.56
21044.1,-8943.75,318.421
21048.3,-8945.55,320.548
21052.5,-8947.35,322.674
21056.8,-8949.15,324.814
21061,-8950.95,326.938
21065.2,-8952.75,328.753
21069.5,-8954.55,330.56
21073.7,-8956.35,332.363
21078,-8958.15,334.091
21082.2,-8959.95,335.805
21086.4,-8961.75,337.511
21090.6,-8963.55,339.214
21094.9,-8965.35,341.143
21099.1,-8967.15,343.068
21103.3,-8968.95,344.981
21107.5,-8970.75,346.792
21111.8,-8972.55,348.583
21116,-8974.35,350.321
21120.2,-8976.15,351.983
21124.5,-8977.95,353.45
21128.7,-8979.75,354.695
21133,-8981.55,355.544
21137.2,-8983.35,355.744
21141.4,-8985.15,355.265
21145.6,-8986.95,354.274
21149.9,-8988.75,352.99
21154.1,-8990.55,351.557
21158.3,-8992.35,350.032
21162.6,-8994.15,348.459
21166.8,-8995.95,346.847
21171.1,-8997.75,345.223
21175.3,-8999.55,343.582
21179.5,-9001.35,341.928
21183.8,-9003.15,340.189
21188,-9004.95,338.449
21192.2,-9006.75,336.704
21196.4,-9008.55,334.896
21200.7,-9010.35,333.087
21204.9,-9012.15,331.268
21209.1,-9013.95,329.454
21213.4,-9015.75,327.628
21217.6,-9017.54,325.815
21221.8,-9019.34,323.987
21226.1,-9021.14,322.157
21230.3,-9022.94,320.321
21234.5,-9024.74,318.488
21238.8,-9026.54,316.648
21243,-9028.34,314.826
21247.2,-9030.14,313.002
21251.4,-9031.94,311.179
21255.7,-9033.74,309.375
21260,-9035.54,307.578
21264.2,-9037.34,305.798
21268.4,-9039.14,304.013
21272.7,-9040.94,302.288
21276.9,-9042.74,300.557
21281.1,-9044.54,298.834
21285.3,-9046.34,297.11
21289.6,-9048.14,295.373
21293.8,-9049.94,293.625
21298.1,-9051.74,291.89
21302.3,-9053.54,290.094
21306.5,-9055.34,288.305
21310.7,-9057.14,286.518
21315,-9058.94,284.721
21319.2,-9060.74,282.992
21323.4,-9062.54,281.262
21327.7,-9064.34,279.52
21331.9,-9066.14,277.782
21336.1,-9067.94,275.984
21340.3,-9069.74,274.193
21346.2,-9071.54,271.719
21351.5,-9073.34,269.361
21355.8,-9075.14,267.468
21360.1,-9076.94,265.611
21364.3,-9078.74,264.564
21368.5,-9080.54,263.518
21372.7,-9082.34,262.47
21376.9,-9084.14,260.445
21381.1,-9085.94,258.423
21385.3,-9087.74,256.402
21389.6,-9089.54,254.38
21393.8,-9091.34,252.605
21398,-9093.14,250.834
21402.2,-9094.94,249.063
21406.4,-9096.74,247.272
21410.6,-9098.54,245.481
21414.8,-9100.34,243.687
21419.1,-9102.14,241.896
21423.3,-9103.94,240.078
21427.5,-9105.74,238.262
21431.8,-9107.54,236.426
21436,-9109.33,234.61
21440.2,-9111.13,232.799
21444.4,-9112.93,230.984
21448.6,-9114.73,229.175
21452.8,-9116.53,227.424
21457,-9118.33,225.675
21461.3,-9120.13,223.911
21465.5,-9121.93,222.164
21469.7,-9123.73,220.318
21473.9,-9125.53,218.471
21478.1,-9127.33,216.625
21482.4,-9129.13,214.783
21486.6,-9130.93,212.943
21490.8,-9132.73,211.1
21495,-9134.53,209.257
21499.2,-9136.33,207.653
21503.4,-9138.13,206.046
21507.6,-9139.93,204.442
21511.9,-9141.73,202.588
21516.1,-9143.53,200.739
21520.3,-9145.33,198.887
21524.6,-9147.13,197.005
21528.8,-9148.93,195.214
21533,-9150.73,193.412
21537.2,-9152.53,191.623
21541.5,-9154.33,189.831
21545.7,-9156.13,188.124
21549.9,-9157.93,186.415
21554.1,-9159.73,184.704
21558.3,-9161.53,182.875
21562.5,-9163.33,181.044
21566.7,-9165.13,179.217
21570.9,-9166.93,177.39
21575.2,-9168.73,175.577
21579.4,-9170.53,173.766
21583.6,-9172.33,171.954
21587.8,-9174.13,170.099
21592,-9175.93,168.24
21596.2,-9177.73,166.385
21600.4,-9179.53,164.53
21604.7,-9181.33,162.651
21608.9,-9183.13,160.775
21613.1,-9184.93,158.896
21617.3,-9186.73,157.036
21621.5,-9188.53,155.173
21625.7,-9190.33,153.313
21629.9,-9192.13,151.45
21634.2,-9193.93,149.618
21638.4,-9195.73,147.796
21642.6,-9197.53,145.974
21646.8,-9199.33,144.208
21651,-9201.12,142.44
21655.2,-9202.92,140.67
21659.5,-9204.72,138.902
21663.7,-9206.52,137.15
21667.9,-9208.32,135.399
21672.1,-9210.12,133.646
21676.3,-9211.92,131.895
21680.5,-9213.72,130.158
21684.8,-9215.52,128.419
21689,-9217.32,126.682
21693.2,-9219.12,124.897
21697.4,-9220.92,123.114
21701.6,-9222.72,121.329
21705.8,-9224.52,119.548
21710,-9226.32,117.712
21714.2,-9228.12,115.872
21718.5,-9229.92,114.036
21722.7,-9231.72,112.18
21726.9,-9233.52,110.327
21731.1,-9235.32,108.472
21735.3,-9237.12,106.605
21739.6,-9238.92,104.729
21743.8,-9240.72,102.852
21748,-9242.52,100.976
21752.2,-9244.32,99.0993
21756.4,-9246.12,97.2604
21760.6,-9247.92,95.4199
21764.8,-9249.72,93.5786
21769.1,-9251.52,91.7695
21773.3,-9253.32,89.9588
21777.5,-9255.12,88.1498
21781.7,-9256.92,86.3646
21785.9,-9258.72,84.5818
21790.1,-9260.52,82.7984
21794.3,-9262.32,81.0141
21798.6,-9264.12,79.2524
21802.8,-9265.92,77.4891
21807,-9267.72,75.7308
21811.3,-9269.52,73.9415
21815.5,-9271.32,72.1809
21819.7,-9273.12,70.4244
21823.9,-9274.92,68.6655
21828.1,-9276.72,66.9086
21832.3,-9278.52,65.1493
21836.6,-9280.32,63.3828
21840.8,-9282.12,61.6254
21845,-9283.92,59.8401
21849.2,-9285.72,58.0567
21853.4,-9287.52,56.271
21857.7,-9289.32,54.4794
21861.9,-9291.12,52.6866
21866.1,-9292.92,50.8977
21870.3,-9294.71,49.1085
21874.5,-9296.51,47.2679
21878.7,-9298.31,45.4289
21882.9,-9300.11,43.5891
21887.2,-9301.91,41.7529
21891.4,-9303.71,39.8969
21895.6,-9305.51,38.0443
21899.8,-9307.31,36.1917
21904,-9309.11,34.3901
21908.2,-9310.91,32.5912
21912.4,-9312.71,30.7928
21916.7,-9314.51,28.9637
21920.9,-9316.31,27.1364
21925.1,-9318.11,25.3127
21929.3,-9319.91,23.4982
21933.5,-9321.71,21.8399
21937.8,-9323.51,20.1823
21942,-9325.31,18.5439
21946.2,-9327.11,16.9227
21950.4,-9328.91,15.1944
21954.6,-9330.71,13.4923
21958.9,-9332.51,11.8073
21963.1,-9334.31,10.2766
21967.3,-9336.11,8.83362
21971.5,-9337.91,7.52613
21975.7,-9339.71,6.43847
21980,-9341.51,5.70134
21984.2,-9343.31,5.52162
21988.4,-9345.11,5.95052
21992.6,-9346.91,6.8755
21996.8,-9348.71,8.0751
22001,-9350.51,9.46063
22005.2,-9352.31,10.9614
22009.4,-9354.11,12.7824
22013.6,-9355.91,14.6547
22017.9,-9357.71,16.5542
22022.1,-9359.51,18.4791
22026.3,-9361.31,20.1835
22030.5,-9363.11,21.8994
22034.7,-9364.91,23.6246
22039,-9366.71,25.4201
22043.2,-9368.51,27.2183
22047.4,-9370.31,29.0243
22051.6,-9372.11,30.839
22055.8,-9373.91,32.6873
22060,-9375.71,34.5433
22064.2,-9377.51,36.4081
22068.5,-9379.31,38.1085
22072.7,-9381.11,39.8167
22076.9,-9382.91,41.527
22081.1,-9384.71,43.2429
22085.3,-9386.5,44.8241
22089.5,-9388.3,46.4068
22093.7,-9390.1,47.9963
22097.9,-9391.9,49.6735
22102.2,-9393.7,51.3532
22106.4,-9395.5,53.0315
22110.6,-9397.3,54.7135
22114.8,-9399.1,56.4159
22119,-9400.9,58.1185
22123.2,-9402.7,59.8236
22127.4,-9404.5,61.528
22131.6,-9406.3,63.2886
22135.9,-9408.1,65.0478
22140.1,-9409.9,66.8186
22144.3,-9411.7,68.5414
22148.5,-9413.5,70.2628
22152.7,-9415.3,71.9885
22156.9,-9417.1,73.7102
22161.2,-9418.9,75.5523
22165.4,-9420.7,77.3951
22169.6,-9422.5,79.2393
22173.8,-9424.3,81.0507
22178,-9426.1,82.8606
22182.2,-9427.9,84.6726
22186.4,-9429.7,86.4823
22190.6,-9431.5,88.2804
22194.9,-9433.3,90.0788
22199.1,-9435.1,91.8772
22203.3,-9436.9,93.6397
22207.5,-9438.7,95.4007
22211.7,-9440.5,97.1634
22215.9,-9442.3,98.9237
22220.1,-9444.1,100.665
22224.3,-9445.9,102.411
22228.6,-9447.7,104.154
22232.8,-9449.5,105.986
22237,-9451.3,107.818
22241.2,-9453.1,109.66
22245.4,-9454.9,111.494
22249.6,-9456.7,113.266
22253.9,-9458.5,115.039
22258.1,-9460.3,116.81
22262.3,-9462.1,118.583
22266.5,-9463.9,120.351
22270.7,-9465.7,122.119
22274.9,-9467.5,123.89
22279.1,-9469.3,125.72
22283.4,-9471.1,127.551
22287.6,-9472.9,129.38
22291.8,-9474.7,131.211
22296,-9476.5,133.046
22300.2,-9478.29,134.882
22304.4,-9480.09,136.72
22308.6,-9481.89,138.581
22312.9,-9483.69,140.443
22317.1,-9485.49,142.305
22321.3,-9487.29,144.168
22325.5,-9489.09,146.003
22329.7,-9490.89,147.84
22333.9,-9492.69,149.677
22338.1,-9494.49,151.399
22342.4,-9496.29,153.133
22346.6,-9498.09,154.854
22350.8,-9499.89,156.578
22355,-9501.69,158.34
22359.2,-9503.49,160.101
22363.5,-9505.29,161.863
22367.7,-9507.09,163.657
22371.9,-9508.89,165.45
22376.1,-9510.69,167.242
22380.3,-9512.49,169.034
22384.5,-9514.29,170.795
22388.7,-9516.09,172.556
22392.9,-9517.89,174.319
22397.2,-9519.69,176.078
22401.4,-9521.49,177.926
22405.6,-9523.29,179.772
22409.8,-9525.09,181.619
22414,-9526.89,183.508
22418.2,-9528.69,185.395
22422.4,-9530.49,187.284
22426.7,-9532.29,189.173
22430.9,-9534.09,191.027
22435.1,-9535.89,192.884
22439.3,-9537.69,194.739
22443.5,-9539.49,196.557
22447.7,-9541.29,198.363
22452,-9543.09,200.171
22456.2,-9544.89,201.977
22460.4,-9546.69,203.766
22464.6,-9548.49,205.557
22468.8,-9550.29,207.346
22473,-9552.09,209.138
22477.2,-9553.89,210.961
22481.5,-9555.69,212.787
22485.7,-9557.49,214.61
22489.9,-9559.29,216.498
22494.1,-9561.09,218.388
22498.3,-9562.89,220.277
22502.5,-9564.69,222.092
22506.7,-9566.49,223.905
22511,-9568.29,225.719
22515.2,-9570.08,227.535
22519.4,-9571.88,229.315
22523.6,-9573.68,231.097
22527.8,-9575.48,232.878
22532,-9577.28,234.66
22536.2,-9579.08,236.567
22540.5,-9580.88,238.475
22544.7,-9582.68,240.397
22548.9,-9584.48,242.233
22553.1,-9586.28,244.072
22557.3,-9588.08,245.908
22561.6,-9589.88,247.746
22565.8,-9591.68,249.643
22570,-9593.48,251.539
22574.2,-9595.28,253.435
22578.4,-9597.08,255.253
22582.6,-9598.88,257.072
22586.8,-9600.68,258.888
22591.1,-9602.48,260.703
22595.3,-9604.28,262.458
22599.5,-9606.08,264.208
22603.7,-9607.88,265.961
22607.9,-9609.68,267.711
22612.1,-9611.48,269.407
22616.3,-9613.28,271.103
22620.6,-9615.08,272.796
22624.8,-9616.88,274.613
22629,-9618.68,276.429
22633.2,-9620.48,278.246
22637.4,-9622.28,280.047
22641.6,-9624.08,281.848
22645.9,-9625.88,283.66
22650.1,-9627.68,285.461
22654.3,-9629.48,287.287
22658.5,-9631.28,289.109
22662.7,-9633.08,290.935
22667,-9634.88,292.778
22671.3,-9636.68,294.584
22675.5,-9638.48,296.378
22679.7,-9640.28,298.169
22683.9,-9642.08,299.968
22688.1,-9643.88,301.764
22692.3,-9645.68,303.561
22696.5,-9647.48,305.355
22700.8,-9649.28,307.126
22705,-9651.08,308.899
22709.2,-9652.88,310.671
22713.4,-9654.68,312.474
22717.6,-9656.48,314.274
22721.8,-9658.28,316.077
22726,-9660.08,317.877
22730.3,-9661.88,319.572
22734.5,-9663.67,321.268
22738.7,-9665.47,322.961
22742.9,-9667.27,324.76
22747.1,-9669.07,326.562
22751.4,-9670.87,328.357
22755.6,-9672.67,330.142
22759.8,-9674.47,331.901
22764,-9676.27,333.658
22768.2,-9678.07,335.407
22772.4,-9679.87,337.153
22776.6,-9681.67,338.903
22780.9,-9683.47,340.644
22785.1,-9685.27,342.379
22789.3,-9687.07,344.046
22793.5,-9688.87,345.695
22797.7,-9690.67,347.316
22801.9,-9692.47,348.901
22806.1,-9694.27,350.548
22810.4,-9696.07,352.086
22814.6,-9697.87,353.438
22818.8,-9699.67,354.439
22823,-9701.47,354.993
22827.2,-9703.27,354.95
22831.4,-9705.07,354.324
22835.6,-9706.87,353.243
22839.9,-9708.67,351.897
22844.1,-9710.47,350.395
22848.3,-9712.27,348.751
22852.7,-9714.07,347.008
22857,-9715.87,345.253
22861.2,-9717.67,343.494
22865.4,-9719.47,341.847
22869.6,-9721.27,340.186
22873.8,-9723.07,338.512
22878,-9724.87,336.834
22882.3,-9726.67,335.035
22886.5,-9728.47,333.234
22890.7,-9730.27,331.424
22894.9,-9732.07,329.693
22899.1,-9733.87,327.961
22903.3,-9735.67,326.226
22907.5,-9737.47,324.49
22911.8,-9739.27,322.71
22916,-9741.07,320.933
22920.2,-9742.87,319.154
22924.4,-9744.67,317.39
22928.6,-9746.47,315.627
22932.8,-9748.27,313.862
22937,-9750.07,312.097
22941.3,-9751.87,310.202
22945.5,-9753.67,308.324
22949.8,-9755.46,306.429
22954,-9757.26,304.634
22958.2,-9759.06,302.842
22962.4,-9760.86,301.047
22966.6,-9762.66,299.254
22970.8,-9764.46,297.41
22975,-9766.26,295.564
22979.3,-9768.06,293.719
22983.5,-9769.86,291.873
22987.7,-9771.66,290.026
22991.9,-9773.46,288.179
22996.1,-9775.26,286.335
23000.3,-9777.06,284.457
23004.5,-9778.86,282.578
23008.8,-9780.66,280.7
23013,-9782.46,278.82
23017.2,-9784.26,277.069
23021.4,-9786.06,275.315
23025.6,-9787.86,273.565
23029.8,-9789.66,271.823
23034,-9791.46,270.08
23038.3,-9793.26,268.34
23042.5,-9795.06,266.597
23046.7,-9796.86,264.811
23050.9,-9798.66,263.013
23055.1,-9800.46,261.225
23059.4,-9802.26,259.455
23063.6,-9804.06,257.681
23067.8,-9805.86,255.91
23072,-9807.66,254.138
23076.2,-9809.46,252.362
23080.4,-9811.26,250.586
23084.6,-9813.06,248.808
23088.9,-9814.86,247
23093.1,-9816.66,245.188
23097.3,-9818.46,243.379
23101.5,-9820.26,241.567
23105.7,-9822.06,239.753
23109.9,-9823.86,237.936
23114.1,-9825.66,236.117
23118.4,-9827.46,234.272
23122.6,-9829.26,232.424
23126.8,-9831.06,230.578
23131,-9832.86,228.73
23135.2,-9834.66,226.893
23139.4,-9836.46,225.059
23143.6,-9838.26,223.222
23147.9,-9840.06,221.387
23152.1,-9841.86,219.762
23156.3,-9843.66,218.148
23160.5,-9845.46,216.533
23164.7,-9847.25,214.868
23169,-9849.05,213.205
23173.2,-9850.85,211.54
23177.4,-9852.65,209.876
23181.6,-9854.45,208.105
23185.8,-9856.25,206.335
23190,-9858.05,204.567
23194.2,-9859.85,202.82
23198.5,-9861.65,201.075
23202.7,-9863.45,199.328
23206.9,-9865.25,197.585
23211.1,-9867.05,195.806
23215.3,-9868.85,194.027
23219.5,-9870.65,192.248
23223.7,-9872.45,190.389
23228,-9874.25,188.531
23232.2,-9876.05,186.671
23236.4,-9877.85,184.814
23240.6,-9879.65,182.973
23244.8,-9881.45,181.131
23249,-9883.25,179.291
23253.3,-9885.05,177.438
23257.5,-9886.85,175.578
23261.7,-9888.65,173.714
23265.9,-9890.45,171.855
23270.1,-9892.25,170.023
23274.3,-9894.05,168.188
23278.5,-9895.85,166.355
23282.8,-9897.65,164.52
23287,-9899.45,162.72
23291.2,-9901.25,160.919
23295.4,-9903.05,159.116
23299.6,-9904.85,157.351
23303.8,-9906.65,155.586
23308,-9908.45,153.821
23312.3,-9910.25,152.055
23316.5,-9912.05,150.317
23320.7,-9913.85,148.576
23324.9,-9915.65,146.835
23329.1,-9917.45,145.058
23333.3,-9919.25,143.279
23337.5,-9921.05,141.501
23341.8,-9922.85,139.722
23346,-9924.65,137.885
23350.2,-9926.45,136.047
23354.4,-9928.25,134.195
23358.6,-9930.05,132.296
23362.9,-9931.85,130.393
23367.1,-9933.65,128.464
23371.4,-9935.45,126.563
23375.6,-9937.25,124.665
23379.8,-9939.04,122.769
23384,-9940.84,120.872
23388.2,-9942.64,119.012
23392.4,-9944.44,117.149
23396.6,-9946.24,115.29
23400.8,-9948.04,113.429
23405.1,-9949.84,111.628
23409.3,-9951.64,109.827
23413.5,-9953.44,108.025
23417.7,-9955.24,106.258
23421.9,-9957.04,104.489
23426.1,-9958.84,102.724
23430.3,-9960.64,100.957
23434.6,-9962.44,99.2604
23438.8,-9964.24,97.5655
23443,-9966.04,95.8716
23447.2,-9967.84,94.1796
23451.4,-9969.64,92.4913
23455.7,-9971.44,90.7992
23459.9,-9973.24,89.115
23464.1,-9975.04,87.2387
23468.3,-9976.84,85.3652
23472.5,-9978.64,83.491
23476.7,-9980.44,81.6195
23480.9,-9982.24,79.8926
23485.2,-9984.04,78.1653
23489.4,-9985.84,76.44
23493.6,-9987.64,74.7135
23497.8,-9989.44,72.9687
23502,-9991.24,71.222
23506.2,-9993.04,69.4824
23510.4,-9994.84,67.8324
23514.7,-9996.64,66.183
23518.9,-9998.44,64.535
23523.1,-10000.2,62.8852
23527.3,-10002,61.1283
23531.5,-10003.8,59.3717
23535.7,-10005.6,57.6187
23539.9,-10007.4,55.9499
23544.1,-10009.2,54.2811
23548.4,-10011,52.6154
23552.6,-10012.8,50.9491
23556.8,-10014.6,49.2338
23561,-10016.4,47.5188
23565.2,-10018.2,45.804
23569.4,-10020,44.0311
23573.6,-10021.8,42.2587
23577.8,-10023.6,40.4888
23582.1,-10025.4,38.7192
23586.3,-10027.2,36.8985
23590.5,-10029,35.0795
23594.7,-10030.8,33.2646
23598.9,-10032.6,31.4612
23603.1,-10034.4,29.663
23607.3,-10036.2,27.8745
23611.5,-10038,26.0961
23615.7,-10039.8,24.3829
23620,-10041.6,22.6893
23624.2,-10043.4,21.0206
23628.4,-10045.2,19.2302
23632.6,-10047,17.4869
23636.8,-10048.8,15.8098
23641,-10050.6,14.2162
23645.2,-10052.4,12.8977
23649.4,-10054.2,11.671
23653.7,-10056,10.5588
23657.9,-10057.8,9.61737
23662.1,-10059.6,8.7529
23666.3,-10061.4,8.30305
23670.5,-10063.2,8.33234
23674.7,-10065,8.7243
23678.9,-10066.8,9.46552
23683.2,-10068.6,10.4831
23687.4,-10070.4,11.7042
23691.6,-10072.2,13.0127
23695.8,-10074,14.4466
23700,-10075.8,15.9761
23704.2,-10077.6,17.499
23708.4,-10079.4,19.0726
23712.6,-10081.2,20.6895
23716.9,-10083,22.3349
23721.1,-10084.8,23.8821
23725.3,-10086.6,25.446
23729.5,-10088.4,27.019
23733.7,-10090.2,28.6057
23737.9,-10092,30.2692
23742.1,-10093.8,31.9383
23746.3,-10095.6,33.6091
23750.5,-10097.4,35.4187
23754.8,-10099.2,37.2405
23759,-10101,39.0539
23763.2,-10102.8,40.9031
23767.4,-10104.6,42.7493
23771.6,-10106.4,44.5992
23775.8,-10108.2,46.4484
23780.1,-10110,48.3071
23784.3,-10111.8,50.1693
23788.5,-10113.6,52.0306
23792.7,-10115.4,53.8944
23796.9,-10117.2,55.7023
23801.1,-10119,57.5122
23805.3,-10120.8,59.3232
23809.5,-10122.6,61.0108
23813.8,-10124.4,62.7013
23818,-10126.2,64.3927
23822.2,-10128,66.0897
23826.4,-10129.8,67.9201
23830.6,-10131.6,69.7503
23834.8,-10133.4,71.5837
23839,-10135.2,73.3989
23843.2,-10137,75.2176
23847.5,-10138.8,77.0339
23851.7,-10140.6,78.8528
23855.9,-10142.4,80.6507
23860.1,-10144.2,82.4419
23864.3,-10146,84.2358
23868.5,-10147.8,86.0255
23872.8,-10149.6,87.8207
23877,-10151.4,89.6142
23881.2,-10153.2,91.4071
23885.4,-10155,93.223
23889.6,-10156.8,95.0365
23893.8,-10158.6,96.8518
23898,-10160.4,98.6569
23902.2,-10162.2,100.464
23906.5,-10164,102.267
23910.7,-10165.8,104.072
23914.9,-10167.6,105.892
23919.1,-10169.4,107.71
23923.3,-10171.2,109.529
23927.5,-10173,111.347
23931.7,-10174.8,113.157
23935.9,-10176.6,114.966
23940.1,-10178.4,116.773
23944.4,-10180.2,118.584
23948.6,-10182,120.395
23952.8,-10183.8,122.206
23957,-10185.6,124.016
23961.2,-10187.4,125.819
23965.5,-10189.2,127.608
23969.7,-10191,129.396
23973.9,-10192.8,131.129
23978.1,-10194.6,132.861
23982.3,-10196.4,134.595
23986.5,-10198.2,136.326
23990.7,-10200,138.043
23995,-10201.8,139.764
23999.2,-10203.6,141.491
24003.4,-10205.4,143.209
24007.6,-10207.2,145.037
24011.8,-10209,146.865
24016,-10210.8,148.691
24020.2,-10212.6,150.321
24024.5,-10214.4,151.955
24028.9,-10216.2,153.649
24033.3,-10218,155.366
24037.6,-10219.8,157.494
24042,-10221.6,159.635
24046.4,-10223.4,161.768
24050.8,-10225.2,163.39
24055.2,-10227,165.025
24059.6,-10228.8,166.683
24064.1,-10230.6,168.352
24068.6,-10232.4,170.314
24073.2,-10234.2,172.353
24077.7,-10236,174.299
24082,-10237.8,176.072
24086.2,-10239.6,177.794
24090.4,-10241.4,179.514
24094.7,-10243.2,181.296
24098.9,-10245,183.077
24103.1,-10246.8,184.858
24107.3,-10248.6,186.638
24111.5,-10250.4,188.335
24115.7,-10252.2,190.031
24119.9,-10254,191.727
24124.1,-10255.8,193.501
24128.4,-10257.6,195.273
24132.6,-10259.4,197.048
24136.8,-10261.2,198.82
24141,-10263,200.526
24145.2,-10264.8,202.235
24149.4,-10266.6,203.942
24153.8,-10268.4,205.888
24158.1,-10270.2,207.77
24162.3,-10272,209.637
24166.5,-10273.8,211.502
24170.7,-10275.6,213.284
24174.9,-10277.4,215.067
24179.1,-10279.2,216.85
24183.4,-10281,218.632
24187.6,-10282.8,220.406
24191.8,-10284.6,222.183
24196,-10286.4,223.955
24200.2,-10288.2,225.75
24204.4,-10290,227.547
24208.6,-10291.8,229.341
24212.9,-10293.6,231.136
24217.1,-10295.4,232.861
24221.3,-10297.2,234.587
24225.5,-10299,236.308
24229.7,-10300.8,238.045
24233.9,-10302.6,239.785
24238.1,-10304.4,241.522
24242.4,-10306.2,243.26
24246.6,-10308,245.013
24250.8,-10309.8,246.768
24255,-10311.6,248.523
24259.2,-10313.4,250.295
24263.4,-10315.2,252.069
24267.7,-10317,253.842
24271.9,-10318.8,255.616
24276.1,-10320.6,257.348
24280.3,-10322.4,259.079
24284.5,-10324.2,260.811
24288.8,-10326,262.6
24293,-10327.8,264.354
24297.2,-10329.6,266.106
24301.5,-10331.4,267.858
24305.7,-10333.2,269.559
24309.9,-10335,271.259
24314.1,-10336.8,272.961
24318.3,-10338.6,274.659
24322.5,-10340.4,276.438
24326.8,-10342.2,278.216
24331,-10344,279.993
24335.2,-10345.8,281.729
24339.4,-10347.6,283.463
24343.6,-10349.4,285.198
24348.2,-10351.2,287.086
24352.6,-10353,288.897
24356.9,-10354.8,290.698
24361.1,-10356.6,292.469
24365.4,-10358.4,294.085
24369.6,-10360.2,295.694
24373.8,-10362,297.305
24378,-10363.8,298.916
24382.2,-10365.6,300.903
24386.4,-10367.4,302.885
24390.6,-10369.2,304.866
24394.8,-10371,306.529
24399,-10372.8,308.188
24403.3,-10374.6,309.848
24407.5,-10376.4,311.506
24411.7,-10378.2,313.405
24415.9,-10380,315.3
24420.1,-10381.8,317.19
24424.3,-10383.6,319.026
24428.5,-10385.4,320.857
24432.8,-10387.2,322.686
24437,-10389,324.507
24441.2,-10390.8,326.366
24445.4,-10392.6,328.223
24449.6,-10394.4,330.073
24453.8,-10396.2,331.917
24458,-10398,333.701
24462.3,-10399.8,335.49
24466.5,-10401.6,337.256
24470.7,-10403.4,338.964
24474.9,-10405.2,340.658
24479.2,-10407,342.335
24483.4,-10408.8,343.986
24487.6,-10410.6,345.609
24491.8,-10412.4,347.179
24496,-10414.2,348.672
24500.2,-10416,350.062
24504.4,-10417.8,351.3
24508.6,-10419.6,352.309
24512.9,-10421.4,352.993
24517.1,-10423.2,353.284
24521.3,-10425,353.083
24525.5,-10426.8,352.431
24529.7,-10428.6,351.423
24533.9,-10430.4,350.181
24538.1,-10432.2,348.785
24542.4,-10434,347.287
24546.6,-10435.8,345.747
24550.8,-10437.6,344.157
24555,-10439.4,342.528
24559.2,-10441.2,340.803
24563.4,-10443,339.061
24567.6,-10444.8,337.304
24571.8,-10446.6,335.532
24576.1,-10448.4,333.678
24580.3,-10450.2,331.816
24584.5,-10452,329.943
24588.7,-10453.8,328.066
24592.9,-10455.6,326.242
24597.1,-10457.4,324.413
24601.3,-10459.2,322.576
24605.6,-10461,320.787
24609.8,-10462.8,318.994
24614,-10464.6,317.196
24618.2,-10466.4,315.398
24622.4,-10468.2,313.628
24626.6,-10470,311.857
24630.8,-10471.8,310.083
24635.1,-10473.6,308.307
24639.3,-10475.4,306.561
24643.5,-10477.2,304.813
24647.7,-10479,303.068
24651.9,-10480.8,301.339
24656.1,-10482.6,299.614
24660.3,-10484.4,297.887
24664.6,-10486.2,296.118
24668.8,-10488,294.351
24673,-10489.8,292.581
24677.2,-10491.6,290.814
24681.4,-10493.4,289.064
24685.6,-10495.2,287.314
24689.8,-10497,285.565
24694.1,-10498.8,283.813
24698.3,-10500.6,282.006
24702.5,-10502.4,280.197
24706.7,-10504.2,278.389
24710.9,-10506,276.494
24715.1,-10507.8,274.596
24719.3,-10509.6,272.699
24723.6,-10511.4,270.801
24727.8,-10513.2,268.974
24732,-10515,267.143
24736.2,-10516.8,265.316
24740.4,-10518.6,263.5
24744.6,-10520.4,261.684
24748.8,-10522.2,259.867
24753.1,-10524,258.05
24757.3,-10525.8,256.247
24761.5,-10527.6,254.432
24765.7,-10529.4,252.629
24769.9,-10531.2,250.824
24774.2,-10533,249.034
24778.4,-10534.8,247.245
24782.6,-10536.6,245.454
24786.8,-10538.4,243.691
24791.1,-10540.2,241.902
24795.3,-10542,240.137
24799.5,-10543.8,238.381
24803.7,-10545.6,236.623
24807.9,-10547.4,234.867
24812.1,-10549.2,233.111
24816.4,-10551,231.369
24820.6,-10552.8,229.626
24824.8,-10554.6,227.882
24829,-10556.4,226.139
24833.2,-10558.2,224.335
24837.4,-10560,222.534
24841.6,-10561.8,220.73
24845.8,-10563.6,218.866
24850.1,-10565.4,217.002
24854.3,-10567.2,215.138
24858.5,-10569,213.274
24862.7,-10570.8,211.415
24866.9,-10572.6,209.558
24871.1,-10574.4,207.703
24875.3,-10576.2,206.049
24879.6,-10578,204.396
24883.8,-10579.8,202.741
24888,-10581.6,201.089
24892.2,-10583.4,199.209
24896.4,-10585.2,197.33
24900.6,-10587,195.452
24904.8,-10588.8,193.608
24909.1,-10590.6,191.765
24913.3,-10592.4,189.923
24917.5,-10594.2,188.08
24921.7,-10596,186.355
24925.9,-10597.8,184.634
24930.1,-10599.6,182.912
24934.3,-10601.4,181.188
24938.5,-10603.2,179.478
24942.8,-10605,177.766
24947,-10606.8,176.055
24951.2,-10608.6,174.292
24955.4,-10610.4,172.526
24959.6,-10612.2,170.761
24963.8,-10614,168.996
24968,-10615.8,167.203
24972.3,-10617.6,165.409
24976.5,-10619.4,163.617
24980.7,-10621.2,161.817
24984.9,-10623,160.015
24989.1,-10624.8,158.214
24993.3,-10626.6,156.412
24997.5,-10628.4,154.672
25001.7,-10630.2,152.929
25006,-10632,151.189
25010.2,-10633.8,149.475
25014.4,-10635.6,147.761
25018.6,-10637.4,146.047
25022.8,-10639.2,144.333
25027,-10641,142.275
25031.3,-10642.8,140.194
25035.5,-10644.6,138.138
25039.7,-10646.4,136.081
25043.9,-10648.2,134.339
25048.1,-10650,132.602
25052.3,-10651.8,130.862
25056.6,-10653.6,129.003
25060.8,-10655.4,127.144
25065,-10657.2,125.285
25069.2,-10659,123.424
25073.4,-10660.8,121.759
25077.6,-10662.6,120.095
25081.8,-10664.4,118.428
25086.1,-10666.2,116.671
25090.3,-10668,114.913
25094.5,-10669.8,113.155
25098.7,-10671.6,111.396
25102.9,-10673.4,109.621
25107.1,-10675.2,107.845
25111.3,-10677,106.069
25115.5,-10678.8,104.282
25119.8,-10680.6,102.493
25124,-10682.4,100.704
25128.2,-10684.2,98.9153
25132.4,-10686,97.1213
25136.6,-10687.8,95.33
25140.8,-10689.6,93.538
25145,-10691.4,91.7272
25149.3,-10693.2,89.9192
25153.5,-10695,88.1095
25157.7,-10696.8,86.3008
25161.9,-10698.6,84.5852
25166.1,-10700.4,82.8728
25170.3,-10702.2,81.1581
25174.5,-10704,79.4419
25178.8,-10705.8,77.7354
25183,-10707.6,76.0273
25187.2,-10709.4,74.3217
25191.4,-10711.2,72.57
25195.6,-10713,70.8201
25199.8,-10714.8,69.0721
25204,-10716.6,67.2863
25208.2,-10718.4,65.5049
25212.5,-10720.2,63.7212
25216.7,-10722,61.9428
25220.9,-10723.8,60.175
25225.1,-10725.6,58.4069
25229.3,-10727.4,56.641
25233.5,-10729.2,54.8725
25237.8,-10731,53.0701
25242,-10732.8,51.2677
25246.2,-10734.6,49.4712
25250.4,-10736.4,47.7188
25254.6,-10738.2,45.9681
25258.8,-10740,44.2226
25263,-10741.8,42.4785
25267.2,-10743.6,40.6721
25271.5,-10745.4,38.8688
25275.7,-10747.2,37.0724
25279.9,-10749,35.3113
25284.1,-10750.8,33.552
25288.3,-10752.6,31.7993
25292.5,-10754.4,30.0499
25296.7,-10756.2,28.3194
25301,-10758,26.5909
25305.2,-10759.8,24.865
25309.4,-10761.6,23.1458
25313.6,-10763.4,20.9175
25317.8,-10765.2,18.7513
25322,-10767,16.6689
25326.2,-10768.8,15.3115
25330.4,-10770.6,13.9957
25334.7,-10772.4,12.7348
25338.9,-10774.2,11.5508
25343.1,-10776,10.1938
25347.3,-10777.8,8.96681
25351.5,-10779.6,7.92766
25355.7,-10781.4,7.01756
25359.9,-10783.2,6.66803
25364.1,-10785,6.96659
25368.4,-10786.8,7.83903
25372.6,-10788.6,8.70434
25376.8,-10790.4,9.76638
25381,-10792.2,10.9716
25385.2,-10794,12.6753
25389.4,-10795.8,14.4679
25393.6,-10797.6,16.3224
25397.8,-10799.4,18.217
