4.30572,-1.8,0.509756
8.82306,-3.6,0.511289
13.056,-5.4,0.512817
17.2814,-7.2,0.682993
21.4981,-9,0.993069
25.7094,-10.8,1.34869
29.9257,-12.6,1.72278
34.143,-14.4,3.39393
38.3619,-16.2,5.0929
42.5754,-18,6.79691
46.7946,-19.8,8.81569
51.0114,-21.6,10.837
55.2254,-23.4,12.8574
59.4464,-25.2,14.8819
63.6638,-27,16.8313
67.8854,-28.8,18.7832
72.1012,-30.6,20.7325
76.3247,-32.4,22.6221
80.5414,-34.2,24.5095
84.7585,-36,26.3969
88.9785,-37.8,28.2856
93.1988,-39.6,30.1328
97.4219,-41.4,31.982
101.673,-43.2,33.8429
105.935,-45,35.7091
110.154,-46.8,37.5097
114.377,-48.6,39.3127
118.596,-50.4,41.1138
122.816,-52.2,42.6428
127.038,-54,44.1735
131.254,-55.8,45.7021
135.468,-57.6,47.2305
139.69,-59.4,48.8862
143.908,-61.2,50.5408
148.127,-63,52.1957
152.343,-64.8,54.0321
156.568,-66.6,55.8723
160.785,-68.4,57.7092
165.003,-70.2,59.546
169.222,-72,61.2857
173.445,-73.8,63.0261
177.666,-75.6,64.7665
181.891,-77.4,66.6928
186.115,-79.2,68.6178
190.328,-81,70.5396
194.543,-82.8,72.4611
198.764,-84.6,74.3228
203.01,-86.4,76.1943
207.231,-88.2,78.0558
211.446,-90,79.8844
215.669,-91.8,81.7159
219.89,-93.6,83.5468
224.108,-95.4,85.3754
228.328,-97.2,87.1481
232.549,-99,88.9202
236.769,-100.8,90.693
240.984,-102.6,92.4618
245.237,-104.4,94.1378
249.46,-106.2,95.8015
253.676,-108,97.4623
257.898,-109.8,99.2086
262.118,-111.6,100.954
266.336,-113.4,102.699
270.549,-115.2,104.556
274.765,-117,106.414
278.986,-118.8,108.273
283.201,-120.6,110.132
287.422,-122.4,111.906
291.638,-124.2,113.678
295.887,-126,115.464
300.1,-127.8,117.235
304.343,-129.6,119.014
308.566,-131.4,120.785
312.782,-133.2,122.553
317.008,-135,124.337
321.224,-136.8,126.117
325.439,-138.6,127.897
329.661,-140.4,129.68
333.89,-142.2,131.471
338.116,-144,133.259
342.33,-145.8,135.047
346.553,-147.6,136.929
350.769,-149.4,138.808
354.986,-151.2,140.687
359.205,-153,142.57
363.42,-154.8,144.349
367.642,-156.6,146.132
371.858,-158.4,147.911
376.08,-160.2,149.694
380.295,-162,151.517
384.513,-163.8,153.342
388.732,-165.6,155.166
392.949,-167.4,156.949
397.172,-169.2,158.734
401.387,-171,160.515
405.624,-172.8,162.305
409.843,-174.6,164.112
414.069,-176.4,165.922
418.291,-178.2,167.73
422.51,-180,169.513
426.732,-181.8,171.298
430.948,-183.6,173.081
435.163,-185.4,174.863
439.381,-187.2,176.642
443.597,-189,178.421
447.817,-190.8,180.201
452.034,-192.6,182.012
456.256,-194.4,183.826
460.467,-196.2,185.636
464.681,-198,187.446
468.901,-199.8,189.264
473.118,-201.6,191.082
477.336,-203.4,192.899
481.552,-205.2,194.732
485.77,-207,196.568
489.991,-208.8,198.403
494.206,-210.6,200.237
498.424,-212.4,202.053
502.644,-214.2,203.87
506.893,-216,205.699
511.107,-217.8,207.513
515.329,-219.6,209.33
519.551,-221.4,211.146
523.771,-223.2,212.961
527.994,-225,214.747
532.211,-226.8,216.531
536.436,-228.6,218.318
540.65,-230.4,220.101
544.866,-232.2,221.896
549.092,-234,223.695
553.308,-235.8,225.49
557.531,-237.6,227.292
561.753,-239.4,229.095
565.973,-241.2,230.896
570.191,-243,232.696
574.405,-244.8,234.491
578.627,-246.6,236.289
582.843,-248.4,238.085
587.067,-250.2,239.903
591.283,-252,241.718
595.5,-253.8,243.533
599.719,-255.6,245.35
603.937,-257.4,247.163
608.185,-259.2,248.99
612.403,-261,250.803
616.629,-262.8,252.62
620.844,-264.6,254.458
625.065,-266.4,256.298
629.288,-268.2,258.14
633.505,-270,259.958
637.726,-271.8,261.778
641.944,-273.6,263.596
646.168,-275.4,265.424
650.386,-277.2,267.247
654.6,-279,269.071
658.822,-280.8,270.898
663.263,-282.6,272.8
667.485,-284.4,274.609
671.706,-286.2,276.419
675.927,-288,278.227
680.144,-289.8,279.981
684.362,-291.6,281.734
688.581,-293.4,283.489
692.801,-295.2,285.292
697.024,-297,287.096
701.24,-298.8,288.896
705.455,-300.6,290.699
709.7,-302.4,292.502
713.92,-304.2,294.295
718.149,-306,296.092
722.367,-307.8,297.898
726.589,-309.6,299.706
730.804,-311.4,301.511
735.019,-313.2,303.315
739.24,-315,305.127
743.458,-316.8,306.939
747.679,-318.6,308.751
751.968,-320.4,310.62
756.197,-322.2,312.463
760.412,-324,314.3
764.628,-325.8,316.138
768.849,-327.6,317.932
773.074,-329.4,319.728
777.297,-331.2,321.524
781.514,-333,323.347
785.736,-334.8,325.171
790.012,-336.6,327.021
794.227,-338.4,328.843
798.451,-340.2,330.632
802.671,-342,332.418
806.893,-343.8,334.207
811.193,-345.6,336.036
815.417,-347.4,337.833
819.641,-349.2,339.628
823.857,-351,341.42
828.088,-352.8,343.205
832.307,-354.6,344.984
836.531,-356.4,346.763
840.745,-358.2,348.536
844.963,-360,350.321
849.19,-361.8,352.104
853.407,-363.6,353.873
857.632,-365.4,355.635
861.851,-367.2,357.325
866.077,-369,358.647
870.292,-370.8,358.241
874.507,-372.6,356.692
878.73,-374.4,354.958
882.947,-376.199,353.181
887.174,-377.999,351.376
891.391,-379.799,349.567
895.607,-381.599,347.754
899.831,-383.399,345.935
904.078,-385.199,344.116
908.304,-386.999,342.304
912.546,-388.799,340.485
916.803,-390.599,338.659
921.023,-392.399,336.863
925.242,-394.199,335.066
929.462,-395.999,333.269
933.68,-397.799,331.489
937.903,-399.599,329.707
942.122,-401.399,327.926
946.342,-403.199,326.128
950.561,-404.999,324.331
954.777,-406.799,322.534
958.998,-408.599,320.735
963.273,-410.399,319.071
967.496,-412.199,317.427
971.718,-413.999,315.784
975.941,-415.799,314.139
980.159,-417.599,312.487
984.378,-419.399,310.834
988.598,-421.199,309.181
992.82,-422.999,307.277
997.045,-424.799,305.371
1001.26,-426.599,303.468
1005.48,-428.399,301.567
1009.7,-430.199,299.766
1013.92,-431.999,297.967
1018.15,-433.799,296.165
1022.37,-435.599,294.295
1026.59,-437.399,292.423
1030.8,-439.199,290.553
1035.02,-440.999,288.684
1039.24,-442.799,286.843
1043.46,-444.599,285.005
1047.68,-446.399,283.165
1051.97,-448.199,281.323
1056.2,-449.999,279.509
1060.42,-451.799,277.702
1064.64,-453.599,275.893
1069.13,-455.399,274.017
1073.35,-457.199,272.256
1077.58,-458.999,270.492
1081.79,-460.799,268.731
1086.02,-462.599,267.029
1090.23,-464.399,265.33
1094.45,-466.199,263.631
1098.67,-467.999,261.907
1102.89,-469.799,260.185
1107.12,-471.599,258.463
1111.33,-473.399,256.741
1115.55,-475.199,255.012
1119.77,-476.999,253.28
1123.99,-478.799,251.55
1128.39,-480.599,249.653
1132.61,-482.399,247.832
1136.83,-484.199,246.009
1141.05,-485.999,244.189
1145.27,-487.799,242.354
1149.49,-489.599,240.518
1153.71,-491.399,238.685
1157.93,-493.199,236.779
1162.16,-494.999,234.875
1166.38,-496.799,232.969
1170.6,-498.599,231.069
1174.82,-500.399,229.428
1179.04,-502.199,227.786
1183.26,-503.999,226.146
1187.48,-505.799,224.298
1191.71,-507.599,222.449
1195.93,-509.399,220.601
1200.15,-511.199,218.756
1204.36,-512.999,216.966
1208.58,-514.799,215.171
1212.8,-516.599,213.379
1217.07,-518.399,211.524
1221.29,-520.199,209.69
1225.51,-521.999,207.856
1229.73,-523.799,206.022
1233.95,-525.599,204.239
1238.18,-527.398,202.455
1242.4,-529.198,200.674
1246.62,-530.998,198.891
1250.84,-532.798,197.075
1255.06,-534.598,195.252
1259.28,-536.398,193.432
1263.5,-538.198,191.629
1267.72,-539.998,189.824
1271.94,-541.798,188.021
1276.17,-543.598,186.216
1280.38,-545.398,184.392
1284.6,-547.198,182.566
1288.82,-548.998,180.739
1293.04,-550.798,178.909
1297.26,-552.598,177.076
1301.47,-554.398,175.248
1305.69,-556.198,173.419
1309.91,-557.998,171.605
1314.13,-559.798,169.792
1318.35,-561.598,167.977
1322.57,-563.398,166.175
1326.8,-565.198,164.37
1331.01,-566.998,162.57
1335.23,-568.798,160.77
1339.45,-570.598,158.984
1343.67,-572.398,157.201
1347.89,-574.198,155.417
1352.11,-575.998,153.622
1356.33,-577.798,151.823
1360.55,-579.598,150.027
1364.77,-581.398,148.232
1369.14,-583.198,146.387
1373.35,-584.998,144.606
1377.58,-586.798,142.822
1381.79,-588.598,141.042
1386.02,-590.398,139.292
1390.23,-592.198,137.545
1394.45,-593.998,135.797
1398.67,-595.798,133.959
1402.89,-597.598,132.125
1407.12,-599.398,130.289
1411.36,-601.198,128.446
1415.57,-602.998,126.612
1419.8,-604.798,124.775
1424.02,-606.598,122.943
1428.24,-608.398,121.111
1432.46,-610.198,119.282
1436.68,-611.998,117.451
1440.89,-613.798,115.623
1445.11,-615.598,113.804
1449.33,-617.398,111.981
1453.55,-619.198,110.162
1457.81,-620.998,108.335
1462.03,-622.798,106.528
1466.29,-624.598,104.709
1470.61,-626.398,102.854
1475.12,-628.198,100.937
1479.36,-629.998,99.1316
1483.57,-631.798,97.3361
1487.8,-633.598,95.5873
1492.02,-635.398,93.8391
1496.31,-637.198,92.0646
1500.52,-638.998,90.3183
1504.74,-640.798,88.516
1508.97,-642.598,86.7089
1513.19,-644.398,84.9038
1517.42,-646.198,83.0954
1521.63,-647.998,81.2856
1525.89,-649.798,79.4603
1530.1,-651.598,77.6509
1534.32,-653.398,75.8443
1538.54,-655.198,74.0333
1542.76,-656.998,72.2257
1546.99,-658.798,70.4172
1551.49,-660.598,68.4591
1555.7,-662.398,66.6249
1559.93,-664.198,64.7885
1564.15,-665.998,63.0258
1568.38,-667.798,61.2616
1572.59,-669.598,59.5021
1576.82,-671.398,57.7387
1581.04,-673.198,55.9085
1585.25,-674.997,54.0768
1589.48,-676.797,52.2454
1593.69,-678.597,50.4482
1597.92,-680.397,48.6485
1602.14,-682.197,46.8511
1606.56,-683.997,44.9932
1610.78,-685.797,43.2217
1615,-687.597,41.4486
1619.22,-689.397,39.6744
1623.45,-691.197,37.897
1627.67,-692.997,36.1186
1631.89,-694.797,34.3416
1636.11,-696.597,32.5644
1640.33,-698.397,30.7729
1644.55,-700.197,28.9793
1648.77,-701.997,27.1853
1652.99,-703.797,25.3815
1657.22,-705.597,23.5774
1661.43,-707.397,21.7765
1665.65,-709.197,19.9759
1669.87,-710.997,18.164
1674.09,-712.797,16.3539
1678.31,-714.597,14.5428
1682.53,-716.397,12.7137
1686.75,-718.197,10.8835
1690.97,-719.997,9.06043
1695.18,-721.797,7.2423
1699.4,-723.597,5.44781
1703.62,-725.397,3.68223
1707.84,-727.197,2.01821
1712.08,-728.997,1.11064
1716.59,-730.797,2.35904
1720.8,-732.597,4.05689
1725.02,-734.397,5.82632
1729.24,-736.197,7.55636
1733.45,-737.997,9.29528
1737.67,-739.797,11.0403
1741.89,-741.597,12.7869
1746.12,-743.397,14.5835
1750.33,-745.197,16.3792
1754.55,-746.997,18.1759
1758.77,-748.797,19.9686
1762.99,-750.597,21.7616
1767.21,-752.397,23.5545
1771.43,-754.197,25.3452
1775.65,-755.997,27.1393
1779.87,-757.797,28.9367
1784.09,-759.597,30.7315
1788.31,-761.397,32.5338
1792.53,-763.197,34.3347
1796.75,-764.997,36.1364
1800.97,-766.797,37.9345
1805.19,-768.597,39.6912
1809.41,-770.397,41.4505
1813.63,-772.197,43.2067
1817.85,-773.997,44.966
1822.07,-775.797,46.5929
1826.3,-777.597,48.2215
1830.58,-779.397,49.8463
1834.8,-781.197,51.8005
1839.02,-782.997,53.7302
1843.24,-784.797,55.657
1847.46,-786.597,57.451
1851.71,-788.397,59.2432
1855.94,-790.197,61.0494
1860.15,-791.997,62.8407
1864.52,-793.797,64.6555
1868.74,-795.597,66.4125
1872.96,-797.397,68.1669
1877.19,-799.197,69.9254
1881.41,-800.997,71.7776
1885.63,-802.797,73.6289
1889.85,-804.597,75.4813
1894.07,-806.397,77.2852
1898.3,-808.197,79.0898
1902.52,-809.997,80.891
1906.74,-811.797,82.6948
1910.96,-813.597,84.4804
1915.18,-815.397,86.2666
1919.41,-817.197,88.055
1923.79,-818.997,89.9076
1928.02,-820.797,91.6925
1932.24,-822.596,93.4741
1936.46,-824.396,95.2566
1940.68,-826.196,96.9483
1944.9,-827.996,98.6406
1949.12,-829.796,100.335
1953.34,-831.596,102.141
1957.57,-833.396,103.951
1961.79,-835.196,105.759
1966.01,-836.996,107.567
1970.23,-838.796,109.386
1974.45,-840.596,111.207
1978.67,-842.396,113.028
1982.88,-844.196,114.846
1987.11,-845.996,116.632
1991.33,-847.796,118.419
1995.55,-849.596,120.204
1999.77,-851.396,122.012
2003.99,-853.196,123.818
2008.21,-854.996,125.625
2012.57,-856.796,127.388
2016.79,-858.596,129.1
2021.01,-860.396,130.811
2025.23,-862.196,132.519
2029.45,-863.996,134.304
2033.67,-865.796,136.086
2037.9,-867.596,137.871
2042.11,-869.396,139.653
2046.33,-871.196,141.484
2050.55,-872.996,143.314
2054.77,-874.796,145.144
2059,-876.596,146.933
2063.21,-878.396,148.72
2067.44,-880.196,150.508
2071.65,-881.996,152.293
2075.91,-883.796,154.166
2080.12,-885.596,156.022
2084.35,-887.396,157.882
2088.63,-889.196,159.758
2092.89,-890.996,161.626
2097.17,-892.796,163.502
2101.5,-894.596,165.397
2105.8,-896.396,167.25
2110.03,-898.196,169.063
2114.25,-899.996,170.872
2118.48,-901.796,172.648
2122.7,-903.596,174.421
2126.92,-905.396,176.195
2131.14,-907.196,177.967
2135.36,-908.996,179.758
2139.58,-910.796,181.553
2143.8,-912.596,183.348
2148.03,-914.396,185.142
2152.25,-916.196,186.936
2156.47,-917.996,188.73
2160.69,-919.796,190.522
2164.9,-921.596,192.295
2169.12,-923.396,194.071
2173.34,-925.196,195.844
2177.7,-926.996,197.708
2181.92,-928.796,199.512
2186.15,-930.596,201.319
2190.36,-932.396,203.121
2194.9,-934.196,205.037
2199.12,-935.996,206.82
2203.34,-937.796,208.601
2207.57,-939.596,210.384
2211.79,-941.396,212.151
2216.01,-943.196,213.919
2220.23,-944.996,215.684
2224.45,-946.796,217.514
2228.68,-948.596,219.344
2232.89,-950.396,221.172
2237.11,-952.196,223.001
2241.33,-953.996,224.81
2245.55,-955.796,226.619
2249.77,-957.596,228.43
2253.99,-959.396,230.22
2258.22,-961.196,232.009
2262.44,-962.996,233.796
2266.66,-964.796,235.586
2270.87,-966.596,237.375
2275.09,-968.396,239.166
2279.32,-970.195,240.96
2283.54,-971.995,242.779
2287.76,-973.795,244.598
2291.98,-975.595,246.414
2296.21,-977.395,248.235
2300.42,-979.195,250.05
2304.64,-980.995,251.867
2308.87,-982.795,253.684
2313.08,-984.595,255.512
2317.31,-986.395,257.343
2321.53,-988.195,259.173
2325.75,-989.995,261.001
2329.97,-991.795,262.817
2334.19,-993.595,264.634
2338.41,-995.395,266.451
2342.83,-997.195,268.365
2347.05,-998.995,270.197
2351.27,-1000.8,272.026
2355.48,-1002.6,273.855
2359.71,-1004.4,275.635
2363.93,-1006.2,277.412
2368.16,-1008,279.192
2372.37,-1009.8,280.968
2376.59,-1011.6,282.802
2380.81,-1013.4,284.635
2385.03,-1015.2,286.467
2389.26,-1017,288.27
2393.47,-1018.8,290.07
2397.7,-1020.6,291.872
2401.91,-1022.4,293.671
2406.14,-1024.2,295.465
2410.35,-1026,297.255
2414.57,-1027.8,299.047
2418.8,-1029.6,300.844
2423.02,-1031.4,302.638
2427.24,-1033.2,304.433
2431.45,-1035,306.225
2435.67,-1036.8,308.012
2439.9,-1038.6,309.804
2444.11,-1040.4,311.593
2448.34,-1042.2,313.395
2452.56,-1044,315.198
2456.78,-1045.8,317.001
2461,-1047.6,318.802
2465.21,-1049.4,320.618
2469.44,-1051.2,322.439
2473.66,-1053,324.257
2477.88,-1054.8,326.076
2482.1,-1056.6,327.924
2486.32,-1058.4,329.774
2490.54,-1060.2,331.62
2494.9,-1062,333.504
2499.12,-1063.8,335.331
2503.34,-1065.6,337.153
2507.56,-1067.4,338.977
2511.79,-1069.2,340.763
2516.01,-1071,342.549
2520.23,-1072.8,344.332
2524.45,-1074.6,346.128
2528.68,-1076.4,347.924
2532.89,-1078.2,349.716
2537.12,-1080,351.506
2541.33,-1081.8,353.287
2545.55,-1083.6,355.056
2549.77,-1085.4,356.793
2553.99,-1087.2,358.383
2558.22,-1089,358.834
2562.43,-1090.8,357.447
2566.66,-1092.6,355.746
2570.87,-1094.4,353.991
2575.09,-1096.2,352.219
2579.31,-1098,350.436
2583.53,-1099.8,348.636
2587.75,-1101.6,346.831
2591.97,-1103.4,345.028
2596.2,-1105.2,343.219
2600.41,-1107,341.408
2604.63,-1108.8,339.595
2608.86,-1110.6,337.781
2613.08,-1112.4,335.966
2617.33,-1114.2,334.127
2621.56,-1116,332.3
2625.78,-1117.8,330.476
2630,-1119.6,328.671
2634.22,-1121.4,326.869
2638.44,-1123.2,325.066
2642.82,-1125,323.196
2647.05,-1126.8,321.393
2651.27,-1128.6,319.593
2655.48,-1130.4,317.794
2659.71,-1132.2,316.175
2663.93,-1134,314.557
2668.16,-1135.8,312.935
2672.37,-1137.6,311.317
2676.59,-1139.4,309.478
2680.82,-1141.2,307.637
2685.03,-1143,305.799
2689.26,-1144.8,303.943
2693.48,-1146.6,302.089
2697.7,-1148.4,300.234
2701.91,-1150.2,298.382
2706.14,-1152,296.632
2710.36,-1153.8,294.884
2714.57,-1155.6,293.136
2718.83,-1157.4,291.288
2723.05,-1159.2,289.455
2727.28,-1161,287.619
2731.49,-1162.8,285.788
2735.71,-1164.6,283.96
2739.94,-1166.4,282.127
2744.15,-1168.2,280.296
2748.38,-1170,278.479
2752.6,-1171.8,276.664
2756.82,-1173.6,274.845
2761.04,-1175.4,273.031
2765.26,-1177.2,271.233
2769.48,-1179,269.434
2773.7,-1180.8,267.636
2777.92,-1182.6,265.837
2782.14,-1184.4,264.13
2786.37,-1186.2,262.421
2790.58,-1188,260.716
2794.9,-1189.8,258.899
2799.12,-1191.6,257.119
2803.34,-1193.4,255.342
2807.56,-1195.2,253.564
2811.78,-1197,251.764
2816.01,-1198.8,249.962
2820.26,-1200.6,248.15
2824.48,-1202.4,246.39
2828.7,-1204.2,244.626
2832.92,-1206,242.867
2837.14,-1207.8,241.104
2841.36,-1209.6,239.34
2845.57,-1211.4,237.573
2849.8,-1213.2,235.806
2854.01,-1215,233.972
2858.24,-1216.8,232.135
2862.45,-1218.6,230.301
2866.67,-1220.4,228.466
2870.89,-1222.2,226.716
2875.11,-1224,224.966
2879.33,-1225.8,223.214
2883.57,-1227.6,221.32
2887.79,-1229.4,219.433
2892.01,-1231.2,217.549
2896.23,-1233,215.665
2900.45,-1234.8,213.884
2904.67,-1236.6,212.103
2908.9,-1238.4,210.322
2913.11,-1240.2,208.542
2917.33,-1242,206.704
2921.59,-1243.8,204.851
2925.93,-1245.6,202.959
2930.16,-1247.4,201.155
2934.38,-1249.2,199.355
2938.6,-1251,197.555
2942.82,-1252.8,195.745
2947.04,-1254.6,193.935
2951.26,-1256.4,192.126
2955.48,-1258.2,190.319
2959.7,-1260,188.531
2963.92,-1261.8,186.745
2968.17,-1263.6,184.952
2972.49,-1265.4,183.118
2976.79,-1267.2,181.301
2981.01,-1269,179.519
2985.23,-1270.8,177.739
2989.45,-1272.6,175.966
2993.67,-1274.4,174.196
2997.9,-1276.2,172.424
3002.11,-1278,170.655
3006.34,-1279.8,168.827
3010.55,-1281.6,167
3014.77,-1283.4,165.174
3019,-1285.2,163.336
3023.26,-1287,161.486
3027.49,-1288.8,159.652
3031.71,-1290.6,157.819
3035.93,-1292.4,156.008
3040.15,-1294.2,154.199
3044.37,-1296,152.392
3048.7,-1297.8,150.541
3052.92,-1299.6,148.739
3057.14,-1301.4,146.934
3061.36,-1303.2,145.135
3065.58,-1305,143.372
3069.8,-1306.8,141.609
3074.02,-1308.6,139.847
3078.24,-1310.4,138.084
3082.46,-1312.2,136.281
3086.69,-1314,134.473
3090.9,-1315.8,132.669
3095.12,-1317.6,130.885
3099.34,-1319.4,129.099
3103.55,-1321.2,127.314
3107.95,-1323,125.437
3112.17,-1324.8,123.632
3116.39,-1326.6,121.827
3120.61,-1328.4,120.024
3124.86,-1330.2,118.243
3129.08,-1332,116.473
3133.3,-1333.8,114.703
3137.52,-1335.6,112.934
3141.75,-1337.4,111.098
3145.97,-1339.2,109.263
3150.19,-1341,107.428
3154.41,-1342.8,105.588
3158.63,-1344.6,103.747
3162.84,-1346.4,101.908
3167.06,-1348.2,100.067
3171.28,-1350,98.2418
3175.5,-1351.8,96.4149
3179.72,-1353.6,94.5875
3183.94,-1355.4,92.7702
3188.16,-1357.2,90.9507
3192.38,-1359,89.1343
3196.6,-1360.8,87.3161
3200.81,-1362.6,85.5255
3205.04,-1364.4,83.7318
3209.26,-1366.2,81.938
3213.48,-1368,80.1476
3217.7,-1369.8,78.3496
3221.93,-1371.6,76.5523
3226.18,-1373.4,74.7437
3230.39,-1375.2,72.9614
3234.61,-1377,71.1794
3238.83,-1378.8,69.3959
3243.05,-1380.6,67.6003
3247.27,-1382.4,65.8034
3251.49,-1384.2,64.0087
3255.7,-1386.01,62.2144
3259.92,-1387.81,60.4026
3264.14,-1389.61,58.5924
3268.37,-1391.41,56.7807
3272.58,-1393.21,54.9716
3276.81,-1395.01,53.1427
3281.02,-1396.81,51.3173
3285.24,-1398.61,49.4912
3289.46,-1400.41,47.6535
3293.68,-1402.21,45.8186
3297.9,-1404.01,43.9821
3302.12,-1405.81,42.1465
3306.34,-1407.61,40.3417
3310.56,-1409.41,38.5393
3314.78,-1411.21,36.7358
3319,-1413.01,34.9173
3323.22,-1414.81,33.0997
3327.47,-1416.61,31.2695
3331.73,-1418.41,29.4377
3335.95,-1420.21,27.6446
3340.17,-1422.01,25.8539
3344.39,-1423.81,24.0648
3348.61,-1425.61,22.2748
3352.83,-1427.41,20.4898
3357.05,-1429.21,18.7037
3361.27,-1431.01,16.9192
3365.49,-1432.81,15.1323
3369.71,-1434.61,13.3457
3373.92,-1436.41,11.5618
3378.15,-1438.21,9.77913
3382.37,-1440.01,7.99898
3386.58,-1441.81,6.22664
3390.8,-1443.61,4.47966
3395.01,-1445.41,2.79099
3399.23,-1447.21,1.42653
3403.45,-1449.01,1.67767
3407.67,-1450.81,3.18254
3411.88,-1452.61,4.915
3416.1,-1454.41,6.69791
3420.31,-1456.21,8.49933
3424.53,-1458.01,10.3067
3428.78,-1459.81,12.1346
3433,-1461.61,13.9523
3437.22,-1463.41,15.7722
3441.44,-1465.21,17.5811
3445.65,-1467.01,19.3919
3449.88,-1468.81,21.2047
3454.09,-1470.61,23.0044
3458.32,-1472.41,24.808
3462.53,-1474.21,26.6084
3466.76,-1476.01,28.4121
3470.97,-1477.81,30.2035
3475.19,-1479.61,31.9977
3479.42,-1481.41,33.793
3483.63,-1483.21,35.5859
3487.86,-1485.01,37.3821
3492.07,-1486.81,39.1775
3496.3,-1488.61,40.9745
3500.51,-1490.41,42.7263
3504.73,-1492.21,44.4784
3508.96,-1494.01,46.2344
3513.18,-1495.81,47.9877
3517.4,-1497.61,49.6416
3521.62,-1499.41,51.2943
3525.87,-1501.21,52.9588
3530.12,-1503.01,54.8589
3534.34,-1504.81,56.7425
3538.56,-1506.61,58.6287
3542.78,-1508.41,60.5122
3547,-1510.21,62.304
3551.21,-1512.01,64.0922
3555.43,-1513.81,65.8825
3559.65,-1515.61,67.7434
3563.87,-1517.41,69.6031
3568.09,-1519.21,71.4643
3572.31,-1521.01,73.3248
3576.53,-1522.81,75.191
3580.75,-1524.61,77.0557
3584.97,-1526.41,78.9205
3589.2,-1528.21,80.7444
3593.43,-1530.01,82.5637
3597.65,-1531.81,84.3819
3601.87,-1533.61,86.1989
3606.09,-1535.41,87.9644
3610.31,-1537.21,89.7294
3614.52,-1539.01,91.4934
3618.75,-1540.81,93.2588
3622.97,-1542.61,95.0066
3627.19,-1544.41,96.7561
3631.44,-1546.21,98.5156
3635.66,-1548.01,100.221
3639.89,-1549.81,101.929
3644.16,-1551.61,103.658
3648.39,-1553.41,105.366
3652.6,-1555.21,107.162
3656.83,-1557.01,108.961
3661.04,-1558.81,110.756
3665.26,-1560.61,112.544
3669.48,-1562.41,114.334
3673.7,-1564.21,116.121
3677.92,-1566.01,117.913
3682.14,-1567.81,119.779
3686.37,-1569.61,121.647
3690.58,-1571.41,123.51
3694.8,-1573.21,125.392
3699.02,-1575.01,127.276
3703.23,-1576.81,129.157
3707.45,-1578.61,131.04
3711.67,-1580.41,132.729
3715.92,-1582.21,134.433
3720.14,-1584.01,136.122
3724.35,-1585.81,137.811
3728.58,-1587.61,139.673
3732.82,-1589.41,141.547
3737.05,-1591.21,143.411
3741.26,-1593.01,145.192
3745.48,-1594.81,146.973
3749.7,-1596.61,148.758
3753.92,-1598.41,150.539
3758.14,-1600.21,152.365
3762.36,-1602.01,154.19
3766.58,-1603.81,156.015
3770.8,-1605.61,157.801
3775.01,-1607.41,159.589
3779.23,-1609.21,161.378
3783.45,-1611.01,163.165
3787.68,-1612.81,164.962
3791.89,-1614.61,166.755
3796.11,-1616.41,168.55
3800.33,-1618.21,170.346
3804.54,-1620.01,172.144
3808.76,-1621.81,173.943
3812.98,-1623.61,175.74
3817.2,-1625.41,177.567
3821.42,-1627.21,179.391
3825.64,-1629.01,181.215
3829.86,-1630.81,183.053
3834.11,-1632.61,184.902
3838.33,-1634.41,186.741
3842.55,-1636.21,188.576
3846.78,-1638.01,190.389
3851.04,-1639.81,192.217
3855.27,-1641.61,194.034
3859.5,-1643.41,195.835
3863.72,-1645.21,197.635
3867.94,-1647.01,199.437
3872.16,-1648.81,201.237
3876.38,-1650.61,203.019
3880.59,-1652.41,204.798
3884.81,-1654.21,206.578
3889.03,-1656.01,208.36
3893.25,-1657.81,210.151
3897.47,-1659.61,211.943
3901.76,-1661.41,213.764
3905.99,-1663.21,215.549
3910.2,-1665.01,217.329
3914.42,-1666.81,219.109
3918.64,-1668.61,220.892
3922.87,-1670.41,222.682
3927.09,-1672.21,224.472
3931.31,-1674.01,226.26
3935.53,-1675.81,228.069
3939.75,-1677.61,229.881
3943.97,-1679.41,231.689
3948.19,-1681.21,233.501
3952.41,-1683.01,235.329
3956.63,-1684.81,237.16
3960.85,-1686.61,238.987
3965.07,-1688.41,240.816
3969.29,-1690.21,242.659
3973.5,-1692.01,244.499
3977.73,-1693.81,246.341
3981.94,-1695.61,248.162
3986.17,-1697.41,249.985
3990.39,-1699.21,251.804
3994.6,-1701.01,253.621
3998.83,-1702.81,255.443
4003.53,-1704.61,257.463
4007.91,-1706.41,259.35
4012.3,-1708.21,261.209
4016.71,-1710.01,263.075
4021.25,-1711.81,264.996
4025.72,-1713.61,266.812
4030.14,-1715.41,268.608
4034.57,-1717.21,270.401
4038.99,-1719.01,272.193
4043.47,-1720.81,273.997
4047.88,-1722.61,275.778
4052.37,-1724.41,277.585
4056.8,-1726.21,279.398
4061.16,-1728.01,281.185
4065.49,-1729.81,282.963
4069.73,-1731.61,284.715
4073.95,-1733.41,286.462
4078.17,-1735.21,288.211
4082.39,-1737.01,289.956
4086.61,-1738.81,291.795
4090.82,-1740.61,293.631
4095.04,-1742.41,295.469
4099.27,-1744.21,297.308
4103.48,-1746.01,299.133
4107.7,-1747.81,300.96
4111.92,-1749.61,302.784
4116.14,-1751.41,304.576
4120.36,-1753.21,306.365
4124.61,-1755.02,308.168
4128.83,-1756.82,309.96
4133.05,-1758.62,311.761
4137.32,-1760.42,313.58
4141.53,-1762.22,315.379
4145.75,-1764.02,317.145
4149.98,-1765.82,318.914
4154.2,-1767.62,320.683
4158.42,-1769.42,322.451
4162.63,-1771.22,324.256
4166.86,-1773.02,326.063
4171.07,-1774.82,327.87
4175.29,-1776.62,329.67
4179.52,-1778.42,331.473
4183.74,-1780.22,333.274
4187.96,-1782.02,335.075
4192.18,-1783.82,336.889
4196.4,-1785.62,338.703
4200.62,-1787.42,340.514
4204.83,-1789.22,342.347
4209.06,-1791.02,344.182
4213.27,-1792.82,346.013
4217.5,-1794.62,347.845
4221.74,-1796.42,349.666
4225.97,-1798.22,351.472
4230.18,-1800.02,353.268
4234.4,-1801.82,355.046
4238.65,-1803.62,356.791
4242.87,-1805.42,358.335
4247.09,-1807.22,358.64
4251.31,-1809.02,357.27
4255.52,-1810.82,355.58
4259.75,-1812.62,353.824
4263.97,-1814.42,352.049
4268.19,-1816.22,350.258
4272.41,-1818.02,348.466
4276.63,-1819.82,346.668
4280.85,-1821.62,344.874
4285.06,-1823.42,343.077
4289.29,-1825.22,341.278
4293.5,-1827.02,339.479
4297.73,-1828.82,337.676
4301.94,-1830.62,335.873
4306.17,-1832.42,334.068
4310.38,-1834.22,332.265
4314.6,-1836.02,330.462
4318.82,-1837.82,328.655
4323.07,-1839.62,326.835
4327.3,-1841.42,325.021
4331.52,-1843.22,323.214
4335.73,-1845.02,321.405
4339.98,-1846.82,319.585
4344.27,-1848.62,317.75
4348.49,-1850.42,315.942
4352.71,-1852.22,314.136
4356.93,-1854.02,312.547
4361.15,-1855.82,310.959
4365.36,-1857.62,309.372
4369.58,-1859.42,307.783
4373.81,-1861.22,305.909
4378.03,-1863.02,304.035
4382.25,-1864.82,302.165
4386.46,-1866.62,300.349
4390.68,-1868.42,298.533
4394.9,-1870.22,296.717
4399.12,-1872.02,294.9
4403.33,-1873.82,293.126
4407.56,-1875.62,291.349
4411.77,-1877.42,289.575
4415.99,-1879.22,287.726
4420.21,-1881.02,285.878
4424.46,-1882.82,284.016
4428.68,-1884.62,282.165
4432.9,-1886.42,280.342
4437.12,-1888.22,278.52
4441.37,-1890.02,276.688
4445.58,-1891.82,274.897
4449.81,-1893.62,273.104
4454.03,-1895.42,271.313
4458.25,-1897.22,269.522
4462.46,-1899.02,267.736
4466.69,-1900.82,265.948
4470.96,-1902.62,264.146
4475.29,-1904.42,262.366
4479.53,-1906.22,260.634
4483.75,-1908.02,258.909
4487.98,-1909.82,257.183
4492.2,-1911.62,255.395
4496.42,-1913.42,253.609
4500.63,-1915.22,251.825
4504.85,-1917.02,250.003
4509.07,-1918.82,248.178
4513.29,-1920.62,246.356
4517.51,-1922.42,244.534
4521.73,-1924.22,242.776
4525.99,-1926.02,240.999
4530.2,-1927.82,239.242
4534.42,-1929.62,237.485
4538.64,-1931.42,235.721
4542.9,-1933.22,233.942
4547.12,-1935.02,232.176
4551.34,-1936.82,230.433
4555.55,-1938.62,228.688
4559.77,-1940.42,226.941
4563.99,-1942.22,225.196
4568.21,-1944.02,223.372
4572.42,-1945.82,221.55
4576.65,-1947.62,219.724
4580.86,-1949.42,217.884
4585.08,-1951.22,216.043
4589.3,-1953.02,214.2
4593.51,-1954.82,212.36
4597.73,-1956.62,210.549
4601.95,-1958.42,208.74
4606.17,-1960.22,206.929
4610.39,-1962.02,205.097
4614.6,-1963.82,203.265
4618.82,-1965.62,201.429
4623.07,-1967.42,199.582
4627.29,-1969.22,197.764
4631.51,-1971.02,195.952
4635.72,-1972.82,194.139
4639.94,-1974.62,192.329
4644.19,-1976.42,190.506
4648.42,-1978.22,188.695
4652.63,-1980.02,186.888
4656.85,-1981.82,185.108
4661.07,-1983.62,183.325
4665.29,-1985.42,181.546
4669.51,-1987.22,179.764
4673.72,-1989.02,177.98
4677.94,-1990.82,176.191
4682.16,-1992.62,174.405
4686.38,-1994.42,172.622
4690.6,-1996.22,170.841
4694.81,-1998.02,169.059
4699.03,-1999.82,167.275
4703.25,-2001.62,165.479
4707.47,-2003.42,163.682
4711.73,-2005.22,161.869
4715.95,-2007.02,160.059
4720.17,-2008.82,158.25
4724.41,-2010.62,156.428
4728.64,-2012.42,154.617
4732.85,-2014.22,152.798
4737.08,-2016.02,150.977
4741.29,-2017.82,149.158
4745.54,-2019.62,147.308
4749.76,-2021.42,145.469
4753.98,-2023.22,143.633
4758.2,-2025.02,141.793
4762.41,-2026.82,139.986
4766.63,-2028.62,138.177
4770.84,-2030.42,136.372
4775.06,-2032.22,134.572
4779.28,-2034.02,132.771
4783.5,-2035.82,130.973
4787.72,-2037.62,129.172
4791.93,-2039.42,127.391
4796.16,-2041.22,125.607
4800.37,-2043.02,123.827
4804.58,-2044.82,122.047
4808.8,-2046.62,120.241
4813.02,-2048.42,118.438
4817.23,-2050.22,116.633
4821.45,-2052.02,114.825
4825.7,-2053.82,113.006
4829.92,-2055.62,111.195
4834.14,-2057.42,109.386
4838.36,-2059.22,107.556
4842.58,-2061.02,105.728
4846.83,-2062.82,103.884
4851.05,-2064.62,102.051
4855.27,-2066.42,100.217
4859.49,-2068.22,98.3834
4863.7,-2070.02,96.552
4867.92,-2071.82,94.7398
4872.14,-2073.62,92.9293
4876.36,-2075.42,91.1171
4880.57,-2077.22,89.2893
4884.79,-2079.02,87.4599
4889.01,-2080.82,85.6287
4893.22,-2082.62,83.8001
4897.44,-2084.42,81.9809
4901.66,-2086.22,80.1644
4905.91,-2088.02,78.3301
4910.13,-2089.82,76.5159
4914.34,-2091.62,74.7032
4918.64,-2093.42,72.8557
4922.88,-2095.22,71.0285
4927.1,-2097.02,69.2376
4931.32,-2098.82,67.4474
4935.54,-2100.62,65.6584
4939.76,-2102.42,63.8669
4943.97,-2104.22,62.0782
4948.22,-2106.02,60.2751
4952.44,-2107.82,58.4849
4956.66,-2109.62,56.692
4960.88,-2111.42,54.8996
4965.1,-2113.22,53.1095
4969.32,-2115.02,51.3169
4973.53,-2116.82,49.5277
4977.75,-2118.62,47.7363
4981.98,-2120.42,45.9458
4986.2,-2122.22,44.149
4990.41,-2124.02,42.3569
4994.63,-2125.82,40.5639
4998.85,-2127.62,38.7701
5003.06,-2129.43,36.9425
5007.28,-2131.23,35.1119
5011.5,-2133.03,33.2844
5015.71,-2134.83,31.4341
5019.94,-2136.63,29.5793
5024.19,-2138.43,27.7119
5028.42,-2140.23,25.8579
5032.63,-2142.03,24.0452
5036.85,-2143.83,22.2318
5041.13,-2145.63,20.3942
5045.35,-2147.43,18.583
5049.6,-2149.23,16.7588
5053.82,-2151.03,14.9473
5058.05,-2152.83,13.1366
5062.26,-2154.63,11.358
5066.48,-2156.43,9.5794
5070.69,-2158.23,7.80739
5074.9,-2160.03,6.0261
5079.12,-2161.83,4.25248
5083.33,-2163.63,2.5142
5087.55,-2165.43,0.989911
5091.76,-2167.23,1.44615
5095.98,-2169.03,3.10762
5100.19,-2170.83,4.86682
5104.4,-2172.63,6.64438
5108.62,-2174.43,8.44209
5112.83,-2176.23,10.2423
5117.06,-2178.03,12.0472
5121.27,-2179.83,13.8571
5125.52,-2181.63,15.6805
5129.74,-2183.43,17.4945
5133.96,-2185.23,19.3055
5138.19,-2187.03,21.1194
5142.4,-2188.83,22.9292
5146.62,-2190.63,24.7406
5150.87,-2192.43,26.5672
5155.08,-2194.23,28.3804
5159.31,-2196.03,30.1974
5163.52,-2197.83,32.0106
5167.74,-2199.63,33.8168
5171.96,-2201.43,35.6215
5176.18,-2203.23,37.4298
5180.4,-2205.03,39.23
5184.62,-2206.83,41.0302
5188.83,-2208.63,42.8308
5193.05,-2210.43,44.6317
5197.27,-2212.23,46.2531
5201.49,-2214.03,47.8742
5205.7,-2215.83,49.4953
5209.92,-2217.63,51.1183
5214.14,-2219.43,52.8879
5218.35,-2221.23,54.6572
5222.57,-2223.03,56.4287
5226.82,-2224.83,58.3007
5231.04,-2226.63,60.1595
5235.26,-2228.43,62.0173
5239.48,-2230.23,63.8762
5243.7,-2232.03,65.6174
5247.92,-2233.83,67.3602
5252.17,-2235.63,69.1147
5256.39,-2237.43,70.9487
5260.61,-2239.23,72.7795
5264.82,-2241.03,74.6094
5269.04,-2242.83,76.4429
5273.26,-2244.63,78.2852
5277.48,-2246.43,80.1294
5281.7,-2248.23,81.9746
5285.92,-2250.03,83.7946
5290.14,-2251.83,85.6143
5294.35,-2253.63,87.4314
5298.57,-2255.43,89.2515
5302.79,-2257.23,91.0477
5307.01,-2259.03,92.8441
5311.23,-2260.83,94.6374
5315.44,-2262.63,96.358
5319.66,-2264.43,98.0815
5323.91,-2266.23,99.8134
5328.13,-2268.03,101.537
5332.35,-2269.83,103.308
5336.57,-2271.63,105.082
5340.78,-2273.43,106.852
5345,-2275.23,108.625
5349.22,-2277.03,110.446
5353.47,-2278.83,112.28
5357.69,-2280.63,114.103
5361.91,-2282.43,115.859
5366.13,-2284.23,117.616
5370.34,-2286.03,119.369
5374.56,-2287.83,121.125
5378.78,-2289.63,122.887
5383,-2291.43,124.649
5387.22,-2293.23,126.411
5391.43,-2295.03,128.283
5395.65,-2296.83,130.155
5399.87,-2298.63,132.029
5404.08,-2300.43,133.902
5408.31,-2302.23,135.686
5412.52,-2304.03,137.469
5416.74,-2305.83,139.252
5420.96,-2307.63,141.034
5425.2,-2309.43,142.932
5429.43,-2311.23,144.821
5433.65,-2313.03,146.706
5437.87,-2314.83,148.511
5442.08,-2316.63,150.314
5446.3,-2318.43,152.118
5450.52,-2320.23,153.92
5454.76,-2322.03,155.748
5458.98,-2323.83,157.567
5463.2,-2325.63,159.387
5467.42,-2327.43,161.163
5471.63,-2329.23,162.938
5475.89,-2331.03,164.732
5480.11,-2332.83,166.507
5484.33,-2334.63,168.296
5488.55,-2336.43,170.087
5492.76,-2338.23,171.877
5496.98,-2340.03,173.659
5501.2,-2341.83,175.437
5505.41,-2343.63,177.217
5509.63,-2345.43,178.998
5513.85,-2347.23,180.783
5518.06,-2349.03,182.571
5522.29,-2350.83,184.359
5526.54,-2352.63,186.187
5530.75,-2354.43,188
5534.97,-2356.23,189.814
5539.19,-2358.03,191.632
5543.41,-2359.83,193.444
5547.63,-2361.63,195.258
5551.85,-2363.43,197.069
5556.1,-2365.23,198.922
5560.31,-2367.03,200.761
5564.53,-2368.83,202.599
5568.75,-2370.63,204.439
5572.97,-2372.43,206.248
5577.19,-2374.23,208.06
5581.41,-2376.03,209.868
5585.62,-2377.83,211.676
5589.84,-2379.63,213.488
5594.06,-2381.43,215.301
5598.29,-2383.23,217.113
5602.5,-2385.03,218.902
5606.72,-2386.83,220.691
5610.94,-2388.63,222.478
5615.15,-2390.43,224.267
5619.37,-2392.23,226.071
5623.59,-2394.03,227.874
5627.84,-2395.83,229.69
5632.06,-2397.63,231.492
5636.28,-2399.43,233.293
5640.5,-2401.23,235.092
5644.71,-2403.03,236.89
5648.93,-2404.83,238.687
5653.16,-2406.63,240.484
5657.4,-2408.43,242.292
5661.62,-2410.23,244.101
5665.86,-2412.03,245.921
5670.08,-2413.83,247.732
5674.3,-2415.63,249.543
5678.52,-2417.43,251.353
5682.73,-2419.23,253.162
5686.95,-2421.03,254.972
5691.17,-2422.83,256.817
5695.39,-2424.63,258.662
5699.61,-2426.43,260.509
5703.82,-2428.23,262.353
5708.04,-2430.03,264.181
5712.26,-2431.83,266.006
5716.48,-2433.63,267.832
5720.69,-2435.43,269.658
5724.94,-2437.23,271.491
5729.17,-2439.03,273.314
5733.39,-2440.83,275.135
5737.61,-2442.63,276.922
5741.87,-2444.43,278.729
5746.1,-2446.23,280.516
5750.31,-2448.03,282.301
5754.53,-2449.83,284.085
5758.78,-2451.63,285.883
5763,-2453.43,287.669
5767.22,-2455.23,289.457
5771.43,-2457.03,291.244
5775.65,-2458.83,293.03
5779.87,-2460.63,294.819
5784.08,-2462.43,296.612
5788.31,-2464.23,298.407
5792.52,-2466.03,300.2
5796.74,-2467.83,302.009
5800.95,-2469.63,303.815
5805.17,-2471.43,305.623
5809.39,-2473.23,307.433
5813.61,-2475.03,309.248
5817.83,-2476.83,311.066
5822.05,-2478.63,312.884
5826.31,-2480.43,314.746
5830.52,-2482.23,316.592
5834.74,-2484.03,318.438
5838.96,-2485.83,320.284
5843.18,-2487.63,322.088
5847.41,-2489.43,323.892
5851.62,-2491.23,325.693
5855.88,-2493.03,327.51
5860.13,-2494.83,329.344
5864.34,-2496.64,331.164
5868.57,-2498.44,332.985
5872.78,-2500.24,334.774
5877,-2502.04,336.564
5881.22,-2503.84,338.35
5885.43,-2505.64,340.136
5889.65,-2507.44,341.936
5893.87,-2509.24,343.733
5898.09,-2511.04,345.529
5902.31,-2512.84,347.317
5906.53,-2514.64,349.102
5910.75,-2516.44,350.876
5914.96,-2518.24,352.637
5919.18,-2520.04,354.384
5923.4,-2521.84,356.07
5927.65,-2523.64,357.586
5931.87,-2525.44,358.315
5936.09,-2527.24,357.469
5940.31,-2529.04,355.935
5944.52,-2530.84,354.239
5948.75,-2532.64,352.482
5952.96,-2534.44,350.704
5957.19,-2536.24,348.91
5961.43,-2538.04,347.102
5965.65,-2539.84,345.291
5970.16,-2541.64,343.467
5974.52,-2543.44,341.481
5978.82,-2545.24,339.646
5983.04,-2547.04,337.844
5987.26,-2548.84,336.041
5991.48,-2550.64,334.287
5995.7,-2552.44,332.534
5999.92,-2554.24,330.778
6004.14,-2556.04,329.024
6008.36,-2557.84,327.238
6012.58,-2559.64,325.456
6016.8,-2561.44,323.672
6021.02,-2563.24,321.888
6025.27,-2565.04,320.077
6029.49,-2566.84,318.279
6033.71,-2568.64,316.483
6037.93,-2570.44,314.82
6042.15,-2572.24,313.158
6046.37,-2574.04,311.494
6050.58,-2575.84,309.856
6054.8,-2577.64,308.216
6059.02,-2579.44,306.574
6063.28,-2581.24,304.917
6067.51,-2583.04,303
6071.73,-2584.84,301.085
6075.95,-2586.64,299.169
6080.17,-2588.44,297.256
6084.38,-2590.24,295.454
6088.6,-2592.04,293.652
6092.82,-2593.84,291.849
6097.04,-2595.64,289.99
6101.26,-2597.44,288.134
6105.47,-2599.24,286.276
6109.69,-2601.04,284.417
6113.91,-2602.84,282.56
6118.13,-2604.64,280.7
6122.35,-2606.44,278.843
6126.6,-2608.24,277.03
6130.82,-2610.04,275.23
6135.03,-2611.84,273.43
6139.26,-2613.64,271.629
6143.47,-2615.44,269.854
6147.7,-2617.24,268.076
6151.91,-2619.04,266.302
6156.14,-2620.84,264.559
6160.35,-2622.64,262.822
6164.6,-2624.44,261.073
6168.82,-2626.24,259.332
6173.04,-2628.04,257.627
6177.26,-2629.84,255.921
6181.48,-2631.64,254.216
6185.7,-2633.44,252.511
6189.92,-2635.24,250.735
6194.14,-2637.04,248.96
6198.36,-2638.84,247.186
6202.57,-2640.64,245.405
6206.79,-2642.44,243.622
6211.01,-2644.24,241.841
6215.22,-2646.04,240.061
6219.44,-2647.84,238.187
6223.66,-2649.64,236.313
6227.91,-2651.44,234.424
6232.13,-2653.24,232.505
6236.35,-2655.04,230.584
6240.57,-2656.84,228.666
6244.78,-2658.64,226.748
6249,-2660.44,225.08
6253.22,-2662.24,223.416
6257.44,-2664.04,221.748
6261.65,-2665.84,220.083
6265.95,-2667.64,218.197
6270.17,-2669.44,216.346
6274.39,-2671.24,214.495
6278.61,-2673.04,212.71
6282.82,-2674.84,210.928
6287.04,-2676.64,209.143
6291.26,-2678.44,207.36
6295.47,-2680.24,205.519
6299.69,-2682.04,203.676
6303.91,-2683.84,201.835
6308.13,-2685.64,200.036
6312.34,-2687.44,198.241
6316.56,-2689.24,196.443
6320.78,-2691.04,194.648
6325,-2692.84,192.858
6329.25,-2694.64,191.055
6333.46,-2696.44,189.267
6337.69,-2698.24,187.464
6341.9,-2700.04,185.665
6346.12,-2701.84,183.863
6350.34,-2703.64,182.065
6354.55,-2705.44,180.242
6358.77,-2707.24,178.418
6362.99,-2709.04,176.596
6367.23,-2710.84,174.747
6371.45,-2712.64,172.912
6375.66,-2714.44,171.076
6379.88,-2716.24,169.238
6384.1,-2718.04,167.429
6388.32,-2719.84,165.618
6392.53,-2721.64,163.809
6396.75,-2723.44,161.999
6400.97,-2725.24,160.194
6405.19,-2727.04,158.384
6409.41,-2728.84,156.575
6413.63,-2730.64,154.785
6417.85,-2732.44,152.994
6422.07,-2734.24,151.201
6426.32,-2736.04,149.39
6430.54,-2737.84,147.596
6434.76,-2739.64,145.801
6439.04,-2741.44,143.977
6443.26,-2743.24,142.197
6447.48,-2745.04,140.416
6451.7,-2746.84,138.635
6455.92,-2748.64,136.854
6460.14,-2750.44,135.046
6464.36,-2752.24,133.24
6468.61,-2754.04,131.421
6472.82,-2755.84,129.621
6477.04,-2757.64,127.82
6481.25,-2759.44,126.021
6485.47,-2761.24,124.222
6489.69,-2763.04,122.381
6493.91,-2764.84,120.543
6498.13,-2766.64,118.702
6502.34,-2768.44,116.842
6506.56,-2770.24,114.98
6510.77,-2772.04,113.121
6514.99,-2773.84,111.26
6519.21,-2775.64,109.434
6523.46,-2777.44,107.596
6527.71,-2779.24,105.756
6531.93,-2781.04,103.909
6536.15,-2782.84,102.062
6540.36,-2784.64,100.217
6544.58,-2786.44,98.3731
6548.8,-2788.24,96.5637
6553.02,-2790.04,94.7578
6557.24,-2791.84,92.9503
6561.45,-2793.64,91.1459
6565.67,-2795.44,89.3374
6569.91,-2797.24,87.5152
6574.13,-2799.04,85.7053
6578.35,-2800.84,83.9129
6582.57,-2802.64,82.1224
6586.79,-2804.44,80.3301
6591,-2806.24,78.5405
6595.22,-2808.04,76.7397
6599.44,-2809.84,74.9365
6603.66,-2811.64,73.1337
6607.88,-2813.44,71.3144
6612.1,-2815.24,69.4974
6616.32,-2817.04,67.6773
6620.53,-2818.84,65.8611
6624.75,-2820.64,64.0339
6629,-2822.44,62.1933
6633.22,-2824.24,60.3677
6637.44,-2826.04,58.5309
6641.66,-2827.84,56.6968
6645.92,-2829.64,54.8438
6650.13,-2831.44,53.0089
6654.35,-2833.24,51.1982
6658.57,-2835.04,49.3843
6662.79,-2836.84,47.5732
6667,-2838.64,45.7468
6671.24,-2840.44,43.9126
6675.46,-2842.24,42.0884
6679.68,-2844.04,40.262
6683.9,-2845.84,38.5293
6688.12,-2847.64,36.7942
6692.34,-2849.44,35.0607
6696.56,-2851.24,33.3262
6700.78,-2853.04,31.4991
6705,-2854.84,29.6723
6709.22,-2856.64,27.8449
6713.43,-2858.44,26.0583
6717.65,-2860.24,24.2718
6721.87,-2862.04,22.486
6726.12,-2863.84,20.6863
6730.34,-2865.65,18.8923
6734.56,-2867.45,17.0985
6738.78,-2869.25,15.3044
6742.99,-2871.05,13.5162
6747.21,-2872.85,11.73
6751.43,-2874.65,9.94969
6755.64,-2876.45,8.1768
6759.86,-2878.25,6.38056
6764.07,-2880.05,4.61295
6768.29,-2881.85,2.92091
6772.53,-2883.65,1.57566
6776.75,-2885.45,1.79226
6780.96,-2887.25,3.26342
6785.18,-2889.05,4.98209
6789.4,-2890.85,6.7408
6793.61,-2892.65,8.51931
6797.83,-2894.45,10.3115
6802.04,-2896.25,12.1032
6806.26,-2898.05,13.8996
6810.48,-2899.85,15.6948
6814.69,-2901.65,17.495
6818.92,-2903.45,19.281
6823.14,-2905.25,21.0692
6827.39,-2907.05,22.871
6831.61,-2908.85,24.6573
6835.83,-2910.65,26.4467
6840.05,-2912.45,28.2421
6844.27,-2914.25,30.0327
6848.49,-2916.05,31.8179
6852.71,-2917.85,33.6016
6856.93,-2919.65,35.3872
6861.14,-2921.45,37.1715
6865.36,-2923.25,38.9651
6869.58,-2925.05,40.7612
6873.83,-2926.85,42.5696
6878.05,-2928.65,44.2582
6882.27,-2930.45,45.946
6886.49,-2932.25,47.6346
6890.71,-2934.05,49.3216
6894.93,-2935.85,50.9511
6899.15,-2937.65,52.5801
6903.37,-2939.45,54.2081
6907.58,-2941.25,56.1612
6911.8,-2943.05,58.1148
6916.02,-2944.85,60.0689
6920.23,-2946.65,62.0202
6924.45,-2948.45,63.8459
6928.7,-2950.25,65.6869
6932.92,-2952.05,67.5145
6937.14,-2953.85,69.2836
6941.36,-2955.65,71.0498
6945.57,-2957.45,72.8158
6949.79,-2959.25,74.5845
6954.01,-2961.05,76.4137
6958.23,-2962.85,78.2439
6962.44,-2964.65,80.0736
6966.67,-2966.45,81.8825
6970.88,-2968.25,83.688
6975.12,-2970.05,85.5053
6979.34,-2971.85,87.313
6983.56,-2973.65,89.1089
6987.78,-2975.45,90.9045
6992,-2977.25,92.6986
6996.22,-2979.05,94.4945
7000.43,-2980.85,96.2649
7004.65,-2982.65,98.0359
7008.87,-2984.45,99.8083
7013.09,-2986.25,101.494
7017.31,-2988.05,103.183
7021.52,-2989.85,104.868
7025.74,-2991.65,106.553
7029.99,-2993.45,108.387
7034.21,-2995.25,110.205
7038.43,-2997.05,112.025
7042.64,-2998.85,113.863
7046.86,-3000.65,115.702
7051.07,-3002.45,117.539
7055.29,-3004.25,119.377
7059.51,-3006.05,121.22
7063.72,-3007.85,123.061
7067.94,-3009.65,124.905
7072.16,-3011.45,126.743
7076.41,-3013.25,128.593
7080.62,-3015.05,130.43
7084.84,-3016.85,132.266
7089.06,-3018.65,133.936
7093.28,-3020.45,135.602
7097.5,-3022.25,137.27
7101.72,-3024.05,139.13
7105.94,-3025.85,140.992
7110.15,-3027.65,142.851
7114.37,-3029.45,144.71
7118.59,-3031.25,146.547
7122.81,-3033.05,148.383
7127.06,-3034.85,150.234
7131.28,-3036.65,152.069
7135.49,-3038.45,153.84
7139.76,-3040.25,155.632
7143.99,-3042.05,157.405
7148.21,-3043.85,159.202
7152.42,-3045.65,160.997
7156.64,-3047.45,162.793
7160.86,-3049.25,164.587
7165.07,-3051.05,166.411
7169.29,-3052.85,168.236
7173.51,-3054.65,170.06
7177.76,-3056.45,171.912
7181.98,-3058.25,173.751
7186.19,-3060.05,175.593
7190.41,-3061.85,177.431
7194.62,-3063.65,179.238
7198.84,-3065.45,181.046
7203.06,-3067.25,182.854
7207.28,-3069.05,184.662
7211.5,-3070.85,186.478
7215.71,-3072.65,188.293
7219.93,-3074.45,190.111
7224.15,-3076.25,191.896
7228.4,-3078.05,193.694
7232.61,-3079.85,195.479
7236.83,-3081.65,197.26
7241.05,-3083.45,199.04
7245.27,-3085.25,200.819
7249.49,-3087.05,202.6
7253.7,-3088.85,204.381
7257.92,-3090.65,206.166
7262.14,-3092.45,207.949
7266.36,-3094.25,209.734
7270.58,-3096.05,211.538
7274.79,-3097.85,213.342
7279.04,-3099.65,215.162
7283.26,-3101.45,216.974
7287.48,-3103.25,218.786
7291.72,-3105.05,220.609
7295.94,-3106.85,222.424
7300.16,-3108.65,224.253
7304.38,-3110.45,226.081
7308.6,-3112.25,227.91
7312.81,-3114.05,229.741
7317.03,-3115.85,231.574
7321.25,-3117.65,233.404
7325.47,-3119.45,235.235
7329.72,-3121.25,237.06
7333.94,-3123.05,238.873
7338.16,-3124.85,240.687
7342.38,-3126.65,242.485
7346.6,-3128.45,244.283
7350.81,-3130.25,246.08
7355.03,-3132.05,247.878
7359.25,-3133.85,249.668
7363.47,-3135.65,251.455
7367.69,-3137.45,253.246
7371.9,-3139.25,255.086
7376.13,-3141.05,256.927
7380.37,-3142.85,258.776
7384.58,-3144.65,260.615
7388.8,-3146.45,262.426
7393.02,-3148.25,264.234
7397.24,-3150.05,266.045
7401.45,-3151.85,267.852
7405.67,-3153.65,269.65
7409.89,-3155.45,271.45
7414.1,-3157.25,273.248
7418.32,-3159.05,275.063
7422.54,-3160.85,276.875
7426.76,-3162.65,278.691
7431.01,-3164.45,280.516
7435.23,-3166.25,282.339
7439.45,-3168.05,284.166
7443.66,-3169.85,285.989
7447.89,-3171.65,287.823
7452.11,-3173.45,289.654
7456.33,-3175.25,291.486
7460.54,-3177.05,293.316
7464.76,-3178.85,295.13
7469,-3180.65,296.956
7473.32,-3182.45,298.81
7477.64,-3184.25,300.676
7481.9,-3186.05,302.512
7486.12,-3187.85,304.333
7490.34,-3189.65,306.149
7494.56,-3191.45,307.913
7498.78,-3193.25,309.681
7503,-3195.05,311.446
7507.22,-3196.85,313.212
7511.44,-3198.65,315.019
7515.66,-3200.45,316.826
7519.88,-3202.25,318.634
7524.1,-3204.05,320.399
7528.35,-3205.85,322.179
7532.57,-3207.65,323.944
7536.79,-3209.45,325.709
7541.01,-3211.25,327.515
7545.23,-3213.05,329.321
7549.45,-3214.85,331.128
7553.67,-3216.65,332.927
7557.9,-3218.45,334.729
7562.11,-3220.25,336.527
7566.33,-3222.05,338.326
7570.55,-3223.85,340.156
7574.77,-3225.65,341.982
7578.99,-3227.45,343.812
7583.24,-3229.25,345.659
7587.47,-3231.05,347.494
7591.72,-3232.85,349.323
7595.94,-3234.66,351.17
7600.16,-3236.46,352.969
7604.38,-3238.26,354.759
7608.6,-3240.06,356.528
7612.82,-3241.86,358.203
7617.04,-3243.66,359.028
7621.25,-3245.46,357.716
7625.47,-3247.26,355.998
7629.72,-3249.06,354.225
7633.94,-3250.86,352.45
7638.17,-3252.66,350.667
7642.39,-3254.46,348.882
7646.61,-3256.26,347.098
7650.82,-3258.06,345.316
7655.04,-3259.86,343.53
7659.26,-3261.66,341.736
7663.48,-3263.46,339.941
7667.7,-3265.26,338.146
7671.92,-3267.06,336.352
7676.14,-3268.86,334.542
7680.36,-3270.66,332.736
7684.6,-3272.46,330.917
7688.82,-3274.26,329.107
7693.06,-3276.06,327.294
7697.38,-3277.86,325.443
7702.9,-3279.66,323.067
7707.22,-3281.46,321.211
7711.57,-3283.26,319.336
7715.79,-3285.06,317.518
7720.02,-3286.86,315.854
7724.24,-3288.66,314.193
7728.46,-3290.46,312.532
7732.67,-3292.26,310.875
7736.9,-3294.06,309.309
7741.11,-3295.86,307.745
7745.33,-3297.66,306.183
7749.54,-3299.46,304.47
7753.75,-3301.26,302.756
7757.98,-3303.06,301.039
7762.19,-3304.86,299.149
7766.4,-3306.66,297.257
7770.61,-3308.46,295.368
7774.83,-3310.26,293.478
7779.05,-3312.06,291.701
7783.3,-3313.86,289.911
7787.52,-3315.66,288.135
7791.74,-3317.46,286.36
7795.96,-3319.26,284.512
7800.18,-3321.06,282.667
7804.39,-3322.86,280.822
7808.61,-3324.66,279.023
7812.83,-3326.46,277.225
7817.05,-3328.26,275.426
7821.26,-3330.06,273.631
7825.48,-3331.86,271.833
7829.7,-3333.66,270.033
7833.91,-3335.46,268.238
7838.13,-3337.26,266.426
7842.42,-3339.06,264.588
7846.64,-3340.86,262.776
7850.85,-3342.66,260.968
7855.06,-3344.46,259.216
7859.29,-3346.26,257.46
7863.5,-3348.06,255.707
7867.92,-3349.86,253.846
7872.14,-3351.66,252.069
7876.36,-3353.46,250.292
7880.57,-3355.26,248.518
7884.82,-3357.06,246.748
7889.04,-3358.86,244.986
7893.25,-3360.66,243.227
7897.48,-3362.46,241.46
7901.72,-3364.26,239.683
7905.94,-3366.06,237.916
7910.15,-3367.86,236.153
7914.37,-3369.66,234.393
7918.59,-3371.46,232.631
7922.8,-3373.26,230.871
7927.2,-3375.06,228.97
7931.46,-3376.86,227.128
7935.69,-3378.66,225.298
7939.94,-3380.46,223.457
7944.23,-3382.26,221.674
7948.45,-3384.06,219.915
7952.69,-3385.86,218.151
7956.92,-3387.66,216.392
7961.15,-3389.46,214.531
7965.37,-3391.26,212.676
7969.6,-3393.06,210.819
7973.83,-3394.86,208.997
7978.09,-3396.66,207.165
7982.31,-3398.46,205.349
7986.58,-3400.26,203.514
7990.81,-3402.06,201.699
7995.06,-3403.86,199.881
7999.29,-3405.66,198.067
8003.51,-3407.46,196.261
8007.75,-3409.26,194.462
8011.98,-3411.06,192.67
8016.21,-3412.86,190.87
8020.44,-3414.66,189.088
8024.66,-3416.46,187.306
8028.89,-3418.26,185.523
8033.12,-3420.06,183.733
8037.35,-3421.86,181.946
8041.57,-3423.66,180.162
8045.8,-3425.46,178.371
8050.09,-3427.26,176.579
8054.31,-3429.06,174.814
8058.55,-3430.86,173.041
8062.77,-3432.66,171.276
8067.01,-3434.46,169.477
8071.23,-3436.26,167.689
8075.45,-3438.06,165.901
8079.69,-3439.86,164.086
8083.91,-3441.66,162.276
8088.17,-3443.46,160.446
8092.41,-3445.26,158.632
8096.64,-3447.06,156.796
8100.87,-3448.86,154.956
8105.09,-3450.66,153.123
8109.36,-3452.46,151.282
8113.58,-3454.26,149.46
8117.82,-3456.06,147.627
8122.08,-3457.86,145.791
8126.31,-3459.66,143.975
8130.53,-3461.46,142.162
8134.75,-3463.26,140.351
8138.98,-3465.06,138.552
8143.2,-3466.86,136.747
8147.43,-3468.66,134.944
8151.66,-3470.46,133.138
8155.92,-3472.26,131.356
8160.15,-3474.06,129.584
8164.39,-3475.86,127.812
8168.61,-3477.66,126.032
8172.83,-3479.46,124.255
8177.08,-3481.26,122.466
8181.32,-3483.06,120.683
8185.55,-3484.86,118.869
8189.8,-3486.66,117.045
8194.04,-3488.46,115.228
8198.28,-3490.26,113.442
8202.51,-3492.06,111.663
8206.74,-3493.86,109.878
8210.98,-3495.66,108.102
8215.21,-3497.46,106.238
8219.43,-3499.26,104.384
8223.66,-3501.06,102.525
8227.89,-3502.86,100.667
8232.13,-3504.66,98.8163
8236.35,-3506.46,96.9709
8240.57,-3508.26,95.128
8244.8,-3510.06,93.3017
8249.03,-3511.86,91.4758
8253.26,-3513.66,89.6495
8257.49,-3515.46,87.8228
8261.71,-3517.26,86.0052
8265.96,-3519.06,84.1793
8270.19,-3520.86,82.3571
8274.42,-3522.66,80.5574
8278.64,-3524.46,78.7553
8282.88,-3526.26,76.9515
8287.1,-3528.06,75.151
8291.36,-3529.86,73.3521
8295.59,-3531.66,71.5583
8299.81,-3533.46,69.7681
8304.06,-3535.26,67.9731
8308.29,-3537.06,66.1872
8312.51,-3538.86,64.4038
8316.73,-3540.66,62.6192
8320.96,-3542.46,60.8332
8325.21,-3544.26,59.0385
8329.45,-3546.06,57.2438
8333.7,-3547.86,55.4187
8337.94,-3549.66,53.597
8342.18,-3551.46,51.7746
8346.41,-3553.26,49.9576
8350.64,-3555.06,48.1484
8354.88,-3556.86,46.3354
8359.11,-3558.66,44.5251
8363.33,-3560.46,42.7202
8367.57,-3562.26,40.8684
8371.79,-3564.06,39.0222
8376.03,-3565.86,37.168
8380.25,-3567.66,35.3636
8384.49,-3569.46,33.5536
8388.71,-3571.26,31.7473
8392.95,-3573.06,29.9212
8397.2,-3574.86,28.0928
8401.43,-3576.66,26.2691
8405.66,-3578.46,24.4514
8409.89,-3580.26,22.6674
8414.13,-3582.06,20.8862
8418.36,-3583.86,19.1054
8422.58,-3585.66,17.33
8426.82,-3587.46,15.5336
8431.07,-3589.26,13.7345
8435.3,-3591.06,11.943
8439.53,-3592.86,10.1668
8443.76,-3594.66,8.39733
8448,-3596.46,6.63955
8452.22,-3598.26,4.91787
8456.44,-3600.06,3.25741
8460.67,-3601.86,1.87799
8464.89,-3603.67,1.72369
8469.13,-3605.47,2.99317
8473.35,-3607.27,4.63648
8477.57,-3609.07,6.37319
8481.8,-3610.87,8.14454
8486.04,-3612.67,9.94748
8490.27,-3614.47,11.758
8494.51,-3616.27,13.5771
8498.73,-3618.07,15.3845
8502.95,-3619.87,17.1944
8507.2,-3621.67,19.0158
8511.42,-3623.47,20.8278
8515.64,-3625.27,22.6294
8519.88,-3627.07,24.4405
8524.11,-3628.87,26.2425
8528.33,-3630.67,28.0465
8532.57,-3632.47,29.8599
8536.8,-3634.27,31.666
8541.08,-3636.07,33.4949
8545.32,-3637.87,35.2917
8549.55,-3639.67,37.0846
8553.79,-3641.47,38.8822
8558.03,-3643.27,40.6744
8562.27,-3645.07,42.4654
8566.49,-3646.87,44.2521
8570.71,-3648.67,46.0371
8574.95,-3650.47,47.7061
8579.21,-3652.27,49.3876
8583.44,-3654.07,51.0523
8587.67,-3655.87,52.7232
8591.9,-3657.67,54.3705
8596.16,-3659.47,56.0353
8600.4,-3661.27,57.6877
8604.62,-3663.07,59.6036
8608.86,-3664.87,61.5218
8613.08,-3666.67,63.4489
8617.33,-3668.47,65.3755
8621.55,-3670.27,67.1891
8625.79,-3672.07,69.0091
8630.03,-3673.87,70.8312
8634.26,-3675.67,72.68
8638.49,-3677.47,74.523
8642.71,-3679.27,76.3636
8646.96,-3681.07,78.2166
8651.2,-3682.87,80.0597
8655.42,-3684.67,81.8947
8659.67,-3686.47,83.737
8663.89,-3688.27,85.5292
8668.13,-3690.07,87.3265
8672.35,-3691.87,89.1158
8676.59,-3693.67,90.9114
8680.81,-3695.47,92.6922
8685.06,-3697.27,94.4858
8689.29,-3699.07,96.2694
8693.52,-3700.87,98.0392
8697.77,-3702.67,99.8176
8702,-3704.47,101.589
8706.23,-3706.27,103.357
8710.45,-3708.07,105.041
8714.68,-3709.87,106.723
8718.92,-3711.67,108.411
8723.15,-3713.47,110.099
8727.38,-3715.27,111.9
8731.61,-3717.07,113.698
8735.85,-3718.87,115.498
8740.08,-3720.67,117.307
8744.32,-3722.47,119.112
8748.54,-3724.27,120.91
8752.77,-3726.07,122.712
8757,-3727.87,124.583
8761.23,-3729.67,126.446
8765.45,-3731.47,128.315
8769.69,-3733.27,130.172
8773.91,-3735.07,132.021
8778.15,-3736.87,133.877
8782.38,-3738.67,135.726
8786.61,-3740.47,137.422
8790.83,-3742.27,139.111
8795.08,-3744.07,140.812
8799.33,-3745.87,142.698
8803.57,-3747.67,144.579
8807.79,-3749.47,146.454
8812.03,-3751.27,148.335
8816.26,-3753.07,150.124
8820.48,-3754.87,151.913
8824.7,-3756.67,153.699
8828.94,-3758.47,155.509
8833.19,-3760.27,157.316
8837.43,-3762.07,159.125
8841.65,-3763.87,160.923
8846.05,-3765.67,162.769
8850.29,-3767.47,164.548
8854.51,-3769.27,166.319
8858.74,-3771.07,168.092
8862.98,-3772.87,169.846
8867.23,-3774.67,171.613
8871.45,-3776.47,173.373
8875.67,-3778.27,175.199
8879.9,-3780.07,177.027
8884.12,-3781.87,178.851
8888.34,-3783.67,180.691
8892.56,-3785.47,182.528
8896.8,-3787.27,184.375
8901.08,-3789.07,186.236
8905.31,-3790.87,188.059
8909.54,-3792.67,189.881
8913.79,-3794.47,191.712
8918.03,-3796.27,193.541
8922.27,-3798.07,195.348
8926.51,-3799.87,197.158
8930.73,-3801.67,198.96
8935,-3803.47,200.76
8939.24,-3805.27,202.544
8943.46,-3807.07,204.33
8947.68,-3808.87,206.113
8951.91,-3810.67,207.9
8956.16,-3812.47,209.694
8960.38,-3814.27,211.478
8964.6,-3816.07,213.262
8968.83,-3817.87,215.059
8973.14,-3819.67,216.885
8977.51,-3821.47,218.748
8981.74,-3823.27,220.549
8985.98,-3825.07,222.351
8990.2,-3826.87,224.155
8994.42,-3828.67,225.947
8998.66,-3830.47,227.745
9004.75,-3832.27,230.331
9009.02,-3834.07,232.092
9013.55,-3835.87,233.968
9018.05,-3837.67,235.831
9022.48,-3839.47,237.662
9026.92,-3841.27,239.41
9031.39,-3843.07,241.166
9035.8,-3844.87,242.901
9043.46,-3846.67,246.009
9047.95,-3848.47,247.839
9052.44,-3850.27,249.656
9057,-3852.07,251.214
9061.43,-3853.87,252.716
9065.81,-3855.67,254.21
9070.04,-3857.47,255.816
9074.25,-3859.27,257.417
9078.47,-3861.07,259.017
9082.69,-3862.87,260.616
9086.91,-3864.67,262.455
9091.12,-3866.47,264.29
9095.33,-3868.27,266.127
9099.55,-3870.07,267.983
9103.82,-3871.87,269.859
9108.04,-3873.67,271.717
9112.25,-3875.47,273.573
9116.47,-3877.27,275.384
9120.68,-3879.07,277.191
9124.9,-3880.87,278.999
9129.12,-3882.67,280.806
9133.34,-3884.47,282.614
9137.56,-3886.27,284.423
9141.77,-3888.07,286.228
9145.99,-3889.87,288.029
9150.2,-3891.67,289.828
9154.41,-3893.47,291.627
9158.63,-3895.27,293.428
9162.85,-3897.07,295.221
9167.07,-3898.87,297.017
9171.28,-3900.67,298.809
9175.49,-3902.47,300.585
9179.71,-3904.27,302.362
9183.92,-3906.07,304.136
9188.14,-3907.87,305.913
9192.35,-3909.67,307.711
9196.57,-3911.47,309.511
9200.78,-3913.27,311.307
9205.02,-3915.07,313.116
9209.24,-3916.87,314.917
9213.45,-3918.67,316.715
9217.67,-3920.47,318.514
9221.88,-3922.27,320.335
9226.1,-3924.07,322.157
9230.31,-3925.87,323.975
9234.53,-3927.67,325.823
9238.75,-3929.47,327.67
9242.96,-3931.27,329.516
9247.25,-3933.07,331.391
9251.46,-3934.87,333.204
9255.67,-3936.67,335.017
9259.89,-3938.47,336.832
9264.1,-3940.27,338.602
9268.32,-3942.07,340.374
9272.53,-3943.87,342.144
9276.75,-3945.67,343.916
9280.96,-3947.47,345.712
9285.18,-3949.27,347.509
9289.39,-3951.07,349.306
9293.6,-3952.87,351.1
9297.82,-3954.67,352.885
9302.04,-3956.47,354.665
9306.28,-3958.27,356.445
9310.49,-3960.07,358.163
9314.71,-3961.87,359.283
9318.92,-3963.67,357.986
9323.14,-3965.47,356.259
9327.36,-3967.27,354.486
9331.57,-3969.07,352.706
9335.79,-3970.88,350.92
9340,-3972.68,349.121
9344.22,-3974.48,347.325
9348.44,-3976.28,345.525
9352.65,-3978.08,343.725
9356.87,-3979.88,341.912
9361.08,-3981.68,340.1
9365.29,-3983.48,338.288
9369.51,-3985.28,336.479
9373.72,-3987.08,334.672
9377.94,-3988.88,332.863
9382.15,-3990.68,331.056
9386.37,-3992.48,329.251
9390.58,-3994.28,327.448
9394.79,-3996.08,325.644
9399.01,-3997.88,323.845
9403.23,-3999.68,322.048
9407.47,-4001.48,320.239
9411.72,-4003.28,318.442
9415.94,-4005.08,316.633
9420.15,-4006.88,314.841
9424.36,-4008.68,313.05
9428.58,-4010.48,311.256
9432.8,-4012.28,309.586
9437.01,-4014.08,307.914
9441.22,-4015.88,306.245
9445.44,-4017.68,304.493
9449.65,-4019.48,302.739
9453.87,-4021.28,300.987
9458.08,-4023.08,299.233
9462.3,-4024.88,297.366
9466.52,-4026.68,295.496
9470.73,-4028.48,293.629
9474.94,-4030.28,291.897
9479.16,-4032.08,290.164
9483.38,-4033.88,288.432
9487.59,-4035.68,286.699
9491.81,-4037.48,284.807
9496.02,-4039.28,282.914
9500.24,-4041.08,281.023
9504.45,-4042.88,279.143
9508.69,-4044.68,277.249
9512.91,-4046.48,275.368
9517.13,-4048.28,273.485
9521.34,-4050.08,271.67
9525.55,-4051.88,269.855
9529.77,-4053.68,268.038
9533.99,-4055.48,266.22
9538.21,-4057.28,264.444
9542.42,-4059.08,262.669
9546.64,-4060.88,260.893
9550.85,-4062.68,259.143
9555.06,-4064.48,257.393
9559.28,-4066.28,255.641
9563.49,-4068.08,253.891
9567.71,-4069.88,252.107
9571.92,-4071.68,250.326
9576.14,-4073.48,248.543
9580.35,-4075.28,246.734
9584.56,-4077.08,244.923
9588.78,-4078.88,243.111
9593,-4080.68,241.3
9597.22,-4082.48,239.521
9601.43,-4084.28,237.743
9605.64,-4086.08,235.966
9609.89,-4087.88,234.154
9614.1,-4089.68,232.353
9618.32,-4091.48,230.551
9622.53,-4093.28,228.752
9626.75,-4095.08,226.898
9630.96,-4096.88,225.047
9635.18,-4098.68,223.194
9639.4,-4100.48,221.45
9643.61,-4102.28,219.709
9647.83,-4104.08,217.965
9652.04,-4105.88,216.224
9656.26,-4107.68,214.344
9660.47,-4109.48,212.466
9664.68,-4111.28,210.588
9668.9,-4113.08,208.708
9673.11,-4114.88,206.933
9677.33,-4116.68,205.155
9681.54,-4118.48,203.38
9685.75,-4120.28,201.585
9689.97,-4122.08,199.787
9694.18,-4123.88,197.991
9698.4,-4125.68,196.18
9702.62,-4127.48,194.371
9706.83,-4129.27,192.56
9711.07,-4131.07,190.741
9715.28,-4132.87,188.957
9719.5,-4134.67,187.171
9723.71,-4136.47,185.386
9727.93,-4138.27,183.6
9732.14,-4140.07,181.818
9736.36,-4141.87,180.031
9740.57,-4143.67,178.25
9744.78,-4145.47,176.452
9749,-4147.27,174.653
9753.21,-4149.07,172.855
9757.43,-4150.87,171.056
9761.64,-4152.67,169.235
9765.89,-4154.47,167.395
9770.1,-4156.27,165.573
9774.31,-4158.07,163.756
9778.53,-4159.87,161.938
9782.75,-4161.67,160.12
9786.96,-4163.47,158.302
9791.17,-4165.27,156.486
9795.39,-4167.07,154.67
9799.6,-4168.87,152.853
9803.82,-4170.67,151.036
9808.03,-4172.47,149.218
9812.27,-4174.27,147.389
9816.49,-4176.07,145.569
9820.7,-4177.87,143.775
9824.91,-4179.67,141.982
9829.13,-4181.47,140.186
9833.34,-4183.27,138.391
9837.56,-4185.07,136.593
9841.78,-4186.87,134.798
9845.99,-4188.67,133
9850.2,-4190.47,131.195
9854.42,-4192.27,129.391
9858.63,-4194.07,127.584
9862.85,-4195.87,125.779
9867.07,-4197.67,124.007
9871.28,-4199.47,122.238
9875.49,-4201.27,120.469
9879.71,-4203.07,118.65
9883.92,-4204.87,116.834
9888.14,-4206.67,115.014
9892.35,-4208.47,113.198
9896.57,-4210.27,111.381
9900.78,-4212.07,109.566
9904.99,-4213.87,107.751
9909.2,-4215.67,105.878
9913.44,-4217.47,103.997
9917.66,-4219.27,102.122
9921.87,-4221.06,100.251
9926.09,-4222.86,98.4071
9930.3,-4224.66,96.5651
9934.52,-4226.46,94.721
9938.74,-4228.26,92.8764
9942.95,-4230.06,91.0506
9947.22,-4231.86,89.2015
9951.43,-4233.66,87.377
9955.64,-4235.46,85.5788
9959.86,-4237.26,83.7789
9964.07,-4239.06,81.981
9968.29,-4240.86,80.1815
9972.5,-4242.66,78.3784
9976.72,-4244.46,76.5732
9980.94,-4246.26,74.7706
9985.15,-4248.06,72.9698
9989.37,-4249.86,71.1669
9993.58,-4251.66,69.3674
9997.8,-4253.46,67.5649
10002,-4255.26,65.7776
10006.2,-4257.06,63.9879
10010.4,-4258.86,62.2006
10014.7,-4260.66,60.4034
10018.9,-4262.46,58.5892
10023.1,-4264.26,56.7771
10027.3,-4266.06,54.9636
10031.5,-4267.86,53.159
10035.7,-4269.66,51.3523
10040,-4271.46,49.5447
10044.2,-4273.26,47.7393
10048.4,-4275.06,45.8935
10052.6,-4276.86,44.0503
10056.8,-4278.66,42.2049
10061,-4280.46,40.3767
10065.2,-4282.26,38.5485
10069.5,-4284.06,36.7179
10073.7,-4285.86,34.889
10077.9,-4287.66,33.0734
10082.1,-4289.46,31.2596
10086.3,-4291.26,29.4442
10090.5,-4293.06,27.6507
10094.7,-4294.86,25.8569
10099,-4296.66,24.0621
10103.2,-4298.46,22.2683
10107.4,-4300.26,20.4702
10111.6,-4302.06,18.6752
10115.8,-4303.86,16.8702
10120.1,-4305.66,15.0743
10124.3,-4307.46,13.2812
10128.5,-4309.26,11.4879
10132.7,-4311.06,9.69842
10136.9,-4312.85,7.92331
10141.1,-4314.65,6.15976
10145.3,-4316.45,4.40974
10149.6,-4318.25,2.69801
10153.8,-4320.05,1.20786
10158,-4321.85,1.47084
10162.2,-4323.65,3.05401
10166.4,-4325.45,4.7996
10170.6,-4327.25,6.57579
10174.8,-4329.05,8.36359
10179.1,-4330.85,10.1604
10183.3,-4332.65,11.9754
10187.5,-4334.45,13.7954
10191.7,-4336.25,15.6153
10195.9,-4338.05,17.428
10200.1,-4339.85,19.2392
10204.3,-4341.65,21.0513
10208.6,-4343.45,22.8654
10212.8,-4345.25,24.6695
10217,-4347.05,26.4869
10221.2,-4348.85,28.2922
10225.4,-4350.65,30.0849
10229.7,-4352.45,31.8787
10233.9,-4354.25,33.6737
10238.1,-4356.05,35.4681
10242.3,-4357.85,37.2501
10246.5,-4359.65,39.0335
10250.7,-4361.45,40.8149
10254.9,-4363.25,42.5963
10259.2,-4365.05,44.3798
10263.4,-4366.85,46.1617
10267.6,-4368.65,47.9462
10271.8,-4370.45,49.7118
10276,-4372.25,51.4791
10280.2,-4374.05,53.2435
10284.4,-4375.85,55.0089
10288.7,-4377.65,56.6664
10292.9,-4379.45,58.3232
10297.1,-4381.25,59.9812
10301.3,-4383.05,61.8692
10305.5,-4384.85,63.7586
10309.7,-4386.65,65.6497
10313.9,-4388.45,67.5391
10318.2,-4390.25,69.3918
10322.4,-4392.05,71.2333
10326.6,-4393.85,73.0758
10330.8,-4395.65,74.9236
10335,-4397.45,76.7737
10339.3,-4399.25,78.6246
10343.5,-4401.05,80.4734
10347.7,-4402.85,82.3037
10351.9,-4404.65,84.1314
10356.1,-4406.44,85.9618
10360.3,-4408.24,87.7538
10364.5,-4410.04,89.5472
10368.8,-4411.84,91.3413
10373,-4413.64,93.1347
10377.2,-4415.44,94.9276
10381.4,-4417.24,96.7177
10385.6,-4419.04,98.5078
10389.8,-4420.84,100.279
10394,-4422.64,102.047
10398.3,-4424.44,103.817
10402.5,-4426.24,105.586
10406.7,-4428.04,107.279
10410.9,-4429.84,108.971
10415.1,-4431.64,110.663
10419.3,-4433.44,112.366
10423.6,-4435.24,114.146
10427.8,-4437.04,115.928
10432,-4438.84,117.707
10436.2,-4440.64,119.499
10440.4,-4442.44,121.287
10444.6,-4444.24,123.074
10448.8,-4446.04,124.864
10453.1,-4447.84,126.738
10457.3,-4449.64,128.615
10461.5,-4451.44,130.489
10465.7,-4453.24,132.364
10469.9,-4455.04,134.242
10474.2,-4456.84,136.124
10478.5,-4458.64,138.055
10482.7,-4460.44,139.738
10486.9,-4462.24,141.42
10491.1,-4464.04,143.1
10495.3,-4465.84,144.956
10499.6,-4467.64,146.816
10503.8,-4469.44,148.673
10508,-4471.24,150.531
10512.2,-4473.04,152.331
10516.4,-4474.84,154.133
10520.7,-4476.64,155.948
10524.9,-4478.44,157.749
10529.1,-4480.24,159.563
10533.3,-4482.04,161.376
10537.5,-4483.84,163.191
10541.8,-4485.64,164.974
10546,-4487.44,166.759
10550.2,-4489.24,168.54
10554.4,-4491.04,170.322
10558.6,-4492.84,172.112
10562.8,-4494.64,173.901
10567,-4496.44,175.692
10571.2,-4498.23,177.491
10575.5,-4500.03,179.292
10579.7,-4501.83,181.094
10583.9,-4503.63,182.895
10588.1,-4505.43,184.717
10592.3,-4507.23,186.538
10596.5,-4509.03,188.361
10600.7,-4510.83,190.186
10605,-4512.63,192.012
10609.2,-4514.43,193.839
10613.4,-4516.23,195.665
10617.6,-4518.03,197.482
10621.8,-4519.83,199.309
10626.1,-4521.63,201.127
10630.3,-4523.43,202.932
10634.5,-4525.23,204.738
10638.7,-4527.03,206.546
10642.9,-4528.83,208.351
10647.2,-4530.63,210.164
10651.4,-4532.43,211.949
10655.6,-4534.23,213.733
10659.8,-4536.03,215.52
10664,-4537.83,217.306
10668.3,-4539.63,219.095
10672.5,-4541.43,220.881
10676.7,-4543.23,222.675
10680.9,-4545.03,224.467
10685.1,-4546.83,226.258
10689.3,-4548.63,228.065
10693.5,-4550.43,229.87
10697.8,-4552.23,231.677
10702,-4554.03,233.483
10706.2,-4555.83,235.273
10710.4,-4557.63,237.061
10714.6,-4559.43,238.848
10718.8,-4561.23,240.637
10723.1,-4563.03,242.494
10727.3,-4564.83,244.34
10731.5,-4566.63,246.185
10735.7,-4568.43,248.03
10739.9,-4570.23,249.877
10744.1,-4572.03,251.722
10748.4,-4573.83,253.569
10752.6,-4575.63,255.399
10756.8,-4577.43,257.233
10761,-4579.23,259.063
10765.2,-4581.03,260.894
10769.4,-4582.83,262.717
10773.6,-4584.63,264.538
10777.9,-4586.43,266.361
10782.1,-4588.23,268.163
10786.3,-4590.02,269.967
10790.5,-4591.82,271.767
10794.7,-4593.62,273.568
10798.9,-4595.42,275.378
10803.1,-4597.22,277.185
10807.4,-4599.02,278.995
10811.6,-4600.82,280.791
10815.8,-4602.62,282.588
10820,-4604.42,284.386
10824.2,-4606.22,286.193
10828.5,-4608.02,287.993
10832.7,-4609.82,289.791
10836.9,-4611.62,291.592
10841.1,-4613.42,293.397
10845.3,-4615.22,295.2
10849.5,-4617.02,297.005
10853.7,-4618.82,298.809
10858,-4620.62,300.636
10862.2,-4622.42,302.461
10866.4,-4624.22,304.288
10870.6,-4626.02,306.126
10874.8,-4627.82,307.964
10879,-4629.62,309.805
10883.2,-4631.42,311.643
10887.5,-4633.22,313.473
10891.7,-4635.02,315.301
10895.9,-4636.82,317.147
10900.1,-4638.62,318.975
10904.4,-4640.42,320.784
10908.6,-4642.22,322.593
10912.8,-4644.02,324.402
10917,-4645.82,326.204
10921.2,-4647.62,328.006
10925.4,-4649.42,329.817
10929.7,-4651.22,331.62
10933.9,-4653.02,333.451
10938.1,-4654.82,335.284
10942.3,-4656.62,337.112
10946.5,-4658.42,338.917
10950.7,-4660.22,340.718
10955,-4662.02,342.52
10959.2,-4663.82,344.324
10963.4,-4665.62,346.095
10967.6,-4667.42,347.868
10971.8,-4669.22,349.637
10976,-4671.02,351.412
10980.2,-4672.82,353.179
10984.5,-4674.62,354.937
10988.7,-4676.42,356.671
10992.9,-4678.22,358.332
10997.1,-4680.02,358.902
11001.3,-4681.81,357.479
11005.5,-4683.61,355.73
11009.8,-4685.41,353.926
11014,-4687.21,352.107
11018.2,-4689.01,350.28
11022.4,-4690.81,348.471
11026.6,-4692.61,346.647
11030.8,-4694.41,344.834
11035.1,-4696.21,343.027
11039.3,-4698.01,341.219
11043.5,-4699.81,339.412
11047.7,-4701.61,337.604
11051.9,-4703.41,335.812
11056.1,-4705.21,334.017
11060.4,-4707.01,332.225
11064.6,-4708.81,330.432
11068.8,-4710.61,328.636
11073,-4712.41,326.841
11077.2,-4714.21,325.045
11081.4,-4716.01,323.262
11085.6,-4717.81,321.477
11089.9,-4719.61,319.691
11094.1,-4721.41,317.907
11098.3,-4723.21,316.113
11102.5,-4725.01,314.32
11106.7,-4726.81,312.526
11110.9,-4728.61,310.729
11115.1,-4730.41,308.931
11119.3,-4732.21,307.132
11123.6,-4734.01,305.334
11127.8,-4735.81,303.736
11132,-4737.61,302.138
11136.2,-4739.41,300.539
11140.4,-4741.21,298.943
11144.6,-4743.01,297.039
11148.8,-4744.81,295.133
11153.1,-4746.61,293.229
11157.3,-4748.41,291.385
11161.5,-4750.21,289.542
11165.7,-4752.01,287.7
11169.9,-4753.81,285.934
11174.1,-4755.61,284.17
11178.3,-4757.41,282.405
11182.6,-4759.21,280.641
11186.8,-4761.01,278.817
11191,-4762.81,276.995
11195.2,-4764.61,275.173
11199.4,-4766.41,273.349
11203.6,-4768.21,271.533
11207.8,-4770.01,269.715
11212.1,-4771.81,267.898
11216.3,-4773.6,266.11
11220.5,-4775.4,264.323
11224.7,-4777.2,262.536
11228.9,-4779,260.737
11233.2,-4780.8,258.967
11237.4,-4782.6,257.196
11241.6,-4784.4,255.429
11245.8,-4786.2,253.66
11250,-4788,251.983
11254.2,-4789.8,250.307
11258.5,-4791.6,248.63
11262.7,-4793.4,246.83
11266.9,-4795.2,245.028
11271.1,-4797,243.23
11275.3,-4798.8,241.43
11279.5,-4800.6,239.586
11283.7,-4802.4,237.744
11287.9,-4804.2,235.9
11292.2,-4806,234.066
11296.4,-4807.8,232.23
11300.6,-4809.6,230.397
11304.8,-4811.4,228.563
11309,-4813.2,226.717
11313.2,-4815,224.872
11317.4,-4816.8,223.025
11321.7,-4818.6,221.352
11325.9,-4820.4,219.659
11330.1,-4822.2,217.974
11334.4,-4824,216.299
11338.6,-4825.8,214.459
11342.8,-4827.6,212.623
11347,-4829.4,210.786
11351.3,-4831.2,208.943
11355.5,-4833,207.115
11359.7,-4834.8,205.284
11363.9,-4836.6,203.456
11368.1,-4838.4,201.681
11372.3,-4840.2,199.909
11376.5,-4842,198.135
11380.8,-4843.8,196.363
11385,-4845.6,194.563
11389.2,-4847.4,192.76
11393.4,-4849.2,190.959
11397.6,-4851,189.151
11401.8,-4852.8,187.344
11406,-4854.6,185.536
11410.3,-4856.4,183.706
11414.5,-4858.2,181.874
11418.7,-4860,180.041
11422.9,-4861.8,178.21
11427.1,-4863.6,176.386
11431.3,-4865.4,174.554
11435.6,-4867.19,172.73
11439.8,-4868.99,170.906
11444,-4870.79,169.092
11448.2,-4872.59,167.276
11452.4,-4874.39,165.462
11456.6,-4876.19,163.666
11460.8,-4877.99,161.871
11465.1,-4879.79,160.077
11469.3,-4881.59,158.281
11473.5,-4883.39,156.495
11477.7,-4885.19,154.707
11481.9,-4886.99,152.921
11486.1,-4888.79,151.129
11490.3,-4890.59,149.339
11494.6,-4892.39,147.548
11498.8,-4894.19,145.755
11503,-4895.99,143.964
11507.2,-4897.79,142.17
11511.4,-4899.59,140.379
11515.6,-4901.39,138.587
11519.8,-4903.19,136.78
11524.1,-4904.99,134.975
11528.3,-4906.79,133.168
11532.5,-4908.59,131.345
11536.7,-4910.39,129.518
11540.9,-4912.19,127.694
11545.1,-4913.99,125.871
11549.3,-4915.79,124.046
11553.6,-4917.59,122.222
11557.8,-4919.39,120.397
11562,-4921.19,118.553
11566.2,-4922.99,116.706
11570.4,-4924.79,114.863
11574.6,-4926.59,113.019
11578.8,-4928.39,111.217
11583.1,-4930.19,109.419
11587.3,-4931.99,107.618
11591.5,-4933.79,105.818
11595.7,-4935.59,104.017
11599.9,-4937.39,102.215
11604.1,-4939.19,100.414
11608.3,-4940.99,98.5936
11612.5,-4942.79,96.7759
11616.8,-4944.59,94.9553
11621,-4946.39,93.1392
11625.2,-4948.19,91.3218
11629.4,-4949.99,89.5024
11633.6,-4951.79,87.685
11637.8,-4953.59,85.8792
11642.1,-4955.39,84.0762
11646.3,-4957.19,82.2708
11650.5,-4958.98,80.4691
11654.7,-4960.78,78.659
11658.9,-4962.58,76.8475
11663.1,-4964.38,75.0374
11667.3,-4966.18,73.218
11671.6,-4967.98,71.4012
11675.8,-4969.78,69.5835
11680,-4971.58,67.7638
11684.2,-4973.38,65.9276
11688.4,-4975.18,64.0902
11692.6,-4976.98,62.2549
11696.8,-4978.78,60.4197
11701.1,-4980.58,58.5879
11705.3,-4982.38,56.7544
11709.5,-4984.18,54.9197
11713.7,-4985.98,53.0997
11717.9,-4987.78,51.2781
11722.1,-4989.58,49.4586
11726.3,-4991.38,47.6468
11730.6,-4993.18,45.8384
11734.8,-4994.98,44.0289
11739,-4996.78,42.2164
11743.2,-4998.58,40.4233
11747.4,-5000.38,38.6288
11751.6,-5002.18,36.8377
11755.9,-5003.98,35.0163
11760.1,-5005.78,33.2202
11764.3,-5007.58,31.4247
11768.5,-5009.38,29.6266
11772.8,-5011.18,27.8499
11777,-5012.98,26.0705
11781.2,-5014.78,24.2945
11785.4,-5016.58,22.5182
11789.6,-5018.38,20.7182
11793.8,-5020.18,18.921
11798,-5021.98,17.1227
11802.3,-5023.78,15.3293
11806.5,-5025.58,13.5355
11810.7,-5027.38,11.7469
11814.9,-5029.18,9.96055
11819.1,-5030.98,8.15445
11823.3,-5032.78,6.3636
11827.5,-5034.58,4.59561
11831.8,-5036.38,2.8864
11836,-5038.18,1.51901
11840.2,-5039.98,1.72097
11844.4,-5041.78,3.20582
11848.6,-5043.58,4.91548
11852.8,-5045.38,6.67742
11857,-5047.18,8.46183
11861.3,-5048.98,10.2476
11865.5,-5050.77,12.0407
11869.7,-5052.57,13.8373
11873.9,-5054.37,15.636
11878.1,-5056.17,17.4222
11882.3,-5057.97,19.2084
11886.5,-5059.77,20.9971
11890.8,-5061.57,22.7768
11895,-5063.37,24.5589
11899.2,-5065.17,26.3426
11903.4,-5066.97,28.1247
11907.6,-5068.77,29.8903
11911.8,-5070.57,31.6546
11916,-5072.37,33.4209
11920.2,-5074.17,35.1849
11924.5,-5075.97,36.9803
11928.7,-5077.77,38.7767
11932.9,-5079.57,40.5725
11937.1,-5081.37,42.3895
11941.3,-5083.17,44.2024
11945.5,-5084.97,46.0157
11949.7,-5086.77,47.8312
11954,-5088.57,49.6354
11958.2,-5090.37,51.4422
11962.4,-5092.17,53.2478
11966.6,-5093.97,54.8656
11970.8,-5095.77,56.4835
11975.1,-5097.57,58.1064
11979.4,-5099.37,59.768
11983.6,-5101.17,61.6352
11987.8,-5102.97,63.502
11992,-5104.77,65.3664
11996.2,-5106.57,67.2329
12000.4,-5108.37,68.9972
12004.7,-5110.17,70.7636
12008.9,-5111.97,72.5317
12013.1,-5113.77,74.325
12017.3,-5115.57,76.1191
12021.5,-5117.37,77.9111
12025.7,-5119.17,79.7048
12030,-5120.97,81.5612
12034.2,-5122.77,83.4327
12038.4,-5124.57,85.2912
12042.6,-5126.37,87.0708
12046.9,-5128.17,88.8519
12051.1,-5129.97,90.6298
12055.3,-5131.77,92.4358
12059.6,-5133.57,94.2135
12063.8,-5135.37,95.9908
12068,-5137.17,97.7681
12072.2,-5138.97,99.5514
12076.4,-5140.77,101.335
12080.6,-5142.56,103.117
12084.8,-5144.36,104.9
12089.1,-5146.16,106.661
12093.3,-5147.96,108.42
12097.5,-5149.76,110.182
12101.7,-5151.56,112.01
12105.9,-5153.36,113.837
12110.1,-5155.16,115.662
12114.3,-5156.96,117.487
12118.6,-5158.76,119.336
12122.8,-5160.56,121.181
12127,-5162.36,123.029
12131.2,-5164.16,124.874
12135.4,-5165.96,126.667
12139.6,-5167.76,128.465
12143.9,-5169.56,130.258
12148.1,-5171.36,132.058
12152.3,-5173.16,133.856
12156.5,-5174.96,135.656
12160.7,-5176.76,137.454
12164.9,-5178.56,139.172
12169.1,-5180.36,140.892
12173.3,-5182.16,142.61
12177.6,-5183.96,144.44
12181.8,-5185.76,146.267
12186,-5187.56,148.097
12190.2,-5189.36,149.924
12194.4,-5191.16,151.751
12198.6,-5192.96,153.579
12202.8,-5194.76,155.405
12207.1,-5196.56,157.192
12211.3,-5198.36,158.975
12215.5,-5200.16,160.76
12219.7,-5201.96,162.547
12223.9,-5203.76,164.378
12228.1,-5205.56,166.209
12232.3,-5207.36,168.04
12236.6,-5209.16,169.884
12240.8,-5210.96,171.727
12245,-5212.76,173.569
12249.2,-5214.56,175.414
12253.4,-5216.36,177.239
12257.6,-5218.16,179.067
12261.8,-5219.96,180.893
12266.1,-5221.76,182.721
12270.3,-5223.56,184.524
12274.5,-5225.36,186.328
12278.7,-5227.16,188.135
12282.9,-5228.96,189.921
12287.1,-5230.76,191.708
12291.3,-5232.56,193.493
12295.5,-5234.35,195.279
12299.8,-5236.15,197.071
12304,-5237.95,198.861
12308.2,-5239.75,200.653
12312.4,-5241.55,202.438
12316.6,-5243.35,204.224
12320.8,-5245.15,206.008
12325,-5246.95,207.792
12329.3,-5248.75,209.584
12333.5,-5250.55,211.375
12337.7,-5252.35,213.169
12341.9,-5254.15,214.979
12346.1,-5255.95,216.789
12350.3,-5257.75,218.598
12354.5,-5259.55,220.406
12358.8,-5261.35,222.229
12363,-5263.15,224.05
12367.2,-5264.95,225.872
12371.4,-5266.75,227.722
12375.6,-5268.55,229.573
12379.8,-5270.35,231.427
12384,-5272.15,233.277
12388.3,-5273.95,235.085
12392.5,-5275.75,236.892
12396.7,-5277.55,238.7
12400.9,-5279.35,240.505
12405.1,-5281.15,242.283
12409.3,-5282.95,244.063
12413.5,-5284.75,245.841
12417.8,-5286.55,247.614
12422,-5288.35,249.387
12426.2,-5290.15,251.161
12430.4,-5291.95,252.933
12434.6,-5293.75,254.747
12438.8,-5295.55,256.564
12443.1,-5297.35,258.378
12447.3,-5299.15,260.223
12451.5,-5300.95,262.066
12455.7,-5302.75,263.91
12459.9,-5304.55,265.755
12464.1,-5306.35,267.556
12468.3,-5308.15,269.36
12472.5,-5309.95,271.161
12476.8,-5311.75,272.986
12481,-5313.55,274.807
12485.2,-5315.35,276.629
12489.4,-5317.15,278.453
12493.6,-5318.95,280.27
12497.8,-5320.75,282.09
12502,-5322.55,283.907
12506.3,-5324.35,285.726
12510.5,-5326.15,287.566
12514.7,-5327.94,289.408
12518.9,-5329.74,291.252
12523.1,-5331.54,293.083
12527.3,-5333.34,294.916
12531.5,-5335.14,296.745
12535.8,-5336.94,298.577
12540,-5338.74,300.385
12544.2,-5340.54,302.19
12548.4,-5342.34,303.996
12552.6,-5344.14,305.786
12556.8,-5345.94,307.579
12561.1,-5347.74,309.369
12565.3,-5349.54,311.16
12569.5,-5351.34,312.97
12573.7,-5353.14,314.78
12577.9,-5354.94,316.59
12582.1,-5356.74,318.424
12586.3,-5358.54,320.26
12590.6,-5360.34,322.092
12594.8,-5362.14,323.926
12599,-5363.94,325.702
12603.2,-5365.74,327.476
12607.4,-5367.54,329.253
12611.6,-5369.34,331.026
12615.9,-5371.14,332.789
12620.1,-5372.94,334.539
12624.3,-5374.74,336.289
12628.5,-5376.54,338.088
12632.7,-5378.34,339.885
12636.9,-5380.14,341.683
12641.2,-5381.94,343.479
12645.4,-5383.74,345.347
12649.6,-5385.54,347.212
12653.8,-5387.34,349.074
12658,-5389.14,350.909
12662.2,-5390.94,352.733
12666.5,-5392.74,354.544
12670.7,-5394.54,356.31
12674.9,-5396.34,357.895
12679.1,-5398.14,358.745
12683.3,-5399.94,357.753
12687.5,-5401.74,356.115
12691.7,-5403.54,354.377
12696,-5405.34,352.606
12700.2,-5407.14,350.825
12704.4,-5408.94,349.038
12708.6,-5410.74,347.247
12712.8,-5412.54,345.454
12717,-5414.34,343.68
12721.2,-5416.14,341.906
12725.4,-5417.94,340.131
12729.7,-5419.73,338.354
12733.9,-5421.53,336.562
12738.1,-5423.33,334.767
12742.3,-5425.13,332.975
12746.5,-5426.93,331.181
12750.7,-5428.73,329.365
12755.1,-5430.53,327.497
12759.3,-5432.33,325.674
12763.5,-5434.13,323.854
12767.7,-5435.93,322.033
12771.9,-5437.73,320.215
12776.2,-5439.53,318.395
12780.4,-5441.33,316.603
12784.6,-5443.13,314.81
12788.8,-5444.93,313.015
12793,-5446.73,311.217
12797.2,-5448.53,309.417
12801.4,-5450.33,307.621
12805.6,-5452.13,305.823
12809.9,-5453.93,304.145
12814.1,-5455.73,302.467
12818.3,-5457.53,300.788
12822.5,-5459.33,298.984
12826.7,-5461.13,297.177
12830.9,-5462.93,295.374
12835.1,-5464.73,293.568
12839.4,-5466.53,291.763
12843.6,-5468.33,289.961
12847.8,-5470.13,288.156
12852,-5471.93,286.361
12856.2,-5473.73,284.564
12860.4,-5475.53,282.77
12864.6,-5477.33,280.975
12868.9,-5479.13,279.136
12873.1,-5480.93,277.299
12877.3,-5482.73,275.46
12881.5,-5484.53,273.624
12885.7,-5486.33,271.836
12889.9,-5488.13,270.045
12894.1,-5489.93,268.256
12898.4,-5491.73,266.477
12902.6,-5493.53,264.699
12906.8,-5495.33,262.92
12911,-5497.13,261.143
12915.2,-5498.93,259.328
12919.4,-5500.73,257.512
12923.6,-5502.53,255.697
12927.9,-5504.33,253.881
12932.1,-5506.13,252.149
12936.3,-5507.93,250.416
12940.5,-5509.73,248.683
12944.7,-5511.52,246.87
12948.9,-5513.32,245.054
12953.1,-5515.12,243.241
12957.4,-5516.92,241.42
12961.6,-5518.72,239.601
12965.8,-5520.52,237.782
12970,-5522.32,235.961
12974.2,-5524.12,234.2
12978.4,-5525.92,232.438
12982.6,-5527.72,230.676
12986.9,-5529.52,228.914
12991.1,-5531.32,227.124
12995.3,-5533.12,225.333
12999.5,-5534.92,223.541
13003.7,-5536.72,221.761
13007.9,-5538.52,219.978
13012.1,-5540.32,218.198
13016.4,-5542.12,216.416
13020.6,-5543.92,214.622
13024.8,-5545.72,212.827
13029,-5547.52,211.03
13033.2,-5549.32,209.21
13037.4,-5551.12,207.388
13041.6,-5552.92,205.566
13045.9,-5554.72,203.732
13050.1,-5556.52,201.906
13054.3,-5558.32,200.083
13058.5,-5560.12,198.258
13062.7,-5561.92,196.435
13067,-5563.72,194.59
13071.2,-5565.52,192.748
13075.4,-5567.32,190.906
13079.6,-5569.12,189.085
13083.8,-5570.92,187.264
13088,-5572.72,185.443
13092.2,-5574.52,183.647
13096.4,-5576.32,181.849
13100.7,-5578.12,180.053
13104.9,-5579.92,178.258
13109.1,-5581.72,176.476
13113.3,-5583.52,174.696
13117.5,-5585.32,172.913
13121.7,-5587.12,171.132
13125.9,-5588.92,169.345
13130.2,-5590.72,167.561
13134.4,-5592.52,165.777
13138.6,-5594.32,163.992
13142.8,-5596.12,162.213
13147,-5597.92,160.433
13151.2,-5599.72,158.655
13155.4,-5601.52,156.862
13159.7,-5603.31,155.067
13163.9,-5605.11,153.275
13168.1,-5606.91,151.459
13172.3,-5608.71,149.645
13176.5,-5610.51,147.829
13180.7,-5612.31,146.016
13184.9,-5614.11,144.184
13189.2,-5615.91,142.35
13193.4,-5617.71,140.518
13197.6,-5619.51,138.678
13201.8,-5621.31,136.84
13206,-5623.11,134.999
13210.2,-5624.91,133.162
13214.4,-5626.71,131.34
13218.6,-5628.51,129.516
13222.9,-5630.31,127.694
13227.1,-5632.11,125.869
13231.3,-5633.91,124.073
13235.5,-5635.71,122.276
13239.7,-5637.51,120.475
13243.9,-5639.31,118.719
13248.1,-5641.11,116.963
13252.4,-5642.91,115.207
13256.6,-5644.71,113.45
13260.8,-5646.51,111.634
13265,-5648.31,109.815
13269.2,-5650.11,107.995
13273.4,-5651.91,106.183
13277.6,-5653.71,104.37
13281.9,-5655.51,102.558
13286.1,-5657.31,100.744
13290.3,-5659.11,98.923
13294.5,-5660.91,97.1004
13298.7,-5662.71,95.2774
13302.9,-5664.51,93.4873
13307.1,-5666.31,91.6964
13311.3,-5668.11,89.9076
13315.6,-5669.91,88.1188
13319.8,-5671.71,86.2904
13324,-5673.51,84.4633
13328.2,-5675.31,82.6349
13332.4,-5677.11,80.7845
13336.7,-5678.91,78.92
13340.9,-5680.71,77.0679
13345.1,-5682.51,75.2175
13349.3,-5684.31,73.3881
13353.5,-5686.11,71.5608
13357.7,-5687.91,69.7318
13362,-5689.71,67.9041
13366.2,-5691.51,66.0782
13370.4,-5693.31,64.2549
13374.6,-5695.1,62.4298
13378.8,-5696.9,60.6401
13383,-5698.7,58.8511
13387.2,-5700.5,57.0609
13391.4,-5702.3,55.2741
13395.7,-5704.1,53.4796
13399.9,-5705.9,51.6838
13404.1,-5707.7,49.8889
13408.3,-5709.5,48.1014
13412.5,-5711.3,46.3155
13416.7,-5713.1,44.5276
13420.9,-5714.9,42.7426
13425.1,-5716.7,40.9636
13429.4,-5718.5,39.1813
13433.6,-5720.3,37.4019
13437.8,-5722.1,35.5962
13442,-5723.9,33.7906
13446.2,-5725.7,31.9847
13450.4,-5727.5,30.1809
13454.6,-5729.3,28.3483
13458.9,-5731.1,26.4967
13463.1,-5732.9,24.6639
13467.3,-5734.7,22.8293
13471.5,-5736.5,20.9935
13475.8,-5738.3,19.1506
13480.1,-5740.1,17.2525
13484.3,-5741.9,15.4224
13488.5,-5743.7,13.5926
13492.8,-5745.5,11.7663
13497,-5747.3,9.97887
13501.2,-5749.1,8.19794
13505.4,-5750.9,6.42167
13509.6,-5752.7,4.65401
13513.8,-5754.5,2.915
13518,-5756.3,1.32764
13522.2,-5758.1,1.20916
13526.4,-5759.9,2.756
13530.7,-5761.7,4.48455
13534.9,-5763.5,6.24636
13539.1,-5765.3,8.02098
13543.3,-5767.1,9.80066
13547.5,-5768.9,11.5831
13551.7,-5770.7,13.3678
13555.9,-5772.5,15.154
13560.1,-5774.3,16.9468
13564.4,-5776.1,18.7409
13568.6,-5777.9,20.5359
13572.8,-5779.7,22.3416
13577,-5781.5,24.1475
13581.2,-5783.3,25.9527
13585.4,-5785.1,27.7577
13589.6,-5786.9,29.5768
13593.9,-5788.69,31.3956
13598.1,-5790.49,33.2162
13602.3,-5792.29,35.0347
13606.5,-5794.09,36.8618
13610.7,-5795.89,38.6868
13614.9,-5797.69,40.5118
13619.1,-5799.49,42.3239
13623.4,-5801.29,44.1348
13627.6,-5803.09,45.9474
13631.8,-5804.89,47.7592
13636,-5806.69,49.5627
13640.2,-5808.49,51.3646
13644.4,-5810.29,53.1657
13648.6,-5812.09,54.8973
13652.9,-5813.89,56.627
13657.1,-5815.69,58.3591
13661.3,-5817.49,60.0887
13665.5,-5819.29,61.9151
13669.7,-5821.09,63.7449
13673.9,-5822.89,65.5713
13678.1,-5824.69,67.3613
13682.4,-5826.49,69.1499
13686.6,-5828.29,70.9407
13690.8,-5830.09,72.7286
13695,-5831.89,74.4914
13699.2,-5833.69,76.2575
13703.4,-5835.49,78.0204
13707.6,-5837.29,79.7854
13711.9,-5839.09,81.6311
13716.1,-5840.89,83.4768
13720.3,-5842.69,85.3209
13724.5,-5844.49,87.1198
13728.7,-5846.29,88.92
13732.9,-5848.09,90.7189
13737.1,-5849.89,92.5196
13741.4,-5851.69,94.3327
13745.6,-5853.49,96.1445
13749.8,-5855.29,97.9589
13754,-5857.09,99.7751
13758.2,-5858.89,101.593
13762.4,-5860.69,103.409
13766.6,-5862.49,105.227
13770.9,-5864.29,107.034
13775.1,-5866.09,108.841
13779.3,-5867.89,110.651
13783.5,-5869.69,112.424
13787.7,-5871.49,114.2
13791.9,-5873.29,115.974
13796.1,-5875.09,117.749
13800.3,-5876.89,119.567
13804.6,-5878.69,121.386
13808.8,-5880.48,123.207
13813,-5882.28,124.965
13817.2,-5884.08,126.726
13821.4,-5885.88,128.484
13825.6,-5887.68,130.244
13829.8,-5889.48,132.021
13834.1,-5891.28,133.796
13838.3,-5893.08,135.573
13842.5,-5894.88,137.35
13846.7,-5896.68,139.19
13850.9,-5898.48,141.026
13855.1,-5900.28,142.864
13859.3,-5902.08,144.616
13863.6,-5903.88,146.366
13867.8,-5905.68,148.118
13872,-5907.48,149.869
13876.2,-5909.28,151.739
13880.4,-5911.08,153.605
13884.6,-5912.88,155.474
13888.8,-5914.68,157.281
13893.1,-5916.48,159.087
13897.3,-5918.28,160.894
13901.5,-5920.08,162.699
13905.7,-5921.88,164.535
13909.9,-5923.68,166.372
13914.1,-5925.48,168.208
13918.3,-5927.28,170.011
13922.6,-5929.08,171.814
13926.8,-5930.88,173.617
13931,-5932.68,175.418
13935.2,-5934.48,177.206
13939.4,-5936.28,178.996
13943.6,-5938.08,180.785
13947.8,-5939.88,182.575
13952.1,-5941.68,184.365
13956.3,-5943.48,186.157
13960.5,-5945.28,187.946
13964.7,-5947.08,189.719
13968.9,-5948.88,191.494
13973.1,-5950.68,193.267
13977.3,-5952.48,195.041
13981.5,-5954.28,196.839
13985.8,-5956.08,198.636
13990,-5957.88,200.437
13994.2,-5959.68,202.247
14002,-5961.48,205.59
14006.2,-5963.28,207.411
14011,-5965.08,209.087
14015.3,-5966.88,210.602
14019.7,-5968.68,212.183
14024.1,-5970.48,213.796
14028.5,-5972.27,215.409
14032.9,-5974.07,217.017
14037.3,-5975.87,218.627
14041.7,-5977.67,220.453
14046.2,-5979.47,222.348
14050.6,-5981.27,224.174
14055.1,-5983.07,225.994
14059.6,-5984.87,227.869
14064,-5986.67,229.655
14068.3,-5988.47,231.428
14072.6,-5990.27,233.1
14076.8,-5992.07,234.771
14081,-5993.87,236.439
14085.2,-5995.67,238.18
14089.4,-5997.47,239.923
14093.6,-5999.27,241.664
14097.9,-6001.07,243.407
14102.1,-6002.87,245.316
14106.3,-6004.67,247.228
14110.5,-6006.47,249.136
14114.7,-6008.27,250.964
14118.9,-6010.07,252.794
14123.1,-6011.87,254.623
14127.4,-6013.67,256.453
14131.6,-6015.47,258.216
14135.8,-6017.27,259.979
14140,-6019.07,261.744
14144.2,-6020.87,263.509
14148.4,-6022.67,265.273
14152.7,-6024.47,267.035
14156.9,-6026.27,268.798
14161.1,-6028.07,270.642
14165.3,-6029.87,272.485
14169.6,-6031.67,274.36
14173.8,-6033.47,276.14
14178,-6035.27,277.921
14182.2,-6037.07,279.698
14186.4,-6038.87,281.479
14190.6,-6040.67,283.264
14194.9,-6042.47,285.049
14199.1,-6044.27,286.837
14203.3,-6046.07,288.623
14207.5,-6047.87,290.443
14211.7,-6049.67,292.264
14215.9,-6051.47,294.084
14220.2,-6053.27,295.897
14224.4,-6055.07,297.71
14228.6,-6056.87,299.526
14232.8,-6058.67,301.382
14237,-6060.47,303.241
14241.2,-6062.27,305.097
14245.4,-6064.06,306.956
14249.7,-6065.86,308.79
14253.9,-6067.66,310.621
14258.1,-6069.46,312.455
14262.3,-6071.26,314.286
14266.5,-6073.06,316.107
14270.7,-6074.86,317.924
14274.9,-6076.66,319.744
14279.2,-6078.46,321.549
14283.4,-6080.26,323.353
14287.6,-6082.06,325.159
14291.8,-6083.86,326.963
14296,-6085.66,328.771
14300.2,-6087.46,330.575
14304.4,-6089.26,332.38
14308.7,-6091.06,334.171
14312.9,-6092.86,335.958
14317.1,-6094.66,337.747
14321.3,-6096.46,339.532
14325.5,-6098.26,341.311
14329.7,-6100.06,343.089
14333.9,-6101.86,344.865
14338.2,-6103.66,346.633
14342.4,-6105.46,348.398
14346.6,-6107.26,350.161
14350.8,-6109.06,351.918
14355,-6110.86,353.701
14359.2,-6112.66,355.469
14363.4,-6114.46,357.189
14367.7,-6116.26,358.663
14371.9,-6118.06,358.46
14376.1,-6119.86,356.843
14380.3,-6121.66,355.045
14384.5,-6123.46,353.249
14388.7,-6125.26,351.437
14392.9,-6127.06,349.62
14397.2,-6128.86,347.799
14401.4,-6130.66,346.002
14405.6,-6132.46,344.203
14409.8,-6134.26,342.401
14414,-6136.06,340.617
14418.2,-6137.86,338.833
14422.4,-6139.66,337.048
14426.7,-6141.46,335.262
14430.9,-6143.26,333.479
14435.1,-6145.06,331.695
14439.3,-6146.86,329.91
14443.5,-6148.66,328.118
14447.7,-6150.46,326.325
14451.9,-6152.26,324.534
14456.2,-6154.06,322.741
14460.4,-6155.85,320.952
14464.6,-6157.65,319.162
14468.8,-6159.45,317.37
14473,-6161.25,315.58
14477.2,-6163.05,313.775
14481.4,-6164.85,311.972
14485.6,-6166.65,310.168
14489.9,-6168.45,308.353
14494.1,-6170.25,306.539
14498.3,-6172.05,304.724
14502.5,-6173.85,302.91
14506.7,-6175.65,301.236
14510.9,-6177.45,299.562
14515.1,-6179.25,297.889
14519.4,-6181.05,296.041
14523.6,-6182.85,294.193
14527.8,-6184.65,292.343
14532,-6186.45,290.497
14536.2,-6188.25,288.677
14540.5,-6190.05,286.845
14544.7,-6191.85,285.024
14548.9,-6193.65,283.274
14553.1,-6195.45,281.526
14557.3,-6197.25,279.777
14561.5,-6199.05,278.031
14565.7,-6200.85,276.202
14570,-6202.65,274.371
14574.2,-6204.45,272.541
14578.4,-6206.25,270.732
14582.6,-6208.05,268.925
14586.8,-6209.85,267.116
14591,-6211.65,265.309
14595.2,-6213.45,263.511
14599.5,-6215.25,261.711
14603.7,-6217.05,259.913
14607.9,-6218.85,258.113
14612.1,-6220.65,256.332
14616.3,-6222.45,254.549
14620.5,-6224.25,252.77
14624.7,-6226.05,251.065
14629,-6227.85,249.36
14633.2,-6229.65,247.655
14637.4,-6231.45,245.95
14641.6,-6233.25,244.163
14645.8,-6235.05,242.375
14650,-6236.85,240.586
14654.2,-6238.65,238.737
14658.5,-6240.45,236.886
14662.7,-6242.25,235.037
14666.9,-6244.05,233.186
14671.1,-6245.85,231.372
14675.3,-6247.65,229.557
14679.5,-6249.44,227.74
14683.7,-6251.24,225.914
14688,-6253.04,224.086
14692.2,-6254.84,222.26
14696.4,-6256.64,220.432
14700.6,-6258.44,218.739
14704.8,-6260.24,217.047
14709,-6262.04,215.352
14713.2,-6263.84,213.66
14717.5,-6265.64,211.815
14721.7,-6267.44,209.974
14725.9,-6269.24,208.113
14730.1,-6271.04,206.3
14734.3,-6272.84,204.485
14738.6,-6274.64,202.659
14742.8,-6276.44,200.844
14747,-6278.24,199.068
14751.2,-6280.04,197.296
14755.4,-6281.84,195.524
14759.7,-6283.64,193.73
14763.9,-6285.44,191.938
14768.1,-6287.24,190.145
14772.3,-6289.04,188.353
14776.5,-6290.84,186.527
14780.7,-6292.64,184.704
14784.9,-6294.44,182.879
14789.2,-6296.24,181.041
14793.4,-6298.04,179.205
14797.6,-6299.84,177.368
14801.8,-6301.64,175.532
14806,-6303.44,173.716
14810.2,-6305.24,171.902
14814.4,-6307.04,170.088
14818.6,-6308.84,168.281
14822.9,-6310.64,166.475
14827.1,-6312.44,164.667
14831.3,-6314.24,162.862
14835.5,-6316.04,161.083
14839.7,-6317.84,159.303
14843.9,-6319.64,157.522
14848.1,-6321.44,155.741
14852.4,-6323.24,153.957
14856.6,-6325.04,152.171
14860.8,-6326.84,150.389
14865,-6328.64,148.607
14869.3,-6330.44,146.801
14873.5,-6332.24,145.018
14877.7,-6334.04,143.234
14881.9,-6335.84,141.453
14886.1,-6337.64,139.669
14890.3,-6339.44,137.887
14894.5,-6341.23,136.078
14898.8,-6343.03,134.267
14903,-6344.83,132.457
14907.2,-6346.63,130.646
14911.4,-6348.43,128.805
14915.6,-6350.23,126.965
14919.8,-6352.03,125.121
14924,-6353.83,123.282
14928.3,-6355.63,121.44
14932.5,-6357.43,119.602
14936.7,-6359.23,117.76
14940.9,-6361.03,115.954
14945.1,-6362.83,114.145
14949.3,-6364.63,112.336
14953.5,-6366.43,110.529
14957.8,-6368.23,108.783
14962,-6370.03,107.038
14966.2,-6371.83,105.293
14970.4,-6373.63,103.513
14974.6,-6375.43,101.728
14978.9,-6377.23,99.9041
14983.2,-6379.03,98.0869
14987.5,-6380.83,96.2256
14991.7,-6382.63,94.3692
14995.9,-6384.43,92.4942
15000.1,-6386.23,90.6976
15004.3,-6388.03,88.8999
15008.6,-6389.83,87.1017
15012.8,-6391.63,85.3031
15017,-6393.43,83.5469
15021.2,-6395.23,81.7923
15025.4,-6397.03,80.0382
15029.6,-6398.83,78.267
15033.8,-6400.63,76.4971
15038.1,-6402.43,74.726
15042.3,-6404.23,72.957
15046.5,-6406.03,71.0794
15050.7,-6407.83,69.2079
15054.9,-6409.63,67.3343
15059.1,-6411.43,65.5039
15063.3,-6413.23,63.6748
15067.6,-6415.03,61.8452
15071.8,-6416.83,60.0166
15076,-6418.63,58.1824
15080.2,-6420.43,56.3513
15084.4,-6422.23,54.5205
15088.6,-6424.03,52.6878
15092.8,-6425.83,50.8731
15097.1,-6427.63,49.0573
15101.3,-6429.43,47.2435
15105.5,-6431.23,45.4293
15109.7,-6433.02,43.6139
15113.9,-6434.82,41.7998
15118.1,-6436.62,39.9849
15122.3,-6438.42,38.2118
15126.6,-6440.22,36.4368
15130.8,-6442.02,34.6639
15135,-6443.82,32.8783
15139.2,-6445.62,31.0907
15143.4,-6447.42,29.3046
15147.6,-6449.22,27.5161
15151.8,-6451.02,25.7211
15156.1,-6452.82,23.926
15160.3,-6454.62,22.1324
15164.5,-6456.42,20.3078
15168.7,-6458.22,18.4807
15172.9,-6460.02,16.6571
15177.1,-6461.82,14.8315
15181.3,-6463.62,13.0123
15185.5,-6465.42,11.1935
15189.8,-6467.22,9.37611
15194,-6469.02,7.56351
15198.2,-6470.82,5.75886
15202.4,-6472.62,3.97857
15206.6,-6474.42,2.27044
15210.8,-6476.22,1.08353
15215,-6478.02,1.94796
15219.2,-6479.82,3.60944
15223.4,-6481.62,5.37489
15227.7,-6483.42,7.17985
15231.9,-6485.22,8.99298
15236.1,-6487.02,10.8129
15240.3,-6488.82,12.6059
15244.5,-6490.62,14.4037
15248.7,-6492.42,16.2033
15252.9,-6494.22,18.0017
15257.2,-6496.02,19.7915
15261.4,-6497.82,21.5791
15265.6,-6499.62,23.3679
15269.8,-6501.42,25.1512
15274,-6503.22,26.9324
15278.2,-6505.02,28.7167
15282.4,-6506.82,30.4984
15286.7,-6508.62,32.3013
15290.9,-6510.42,34.1013
15295.1,-6512.22,35.9019
15299.3,-6514.02,37.7179
15303.5,-6515.82,39.5331
15307.7,-6517.62,41.3497
15311.9,-6519.42,43.165
15316.2,-6521.22,44.9806
15320.4,-6523.02,46.7924
15324.6,-6524.81,48.6064
15328.8,-6526.61,50.4209
15333,-6528.41,52.2337
15337.2,-6530.21,54.047
15341.4,-6532.01,55.8586
15345.6,-6533.81,57.5473
15349.9,-6535.61,59.2373
15354.1,-6537.41,60.9246
15358.3,-6539.21,62.6141
15362.5,-6541.01,64.441
15366.7,-6542.81,66.27
15370.9,-6544.61,68.0961
15375.1,-6546.41,69.9074
15379.4,-6548.21,71.72
15383.6,-6550.01,73.5314
15387.8,-6551.81,75.3436
15392,-6553.61,77.1262
15396.2,-6555.41,78.9087
15400.4,-6557.21,80.6897
15404.7,-6559.01,82.5162
15408.9,-6560.81,84.3452
15413.1,-6562.61,86.171
15417.3,-6564.41,87.9984
15421.5,-6566.21,89.7807
15425.7,-6568.01,91.563
15429.9,-6569.81,93.3479
15434.1,-6571.61,95.1419
15438.4,-6573.41,96.9392
15442.6,-6575.21,98.7332
15446.8,-6577.01,100.532
15451,-6578.81,102.331
15455.2,-6580.61,104.129
15459.4,-6582.41,105.929
15463.7,-6584.21,107.729
15467.9,-6586.01,109.532
15472.1,-6587.81,111.332
15476.3,-6589.61,113.134
15480.5,-6591.41,114.901
15484.7,-6593.21,116.667
15488.9,-6595.01,118.437
15493.2,-6596.81,120.203
15497.4,-6598.61,122.083
15501.6,-6600.41,123.96
15505.8,-6602.21,125.839
15510,-6604.01,127.588
15514.2,-6605.81,129.336
15518.4,-6607.61,131.086
15522.6,-6609.41,132.834
15526.9,-6611.21,134.632
15531.1,-6613.01,136.427
15535.3,-6614.81,138.221
15539.5,-6616.6,139.969
15543.7,-6618.4,141.716
15547.9,-6620.2,143.466
15552.1,-6622,145.212
15556.4,-6623.8,147.02
15560.6,-6625.6,148.825
15564.8,-6627.4,150.632
15569.1,-6629.2,152.494
15573.3,-6631,154.327
15577.5,-6632.8,156.163
15581.7,-6634.6,157.998
15585.9,-6636.4,159.773
15590.1,-6638.2,161.544
15594.3,-6640,163.317
15598.6,-6641.8,165.093
15602.8,-6643.6,166.951
15607,-6645.4,168.812
15611.2,-6647.2,170.671
15615.4,-6649,172.497
15619.6,-6650.8,174.324
15623.8,-6652.6,176.148
15628.1,-6654.4,177.976
15632.3,-6656.2,179.78
15636.5,-6658,181.588
15640.7,-6659.8,183.392
15644.9,-6661.6,185.173
15649.1,-6663.4,186.955
15653.3,-6665.2,188.736
15657.5,-6667,190.518
15661.8,-6668.8,192.304
15666,-6670.6,194.092
15670.2,-6672.4,195.878
15674.4,-6674.2,197.663
15678.6,-6676,199.448
15682.8,-6677.8,201.232
15687,-6679.6,203.017
15691.3,-6681.4,204.798
15695.5,-6683.2,206.578
15699.7,-6685,208.36
15703.9,-6686.8,210.141
15708.1,-6688.6,211.944
15712.3,-6690.4,213.747
15716.5,-6692.2,215.549
15720.8,-6694,217.365
15725,-6695.8,219.18
15729.2,-6697.6,220.999
15733.4,-6699.4,222.815
15737.6,-6701.2,224.659
15741.8,-6703,226.501
15746,-6704.8,228.346
15750.3,-6706.6,230.187
15754.5,-6708.4,232.027
15758.7,-6710.19,233.87
15762.9,-6711.99,235.71
15767.1,-6713.79,237.53
15771.3,-6715.59,239.348
15775.5,-6717.39,241.167
15779.8,-6719.19,242.938
15784,-6720.99,244.708
15788.2,-6722.79,246.48
15792.4,-6724.59,248.25
15796.6,-6726.39,250.046
15800.8,-6728.19,251.84
15805,-6729.99,253.633
15809.3,-6731.79,255.43
15813.5,-6733.59,257.269
15817.7,-6735.39,259.11
15821.9,-6737.19,260.948
15826.1,-6738.99,262.779
15830.3,-6740.79,264.605
15834.5,-6742.59,266.432
15838.7,-6744.39,268.26
15843,-6746.19,270.061
15847.2,-6747.99,271.851
15851.4,-6749.79,273.637
15855.6,-6751.59,275.42
15859.9,-6753.39,277.205
15864.1,-6755.19,278.988
15868.3,-6756.99,280.773
15872.5,-6758.79,282.63
15876.7,-6760.59,284.489
15880.9,-6762.39,286.344
15885.1,-6764.19,288.214
15889.4,-6765.99,290.086
15893.6,-6767.79,291.957
15897.8,-6769.59,293.829
15902,-6771.39,295.64
15906.2,-6773.19,297.454
15910.4,-6774.99,299.264
15914.6,-6776.79,301.047
15918.9,-6778.59,302.829
15923.1,-6780.39,304.611
15927.3,-6782.19,306.399
15931.5,-6783.99,308.191
15935.7,-6785.79,309.985
15939.9,-6787.59,311.779
15944.1,-6789.39,313.572
15948.4,-6791.19,315.409
15952.6,-6792.99,317.244
15956.8,-6794.79,319.08
15961,-6796.59,320.889
15965.2,-6798.39,322.697
15969.4,-6800.19,324.508
15973.7,-6801.98,326.251
15977.9,-6803.78,327.997
15982.1,-6805.58,329.739
15986.3,-6807.38,331.483
15990.5,-6809.18,333.237
15994.7,-6810.98,334.99
15998.9,-6812.78,336.745
16003.2,-6814.58,338.498
16007.4,-6816.38,340.369
16011.6,-6818.18,342.237
16015.8,-6819.98,344.106
16020,-6821.78,345.956
16024.2,-6823.58,347.804
16028.4,-6825.38,349.653
16032.6,-6827.18,351.497
16036.9,-6828.98,353.282
16041.1,-6830.78,355.065
16045.3,-6832.58,356.809
16049.5,-6834.38,358.436
16053.7,-6836.18,358.885
16058,-6837.98,357.438
16062.2,-6839.78,355.71
16066.4,-6841.58,353.955
16070.6,-6843.38,352.186
16074.8,-6845.18,350.411
16079,-6846.98,348.629
16083.2,-6848.78,346.834
16087.5,-6850.58,345.036
16091.7,-6852.38,343.241
16096,-6854.18,341.426
16100.2,-6855.98,339.643
16104.4,-6857.78,337.861
16108.6,-6859.58,336.077
16112.8,-6861.38,334.291
16117,-6863.18,332.504
16121.2,-6864.98,330.719
16125.5,-6866.78,328.91
16129.7,-6868.58,327.098
16133.9,-6870.38,325.288
16138.1,-6872.18,323.477
16142.3,-6873.98,321.652
16146.5,-6875.78,319.823
16150.7,-6877.58,317.998
16155,-6879.38,316.178
16159.2,-6881.18,314.356
16163.4,-6882.98,312.536
16167.6,-6884.78,310.715
16171.8,-6886.58,308.91
16176,-6888.38,307.102
16180.2,-6890.18,305.298
16184.5,-6891.98,303.602
16188.7,-6893.77,301.905
16192.9,-6895.57,300.208
16197.1,-6897.37,298.51
16201.3,-6899.17,296.726
16205.5,-6900.97,294.941
16209.7,-6902.77,293.155
16214,-6904.57,291.37
16218.2,-6906.37,289.547
16222.4,-6908.17,287.725
16226.6,-6909.97,285.901
16230.8,-6911.77,284.124
16235,-6913.57,282.347
16239.2,-6915.37,280.569
16243.5,-6917.17,278.792
16247.7,-6918.97,276.942
16251.9,-6920.77,275.095
16256.1,-6922.57,273.246
16260.3,-6924.37,271.434
16264.5,-6926.17,269.62
16268.7,-6927.97,267.805
16273,-6929.77,265.99
16277.2,-6931.57,264.195
16281.4,-6933.37,262.384
16285.6,-6935.17,260.589
16289.9,-6936.97,258.792
16294.1,-6938.77,256.972
16298.3,-6940.57,255.152
16302.5,-6942.37,253.331
16306.7,-6944.17,251.545
16310.9,-6945.97,249.763
16315.1,-6947.77,247.979
16319.3,-6949.57,246.223
16323.6,-6951.37,244.47
16327.8,-6953.17,242.715
16332,-6954.97,240.963
16336.2,-6956.77,239.099
16340.4,-6958.57,237.237
16344.6,-6960.37,235.376
16348.8,-6962.17,233.51
16353.1,-6963.97,231.753
16357.3,-6965.77,229.993
16361.5,-6967.57,228.237
16365.7,-6969.37,226.431
16369.9,-6971.17,224.622
16374.1,-6972.97,222.816
16378.3,-6974.77,221.007
16382.6,-6976.57,219.204
16386.8,-6978.37,217.4
16391,-6980.17,215.598
16395.2,-6981.97,213.864
16399.4,-6983.77,212.128
16403.6,-6985.56,210.395
16407.8,-6987.36,208.659
16412.1,-6989.16,206.82
16416.3,-6990.96,204.977
16420.5,-6992.76,203.137
16424.7,-6994.56,201.298
16428.9,-6996.36,199.475
16433.1,-6998.16,197.653
16437.3,-6999.96,195.829
16441.6,-7001.76,193.96
16445.8,-7003.56,192.09
16450,-7005.36,190.216
16454.2,-7007.16,188.345
16458.4,-7008.96,186.559
16462.6,-7010.76,184.774
16466.8,-7012.56,182.988
16471.1,-7014.36,181.209
16475.3,-7016.16,179.423
16479.6,-7017.96,177.604
16483.9,-7019.76,175.781
16488.1,-7021.56,173.984
16492.3,-7023.36,172.191
16496.5,-7025.16,170.397
16500.8,-7026.96,168.64
16505,-7028.76,166.879
16509.2,-7030.56,165.119
16513.4,-7032.36,163.362
16517.6,-7034.16,161.563
16521.8,-7035.96,159.766
16526,-7037.76,157.966
16530.3,-7039.56,156.169
16534.5,-7041.36,154.371
16538.7,-7043.16,152.571
16542.9,-7044.96,150.774
16547.1,-7046.76,148.949
16551.3,-7048.56,147.132
16555.6,-7050.36,145.314
16559.8,-7052.16,143.47
16564,-7053.96,141.627
16568.2,-7055.76,139.782
16572.4,-7057.56,137.94
16576.6,-7059.36,136.115
16580.8,-7061.16,134.293
16585.1,-7062.96,132.47
16589.3,-7064.76,130.646
16593.5,-7066.56,128.839
16597.7,-7068.36,127.029
16601.9,-7070.16,125.22
16606.1,-7071.96,123.437
16610.4,-7073.76,121.656
16614.6,-7075.56,119.875
16618.8,-7077.35,118.092
16623,-7079.15,116.287
16627.2,-7080.95,114.481
16631.4,-7082.75,112.677
16635.6,-7084.55,110.857
16639.9,-7086.35,109.034
16644.1,-7088.15,107.214
16648.3,-7089.95,105.389
16652.5,-7091.75,103.586
16656.7,-7093.55,101.781
16660.9,-7095.35,99.9797
16665.2,-7097.15,98.1881
16669.4,-7098.95,96.3931
16673.6,-7100.75,94.5998
16677.8,-7102.55,92.8057
16682,-7104.35,90.9926
16686.2,-7106.15,89.1796
16690.4,-7107.95,87.3674
16694.7,-7109.75,85.5544
16698.9,-7111.55,83.686
16703.1,-7113.35,81.8194
16707.3,-7115.15,79.9494
16711.5,-7116.95,78.1068
16715.7,-7118.75,76.2633
16720,-7120.55,74.4199
16724.2,-7122.35,72.5764
16728.4,-7124.15,70.7712
16732.6,-7125.95,68.9635
16736.8,-7127.75,67.1576
16741,-7129.55,65.3811
16745.2,-7131.35,63.6055
16749.5,-7133.15,61.8251
16753.7,-7134.95,60.0487
16757.9,-7136.75,58.2395
16762.1,-7138.55,56.4335
16766.3,-7140.35,54.626
16770.5,-7142.15,52.801
16774.8,-7143.95,50.9752
16779,-7145.75,49.147
16783.2,-7147.55,47.3221
16787.4,-7149.35,45.5414
16791.6,-7151.15,43.7641
16795.9,-7152.95,41.9695
16800.1,-7154.75,40.1883
16804.3,-7156.55,38.4515
16808.5,-7158.35,36.7116
16812.7,-7160.15,34.9753
16817,-7161.95,33.183
16821.2,-7163.75,31.3936
16825.4,-7165.55,29.6046
16829.6,-7167.35,27.8145
16833.8,-7169.15,25.9371
16838,-7170.94,24.0585
16842.2,-7172.74,22.1833
16846.5,-7174.54,20.325
16850.7,-7176.34,18.4671
16854.9,-7178.14,16.6144
16859.1,-7179.94,14.7605
16863.3,-7181.74,12.9968
16867.5,-7183.54,11.2372
16871.8,-7185.34,9.48594
16876,-7187.14,7.77975
16880.2,-7188.94,6.0983
16884.4,-7190.74,4.46531
16888.6,-7192.54,2.95819
16892.8,-7194.34,1.85577
16897,-7196.14,2.18864
16901.2,-7197.94,3.57369
16905.4,-7199.74,5.18674
16909.7,-7201.54,6.87812
16913.9,-7203.34,8.59994
16918.1,-7205.14,10.3393
16922.3,-7206.94,12.0874
16926.5,-7208.74,13.8423
16930.7,-7210.54,15.5984
16934.9,-7212.34,17.3577
16939.2,-7214.14,19.162
16943.4,-7215.94,20.9667
16947.6,-7217.74,22.7757
16951.8,-7219.54,24.6008
16956,-7221.34,26.4291
16960.2,-7223.14,28.2535
16964.5,-7224.94,30.0784
16968.7,-7226.74,31.8985
16972.9,-7228.54,33.7164
16977.2,-7230.34,35.5622
16981.4,-7232.14,37.3677
16985.6,-7233.94,39.1741
16989.8,-7235.74,40.9815
16994,-7237.54,42.7865
16998.2,-7239.34,44.5887
17002.5,-7241.14,46.3894
17006.7,-7242.94,48.1901
17010.9,-7244.74,50.0035
17015.1,-7246.54,51.8169
17019.3,-7248.34,53.6321
17023.5,-7250.14,55.4457
17027.7,-7251.94,57.2033
17032,-7253.74,58.9592
17036.2,-7255.54,60.7176
17040.4,-7257.34,62.4941
17044.6,-7259.14,64.274
17048.8,-7260.94,66.0565
17053,-7262.73,67.8357
17057.3,-7264.53,69.6268
17061.5,-7266.33,71.4154
17065.7,-7268.13,73.2048
17069.9,-7269.93,74.9958
17074.1,-7271.73,76.7273
17078.3,-7273.53,78.4604
17082.6,-7275.33,80.1927
17086.8,-7277.13,82.0642
17091,-7278.93,83.9321
17095.2,-7280.73,85.8019
17099.4,-7282.53,87.6725
17103.6,-7284.33,89.503
17107.8,-7286.13,91.3369
17112.1,-7287.93,93.1683
17116.3,-7289.73,94.9873
17120.5,-7291.53,96.8021
17124.7,-7293.33,98.6186
17128.9,-7295.13,100.438
17133.1,-7296.93,102.251
17137.3,-7298.73,104.066
17141.6,-7300.53,105.879
17145.8,-7302.33,107.696
17150,-7304.13,109.516
17154.2,-7305.93,111.331
17158.4,-7307.73,113.149
17162.6,-7309.53,114.917
17166.9,-7311.33,116.688
17171.1,-7313.13,118.456
17175.3,-7314.93,120.223
17179.5,-7316.73,122.01
17183.7,-7318.53,123.795
17187.9,-7320.33,125.582
17192.2,-7322.13,127.383
17196.4,-7323.93,129.158
17200.7,-7325.73,130.928
17204.9,-7327.53,132.698
17209.1,-7329.33,134.464
17213.3,-7331.13,136.227
17217.5,-7332.93,137.992
17221.8,-7334.73,139.846
17226,-7336.53,141.677
17230.2,-7338.33,143.502
17234.4,-7340.13,145.329
17238.7,-7341.93,147.047
17242.9,-7343.73,148.761
17247.1,-7345.53,150.478
17251.3,-7347.33,152.377
17255.5,-7349.13,154.276
17259.7,-7350.93,156.175
17264,-7352.73,158.071
17268.2,-7354.52,159.887
17272.4,-7356.32,161.703
17276.6,-7358.12,163.519
17280.8,-7359.92,165.332
17285,-7361.72,167.121
17289.2,-7363.52,168.913
17293.5,-7365.32,170.701
17297.7,-7367.12,172.487
17301.9,-7368.92,174.272
17306.1,-7370.72,176.058
17310.3,-7372.52,177.841
17314.5,-7374.32,179.635
17318.7,-7376.12,181.43
17322.9,-7377.92,183.223
17327.2,-7379.72,185.007
17331.4,-7381.52,186.788
17335.6,-7383.32,188.568
17339.8,-7385.12,190.351
17344,-7386.92,192.139
17348.2,-7388.72,193.929
17352.4,-7390.52,195.716
17356.7,-7392.32,197.528
17360.9,-7394.12,199.337
17365.1,-7395.92,201.146
17369.3,-7397.72,202.959
17373.5,-7399.52,204.784
17377.7,-7401.32,206.611
17381.9,-7403.12,208.435
17386.2,-7404.92,210.269
17390.4,-7406.72,212.1
17394.6,-7408.52,213.933
17398.8,-7410.32,215.768
17403,-7412.12,217.591
17407.2,-7413.92,219.415
17411.4,-7415.72,221.238
17415.6,-7417.52,223.061
17419.9,-7419.32,224.857
17424.1,-7421.12,226.653
17428.3,-7422.92,228.449
17432.5,-7424.72,230.234
17436.7,-7426.52,232.021
17440.9,-7428.32,233.807
17445.1,-7430.12,235.591
17449.4,-7431.92,237.424
17453.6,-7433.72,239.253
17457.8,-7435.52,241.084
17462,-7437.32,242.876
17466.2,-7439.12,244.669
17470.4,-7440.92,246.46
17474.6,-7442.72,248.251
17478.9,-7444.52,250.022
17483.1,-7446.31,251.795
17487.3,-7448.11,253.568
17491.5,-7449.91,255.336
17495.7,-7451.71,257.104
17499.9,-7453.51,258.875
17504.1,-7455.31,260.645
17508.4,-7457.11,262.509
17512.6,-7458.91,264.371
17516.8,-7460.71,266.235
17521,-7462.51,268.122
17525.2,-7464.31,270.008
17529.4,-7466.11,271.897
17533.6,-7467.91,273.784
17537.9,-7469.71,275.616
17542.1,-7471.51,277.447
17546.3,-7473.31,279.28
17550.5,-7475.11,281.112
17554.7,-7476.91,282.903
17558.9,-7478.71,284.698
17563.1,-7480.51,286.489
17567.4,-7482.31,288.282
17571.6,-7484.11,290.072
17575.8,-7485.91,291.862
17580,-7487.71,293.655
17584.2,-7489.51,295.487
17588.4,-7491.31,297.321
17592.6,-7493.11,299.153
17596.9,-7494.91,300.974
17601.1,-7496.71,302.793
17605.3,-7498.51,304.61
17609.5,-7500.31,306.43
17613.7,-7502.11,308.204
17617.9,-7503.91,309.982
17622.1,-7505.71,311.757
17626.4,-7507.51,313.531
17630.6,-7509.31,315.304
17634.8,-7511.11,317.077
17639,-7512.91,318.851
17643.2,-7514.71,320.67
17647.4,-7516.51,322.491
17651.6,-7518.31,324.311
17655.9,-7520.11,326.206
17660.1,-7521.91,328.082
17664.3,-7523.71,329.956
17668.5,-7525.51,331.834
17672.8,-7527.31,333.675
17677,-7529.11,335.535
17681.2,-7530.91,337.375
17685.4,-7532.71,339.215
17689.7,-7534.51,340.965
17693.9,-7536.31,342.713
17698.1,-7538.1,344.463
17702.3,-7539.9,346.204
17706.5,-7541.7,347.946
17710.7,-7543.5,349.681
17714.9,-7545.3,351.415
17719.2,-7547.1,353.23
17723.4,-7548.9,355.03
17727.6,-7550.7,356.801
17731.8,-7552.5,358.436
17736,-7554.3,358.778
17740.2,-7556.1,357.285
17744.4,-7557.9,355.519
17748.7,-7559.7,353.799
17752.9,-7561.5,352.073
17757.1,-7563.3,350.337
17761.3,-7565.1,348.539
17765.5,-7566.9,346.74
17769.7,-7568.7,344.938
17773.9,-7570.5,343.134
17778.2,-7572.3,341.293
17782.4,-7574.1,339.454
17786.6,-7575.9,337.612
17790.8,-7577.7,335.771
17795,-7579.5,333.956
17799.2,-7581.3,332.135
17803.4,-7583.1,330.32
17807.7,-7584.9,328.53
17811.9,-7586.7,326.74
17816.1,-7588.5,324.95
17820.3,-7590.3,323.161
17824.5,-7592.1,321.346
17828.7,-7593.9,319.528
17832.9,-7595.7,317.713
17837.1,-7597.5,315.885
17841.4,-7599.3,314.059
17845.6,-7601.1,312.233
17849.8,-7602.9,310.402
17854,-7604.7,308.609
17858.2,-7606.5,306.814
17862.4,-7608.3,305.021
17866.6,-7610.1,303.287
17870.9,-7611.9,301.553
17875.1,-7613.7,299.821
17879.3,-7615.5,298.086
17883.5,-7617.3,296.386
17887.7,-7619.1,294.683
17891.9,-7620.9,292.983
17896.1,-7622.7,291.177
17900.3,-7624.5,289.371
17904.6,-7626.3,287.567
17908.8,-7628.1,285.759
17913,-7629.9,283.981
17917.2,-7631.69,282.202
17921.4,-7633.49,280.425
17925.6,-7635.29,278.647
17929.8,-7637.09,276.738
17934.1,-7638.89,274.831
17938.3,-7640.69,272.924
17942.5,-7642.49,271.069
17946.7,-7644.29,269.199
17950.9,-7646.09,267.343
17955.2,-7647.89,265.487
17959.4,-7649.69,263.691
17963.6,-7651.49,261.896
17967.8,-7653.29,260.1
17972,-7655.09,258.32
17978.1,-7656.89,255.754
17982.5,-7658.69,253.91
17986.7,-7660.49,252.135
17990.9,-7662.29,250.367
17995.1,-7664.09,248.601
17999.3,-7665.89,246.833
18003.5,-7667.69,245.343
18007.7,-7669.49,243.854
18011.9,-7671.29,242.365
18016.2,-7673.09,240.486
18020.4,-7674.89,238.61
18024.6,-7676.69,236.733
18028.8,-7678.49,234.854
18033,-7680.29,233.005
18037.2,-7682.09,231.155
18041.5,-7683.89,229.309
18045.7,-7685.69,227.46
18049.9,-7687.49,225.641
18054.1,-7689.29,223.825
18058.3,-7691.09,222.007
18062.5,-7692.89,220.158
18066.7,-7694.69,218.305
18071,-7696.49,216.455
18075.2,-7698.29,214.603
18079.4,-7700.09,212.905
18083.6,-7701.89,211.208
18087.8,-7703.69,209.508
18092,-7705.49,207.648
18096.2,-7707.29,205.785
18100.5,-7709.09,203.924
18104.7,-7710.89,202.062
18108.9,-7712.69,200.251
18113.1,-7714.49,198.442
18117.3,-7716.29,196.63
18121.5,-7718.09,194.821
18125.7,-7719.89,193.021
18130,-7721.69,191.217
18134.2,-7723.48,189.417
18138.4,-7725.28,187.614
18142.6,-7727.08,185.815
18146.8,-7728.88,184.011
18151,-7730.68,182.21
18155.2,-7732.48,180.42
18159.5,-7734.28,178.63
18163.7,-7736.08,176.838
18167.9,-7737.88,175.025
18172.1,-7739.68,173.214
18176.3,-7741.48,171.401
18180.5,-7743.28,169.59
18184.7,-7745.08,167.762
18188.9,-7746.88,165.934
18193.2,-7748.68,164.107
18197.4,-7750.48,162.269
18201.6,-7752.28,160.433
18205.8,-7754.08,158.599
18210,-7755.88,156.763
18214.2,-7757.68,154.979
18218.5,-7759.48,153.194
18222.7,-7761.28,151.41
18226.9,-7763.08,149.641
18231.1,-7764.88,147.874
18235.3,-7766.68,146.107
18239.5,-7768.48,144.336
18243.7,-7770.28,142.522
18247.9,-7772.08,140.706
18252.2,-7773.88,138.891
18256.4,-7775.68,137.075
18260.6,-7777.48,135.227
18264.8,-7779.28,133.379
18269,-7781.08,131.529
18273.2,-7782.88,129.716
18277.5,-7784.68,127.899
18281.7,-7786.48,126.085
18285.9,-7788.28,124.256
18290.1,-7790.08,122.489
18294.3,-7791.88,120.725
18298.6,-7793.68,118.958
18302.8,-7795.48,117.198
18307,-7797.28,115.437
18311.2,-7799.08,113.678
18315.4,-7800.88,111.919
18319.6,-7802.68,110.035
18323.8,-7804.48,108.152
18328.1,-7806.28,106.267
18332.3,-7808.08,104.383
18336.5,-7809.88,102.498
18340.7,-7811.68,100.616
18344.9,-7813.48,98.733
18349.1,-7815.27,96.9313
18353.3,-7817.07,95.1303
18357.6,-7818.87,93.3303
18361.8,-7820.67,91.6032
18366,-7822.47,89.8746
18370.2,-7824.27,88.1477
18374.4,-7826.07,86.4215
18378.6,-7827.87,84.626
18382.8,-7829.67,82.8321
18387.1,-7831.47,81.0084
18391.3,-7833.27,79.2145
18395.6,-7835.07,77.3322
18399.8,-7836.87,75.4481
18404,-7838.67,73.5666
18408.2,-7840.47,71.7791
18412.4,-7842.27,69.9941
18416.6,-7844.07,68.2074
18420.9,-7845.87,66.4224
18425.1,-7847.67,64.7036
18429.3,-7849.47,62.9816
18433.5,-7851.27,61.2621
18437.7,-7853.07,59.3769
18441.9,-7854.87,57.4935
18446.1,-7856.67,55.6066
18450.4,-7858.47,53.7215
18454.6,-7860.27,51.8676
18458.8,-7862.07,50.0138
18463,-7863.87,48.1601
18467.2,-7865.67,46.3275
18471.4,-7867.47,44.4976
18475.6,-7869.27,42.6669
18479.9,-7871.07,40.8347
18484.1,-7872.87,39.0097
18488.3,-7874.67,37.1823
18492.5,-7876.47,35.3583
18496.7,-7878.27,33.5319
18500.9,-7880.07,31.7189
18505.1,-7881.87,29.9068
18509.4,-7883.67,28.0923
18513.6,-7885.47,26.2933
18517.8,-7887.27,24.4936
18522,-7889.07,22.6933
18526.2,-7890.87,20.8941
18530.4,-7892.67,19.1305
18534.6,-7894.47,17.3651
18538.9,-7896.27,15.5994
18543.1,-7898.07,13.8556
18547.3,-7899.87,12.1122
18551.5,-7901.67,10.372
18555.7,-7903.47,8.63903
18559.9,-7905.27,6.88028
18564.1,-7907.06,5.13897
18568.4,-7908.86,3.44044
18572.6,-7910.66,1.88797
18576.8,-7912.46,1.34637
18581,-7914.26,2.56505
18585.2,-7916.06,4.22718
18589.4,-7917.86,6.00292
18593.6,-7919.66,7.80418
18597.8,-7921.46,9.62266
18602,-7923.26,11.4503
18606.3,-7925.06,13.2834
18610.5,-7926.86,15.119
18614.7,-7928.66,16.9564
18618.9,-7930.46,18.7641
18623.1,-7932.26,20.5702
18627.3,-7934.06,22.3785
18631.5,-7935.86,24.1857
18635.8,-7937.66,25.9873
18640,-7939.46,27.791
18644.2,-7941.26,29.5933
18648.4,-7943.06,31.3919
18652.6,-7944.86,33.19
18656.8,-7946.66,34.9898
18661,-7948.46,36.7865
18665.3,-7950.26,38.5899
18669.5,-7952.06,40.3943
18673.7,-7953.86,42.198
18677.9,-7955.66,43.9854
18682.1,-7957.46,45.7688
18686.3,-7959.26,47.5531
18690.6,-7961.06,49.3342
18694.8,-7962.86,51.1223
18699,-7964.66,52.9129
18703.2,-7966.46,54.7019
18707.5,-7968.26,56.5533
18711.8,-7970.06,58.3588
18716,-7971.86,60.1609
18720.2,-7973.66,61.959
18724.4,-7975.46,63.6043
18728.7,-7977.26,65.252
18732.9,-7979.06,66.9004
18737.1,-7980.86,68.7988
18741.5,-7982.66,70.7559
18745.7,-7984.46,72.6508
18749.9,-7986.26,74.5467
18754.1,-7988.06,76.3634
18758.4,-7989.86,78.1793
18762.6,-7991.66,79.9936
18766.8,-7993.46,81.8095
18771,-7995.26,83.5813
18775.2,-7997.06,85.3522
18779.4,-7998.85,87.1257
18783.7,-8000.65,88.9422
18787.9,-8002.45,90.7595
18792.1,-8004.25,92.576
18796.3,-8006.05,94.3748
18800.5,-8007.85,96.1695
18804.7,-8009.65,97.965
18809,-8011.45,99.763
18813.2,-8013.25,101.551
18817.4,-8015.05,103.34
18821.6,-8016.85,105.127
18825.9,-8018.65,106.93
18830.1,-8020.45,108.717
18834.3,-8022.25,110.502
18838.5,-8024.05,112.288
18842.7,-8025.85,114.046
18847,-8027.65,115.807
18851.2,-8029.45,117.566
18855.4,-8031.25,119.325
18859.6,-8033.05,121.132
18863.8,-8034.85,122.937
18868,-8036.65,124.745
18872.3,-8038.45,126.541
18876.5,-8040.25,128.34
18880.7,-8042.05,130.137
18884.9,-8043.85,131.934
18889.1,-8045.65,133.81
18893.3,-8047.45,135.684
18897.6,-8049.25,137.561
18901.8,-8051.05,139.437
18906,-8052.85,141.199
18910.2,-8054.65,142.959
18914.4,-8056.45,144.72
18918.7,-8058.25,146.436
18922.9,-8060.05,148.149
18927.1,-8061.85,149.866
18931.3,-8063.65,151.578
18935.5,-8065.45,153.415
18939.7,-8067.25,155.253
18944,-8069.05,157.09
18948.2,-8070.85,158.889
18952.4,-8072.65,160.688
18956.6,-8074.45,162.487
18960.8,-8076.25,164.284
18965,-8078.05,166.057
18969.3,-8079.85,167.833
18973.5,-8081.65,169.607
18977.7,-8083.45,171.449
18981.9,-8085.25,173.288
18986.1,-8087.05,175.129
18990.4,-8088.85,176.969
18994.7,-8090.65,178.845
19003.7,-8092.44,182.724
19007.9,-8094.24,184.342
19012.1,-8096.04,185.952
19016.3,-8097.84,187.565
19020.6,-8099.64,189.194
19025,-8101.44,190.634
19029.4,-8103.24,192.071
19033.8,-8105.04,193.496
19038.2,-8106.84,195.308
19042.6,-8108.64,197.117
19047,-8110.44,198.926
19051.4,-8112.24,200.758
19055.9,-8114.04,202.565
19060.4,-8115.84,204.411
19064.8,-8117.64,206.205
19069.1,-8119.44,207.954
19073.5,-8121.24,209.695
19077.7,-8123.04,211.393
19081.9,-8124.84,213.086
19086.1,-8126.64,214.913
19090.3,-8128.44,216.738
19094.6,-8130.24,218.593
19098.8,-8132.04,220.474
19103.1,-8133.84,222.351
19107.3,-8135.64,224.231
19111.5,-8137.44,226.109
19115.7,-8139.24,227.858
19119.9,-8141.04,229.61
19124.1,-8142.84,231.36
19128.3,-8144.64,233.12
19132.6,-8146.44,234.878
19136.8,-8148.24,236.637
19141,-8150.04,238.394
19145.2,-8151.84,240.216
19149.6,-8153.64,242.116
19153.8,-8155.44,243.952
19158.1,-8157.24,245.8
19162.3,-8159.04,247.646
19166.5,-8160.84,249.492
19170.7,-8162.64,251.336
19174.9,-8164.44,253.101
19179.1,-8166.24,254.868
19183.4,-8168.04,256.634
19187.6,-8169.84,258.407
19191.8,-8171.64,260.18
19196,-8173.44,261.953
19200.2,-8175.24,263.725
19204.4,-8177.04,265.544
19208.6,-8178.84,267.365
19212.9,-8180.64,269.186
19217.1,-8182.44,271.007
19221.3,-8184.23,272.906
19225.5,-8186.03,274.805
19229.7,-8187.83,276.706
19233.9,-8189.63,278.558
19238.2,-8191.43,280.414
19242.4,-8193.23,282.266
19246.6,-8195.03,284.12
19250.8,-8196.83,285.89
19255.1,-8198.63,287.658
19259.3,-8200.43,289.418
19263.5,-8202.23,291.159
19267.7,-8204.03,292.9
19271.9,-8205.83,294.64
19276.2,-8207.63,296.382
19280.4,-8209.43,298.223
19284.6,-8211.23,300.061
19288.8,-8213.03,301.902
19293,-8214.83,303.751
19297.2,-8216.63,305.6
19301.4,-8218.43,307.446
19305.7,-8220.23,309.294
19309.9,-8222.03,311.038
19314.1,-8223.83,312.779
19318.3,-8225.63,314.522
19322.5,-8227.43,316.263
19326.7,-8229.23,318.001
19330.9,-8231.03,319.737
19335.2,-8232.83,321.471
19339.4,-8234.63,323.325
19343.6,-8236.43,325.176
19347.8,-8238.23,327.036
19352.1,-8240.03,328.859
19356.3,-8241.83,330.663
19360.5,-8243.63,332.463
19364.7,-8245.43,334.261
19369,-8247.23,336.057
19373.2,-8249.03,337.85
19377.4,-8250.83,339.642
19381.6,-8252.63,341.431
19385.8,-8254.43,343.234
19390,-8256.23,345.035
19394.2,-8258.03,346.829
19398.5,-8259.83,348.61
19402.7,-8261.63,350.378
19406.9,-8263.43,352.126
19411.1,-8265.23,353.835
19415.3,-8267.03,355.454
19419.5,-8268.83,356.879
19423.8,-8270.63,357.705
19428,-8272.43,357.314
19432.2,-8274.23,356.066
19436.4,-8276.03,354.517
19440.6,-8277.83,352.862
19444.8,-8279.62,351.159
19449,-8281.42,349.427
19453.3,-8283.22,347.661
19457.5,-8285.02,345.905
19461.7,-8286.82,344.128
19466,-8288.62,342.346
19470.2,-8290.42,340.563
19474.4,-8292.22,338.765
19479.3,-8294.02,336.69
19483.6,-8295.82,334.826
19487.8,-8297.62,332.998
19492,-8299.42,331.178
19496.3,-8301.22,329.353
19500.5,-8303.02,327.533
19504.7,-8304.82,325.796
19508.9,-8306.62,324.055
19513.1,-8308.42,322.315
19517.3,-8310.22,320.506
19521.5,-8312.02,318.701
19525.7,-8313.82,316.893
19530,-8315.62,315.085
19534.2,-8317.42,313.281
19538.4,-8319.22,311.475
19542.6,-8321.02,309.671
19546.8,-8322.82,307.864
19551,-8324.62,306.081
19555.3,-8326.42,304.263
19559.5,-8328.22,302.473
19563.7,-8330.02,300.757
19567.9,-8331.82,299.039
19572.2,-8333.62,297.325
19576.4,-8335.42,295.607
19580.6,-8337.22,293.88
19584.8,-8339.02,292.151
19589,-8340.82,290.423
19593.2,-8342.62,288.57
19597.5,-8344.42,286.713
19601.7,-8346.22,284.858
19605.9,-8348.02,282.987
19610.1,-8349.82,281.181
19614.4,-8351.62,279.373
19618.6,-8353.42,277.566
19622.8,-8355.22,275.751
19627,-8357.02,273.934
19631.2,-8358.82,272.121
19635.4,-8360.62,270.307
19639.6,-8362.42,268.485
19643.9,-8364.22,266.665
19648.1,-8366.02,264.844
19652.3,-8367.82,263.021
19656.6,-8369.62,261.203
19660.8,-8371.42,259.412
19665,-8373.21,257.619
19669.2,-8375.01,255.85
19673.4,-8376.81,254.08
19677.6,-8378.61,252.31
19681.9,-8380.41,250.543
19686.1,-8382.21,248.758
19690.3,-8384.01,246.976
19694.5,-8385.81,245.192
19698.7,-8387.61,243.411
19702.9,-8389.41,241.633
19707.2,-8391.21,239.853
19711.4,-8393.01,238.074
19715.6,-8394.81,236.32
19719.8,-8396.61,234.564
19724,-8398.41,232.81
19728.2,-8400.21,231.007
19732.4,-8402.01,229.204
19736.6,-8403.81,227.4
19740.9,-8405.61,225.599
19745.1,-8407.41,223.8
19749.3,-8409.21,221.997
19753.5,-8411.01,220.183
19757.8,-8412.81,218.369
19762,-8414.61,216.521
19766.2,-8416.41,214.669
19770.4,-8418.21,212.821
19774.6,-8420.01,211.143
19778.8,-8421.81,209.461
19783.1,-8423.61,207.779
19787.3,-8425.41,205.933
19791.5,-8427.21,204.091
19795.8,-8429.01,202.22
19800,-8430.81,200.373
19804.2,-8432.61,198.591
19808.4,-8434.41,196.805
19812.6,-8436.21,195.022
19816.8,-8438.01,193.238
19821,-8439.81,191.441
19825.3,-8441.61,189.644
19829.5,-8443.41,187.846
19833.7,-8445.21,186.061
19837.9,-8447.01,184.273
19842.1,-8448.81,182.489
19846.3,-8450.61,180.704
19850.5,-8452.41,178.925
19854.8,-8454.21,177.134
19859,-8456.01,175.344
19863.2,-8457.81,173.555
19867.5,-8459.61,171.766
19871.7,-8461.41,169.979
19876,-8463.21,168.162
19880.2,-8465,166.345
19884.4,-8466.8,164.526
19888.6,-8468.6,162.705
19892.8,-8470.4,160.888
19897,-8472.2,159.04
19901.2,-8474,157.195
19905.4,-8475.8,155.347
19909.7,-8477.6,153.52
19913.9,-8479.4,151.694
19918.1,-8481.2,149.865
19922.3,-8483,148.039
19926.5,-8484.8,146.221
19930.7,-8486.6,144.404
19934.9,-8488.4,142.588
19939.1,-8490.2,140.802
19943.4,-8492,139.018
19947.6,-8493.8,137.231
19951.8,-8495.6,135.448
19956,-8497.4,133.65
19960.3,-8499.2,131.857
19964.5,-8501,130.073
19968.7,-8502.8,128.296
19972.9,-8504.6,126.517
19977.1,-8506.4,124.738
19981.3,-8508.2,122.961
19985.6,-8510,121.174
19989.8,-8511.8,119.384
19994,-8513.6,117.596
19998.2,-8515.4,115.797
20002.4,-8517.2,114
20006.6,-8519,112.201
20010.8,-8520.8,110.406
20015,-8522.6,108.583
20019.3,-8524.4,106.758
20023.5,-8526.2,104.936
20027.7,-8528,103.11
20031.9,-8529.8,101.253
20036.1,-8531.6,99.3938
20040.3,-8533.4,97.539
20044.5,-8535.2,95.7057
20048.8,-8537,93.8708
20053,-8538.8,92.0375
20057.2,-8540.6,90.1898
20061.4,-8542.4,88.3654
20065.7,-8544.2,86.5512
20069.9,-8546,84.7361
20074.1,-8547.8,82.9473
20078.3,-8549.6,81.156
20082.5,-8551.4,79.3664
20086.7,-8553.2,77.5768
20090.9,-8555,75.7704
20095.2,-8556.79,73.9623
20099.4,-8558.59,72.1534
20103.6,-8560.39,70.346
20107.8,-8562.19,68.5369
20112,-8563.99,66.7288
20116.2,-8565.79,64.9199
20120.4,-8567.59,63.121
20124.7,-8569.39,61.3213
20128.9,-8571.19,59.5217
20133.1,-8572.99,57.7221
20137.3,-8574.79,55.8879
20141.5,-8576.59,54.0572
20145.7,-8578.39,52.2282
20149.9,-8580.19,50.4029
20154.2,-8581.99,48.5667
20158.4,-8583.79,46.7424
20162.6,-8585.59,44.909
20166.9,-8587.39,43.0829
20171.1,-8589.19,41.2586
20175.3,-8590.99,39.4345
20179.5,-8592.79,37.612
20183.7,-8594.59,35.7933
20187.9,-8596.39,33.9726
20192.1,-8598.19,32.1516
20196.4,-8599.99,30.3415
20200.6,-8601.79,28.5318
20204.8,-8603.59,26.7258
20209,-8605.39,24.9452
20213.2,-8607.19,23.1667
20217.4,-8608.99,21.3883
20221.7,-8610.79,19.6142
20225.9,-8612.59,17.7978
20230.1,-8614.39,16.0039
20234.3,-8616.19,14.2118
20238.5,-8617.99,12.4486
20242.8,-8619.79,10.6929
20247,-8621.59,8.94406
20251.2,-8623.39,7.21337
20255.4,-8625.19,5.51821
20259.6,-8626.99,3.90809
20263.9,-8628.79,2.52073
20268.1,-8630.59,1.93425
20272.3,-8632.39,2.75458
20276.5,-8634.19,4.22959
20280.7,-8635.99,5.88409
20284.9,-8637.79,7.6336
20289.1,-8639.59,9.41464
20293.4,-8641.39,11.2081
20297.6,-8643.19,13.0205
20301.8,-8644.99,14.8369
20306,-8646.79,16.6593
20310.2,-8648.58,18.4793
20314.4,-8650.38,20.2837
20318.6,-8652.18,22.0919
20322.9,-8653.98,23.8987
20327.1,-8655.78,25.7078
20331.3,-8657.58,27.5116
20335.5,-8659.38,29.3166
20339.7,-8661.18,31.1229
20343.9,-8662.98,32.9164
20348.1,-8664.78,34.7112
20352.4,-8666.58,36.5062
20356.6,-8668.38,38.3139
20360.8,-8670.18,40.0978
20365,-8671.98,41.8927
20369.3,-8673.78,43.6778
20373.5,-8675.58,45.4622
20377.7,-8677.38,47.2415
20381.9,-8679.18,49.0184
20386.1,-8680.98,50.7971
20390.3,-8682.78,52.5661
20394.5,-8684.58,54.3385
20398.8,-8686.38,56.1117
20403,-8688.18,57.8818
20407.2,-8689.98,59.6776
20411.4,-8691.78,61.4701
20415.6,-8693.58,63.2634
20419.8,-8695.38,65.0121
20424,-8697.18,66.7583
20428.3,-8698.98,68.5063
20432.5,-8700.78,70.2544
20436.7,-8702.58,72.0992
20440.9,-8704.38,73.9416
20445.1,-8706.18,75.7832
20449.3,-8707.98,77.5979
20453.5,-8709.78,79.4126
20457.8,-8711.58,81.2399
20462,-8713.38,83.0538
20466.2,-8715.18,84.8348
20470.4,-8716.98,86.6125
20474.6,-8718.78,88.3911
20478.9,-8720.58,90.1893
20483.1,-8722.38,91.9842
20487.3,-8724.18,93.7817
20491.5,-8725.98,95.5766
20495.7,-8727.78,97.3581
20499.9,-8729.58,99.1437
20504.1,-8731.38,100.927
20508.4,-8733.18,102.736
20512.6,-8734.98,104.526
20516.8,-8736.78,106.318
20521,-8738.58,108.106
20525.2,-8740.38,109.877
20529.5,-8742.17,111.652
20533.7,-8743.97,113.423
20537.9,-8745.77,115.197
20542.1,-8747.57,116.988
20546.3,-8749.37,118.783
20550.5,-8751.17,120.575
20554.8,-8752.97,122.385
20559,-8754.77,124.186
20563.2,-8756.57,125.984
20567.5,-8758.37,127.795
20571.7,-8760.17,129.614
20575.9,-8761.97,131.45
20580.1,-8763.77,133.268
20584.3,-8765.57,135.055
20588.6,-8767.37,136.844
20592.8,-8769.17,138.631
20597,-8770.97,140.42
20601.2,-8772.77,142.233
20605.4,-8774.57,144.046
20609.6,-8776.37,145.862
20613.8,-8778.17,147.675
20618,-8779.97,149.401
20622.3,-8781.77,151.125
20626.5,-8783.57,152.851
20630.7,-8785.37,154.691
20634.9,-8787.17,156.532
20639.1,-8788.97,158.375
20643.3,-8790.77,160.215
20647.5,-8792.57,162.027
20651.8,-8794.37,163.839
20656,-8796.17,165.664
20660.2,-8797.97,167.441
20664.4,-8799.77,169.217
20668.7,-8801.57,171.007
20672.9,-8803.37,172.783
20677.1,-8805.17,174.56
20681.3,-8806.97,176.334
20685.5,-8808.77,178.11
20689.7,-8810.57,179.902
20694,-8812.37,181.694
20698.2,-8814.17,183.49
20702.4,-8815.97,185.282
20706.6,-8817.77,187.129
20710.8,-8819.57,188.973
20715,-8821.37,190.819
20719.2,-8823.17,192.658
20723.5,-8824.97,194.496
20727.7,-8826.77,196.335
20731.9,-8828.57,198.173
20736.1,-8830.37,200.001
20740.3,-8832.17,201.823
20744.5,-8833.96,203.648
20748.7,-8835.76,205.473
20753,-8837.56,207.284
20757.2,-8839.36,209.107
20761.4,-8841.16,210.916
20765.6,-8842.96,212.693
20769.9,-8844.76,214.484
20774.1,-8846.56,216.262
20778.3,-8848.36,218.041
20782.5,-8850.16,219.826
20786.7,-8851.96,221.614
20790.9,-8853.76,223.4
20795.2,-8855.56,225.188
20799.4,-8857.36,226.98
20803.6,-8859.16,228.773
20807.8,-8860.96,230.565
20812,-8862.76,232.372
20816.2,-8864.56,234.181
20820.5,-8866.36,235.985
20824.7,-8868.16,237.805
20828.9,-8869.96,239.625
20833.1,-8871.76,241.446
20837.3,-8873.56,243.266
20841.5,-8875.36,245.096
20845.7,-8877.16,246.926
20850,-8878.96,248.757
20854.2,-8880.76,250.639
20858.4,-8882.56,252.534
20862.6,-8884.36,254.416
20866.8,-8886.16,256.299
20871.1,-8887.96,258.107
20875.3,-8889.76,259.916
20879.5,-8891.56,261.728
20883.7,-8893.36,263.531
20887.9,-8895.16,265.337
20892.1,-8896.96,267.14
20896.4,-8898.76,268.945
20900.6,-8900.56,270.746
20904.8,-8902.36,272.546
20909,-8904.16,274.346
20913.2,-8905.96,276.145
20917.4,-8907.76,277.985
20921.6,-8909.56,279.823
20925.9,-8911.36,281.68
20930.1,-8913.16,283.503
20934.3,-8914.96,285.325
20938.5,-8916.76,287.149
20942.8,-8918.56,288.97
20947,-8920.36,290.714
20951.2,-8922.16,292.457
20955.4,-8923.96,294.209
20959.7,-8925.75,295.965
20963.9,-8927.55,297.719
20968.1,-8929.35,299.474
20972.3,-8931.15,301.238
20977.4,-8932.95,303.505
20983.3,-8934.75,306.116
20987.6,-8936.55,308.017
20991.8,-8938.35,309.638
20996,-8940.15,311.26
21000.2,-8941.95,312.879
21004.4,-8943.75,314.496
21008.6,-8945.55,316.109
21012.8,-8947.35,317.721
21017.1,-8949.15,319.334
21021.3,-8950.95,321.126
21025.5,-8952.75,322.92
21029.7,-8954.55,324.715
21033.9,-8956.35,326.527
21038.1,-8958.15,328.339
21042.4,-8959.95,330.147
21046.6,-8961.75,331.958
21050.8,-8963.55,333.721
21055,-8965.35,335.495
21059.3,-8967.15,337.259
21063.5,-8968.95,339.018
21067.7,-8970.75,340.771
21071.9,-8972.55,342.539
21076.2,-8974.35,344.289
21080.4,-8976.15,346.08
21084.6,-8977.95,347.868
21088.8,-8979.75,349.652
21093,-8981.55,351.42
21097.2,-8983.35,353.2
21101.4,-8985.15,354.937
21105.7,-8986.95,356.572
21109.9,-8988.75,357.837
21114.1,-8990.55,357.958
21118.3,-8992.35,356.806
21122.5,-8994.15,355.228
21126.7,-8995.95,353.532
21130.9,-8997.75,351.792
21135.2,-8999.55,350.029
21139.4,-9001.35,348.253
21143.6,-9003.15,346.471
21147.8,-9004.95,344.683
21152,-9006.75,342.892
21156.3,-9008.55,341.094
21160.5,-9010.35,339.311
21164.7,-9012.15,337.525
21168.9,-9013.95,335.749
21173.1,-9015.75,333.964
21177.4,-9017.54,332.187
21181.6,-9019.34,330.41
21185.8,-9021.14,328.634
21190,-9022.94,326.856
21194.2,-9024.74,325.08
21198.4,-9026.54,323.301
21202.6,-9028.34,321.501
21206.9,-9030.14,319.701
21211.1,-9031.94,317.875
21215.3,-9033.74,316.059
21219.6,-9035.54,314.241
21223.8,-9037.34,312.424
21228,-9039.14,310.606
21232.2,-9040.94,308.781
21236.4,-9042.74,306.953
21240.6,-9044.54,305.127
21244.9,-9046.34,303.323
21249.1,-9048.14,301.517
21253.3,-9049.94,299.711
21257.5,-9051.74,297.89
21261.7,-9053.54,296.167
21266,-9055.34,294.441
21270.2,-9057.14,292.719
21274.4,-9058.94,290.997
21278.6,-9060.74,289.152
21282.8,-9062.54,287.308
21287,-9064.34,285.463
21291.2,-9066.14,283.622
21295.5,-9067.94,281.779
21299.7,-9069.74,279.933
21303.9,-9071.54,278.09
21308.1,-9073.34,276.305
21312.3,-9075.14,274.524
21316.5,-9076.94,272.741
21320.7,-9078.74,270.957
21325,-9080.54,269.173
21329.2,-9082.34,267.387
21333.4,-9084.14,265.603
21337.6,-9085.94,263.83
21341.8,-9087.74,262.059
21346,-9089.54,260.288
21350.2,-9091.34,258.477
21354.5,-9093.14,256.665
21358.7,-9094.94,254.839
21362.9,-9096.74,253.026
21367.1,-9098.54,251.175
21371.3,-9100.34,249.328
21375.6,-9102.14,247.47
21379.8,-9103.94,245.641
21384,-9105.74,243.816
21388.2,-9107.54,241.989
21392.4,-9109.33,240.163
21396.7,-9111.13,238.368
21400.9,-9112.93,236.576
21405.1,-9114.73,234.78
21409.3,-9116.53,232.986
21413.5,-9118.33,231.139
21417.7,-9120.13,229.29
21422,-9121.93,227.443
21426.2,-9123.73,225.71
21430.4,-9125.53,223.979
21434.6,-9127.33,222.248
21438.8,-9129.13,220.46
21443,-9130.93,218.675
21447.2,-9132.73,216.889
21451.5,-9134.53,215.104
21455.7,-9136.33,213.298
21459.9,-9138.13,211.503
21464.1,-9139.93,209.709
21468.3,-9141.73,207.915
21472.6,-9143.53,206.181
21476.8,-9145.33,204.434
21481,-9147.13,202.7
21485.2,-9148.93,200.879
21489.4,-9150.73,199.055
21493.6,-9152.53,197.233
21497.9,-9154.33,195.411
21502.1,-9156.13,193.549
21506.3,-9157.93,191.684
21510.5,-9159.73,189.82
21514.7,-9161.53,187.959
21518.9,-9163.33,186.088
21523.1,-9165.13,184.217
21527.4,-9166.93,182.345
21531.6,-9168.73,180.525
21535.8,-9170.53,178.704
21540,-9172.33,176.882
21544.2,-9174.13,175.06
21548.4,-9175.93,173.244
21552.6,-9177.73,171.429
21556.9,-9179.53,169.601
21561.1,-9181.33,167.79
21565.3,-9183.13,165.979
21569.5,-9184.93,164.166
21573.7,-9186.73,162.354
21578,-9188.53,160.604
21582.2,-9190.33,158.867
21586.4,-9192.13,157.127
21590.6,-9193.93,155.347
21594.8,-9195.73,153.564
21599.1,-9197.53,151.779
21603.3,-9199.33,149.996
21607.5,-9201.12,148.195
21611.7,-9202.92,146.381
21615.9,-9204.72,144.578
21620.2,-9206.52,142.757
21624.4,-9208.32,140.934
21628.6,-9210.12,139.108
21632.8,-9211.92,137.286
21637,-9213.72,135.44
21641.2,-9215.52,133.597
21645.4,-9217.32,131.754
21649.7,-9219.12,129.908
21653.9,-9220.92,128.065
21658.1,-9222.72,126.206
21662.3,-9224.52,124.362
21666.5,-9226.32,122.539
21670.8,-9228.12,120.718
21675,-9229.92,118.895
21679.2,-9231.72,117.095
21683.4,-9233.52,115.299
21687.6,-9235.32,113.5
21691.8,-9237.12,111.703
21696,-9238.92,109.912
21700.3,-9240.72,108.126
21704.5,-9242.52,106.337
21708.7,-9244.32,104.548
21712.9,-9246.12,102.777
21717.1,-9247.92,101.004
21721.3,-9249.72,99.2338
21725.5,-9251.52,97.464
21729.8,-9253.32,95.6942
21734,-9255.12,93.9244
21738.2,-9256.92,92.1538
21742.4,-9258.72,90.3453
21746.6,-9260.52,88.5359
21750.8,-9262.32,86.7249
21755.1,-9264.12,84.9043
21759.3,-9265.92,83.0702
21763.5,-9267.72,81.2497
21767.7,-9269.52,79.4274
21771.9,-9271.32,77.6047
21776.2,-9273.12,75.7785
21780.4,-9274.92,73.9431
21784.6,-9276.72,72.1204
21788.8,-9278.52,70.3166
21793,-9280.32,68.5153
21797.3,-9282.12,66.7133
21801.5,-9283.92,64.9066
21805.7,-9285.72,63.1008
21809.9,-9287.52,61.2925
21814.1,-9289.32,59.451
21818.3,-9291.12,57.6079
21822.5,-9292.92,55.7674
21826.8,-9294.71,53.9235
21831,-9296.51,52.1098
21835.2,-9298.31,50.2962
21839.4,-9300.11,48.4818
21843.6,-9301.91,46.6684
21847.8,-9303.71,44.8849
21852,-9305.51,43.103
21856.3,-9307.31,41.3099
21860.5,-9309.11,39.5413
21864.7,-9310.91,37.773
21868.9,-9312.71,36.0041
21873.2,-9314.51,34.238
21877.4,-9316.31,32.4644
21881.6,-9318.11,30.6837
21885.8,-9319.91,28.9124
21890,-9321.71,27.1232
21894.2,-9323.51,25.3363
21898.5,-9325.31,23.5479
21902.7,-9327.11,21.7613
21906.9,-9328.91,19.9392
21911.2,-9330.71,18.1021
21915.4,-9332.51,16.2836
21919.6,-9334.31,14.4695
21923.8,-9336.11,12.6566
21928,-9337.91,10.8485
21932.2,-9339.71,9.05489
21936.4,-9341.51,7.32413
21940.7,-9343.31,5.63642
21944.9,-9345.11,4.04104
21949.1,-9346.91,2.71796
21953.3,-9348.71,2.20361
21957.5,-9350.51,2.96347
21961.7,-9352.31,4.37069
21966,-9354.11,5.99692
21970.2,-9355.91,7.70164
21974.4,-9357.71,9.44447
21978.6,-9359.51,11.2087
21982.8,-9361.31,12.998
21987,-9363.11,14.7881
21991.3,-9364.91,16.5794
21995.5,-9366.71,18.327
21999.8,-9368.51,20.1152
22004,-9370.31,21.8688
22008.2,-9372.11,23.6255
22012.4,-9373.91,25.3938
22016.6,-9375.71,27.1654
22020.9,-9377.51,28.9352
22025.1,-9379.31,30.7418
22029.3,-9381.11,32.5481
22033.5,-9382.91,34.354
22037.7,-9384.71,36.1621
22041.9,-9386.5,37.9977
22046.1,-9388.3,39.8337
22050.4,-9390.1,41.6684
22054.6,-9391.9,43.5034
22058.8,-9393.7,45.3408
22063,-9395.5,47.1657
22067.2,-9397.3,48.9916
22071.5,-9399.1,50.7939
22075.7,-9400.9,52.5946
22079.9,-9402.7,54.3979
22084.1,-9404.5,56.2105
22088.3,-9406.3,58.0209
22092.6,-9408.1,59.8281
22096.8,-9409.9,61.6403
22101,-9411.7,63.3812
22105.2,-9413.5,65.123
22109.4,-9415.3,66.8673
22113.6,-9417.1,68.6109
22117.8,-9418.9,70.4373
22122,-9420.7,72.262
22126.3,-9422.5,74.0893
22130.5,-9424.3,75.8707
22134.7,-9426.1,77.6538
22138.9,-9427.9,79.4361
22143.1,-9429.7,81.2185
22147.3,-9431.5,83.0012
22151.5,-9433.3,84.7798
22155.8,-9435.1,86.5617
22160,-9436.9,88.3799
22164.2,-9438.7,90.1855
22168.4,-9440.5,91.9928
22172.6,-9442.3,93.7968
22176.9,-9444.1,95.625
22181.1,-9445.9,97.4508
22185.3,-9447.7,99.2875
22189.5,-9449.5,101.115
22193.7,-9451.3,102.954
22198,-9453.1,104.794
22202.2,-9454.9,106.634
22206.4,-9456.7,108.44
22210.6,-9458.5,110.245
22214.8,-9460.3,112.049
22219,-9462.1,113.853
22223.2,-9463.9,115.662
22227.5,-9465.7,117.471
22231.7,-9467.5,119.277
22235.9,-9469.3,121.075
22240.1,-9471.1,122.853
22244.3,-9472.9,124.633
22248.6,-9474.7,126.414
22252.8,-9476.5,128.228
22257,-9478.29,130.054
22261.2,-9480.09,131.867
22265.5,-9481.89,133.587
22269.7,-9483.69,135.309
22273.9,-9485.49,137.029
22278.1,-9487.29,138.749
22282.3,-9489.09,140.522
22286.6,-9490.89,142.306
22290.8,-9492.69,144.076
22295,-9494.49,145.849
22299.2,-9496.29,147.683
22303.4,-9498.09,149.514
22307.6,-9499.89,151.348
22311.8,-9501.69,153.041
22316.1,-9503.49,154.737
22320.3,-9505.29,156.431
22324.5,-9507.09,158.124
22328.7,-9508.89,160.003
22332.9,-9510.69,161.878
22337.1,-9512.49,163.756
22341.3,-9514.29,165.6
22345.6,-9516.09,167.446
22349.8,-9517.89,169.291
22354,-9519.69,171.138
22358.2,-9521.49,172.984
22362.4,-9523.29,174.815
22366.7,-9525.09,176.649
22370.9,-9526.89,178.432
22375.1,-9528.69,180.217
22379.3,-9530.49,182.001
22383.5,-9532.29,183.785
22387.8,-9534.09,185.602
22392,-9535.89,187.407
22396.2,-9537.69,189.212
22400.4,-9539.49,190.97
22404.6,-9541.29,192.726
22408.8,-9543.09,194.485
22413,-9544.89,196.242
22417.3,-9546.69,198.02
22421.5,-9548.49,199.797
22425.7,-9550.29,201.573
22429.9,-9552.09,203.376
22434.1,-9553.89,205.178
22438.3,-9555.69,206.982
22442.5,-9557.49,208.783
22446.8,-9559.29,210.597
22451,-9561.09,212.409
22455.2,-9562.89,214.221
22459.4,-9564.69,216.076
22463.7,-9566.49,217.916
22467.9,-9568.29,219.759
22472.1,-9570.08,221.598
22478.1,-9571.88,224.216
22484,-9573.68,226.75
22488.3,-9575.48,228.633
22492.5,-9577.28,230.034
22496.7,-9579.08,231.435
22500.9,-9580.88,232.833
22505.1,-9582.68,234.612
22509.4,-9584.48,236.394
22513.6,-9586.28,238.176
22517.8,-9588.08,239.961
22522,-9589.88,241.779
22526.2,-9591.68,243.598
22530.4,-9593.48,245.415
22534.7,-9595.28,247.231
22538.9,-9597.08,248.967
22543.1,-9598.88,250.701
22547.3,-9600.68,252.435
22551.5,-9602.48,254.228
22555.7,-9604.28,256.021
22560,-9606.08,257.83
22564.2,-9607.88,259.624
22568.4,-9609.68,261.51
22572.6,-9611.48,263.392
22576.8,-9613.28,265.278
22581.1,-9615.08,267.167
22585.3,-9616.88,269.056
22589.5,-9618.68,270.96
22593.7,-9620.48,272.848
22598,-9622.28,274.602
22602.2,-9624.08,276.355
22606.4,-9625.88,278.107
22610.6,-9627.68,279.874
22614.8,-9629.48,281.64
22619,-9631.28,283.409
22623.3,-9633.08,285.202
22627.5,-9634.88,287.018
22631.8,-9636.68,288.829
22636,-9638.48,290.643
22640.2,-9640.28,292.425
22644.4,-9642.08,294.206
22648.6,-9643.88,295.989
22652.8,-9645.68,297.77
22657.1,-9647.48,299.558
22661.3,-9649.28,301.357
22665.5,-9651.08,303.144
22669.7,-9652.88,304.93
22673.9,-9654.68,306.722
22678.2,-9656.48,308.516
22682.4,-9658.28,310.31
22686.6,-9660.08,312.135
22690.8,-9661.88,313.968
22695,-9663.67,315.792
22699.3,-9665.47,317.617
22703.5,-9667.27,319.441
22707.7,-9669.07,321.268
22711.9,-9670.87,323.09
22716.1,-9672.67,324.88
22720.3,-9674.47,326.668
22724.6,-9676.27,328.456
22728.8,-9678.07,330.245
22733,-9679.87,332.054
22737.2,-9681.67,333.865
22741.4,-9683.47,335.673
22745.6,-9685.27,337.49
22749.8,-9687.07,339.311
22754.1,-9688.87,341.161
22758.4,-9690.67,342.992
22762.6,-9692.47,344.789
22766.8,-9694.27,346.585
22771,-9696.07,348.372
22775.2,-9697.87,350.152
22779.5,-9699.67,351.891
22783.7,-9701.47,353.603
22787.9,-9703.27,355.268
22792.1,-9705.07,356.805
22796.3,-9706.87,357.912
22800.5,-9708.67,357.791
22804.8,-9710.47,356.571
22809,-9712.27,354.995
22813.2,-9714.07,353.312
22817.4,-9715.87,351.584
22821.6,-9717.67,349.822
22825.9,-9719.47,348.031
22830.1,-9721.27,346.247
22834.3,-9723.07,344.458
22838.5,-9724.87,342.643
22842.7,-9726.67,340.828
22847,-9728.47,339.009
22851.2,-9730.27,337.189
22855.4,-9732.07,335.365
22859.6,-9733.87,333.528
22863.9,-9735.67,331.703
22868.1,-9737.47,329.903
22872.3,-9739.27,328.105
22876.5,-9741.07,326.305
22880.7,-9742.87,324.514
22884.9,-9744.67,322.72
22889.2,-9746.47,320.926
22893.4,-9748.27,319.121
22897.6,-9750.07,317.317
22901.8,-9751.87,315.515
22906.1,-9753.67,313.711
22910.3,-9755.46,311.916
22914.5,-9757.26,310.121
22918.7,-9759.06,308.326
22922.9,-9760.86,306.531
22927.1,-9762.66,304.766
22931.3,-9764.46,303.002
22935.6,-9766.26,301.238
22939.8,-9768.06,299.467
22944,-9769.86,297.697
22948.2,-9771.66,295.925
22952.4,-9773.46,294.154
22956.6,-9775.26,292.397
22960.9,-9777.06,290.631
22965.1,-9778.86,288.874
22969.3,-9780.66,287.117
22973.5,-9782.46,285.242
22977.8,-9784.26,283.365
22982,-9786.06,281.491
22986.2,-9787.86,279.662
22990.4,-9789.66,277.834
22994.6,-9791.46,275.996
22998.9,-9793.26,274.166
23003.1,-9795.06,272.384
23007.3,-9796.86,270.599
23011.5,-9798.66,268.816
23015.7,-9800.46,267.032
23019.9,-9802.26,265.225
23024.1,-9804.06,263.418
23028.4,-9805.86,261.61
23032.6,-9807.66,259.796
23036.8,-9809.46,257.977
23041,-9811.26,256.163
23045.2,-9813.06,254.348
23049.4,-9814.86,252.539
23053.7,-9816.66,250.729
23057.9,-9818.46,248.918
23062.1,-9820.26,247.145
23066.3,-9822.06,245.38
23070.6,-9823.86,243.619
23074.8,-9825.66,241.858
23079,-9827.46,240.13
23083.2,-9829.26,238.404
23087.4,-9831.06,236.677
23091.6,-9832.86,234.895
23095.9,-9834.66,233.087
23100.1,-9836.46,231.302
23104.3,-9838.26,229.52
23108.6,-9840.06,227.71
23112.8,-9841.86,225.902
23117,-9843.66,224.09
23121.2,-9845.46,222.281
23125.4,-9847.25,220.471
23129.6,-9849.05,218.658
23133.8,-9850.85,216.848
23138.1,-9852.65,215.023
23142.3,-9854.45,213.199
23146.5,-9856.25,211.374
23150.7,-9858.05,209.665
23154.9,-9859.85,207.954
23159.2,-9861.65,206.23
23163.4,-9863.45,204.519
23167.6,-9865.25,202.723
23171.8,-9867.05,200.929
23176,-9868.85,199.132
23180.3,-9870.65,197.338
23184.5,-9872.45,195.515
23188.7,-9874.25,193.687
23192.9,-9876.05,191.864
23197.1,-9877.85,190.053
23201.4,-9879.65,188.253
23205.6,-9881.45,186.452
23209.8,-9883.25,184.65
23214,-9885.05,182.886
23218.2,-9886.85,181.118
23222.4,-9888.65,179.354
23226.7,-9890.45,177.559
23230.9,-9892.25,175.768
23235.1,-9894.05,173.975
23239.3,-9895.85,172.182
23243.5,-9897.65,170.346
23247.7,-9899.45,168.509
23251.9,-9901.25,166.675
23256.2,-9903.05,164.83
23260.4,-9904.85,162.975
23264.6,-9906.65,161.132
23268.8,-9908.45,159.287
23273.1,-9910.25,157.477
23277.3,-9912.05,155.663
23281.5,-9913.85,153.852
23285.7,-9915.65,152.041
23289.9,-9917.45,150.241
23294.1,-9919.25,148.444
23298.4,-9921.05,146.632
23302.6,-9922.85,144.855
23306.8,-9924.65,143.077
23311,-9926.45,141.302
23315.2,-9928.25,139.527
23319.5,-9930.05,137.755
23323.7,-9931.85,135.968
23327.9,-9933.65,134.196
23332.1,-9935.45,132.424
23336.4,-9937.25,130.648
23340.6,-9939.04,128.876
23344.8,-9940.84,127.104
23349,-9942.64,125.305
23353.2,-9944.44,123.508
23357.4,-9946.24,121.707
23361.7,-9948.04,119.881
23365.9,-9949.84,118.046
23370.2,-9951.64,116.23
23374.4,-9953.44,114.414
23378.6,-9955.24,112.587
23382.8,-9957.04,110.76
23387,-9958.84,108.933
23391.2,-9960.64,107.08
23395.4,-9962.44,105.225
23399.7,-9964.24,103.359
23403.9,-9966.04,101.502
23408.1,-9967.84,99.6764
23412.3,-9969.64,97.8525
23416.5,-9971.44,96.026
23420.8,-9973.24,94.2358
23425,-9975.04,92.4431
23429.2,-9976.84,90.6504
23433.4,-9978.64,88.8602
23437.6,-9980.44,87.064
23441.8,-9982.24,85.2703
23446.1,-9984.04,83.4733
23450.3,-9985.84,81.6665
23454.5,-9987.64,79.859
23458.7,-9989.44,78.0481
23462.9,-9991.24,76.2264
23467.2,-9993.04,74.4357
23471.4,-9994.84,72.6492
23475.6,-9996.64,70.8603
23479.8,-9998.44,69.0714
23484,-10000.2,67.2835
23488.2,-10002,65.4947
23492.5,-10003.8,63.7094
23496.7,-10005.6,61.9199
23500.9,-10007.4,60.0973
23505.1,-10009.2,58.2858
23509.3,-10011,56.4717
23513.5,-10012.8,54.6432
23517.8,-10014.6,52.8122
23522,-10016.4,50.9839
23526.2,-10018.2,49.1629
23530.4,-10020,47.3446
23534.6,-10021.8,45.5265
23538.8,-10023.6,43.706
23543,-10025.4,41.8977
23547.3,-10027.2,40.0881
23551.5,-10029,38.2821
23555.7,-10030.8,36.4739
23559.9,-10032.6,34.6578
23564.1,-10034.4,32.8555
23568.4,-10036.2,31.0537
23572.6,-10038,29.2744
23576.8,-10039.8,27.4941
23581,-10041.6,25.7161
23585.2,-10043.4,23.9391
23589.4,-10045.2,22.1459
23593.6,-10047,20.3559
23597.9,-10048.8,18.5661
23602.1,-10050.6,16.7982
23606.3,-10052.4,15.0305
23610.5,-10054.2,13.2722
23614.7,-10056,11.5207
23618.9,-10057.8,9.79026
23623.1,-10059.6,8.07791
23627.4,-10061.4,6.39858
23631.8,-10063.2,4.6765
23636,-10065,3.23233
23640.2,-10066.8,2.34038
23644.5,-10068.6,2.63044
23648.7,-10070.4,3.82488
23652.9,-10072.2,5.34787
23657.1,-10074,6.99083
23661.3,-10075.8,8.77123
23665.5,-10077.6,10.5676
23669.8,-10079.4,12.3828
23674,-10081.2,14.2036
23678.2,-10083,15.9983
23682.4,-10084.8,17.795
23686.6,-10086.6,19.5953
23691,-10088.4,21.4662
23695.2,-10090.2,23.2644
23699.5,-10092,25.0645
23703.7,-10093.8,26.8728
23707.9,-10095.6,28.6384
23712.1,-10097.4,30.4022
23716.3,-10099.2,32.1674
23720.6,-10101,33.9306
23724.8,-10102.8,35.7107
23729,-10104.6,37.4946
23733.2,-10106.4,39.2757
23737.4,-10108.2,41.0497
23741.6,-10110,42.8232
23745.9,-10111.8,44.6217
23750.3,-10113.6,46.481
23754.5,-10115.4,48.2735
23758.7,-10117.2,50.0662
23762.9,-10119,51.8673
23767.2,-10120.8,53.636
23771.4,-10122.6,55.4014
23775.6,-10124.4,57.1662
23779.8,-10126.2,58.9328
23784,-10128,60.7737
23788.2,-10129.8,62.6157
23792.4,-10131.6,64.4543
23796.9,-10133.4,66.336
23801.2,-10135.2,68.1574
23805.4,-10137,69.9533
23809.7,-10138.8,71.7393
23813.9,-10140.6,73.5198
23818.1,-10142.4,75.3029
23822.3,-10144.2,77.0844
23826.5,-10146,78.9033
23830.7,-10147.8,80.7198
23834.9,-10149.6,82.5362
23839.2,-10151.4,84.3544
23843.4,-10153.2,86.1569
23847.6,-10155,87.9618
23851.8,-10156.8,89.7644
23856.1,-10158.6,91.5999
23860.4,-10160.4,93.3869
23864.6,-10162.2,95.1641
23868.8,-10164,96.9405
23873,-10165.8,98.6657
23877.2,-10167.6,100.393
23881.5,-10169.4,102.116
23885.7,-10171.2,103.841
23889.9,-10173,105.633
23894.1,-10174.8,107.424
23898.3,-10176.6,109.215
23902.5,-10178.4,111.022
23906.8,-10180.2,112.839
23911,-10182,114.644
23915.2,-10183.8,116.449
23919.4,-10185.6,118.275
23923.6,-10187.4,120.1
23927.8,-10189.2,121.927
23932,-10191,123.747
23936.3,-10192.8,125.567
23940.5,-10194.6,127.386
23944.7,-10196.4,129.205
23948.9,-10198.2,131.012
23953.1,-10200,132.818
23957.3,-10201.8,134.626
23961.6,-10203.6,136.442
23965.8,-10205.4,138.246
23970,-10207.2,140.05
23974.2,-10209,141.853
23979.3,-10210.8,143.979
23983.6,-10212.6,145.814
23987.9,-10214.4,147.633
23992.1,-10216.2,149.2
24000.1,-10218,152.164
24004.3,-10219.8,153.73
24008.5,-10221.6,154.826
24012.7,-10223.4,155.922
24016.9,-10225.2,157.019
24021.3,-10227,159.105
24025.5,-10228.8,161.14
24030,-10230.6,163.257
24034.3,-10232.4,165.362
24038.8,-10234.2,167.247
24043.2,-10236,169.108
24047.6,-10237.8,170.97
24051.9,-10239.6,172.709
24056.4,-10241.4,174.483
24060.9,-10243.2,176.296
24065.5,-10245,178.121
24069.9,-10246.8,179.859
24074.3,-10248.6,181.565
24078.6,-10250.4,183.262
24082.8,-10252.2,184.957
24087.1,-10254,186.653
24091.3,-10255.8,188.345
24095.5,-10257.6,190.037
24099.7,-10259.4,191.831
24103.9,-10261.2,193.625
24108.2,-10263,195.437
24112.4,-10264.8,197.244
24116.6,-10266.6,199.053
24120.8,-10268.4,200.859
24125,-10270.2,202.666
24129.2,-10272,204.517
24133.4,-10273.8,206.365
24137.7,-10275.6,208.215
24141.9,-10277.4,210.083
24146.1,-10279.2,211.954
24150.3,-10281,213.819
24154.5,-10282.8,215.685
24158.7,-10284.6,217.49
24163,-10286.4,219.307
24167.2,-10288.2,221.112
24171.4,-10290,222.916
24175.6,-10291.8,224.721
24179.8,-10293.6,226.528
24184,-10295.4,228.331
24188.5,-10297.2,230.186
24192.7,-10299,231.952
24196.9,-10300.8,233.721
24201.1,-10302.6,235.486
24205.3,-10304.4,237.235
24209.6,-10306.2,239
24213.8,-10308,240.749
24218,-10309.8,242.559
24222.2,-10311.6,244.366
24226.4,-10313.4,246.173
24230.6,-10315.2,247.981
24234.9,-10317,249.712
24239.1,-10318.8,251.446
24243.3,-10320.6,253.178
24247.5,-10322.4,254.958
24251.7,-10324.2,256.738
24255.9,-10326,258.519
24260.1,-10327.8,260.296
24264.4,-10329.6,262.183
24268.6,-10331.4,264.059
24272.8,-10333.2,265.932
24277.2,-10335,267.862
24281.4,-10336.8,269.787
24285.6,-10338.6,271.702
24289.9,-10340.4,273.623
24294.1,-10342.2,275.412
24298.4,-10344,277.201
24302.6,-10345.8,278.982
24306.8,-10347.6,280.687
24311.1,-10349.4,282.411
24315.3,-10351.2,284.11
24319.5,-10353,285.81
24323.8,-10354.8,287.546
24328,-10356.6,289.28
24332.3,-10358.4,291.002
24336.5,-10360.2,292.73
24340.7,-10362,294.632
24345,-10363.8,296.534
24349.2,-10365.6,298.444
24353.5,-10367.4,300.231
24357.7,-10369.2,301.996
24361.9,-10371,303.772
24366.2,-10372.8,305.541
24370.4,-10374.6,307.378
24374.6,-10376.4,309.212
24378.8,-10378.2,311.052
24383.1,-10380,312.824
24387.3,-10381.8,314.598
24391.5,-10383.6,316.369
24395.8,-10385.4,318.145
24400,-10387.2,319.965
24404.2,-10389,321.782
24408.4,-10390.8,323.596
24412.7,-10392.6,325.452
24417,-10394.4,327.28
24421.2,-10396.2,329.097
24425.4,-10398,330.912
24429.7,-10399.8,332.65
24433.9,-10401.6,334.383
24438.1,-10403.4,336.12
24442.4,-10405.2,337.907
24446.6,-10407,339.688
24450.8,-10408.8,341.462
24455.1,-10410.6,343.249
24459.3,-10412.4,345.023
24463.5,-10414.2,346.78
24467.8,-10416,348.531
24472,-10417.8,350.252
24476.2,-10419.6,351.935
24480.4,-10421.4,353.533
24484.7,-10423.2,354.984
24488.9,-10425,356.052
24493.2,-10426.8,356.485
24497.4,-10428.6,356.071
24501.6,-10430.4,355.021
24505.8,-10432.2,353.705
24510.1,-10434,352.214
24514.3,-10435.8,350.624
24518.6,-10437.6,348.911
24522.8,-10439.4,347.173
24527.5,-10441.2,345.237
24531.8,-10443,343.457
24536,-10444.8,341.654
24540.2,-10446.6,339.882
24544.4,-10448.4,338.107
24548.6,-10450.2,336.362
24552.8,-10452,334.613
24557.1,-10453.8,332.86
24561.3,-10455.6,331.083
24565.5,-10457.4,329.309
24569.7,-10459.2,327.525
24574,-10461,325.742
24578.2,-10462.8,323.961
24582.4,-10464.6,322.172
24586.7,-10466.4,320.382
24590.9,-10468.2,318.596
24595.1,-10470,316.795
24599.4,-10471.8,315.001
24603.6,-10473.6,313.207
24607.8,-10475.4,311.417
24612.1,-10477.2,309.652
24616.3,-10479,307.868
24620.5,-10480.8,306.102
24624.8,-10482.6,304.331
24629,-10484.4,302.548
24633.2,-10486.2,300.777
24637.4,-10488,299.003
24641.7,-10489.8,297.168
24646,-10491.6,295.364
24650.2,-10493.4,293.569
24654.4,-10495.2,291.779
24658.6,-10497,289.984
24662.9,-10498.8,288.189
24667.1,-10500.6,286.303
24671.3,-10502.4,284.424
24675.6,-10504.2,282.548
24679.8,-10506,280.663
24684,-10507.8,278.885
24688.3,-10509.6,277.11
24692.5,-10511.4,275.343
24696.8,-10513.2,273.562
24701,-10515,271.777
24705.2,-10516.8,269.999
24709.5,-10518.6,268.219
24713.7,-10520.4,266.423
24718,-10522.2,264.606
24722.2,-10524,262.804
24726.4,-10525.8,260.999
24730.6,-10527.6,259.231
24734.9,-10529.4,257.455
24739.1,-10531.2,255.678
24743.3,-10533,253.891
24747.6,-10534.8,252.114
24751.9,-10536.6,250.301
24756.1,-10538.4,248.519
24760.3,-10540.2,246.699
24764.5,-10542,244.877
24768.8,-10543.8,243.051
24773,-10545.6,241.19
24777.2,-10547.4,239.332
24781.4,-10549.2,237.48
24785.7,-10551,235.619
24789.9,-10552.8,233.775
24794.1,-10554.6,231.932
24798.4,-10556.4,230.094
24802.6,-10558.2,228.258
24806.8,-10560,226.421
24811.1,-10561.8,224.593
24815.3,-10563.6,222.763
24819.5,-10565.4,220.934
24823.7,-10567.2,219.107
24828,-10569,217.274
24832.2,-10570.8,215.424
24836.4,-10572.6,213.569
24840.6,-10574.4,211.714
24844.9,-10576.2,209.863
24849.1,-10578,208.193
24853.3,-10579.8,206.531
24857.5,-10581.6,204.863
24861.9,-10583.4,203.144
24866.2,-10585.2,201.421
24870.4,-10587,199.711
24874.6,-10588.8,197.998
24878.8,-10590.6,196.216
24883.1,-10592.4,194.442
24887.3,-10594.2,192.661
24891.5,-10596,190.88
24895.7,-10597.8,188.992
24900,-10599.6,187.093
24904.2,-10601.4,185.204
24908.4,-10603.2,183.361
24912.7,-10605,181.512
24916.9,-10606.8,179.65
24921.2,-10608.6,177.802
24925.4,-10610.4,175.938
24929.6,-10612.2,174.08
24933.9,-10614,172.22
24938.1,-10615.8,170.342
24942.3,-10617.6,168.468
24946.5,-10619.4,166.587
24950.7,-10621.2,164.712
24955,-10623,162.852
24959.2,-10624.8,160.995
24963.4,-10626.6,159.138
24967.7,-10628.4,157.361
24971.9,-10630.2,155.574
24976.2,-10632,153.784
24980.4,-10633.8,152.009
24984.6,-10635.6,150.236
24988.8,-10637.4,148.454
24993.1,-10639.2,146.677
24997.3,-10641,144.86
25001.5,-10642.8,143.052
25005.7,-10644.6,141.239
25010,-10646.4,139.42
25014.2,-10648.2,137.645
25018.4,-10650,135.854
25022.7,-10651.8,134.071
25026.9,-10653.6,132.286
25031.2,-10655.4,130.461
25035.4,-10657.2,128.664
25039.7,-10659,126.866
25043.9,-10660.8,125.065
25048.1,-10662.6,123.257
25052.3,-10664.4,121.458
25056.6,-10666.2,119.656
25060.8,-10668,117.796
25065,-10669.8,115.92
25069.3,-10671.6,114.056
25073.5,-10673.4,112.205
25077.7,-10675.2,110.351
25081.9,-10677,108.492
25086.2,-10678.8,106.632
25090.5,-10680.6,104.82
25094.7,-10682.4,103.031
25098.9,-10684.2,101.237
25103.2,-10686,99.4815
25107.4,-10687.8,97.7338
25111.6,-10689.6,95.9861
25115.8,-10691.4,94.2369
25120.1,-10693.2,92.4666
25124.3,-10695,90.7101
25128.5,-10696.8,88.9473
25132.8,-10698.6,87.1134
25137,-10700.4,85.265
25141.3,-10702.2,83.4193
25145.5,-10704,81.5854
25149.7,-10705.8,79.8033
25154,-10707.6,78.018
25158.2,-10709.4,76.2353
25162.4,-10711.2,74.5299
25166.6,-10713,72.8239
25170.9,-10714.8,71.1195
25175.1,-10716.6,69.4176
25179.3,-10718.4,67.6194
25183.5,-10720.2,65.8171
25187.8,-10722,64.0116
25192,-10723.8,62.2078
25196.3,-10725.6,60.2155
25200.5,-10727.4,58.2495
25204.8,-10729.2,56.2899
25209,-10731,54.4045
25213.2,-10732.8,52.5252
25217.4,-10734.6,50.6442
25221.7,-10736.4,48.7398
25225.9,-10738.2,47.0059
25230.2,-10740,45.2697
25234.4,-10741.8,43.5314
25238.6,-10743.6,41.7432
25242.9,-10745.4,39.9509
25247.1,-10747.2,38.1612
25251.3,-10749,36.3799
25255.5,-10750.8,34.6443
25259.8,-10752.6,32.9057
25264,-10754.4,31.1643
25268.3,-10756.2,29.4176
25272.5,-10758,27.6723
25276.7,-10759.8,25.9275
25280.9,-10761.6,24.1859
25285.2,-10763.4,22.4
25289.4,-10765.2,20.6204
25293.6,-10767,18.8471
25297.9,-10768.8,17.0671
25302.1,-10770.6,15.2866
25306.3,-10772.4,13.5108
25310.5,-10774.2,11.7393
25314.8,-10776,9.92035
25319,-10777.8,8.10511
25323.3,-10779.6,6.29357
25327.5,-10781.4,4.51587
25331.7,-10783.2,2.81223
25335.9,-10785,1.45908
25340.2,-10786.8,1.75697
25344.4,-10788.6,3.27228
25348.6,-10790.4,5.00404
25352.8,-10792.2,6.78446
25357.1,-10794,8.58088
25361.3,-10795.8,10.4195
25365.5,-10797.6,12.2673
25369.8,-10799.4,14.1114
