4.48494,-1.8,0.723072
8.93738,-3.6,0.726312
15.146,-5.4,0.73061
19.5142,-7.2,0.820432
23.7318,-9,0.996216
28.0002,-10.8,1.22268
32.4963,-12.6,2.65355
36.9008,-14.4,4.12654
41.2202,-16.2,5.5852
45.4321,-18,7.00817
49.6467,-19.8,9.31044
53.8553,-21.6,11.6199
58.0735,-23.4,13.9387
62.2978,-25.2,16.2649
66.5632,-27,18.4921
70.7844,-28.8,20.7498
74.9989,-30.6,22.9789
79.2187,-32.4,25.0907
83.4323,-34.2,27.1994
87.6907,-36,29.3303
91.9113,-37.8,31.3942
96.1257,-39.6,33.4552
100.344,-41.4,35.5184
104.558,-43.2,37.5796
108.776,-45,39.6194
112.988,-46.8,41.6573
117.209,-48.6,43.6988
121.427,-50.4,45.7388
125.64,-52.2,47.7193
129.861,-54,49.7022
134.073,-55.8,51.6826
138.336,-57.6,53.6531
142.549,-59.4,55.6001
146.763,-61.2,57.5479
150.98,-63,59.4972
155.194,-64.8,61.4096
159.413,-66.6,63.3242
163.625,-68.4,65.2366
167.839,-70.2,67.1
172.056,-72,68.965
176.272,-73.8,70.829
180.49,-75.6,72.6942
184.704,-77.4,74.5238
188.947,-79.2,76.3669
193.16,-81,78.1966
197.374,-82.8,79.9879
201.591,-84.6,81.7807
205.804,-86.4,83.5717
210.022,-88.2,85.3646
214.24,-90,87.1082
218.457,-91.8,88.8517
222.669,-93.6,90.5928
226.883,-95.4,92.3128
231.1,-97.2,94.0349
235.312,-99,95.7543
239.529,-100.8,97.476
243.739,-102.6,99.1646
247.951,-104.4,100.854
252.167,-106.2,102.545
256.379,-108,104.234
260.597,-109.8,105.883
264.81,-111.6,107.53
269.026,-113.4,109.178
273.236,-115.2,110.793
277.447,-117,112.409
281.663,-118.8,114.027
285.875,-120.6,115.643
290.116,-122.4,117.247
294.33,-124.2,118.841
298.547,-126,120.437
302.758,-127.8,122.005
306.969,-129.6,123.574
311.186,-131.4,125.145
315.401,-133.2,126.715
319.619,-135,128.278
323.83,-136.8,129.839
328.043,-138.6,131.4
332.259,-140.4,132.944
336.472,-142.2,134.487
340.689,-144,136.032
344.901,-145.8,137.575
349.117,-147.6,139.18
353.329,-149.4,140.784
357.541,-151.2,142.388
361.757,-153,143.993
365.97,-154.8,145.511
370.187,-156.6,147.03
374.399,-158.4,148.547
378.616,-160.2,150.222
382.827,-162,151.895
387.04,-163.8,153.568
391.256,-165.6,155.243
395.47,-167.4,157.134
399.687,-169.2,159.027
403.898,-171,160.917
408.111,-172.8,162.754
412.326,-174.6,164.591
416.542,-176.4,166.429
420.758,-178.2,168.267
424.972,-180,170.026
429.188,-181.8,171.786
433.399,-183.6,173.544
437.612,-185.4,175.323
441.828,-187.2,177.103
446.04,-189,178.882
450.256,-190.8,180.662
454.468,-192.6,182.507
458.684,-194.4,184.354
462.894,-196.2,186.199
467.106,-198,188.037
471.322,-199.8,189.877
475.534,-201.6,191.715
479.75,-203.4,193.555
483.961,-205.2,195.359
488.173,-207,197.164
492.415,-208.8,198.982
496.628,-210.6,200.788
500.847,-212.4,202.599
505.06,-214.2,204.408
509.276,-216,206.219
513.486,-217.8,208.026
517.704,-219.6,209.837
521.921,-221.4,211.647
526.133,-223.2,213.456
530.351,-225,215.262
534.565,-226.8,217.066
538.782,-228.6,218.872
542.994,-230.4,220.681
547.206,-232.2,222.489
551.424,-234,224.301
555.638,-235.8,226.11
559.856,-237.6,227.936
564.068,-239.4,229.759
568.32,-241.2,231.601
572.531,-243,233.436
576.745,-244.8,235.272
580.964,-246.6,237.11
585.177,-248.4,238.946
589.395,-250.2,240.805
593.632,-252,242.671
597.847,-253.8,244.529
602.065,-255.6,246.408
606.277,-257.4,248.285
610.494,-259.2,250.164
614.71,-261,252.043
618.92,-262.8,253.913
623.124,-264.6,255.779
627.336,-266.4,257.65
631.556,-268.2,259.524
635.769,-270,261.363
639.988,-271.8,263.204
644.202,-273.6,265.043
648.419,-275.4,266.842
652.631,-277.2,268.639
656.844,-279,270.436
661.08,-280.8,272.239
665.418,-282.6,274.087
669.737,-284.4,275.932
673.957,-286.2,277.731
678.17,-288,279.52
682.38,-289.8,281.309
686.592,-291.6,283.097
690.814,-293.4,284.889
695.029,-295.2,286.687
699.241,-297,288.482
703.445,-298.8,290.275
707.658,-300.6,292.092
711.877,-302.4,293.911
716.096,-304.2,295.73
720.315,-306,297.549
724.53,-307.8,299.38
728.749,-309.6,301.213
732.96,-311.4,303.044
737.175,-313.2,304.89
741.393,-315,306.738
745.608,-316.8,308.585
749.825,-318.6,310.434
754.038,-320.4,312.288
758.281,-322.2,314.157
762.501,-324,316.014
766.716,-325.8,317.87
770.933,-327.6,319.736
775.147,-329.4,321.6
779.365,-331.2,323.466
783.578,-333,325.332
787.793,-334.8,327.2
792.078,-336.6,329.098
796.325,-338.4,330.979
800.545,-340.2,332.853
804.759,-342,334.724
808.978,-343.8,336.597
813.19,-345.6,338.466
817.409,-347.4,340.339
821.626,-349.2,342.21
825.841,-351,344.08
830.06,-352.8,345.963
834.273,-354.6,347.843
838.49,-356.4,349.724
842.703,-358.2,351.6
846.917,-360,353.491
851.182,-361.8,355.396
855.402,-363.6,357.254
860.058,-365.4,359.064
864.442,-367.2,358.32
868.695,-369,356.485
872.914,-370.8,354.603
877.238,-372.6,352.671
881.715,-374.4,350.643
886.055,-376.199,348.674
890.282,-377.999,346.753
894.544,-379.799,344.816
898.764,-381.599,342.897
902.976,-383.399,340.981
907.189,-385.199,339.073
911.41,-386.999,337.161
915.628,-388.799,335.249
919.845,-390.599,333.335
924.058,-392.399,331.423
928.37,-394.199,329.465
932.584,-395.999,327.552
936.799,-397.799,325.639
941.019,-399.599,323.724
945.233,-401.399,321.811
949.622,-403.199,319.828
953.837,-404.999,317.924
958.051,-406.799,316.02
962.268,-408.599,314.114
966.481,-410.399,312.226
970.7,-412.199,310.335
974.912,-413.999,308.447
979.129,-415.799,306.573
983.343,-417.599,304.7
987.556,-419.399,302.827
991.773,-421.199,300.953
996.013,-422.999,299.092
1000.23,-424.799,297.239
1004.45,-426.599,295.39
1008.87,-428.399,293.484
1013.08,-430.199,291.667
1017.3,-431.999,289.848
1021.51,-433.799,288.03
1025.72,-435.599,286.262
1029.95,-437.399,284.49
1034.16,-439.199,282.72
1038.38,-440.999,280.98
1042.59,-442.799,279.243
1046.81,-444.599,277.506
1051.02,-446.399,275.768
1055.24,-448.199,274.059
1059.46,-449.999,272.348
1063.67,-451.799,270.639
1067.89,-453.599,268.96
1072.11,-455.399,267.28
1076.32,-457.199,265.602
1080.54,-458.999,263.922
1084.75,-460.799,262.273
1088.97,-462.599,260.622
1093.18,-464.399,258.974
1097.56,-466.199,257.281
1101.78,-467.999,255.65
1106,-469.799,254.022
1110.22,-471.599,252.392
1114.43,-473.399,250.795
1118.66,-475.199,249.196
1122.87,-476.999,247.6
1127.08,-478.799,246.004
1131.3,-480.599,244.421
1135.52,-482.399,242.839
1139.73,-484.199,241.256
1143.95,-485.999,239.7
1148.16,-487.799,238.141
1152.38,-489.599,236.583
1156.79,-491.399,234.974
1161.01,-493.199,233.435
1165.23,-494.999,231.899
1169.44,-496.799,230.361
1173.66,-498.599,228.869
1177.87,-500.399,227.377
1182.09,-502.199,225.884
1186.3,-503.999,224.392
1190.52,-505.799,222.893
1194.73,-507.599,221.393
1198.97,-509.399,219.885
1203.19,-511.199,218.224
1207.4,-512.999,216.563
1211.62,-514.799,214.901
1215.84,-516.599,213.239
1220.06,-518.399,211.31
1224.27,-520.199,209.382
1228.49,-521.999,207.453
1232.71,-523.799,205.612
1236.92,-525.599,203.769
1241.14,-527.398,201.925
1245.35,-529.198,200.084
1249.62,-530.998,198.305
1253.83,-532.798,196.544
1258.04,-534.598,194.785
1262.26,-536.398,193.024
1266.47,-538.198,191.261
1270.69,-539.998,189.495
1274.9,-541.798,187.732
1279.12,-543.598,185.892
1283.34,-545.398,184.054
1287.55,-547.198,182.216
1291.77,-548.998,180.377
1295.98,-550.798,178.55
1300.22,-552.598,176.71
1304.44,-554.398,174.883
1308.66,-556.198,173.097
1312.87,-557.998,171.314
1317.09,-559.798,169.529
1321.3,-561.598,167.744
1325.52,-563.398,165.964
1329.74,-565.198,164.18
1333.95,-566.998,162.399
1338.16,-568.798,160.594
1342.38,-570.598,158.787
1346.6,-572.398,156.984
1350.81,-574.198,155.179
1355.03,-575.998,153.368
1359.25,-577.798,151.555
1363.46,-579.598,149.746
1367.67,-581.398,147.928
1371.89,-583.198,146.108
1376.1,-584.998,144.291
1380.32,-586.798,142.473
1384.54,-588.598,140.63
1388.76,-590.398,138.786
1392.97,-592.198,136.945
1397.18,-593.998,135.104
1401.42,-595.798,133.235
1405.64,-597.598,131.376
1409.85,-599.398,129.516
1414.07,-601.198,127.659
1418.32,-602.998,125.782
1422.54,-604.798,123.926
1426.75,-606.598,122.069
1430.97,-608.398,120.225
1435.18,-610.198,118.383
1439.4,-611.998,116.539
1443.61,-613.798,114.725
1447.83,-615.598,112.91
1452.05,-617.398,111.094
1456.26,-619.198,109.28
1460.47,-620.998,107.483
1464.69,-622.798,105.685
1468.91,-624.598,103.887
1473.17,-626.398,102.06
1477.38,-628.198,100.252
1481.6,-629.998,98.4425
1485.81,-631.798,96.635
1490.03,-633.598,94.8292
1494.24,-635.398,93.024
1498.46,-637.198,91.2178
1502.75,-638.998,89.3803
1506.97,-640.798,87.5713
1511.19,-642.598,85.7603
1515.4,-644.398,83.9521
1519.62,-646.198,82.1416
1523.84,-647.998,80.3353
1528.05,-649.798,78.5291
1532.42,-651.598,76.6466
1536.63,-653.398,74.8295
1540.85,-655.198,73.0113
1545.07,-656.998,71.1958
1549.28,-658.798,69.3979
1553.5,-660.598,67.6023
1557.71,-662.398,65.8076
1561.93,-664.198,64.0105
1566.14,-665.998,62.2012
1570.36,-667.798,60.3894
1574.57,-669.598,58.5802
1578.79,-671.398,56.7601
1583.01,-673.198,54.9427
1587.22,-674.997,53.1254
1591.44,-676.797,51.3069
1595.65,-678.597,49.4884
1599.87,-680.397,47.6675
1604.13,-682.197,45.8292
1608.35,-683.997,44.0111
1612.56,-685.797,42.1961
1616.78,-687.597,40.3795
1621,-689.397,38.5628
1625.24,-691.197,36.7352
1629.46,-692.997,34.9175
1633.67,-694.797,33.1026
1637.88,-696.597,31.2883
1642.1,-698.397,29.4549
1646.32,-700.197,27.6226
1650.54,-701.997,25.7892
1654.75,-703.797,23.9412
1658.97,-705.597,22.091
1663.18,-707.397,20.2446
1667.39,-709.197,18.381
1671.61,-710.997,16.5147
1675.83,-712.797,14.652
1680.04,-714.597,12.788
1684.26,-716.397,10.9166
1688.48,-718.197,9.04407
1692.69,-719.997,7.17908
1696.97,-721.797,5.28706
1701.19,-723.597,3.43725
1705.42,-725.397,1.66925
1709.74,-727.197,0.961026
1714.02,-728.997,2.5396
1718.29,-730.797,4.3882
1722.62,-732.597,6.2836
1727.18,-734.397,8.31333
1731.53,-736.197,10.2434
1735.75,-737.997,12.1161
1739.97,-739.797,13.9867
1744.18,-741.597,15.8333
1748.4,-743.397,17.6829
1752.61,-745.197,19.5288
1756.83,-746.997,21.3761
1761.04,-748.797,23.2441
1765.26,-750.597,25.1124
1769.48,-752.397,26.9811
1773.69,-754.197,28.86
1777.91,-755.997,30.7407
1782.13,-757.797,32.621
1786.34,-759.597,34.4996
1790.56,-761.397,36.3829
1794.78,-763.197,38.2662
1798.99,-764.997,40.15
1803.42,-766.797,42.1168
1807.68,-768.597,44.011
1811.89,-770.397,45.8869
1816.11,-772.197,47.7606
1820.6,-773.997,49.7301
1824.82,-775.797,51.5769
1829.04,-777.597,53.4242
1833.25,-779.397,55.2383
1837.47,-781.197,57.0536
1841.69,-782.997,58.8695
1845.9,-784.797,60.6836
1850.12,-786.597,62.4723
1854.33,-788.397,64.2609
1858.55,-790.197,66.0499
1862.76,-791.997,67.8363
1866.98,-793.797,69.5978
1871.2,-795.597,71.3617
1875.41,-797.397,73.1234
1879.86,-799.197,74.9435
1884.07,-800.997,76.6682
1888.33,-802.797,78.4108
1892.54,-804.597,80.1344
1896.76,-806.397,81.8092
1900.98,-808.197,83.4867
1905.19,-809.997,85.1613
1909.44,-811.797,86.8226
1913.65,-813.597,88.4716
1917.87,-815.397,90.1221
1922.09,-817.197,91.7729
1926.31,-818.997,93.3957
1930.53,-820.797,95.021
1934.74,-822.596,96.6432
1938.96,-824.396,98.2427
1943.17,-826.196,99.8413
1947.39,-827.996,101.439
1951.61,-829.796,103.038
1955.82,-831.596,104.617
1960.04,-833.396,106.198
1964.26,-835.196,107.778
1968.54,-836.996,109.371
1972.76,-838.796,110.938
1976.97,-840.596,112.505
1981.19,-842.396,114.072
1985.4,-844.196,115.672
1989.63,-845.996,117.275
1993.84,-847.796,118.875
1998.05,-849.596,120.474
2002.27,-851.396,122.269
2006.49,-853.196,124.063
2010.73,-854.996,125.869
2014.94,-856.796,127.745
2019.17,-858.596,129.627
2023.38,-860.396,131.502
2027.59,-862.196,133.377
2032.09,-863.996,135.293
2036.3,-865.796,137.09
2040.52,-867.596,138.888
2044.73,-869.396,140.606
2048.95,-871.196,142.328
2053.17,-872.996,144.046
2057.38,-874.796,145.765
2061.6,-876.596,147.545
2065.82,-878.396,149.324
2070.04,-880.196,151.103
2074.25,-881.996,152.951
2078.47,-883.796,154.801
2082.68,-885.596,156.647
2086.9,-887.396,158.493
2091.12,-889.196,160.314
2095.33,-890.996,162.134
2099.55,-892.796,163.954
2103.76,-894.596,165.739
2107.98,-896.396,167.525
2112.22,-898.196,169.322
2116.44,-899.996,171.107
2120.74,-901.796,172.931
2124.95,-903.596,174.721
2129.17,-905.396,176.511
2133.38,-907.196,178.298
2137.6,-908.996,180.084
2141.81,-910.796,181.871
2146.03,-912.596,183.657
2150.25,-914.396,185.451
2154.46,-916.196,187.245
2158.68,-917.996,189.04
2162.94,-919.796,190.849
2167.29,-921.596,192.726
2171.53,-923.396,194.555
2175.74,-925.196,196.372
2179.96,-926.996,198.165
2184.18,-928.796,199.957
2188.4,-930.596,201.75
2192.61,-932.396,203.54
2196.83,-934.196,205.357
2201.11,-935.996,207.205
2205.33,-937.796,209.022
2209.55,-939.596,210.861
2213.8,-941.396,212.716
2218.02,-943.196,214.554
2222.24,-944.996,216.392
2226.62,-946.796,218.276
2230.84,-948.596,220.093
2235.06,-950.396,221.906
2239.28,-952.196,223.717
2243.49,-953.996,225.526
2247.71,-955.796,227.334
2251.92,-957.596,229.144
2256.14,-959.396,230.959
2260.36,-961.196,232.777
2264.57,-962.996,234.592
2268.79,-964.796,236.43
2273.01,-966.596,238.265
2277.22,-968.396,240.101
2281.44,-970.195,241.938
2285.87,-971.995,243.86
2290.09,-973.795,245.693
2294.3,-975.595,247.524
2298.52,-977.395,249.352
2302.74,-979.195,251.178
2306.95,-980.995,253.004
2311.17,-982.795,254.831
2315.41,-984.595,256.65
2319.64,-986.395,258.461
2323.85,-988.195,260.267
2328.07,-989.995,262.089
2332.29,-991.795,263.913
2336.5,-993.595,265.734
2340.72,-995.395,267.557
2344.93,-997.195,269.377
2349.15,-998.995,271.201
2353.37,-1000.8,273.021
2357.58,-1002.6,274.841
2361.8,-1004.4,276.662
2366.01,-1006.2,278.483
2370.23,-1008,280.304
2374.45,-1009.8,282.111
2378.67,-1011.6,283.918
2382.88,-1013.4,285.722
2387.09,-1015.2,287.527
2391.31,-1017,289.33
2395.53,-1018.8,291.133
2399.75,-1020.6,292.937
2403.96,-1022.4,294.738
2408.17,-1024.2,296.539
2412.39,-1026,298.343
2416.61,-1027.8,300.145
2420.83,-1029.6,301.948
2425.05,-1031.4,303.75
2429.26,-1033.2,305.552
2433.48,-1035,307.352
2437.97,-1036.8,309.277
2442.19,-1038.6,311.085
2446.4,-1040.4,312.891
2450.62,-1042.2,314.674
2454.84,-1044,316.457
2459.06,-1045.8,318.24
2463.27,-1047.6,320.02
2467.48,-1049.4,321.824
2471.7,-1051.2,323.631
2475.92,-1053,325.436
2480.14,-1054.8,327.251
2484.35,-1056.6,329.065
2488.57,-1058.4,330.879
2493.03,-1060.2,332.805
2497.25,-1062,334.627
2501.47,-1063.8,336.448
2505.68,-1065.6,338.267
2509.9,-1067.4,340.07
2514.12,-1069.2,341.872
2518.35,-1071,343.676
2522.56,-1072.8,345.474
2526.77,-1074.6,347.292
2530.99,-1076.4,349.113
2535.2,-1078.2,350.929
2539.42,-1080,352.75
2543.72,-1081.8,354.6
2547.94,-1083.6,356.399
2552.18,-1085.4,358.144
2556.49,-1087.2,359.178
2560.77,-1089,357.787
2564.99,-1090.8,356.024
2569.29,-1092.6,354.19
2573.83,-1094.4,352.216
2578.19,-1096.2,350.318
2582.42,-1098,348.481
2586.63,-1099.8,346.65
2590.86,-1101.6,344.814
2595.07,-1103.4,342.982
2599.29,-1105.2,341.14
2603.51,-1107,339.298
2607.72,-1108.8,337.455
2611.94,-1110.6,335.613
2616.16,-1112.4,333.764
2620.39,-1114.2,331.912
2624.6,-1116,330.064
2628.82,-1117.8,328.216
2633.3,-1119.6,326.254
2637.52,-1121.4,324.411
2641.74,-1123.2,322.566
2645.95,-1125,320.755
2650.17,-1126.8,318.939
2654.39,-1128.6,317.128
2658.61,-1130.4,315.314
2662.82,-1132.2,313.511
2667.04,-1134,311.706
2671.25,-1135.8,309.901
2675.47,-1137.6,308.119
2679.69,-1139.4,306.335
2683.9,-1141.2,304.553
2688.11,-1143,302.772
2692.6,-1144.8,300.896
2696.82,-1146.6,299.136
2701.04,-1148.4,297.374
2705.25,-1150.2,295.657
2709.47,-1152,293.938
2713.68,-1153.8,292.221
2717.9,-1155.6,290.505
2722.12,-1157.4,288.8
2726.34,-1159.2,287.097
2730.55,-1161,285.394
2734.77,-1162.8,283.726
2738.99,-1164.6,282.055
2743.21,-1166.4,280.389
2747.42,-1168.2,278.722
2751.64,-1170,277.084
2755.85,-1171.8,275.445
2760.07,-1173.6,273.806
2764.28,-1175.4,272.183
2768.51,-1177.2,270.557
2772.72,-1179,268.934
2776.93,-1180.8,267.312
2781.24,-1182.6,265.614
2785.45,-1184.4,263.951
2789.67,-1186.2,262.286
2793.88,-1188,260.495
2798.1,-1189.8,258.703
2802.32,-1191.6,256.91
2806.53,-1193.4,255.119
2810.75,-1195.2,253.272
2814.97,-1197,251.425
2819.19,-1198.8,249.575
2823.4,-1200.6,247.731
2827.62,-1202.4,245.924
2831.84,-1204.2,244.114
2836.05,-1206,242.307
2840.49,-1207.8,240.442
2844.7,-1209.6,238.669
2848.92,-1211.4,236.895
2853.13,-1213.2,235.124
2857.34,-1215,233.353
2861.56,-1216.8,231.579
2865.78,-1218.6,229.807
2870,-1220.4,228.009
2874.21,-1222.2,226.212
2878.43,-1224,224.415
2882.64,-1225.8,222.62
2886.85,-1227.6,220.8
2891.07,-1229.4,218.978
2895.28,-1231.2,217.157
2899.5,-1233,215.351
2903.72,-1234.8,213.546
2907.93,-1236.6,211.742
2912.15,-1238.4,209.936
2916.36,-1240.2,208.152
2920.58,-1242,206.364
2924.8,-1243.8,204.58
2929.17,-1245.6,202.731
2933.38,-1247.4,200.947
2937.66,-1249.2,199.139
2941.88,-1251,197.353
2946.37,-1252.8,195.464
2950.63,-1254.6,193.671
2954.87,-1256.4,191.891
2959.08,-1258.2,190.119
2963.34,-1260,188.34
2967.57,-1261.8,186.568
2971.8,-1263.6,184.796
2976.04,-1265.4,183.002
2980.26,-1267.2,181.211
2984.48,-1269,179.423
2988.7,-1270.8,177.574
2992.94,-1272.6,175.717
2997.17,-1274.4,173.863
3001.4,-1276.2,172.013
3005.62,-1278,170.189
3009.86,-1279.8,168.366
3014.11,-1281.6,166.536
3018.4,-1283.4,164.673
3022.64,-1285.2,162.869
3026.87,-1287,161.07
3031.1,-1288.8,159.276
3035.33,-1290.6,157.496
3039.55,-1292.4,155.72
3043.77,-1294.2,153.943
3047.99,-1296,152.169
3052.22,-1297.8,150.369
3056.44,-1299.6,148.567
3060.66,-1301.4,146.766
3064.89,-1303.2,144.954
3069.11,-1305,143.146
3073.33,-1306.8,141.34
3077.55,-1308.6,139.532
3081.79,-1310.4,137.71
3086.02,-1312.2,135.891
3090.26,-1314,134.069
3094.48,-1315.8,132.236
3098.71,-1317.6,130.398
3102.95,-1319.4,128.557
3107.17,-1321.2,126.724
3111.39,-1323,124.882
3115.61,-1324.8,123.04
3119.88,-1326.6,121.176
3124.12,-1328.4,119.327
3128.35,-1330.2,117.471
3132.58,-1332,115.614
3136.81,-1333.8,113.758
3141.07,-1335.6,111.896
3145.29,-1337.4,110.051
3149.52,-1339.2,108.204
3153.75,-1341,106.395
3157.98,-1342.8,104.59
3162.2,-1344.6,102.778
3166.43,-1346.4,100.969
3170.66,-1348.2,99.1696
3174.89,-1350,97.3651
3179.12,-1351.8,95.5646
3183.35,-1353.6,93.7689
3187.57,-1355.4,91.9599
3191.82,-1357.2,90.1451
3196.06,-1359,88.3334
3200.3,-1360.8,86.5171
3204.52,-1362.6,84.7109
3208.76,-1364.4,82.8986
3212.97,-1366.2,81.0972
3217.21,-1368,79.2914
3221.47,-1369.8,77.4747
3225.7,-1371.6,75.6704
3229.95,-1373.4,73.8449
3234.18,-1375.2,72.0263
3238.4,-1377,70.2119
3242.63,-1378.8,68.395
3246.86,-1380.6,66.5809
3251.08,-1382.4,64.7697
3255.3,-1384.2,62.9603
3259.54,-1386.01,61.1386
3263.76,-1387.81,59.3243
3268,-1389.61,57.5047
3272.22,-1391.41,55.6898
3276.45,-1393.21,53.8719
3280.68,-1395.01,52.0592
3284.92,-1396.81,50.2416
3289.14,-1398.61,48.429
3293.36,-1400.41,46.6242
3297.58,-1402.21,44.8177
3301.81,-1404.01,43.005
3306.05,-1405.81,41.198
3310.27,-1407.61,39.3968
3314.51,-1409.41,37.5919
3318.74,-1411.21,35.7858
3322.97,-1413.01,33.987
3327.19,-1414.81,32.1911
3331.43,-1416.61,30.3879
3335.65,-1418.41,28.599
3339.89,-1420.21,26.8015
3344.11,-1422.01,25.013
3348.4,-1423.81,23.1952
3352.64,-1425.61,21.3996
3356.87,-1427.41,19.6054
3361.11,-1429.21,17.8149
3365.33,-1431.01,16.0166
3369.57,-1432.81,14.2156
3373.79,-1434.61,12.4238
3378.02,-1436.41,10.6256
3382.25,-1438.21,8.81533
3386.48,-1440.01,7.0113
3390.76,-1441.81,5.18221
3394.99,-1443.61,3.38608
3399.24,-1445.41,1.65134
3403.58,-1447.21,0.855917
3407.88,-1449.01,2.38544
3412.11,-1450.81,4.15603
3416.43,-1452.61,5.98803
3421.25,-1454.41,8.05732
3425.62,-1456.21,9.93061
3429.86,-1458.01,11.739
3434.08,-1459.81,13.5509
3438.36,-1461.61,15.3873
3442.58,-1463.41,17.1635
3446.82,-1465.21,18.9459
3451.06,-1467.01,20.7329
3455.28,-1468.81,22.5153
3459.5,-1470.61,24.2974
3463.73,-1472.41,26.0749
3467.96,-1474.21,27.8673
3472.19,-1476.01,29.6608
3476.43,-1477.81,31.4577
3480.65,-1479.61,33.2496
3484.91,-1481.41,35.0553
3489.16,-1483.21,36.8564
3493.38,-1485.01,38.6482
3497.6,-1486.81,40.4403
3501.83,-1488.61,42.2285
3506.07,-1490.41,44.0174
3510.3,-1492.21,45.806
3514.52,-1494.01,47.5774
3518.76,-1495.81,49.3554
3523.05,-1497.61,51.1577
3527.27,-1499.41,52.93
3531.51,-1501.21,54.6885
3535.74,-1503.01,56.445
3539.96,-1504.81,58.1985
3544.18,-1506.61,59.952
3548.41,-1508.41,61.6874
3552.62,-1510.21,63.4199
3556.86,-1512.01,65.1529
3561.08,-1513.81,66.8801
3565.3,-1515.61,68.6009
3569.54,-1517.41,70.3261
3573.76,-1519.21,72.0486
3577.99,-1521.01,73.7756
3582.22,-1522.81,75.5001
3586.46,-1524.61,77.2301
3590.68,-1526.41,78.9761
3594.92,-1528.21,80.7277
3599.15,-1530.01,82.4738
3603.38,-1531.81,84.222
3607.6,-1533.61,86.012
3611.83,-1535.41,87.8102
3616.11,-1537.21,89.6244
3620.36,-1539.01,91.4538
3624.62,-1540.81,93.2841
3628.86,-1542.61,95.1012
3633.08,-1544.41,96.9236
3637.3,-1546.21,98.7195
3641.55,-1548.01,100.523
3645.77,-1549.81,102.319
3650.01,-1551.61,104.113
3654.31,-1553.41,105.932
3658.54,-1555.21,107.722
3662.79,-1557.01,109.517
3667.15,-1558.81,111.361
3671.49,-1560.61,113.204
3675.72,-1562.41,114.992
3679.96,-1564.21,116.788
3684.19,-1566.01,118.561
3688.41,-1567.81,120.332
3692.63,-1569.61,122.101
3696.87,-1571.41,123.874
3701.09,-1573.21,125.644
3705.31,-1575.01,127.413
3709.54,-1576.81,129.211
3713.76,-1578.61,130.999
3717.99,-1580.41,132.799
3722.26,-1582.21,134.612
3726.53,-1584.01,136.423
3730.77,-1585.81,138.226
3734.99,-1587.61,140.021
3739.21,-1589.41,141.817
3743.44,-1591.21,143.598
3747.66,-1593.01,145.378
3751.89,-1594.81,147.164
3756.11,-1596.61,148.962
3760.34,-1598.41,150.762
3764.56,-1600.21,152.561
3768.81,-1602.01,154.372
3773.06,-1603.81,156.213
3777.28,-1605.61,158.043
3781.52,-1607.41,159.882
3785.75,-1609.21,161.699
3789.99,-1611.01,163.521
3794.21,-1612.81,165.332
3798.44,-1614.61,167.145
3802.66,-1616.41,168.942
3806.89,-1618.21,170.74
3811.13,-1620.01,172.539
3815.35,-1621.81,174.335
3819.58,-1623.61,176.135
3823.85,-1625.41,177.948
3828.1,-1627.21,179.762
3832.33,-1629.01,181.561
3836.56,-1630.81,183.356
3840.81,-1632.61,185.161
3845.04,-1634.41,186.961
3849.28,-1636.21,188.74
3853.5,-1638.01,190.515
3857.72,-1639.81,192.287
3861.95,-1641.61,194.089
3866.21,-1643.41,195.895
3870.43,-1645.21,197.69
3874.67,-1647.01,199.519
3878.91,-1648.81,201.35
3883.13,-1650.61,203.172
3887.35,-1652.41,204.994
3891.61,-1654.21,206.825
3895.86,-1656.01,208.643
3900.08,-1657.81,210.468
3904.3,-1659.61,212.283
3908.53,-1661.41,214.115
3912.76,-1663.21,215.944
3916.98,-1665.01,217.774
3921.24,-1666.81,219.608
3925.46,-1668.61,221.428
3929.73,-1670.41,223.262
3933.96,-1672.21,225.093
3938.21,-1674.01,226.92
3942.43,-1675.81,228.737
3946.67,-1677.61,230.559
3950.91,-1679.41,232.375
3955.14,-1681.21,234.187
3959.36,-1683.01,235.994
3963.56,-1684.81,237.797
3967.81,-1686.61,239.632
3972.06,-1688.41,241.47
3976.28,-1690.21,243.294
3980.52,-1692.01,245.13
3984.75,-1693.81,246.967
3988.99,-1695.61,248.807
3993.21,-1697.41,250.637
3997.44,-1699.21,252.483
4008.17,-1701.01,257.149
4012.6,-1702.81,258.992
4016.98,-1704.61,260.815
4021.38,-1706.41,262.645
4025.76,-1708.21,264.166
4030.2,-1710.01,265.705
4034.57,-1711.81,267.223
4038.96,-1713.61,268.748
4043.32,-1715.41,270.247
4047.78,-1717.21,271.777
4052.23,-1719.01,273.31
4056.73,-1720.81,275.066
4061.34,-1722.61,276.871
4065.71,-1724.41,278.576
4070.11,-1726.21,280.412
4074.42,-1728.01,282.215
4078.64,-1729.81,283.977
4082.86,-1731.61,285.736
4087.07,-1733.41,287.494
4091.29,-1735.21,289.253
4095.51,-1737.01,291.011
4099.73,-1738.81,292.771
4103.94,-1740.61,294.607
4108.15,-1742.41,296.443
4112.37,-1744.21,298.281
4116.59,-1746.01,300.115
4120.8,-1747.81,301.95
4125.02,-1749.61,303.784
4129.24,-1751.41,305.619
4133.49,-1753.21,307.438
4137.71,-1755.02,309.241
4141.92,-1756.82,311.045
4146.14,-1758.62,312.837
4150.36,-1760.42,314.632
4154.57,-1762.22,316.425
4158.79,-1764.02,318.22
4163,-1765.82,320.016
4167.21,-1767.62,321.811
4171.43,-1769.42,323.608
4175.65,-1771.22,325.404
4179.86,-1773.02,327.202
4184.07,-1774.82,328.997
4188.33,-1776.62,330.809
4192.54,-1778.42,332.6
4196.75,-1780.22,334.391
4200.97,-1782.02,336.184
4205.18,-1783.82,337.972
4209.4,-1785.62,339.762
4213.61,-1787.42,341.548
4217.83,-1789.22,343.336
4222.05,-1791.02,345.133
4226.26,-1792.82,346.928
4230.48,-1794.62,348.723
4234.72,-1796.42,350.526
4238.94,-1798.22,352.327
4243.15,-1800.02,354.12
4247.41,-1801.82,355.925
4251.63,-1803.62,357.684
4255.9,-1805.42,359.193
4260.26,-1807.22,358.352
4264.58,-1809.02,356.586
4268.8,-1810.82,354.805
4273.17,-1812.62,352.963
4277.85,-1814.42,350.968
4282.28,-1816.22,349.088
4286.53,-1818.02,347.292
4290.75,-1819.82,345.507
4294.97,-1821.62,343.725
4299.19,-1823.42,341.98
4303.41,-1825.22,340.235
4307.63,-1827.02,338.488
4311.85,-1828.82,336.73
4316.06,-1830.62,334.973
4320.28,-1832.42,333.214
4324.5,-1834.22,331.456
4328.72,-1836.02,329.681
4332.97,-1837.82,327.892
4337.18,-1839.62,326.117
4341.4,-1841.42,324.325
4345.62,-1843.22,322.535
4349.84,-1845.02,320.744
4354.06,-1846.82,318.957
4358.33,-1848.62,317.137
4362.6,-1850.42,315.318
4366.82,-1852.22,313.523
4371.04,-1854.02,311.735
4375.25,-1855.82,309.948
4379.47,-1857.62,308.16
4383.68,-1859.42,306.376
4387.9,-1861.22,304.599
4392.12,-1863.02,302.821
4396.33,-1864.82,301.044
4400.55,-1866.62,299.275
4404.76,-1868.42,297.507
4408.98,-1870.22,295.738
4413.19,-1872.02,293.971
4417.41,-1873.82,292.206
4421.62,-1875.62,290.439
4425.84,-1877.42,288.672
4430.06,-1879.22,286.905
4434.3,-1881.02,285.123
4438.52,-1882.82,283.351
4442.73,-1884.62,281.583
4446.95,-1886.42,279.803
4451.17,-1888.22,278.022
4455.38,-1890.02,276.242
4459.6,-1891.82,274.461
4463.81,-1893.62,272.67
4468.02,-1895.42,270.878
4472.24,-1897.22,269.084
4476.46,-1899.02,267.281
4480.67,-1900.82,265.477
4484.89,-1902.62,263.675
4489.24,-1904.42,261.815
4493.46,-1906.22,260.008
4497.67,-1908.02,258.203
4501.89,-1909.82,256.397
4506.1,-1911.62,254.593
4510.32,-1913.42,252.811
4514.53,-1915.22,251.031
4518.75,-1917.02,249.248
4522.97,-1918.82,247.453
4527.18,-1920.62,245.66
4531.39,-1922.42,243.866
4535.6,-1924.22,242.065
4539.82,-1926.02,240.259
4544.04,-1927.82,238.456
4548.28,-1929.62,236.644
4552.49,-1931.42,234.848
4556.7,-1933.22,233.051
4560.92,-1935.02,231.252
4565.15,-1936.82,229.448
4569.41,-1938.62,227.647
4573.62,-1940.42,225.866
4577.84,-1942.22,224.085
4582.06,-1944.02,222.312
4586.27,-1945.82,220.541
4590.49,-1947.62,218.769
4594.7,-1949.42,216.998
4598.92,-1951.22,215.201
4603.14,-1953.02,213.406
4607.35,-1954.82,211.61
4611.57,-1956.62,209.794
4615.78,-1958.42,207.979
4620,-1960.22,206.163
4624.22,-1962.02,204.347
4628.44,-1963.82,202.525
4632.65,-1965.62,200.706
4636.9,-1967.42,198.872
4641.12,-1969.22,197.054
4645.33,-1971.02,195.238
4649.55,-1972.82,193.42
4653.76,-1974.62,191.604
4657.97,-1976.42,189.801
4662.19,-1978.22,187.995
4666.41,-1980.02,186.191
4670.62,-1981.82,184.39
4674.84,-1983.62,182.59
4679.05,-1985.42,180.788
4683.27,-1987.22,178.989
4687.48,-1989.02,177.201
4691.7,-1990.82,175.412
4695.91,-1992.62,173.624
4700.13,-1994.42,171.834
4704.34,-1996.22,170.045
4708.56,-1998.02,168.253
4712.77,-1999.82,166.465
4716.98,-2001.62,164.668
4721.2,-2003.42,162.869
4725.42,-2005.22,161.07
4729.63,-2007.02,159.272
4733.85,-2008.82,157.46
4738.08,-2010.62,155.636
4742.3,-2012.42,153.82
4746.52,-2014.22,151.995
4750.74,-2016.02,150.167
4754.95,-2017.82,148.343
4759.17,-2019.62,146.515
4763.38,-2021.42,144.691
4767.59,-2023.22,142.867
4771.81,-2025.02,141.041
4776.02,-2026.82,139.209
4780.24,-2028.62,137.376
4784.45,-2030.42,135.544
4788.67,-2032.22,133.711
4792.88,-2034.02,131.891
4797.09,-2035.82,130.07
4801.31,-2037.62,128.247
4805.53,-2039.42,126.426
4809.74,-2041.22,124.602
4813.96,-2043.02,122.781
4818.17,-2044.82,120.959
4822.39,-2046.62,119.134
4826.6,-2048.42,117.309
4830.82,-2050.22,115.483
4835.03,-2052.02,113.661
4839.27,-2053.82,111.817
4843.49,-2055.62,109.985
4847.7,-2057.42,108.153
4851.92,-2059.22,106.313
4856.13,-2061.02,104.475
4860.35,-2062.82,102.635
4864.56,-2064.62,100.797
4868.78,-2066.42,98.9839
4872.99,-2068.22,97.173
4877.2,-2070.02,95.3619
4881.42,-2071.82,93.5478
4885.64,-2073.62,91.7353
4889.86,-2075.42,89.9204
4894.07,-2077.22,88.1084
4898.33,-2079.02,86.2633
4902.54,-2080.82,84.4392
4906.75,-2082.62,82.6146
4910.98,-2084.42,80.7924
4915.19,-2086.22,78.9714
4919.41,-2088.02,77.1497
4923.62,-2089.82,75.3296
4927.83,-2091.62,73.512
4932.05,-2093.42,71.6927
4936.27,-2095.22,69.8753
4940.49,-2097.02,68.0546
4944.71,-2098.82,66.24
4948.93,-2100.62,64.4264
4953.14,-2102.42,62.6163
4957.36,-2104.22,60.8152
4961.57,-2106.02,59.0123
4965.79,-2107.82,57.2111
4970,-2109.62,55.408
4974.22,-2111.42,53.609
4978.44,-2113.22,51.8082
4982.65,-2115.02,50.0092
4986.86,-2116.82,48.2131
4991.08,-2118.62,46.4154
4995.29,-2120.42,44.6191
4999.51,-2122.22,42.8212
5003.72,-2124.02,41.0237
5007.93,-2125.82,39.2268
5012.15,-2127.62,37.4271
5016.37,-2129.43,35.6258
5020.58,-2131.23,33.8222
5024.8,-2133.03,32.0197
5029.02,-2134.83,30.216
5033.23,-2136.63,28.414
5037.44,-2138.43,26.6107
5041.69,-2140.23,24.7947
5045.9,-2142.03,22.986
5050.12,-2143.83,21.1767
5054.34,-2145.63,19.3695
5058.55,-2147.43,17.561
5062.83,-2149.23,15.7407
5067.04,-2151.03,13.9458
5071.26,-2152.83,12.1497
5075.48,-2154.63,10.3573
5079.7,-2156.43,8.57568
5083.91,-2158.23,6.80049
5088.12,-2160.03,5.03057
5092.37,-2161.83,3.25741
5096.59,-2163.63,1.56369
5103.3,-2165.43,1.59835
5107.66,-2167.23,3.35729
5111.89,-2169.03,5.11989
5116.15,-2170.83,6.90108
5120.64,-2172.63,8.79157
5125.12,-2174.43,10.5694
5129.46,-2176.23,12.2943
5133.67,-2178.03,13.968
5137.89,-2179.83,15.6537
5142.15,-2181.63,17.357
5146.37,-2183.43,19.0462
5150.6,-2185.23,20.764
5154.81,-2187.03,22.4769
5159.03,-2188.83,24.1912
5164.89,-2190.63,26.563
5169.27,-2192.43,28.3689
5173.49,-2194.23,30.1029
5177.7,-2196.03,31.8314
5181.91,-2197.83,33.4891
5186.12,-2199.63,35.1442
5190.34,-2201.43,36.8009
5194.54,-2203.23,38.4551
5198.76,-2205.03,40.1597
5202.96,-2206.83,41.861
5207.18,-2208.63,43.5668
5211.4,-2210.43,45.2898
5215.61,-2212.23,47.0104
5219.83,-2214.03,48.7325
5224.05,-2215.83,50.4541
5228.3,-2217.63,52.2178
5232.51,-2219.43,53.9655
5236.73,-2221.23,55.7142
5240.94,-2223.03,57.4648
5245.16,-2224.83,59.2451
5249.38,-2226.63,61.0272
5253.59,-2228.43,62.8064
5257.81,-2230.23,64.6151
5262.03,-2232.03,66.4235
5266.24,-2233.83,68.2312
5270.46,-2235.63,70.0405
5274.67,-2237.43,71.8478
5278.89,-2239.23,73.6572
5283.1,-2241.03,75.4639
5287.32,-2242.83,77.2576
5291.53,-2244.63,79.0531
5295.75,-2246.43,80.8467
5299.97,-2248.23,82.6418
5304.18,-2250.03,84.4315
5308.4,-2251.83,86.222
5312.61,-2253.63,88.0096
5316.82,-2255.43,89.8011
5321.04,-2257.23,91.5945
5325.26,-2259.03,93.3871
5329.48,-2260.83,95.1813
5333.69,-2262.63,96.97
5337.9,-2264.43,98.7595
5342.15,-2266.23,100.563
5346.36,-2268.03,102.35
5350.58,-2269.83,104.138
5354.79,-2271.63,105.924
5359.01,-2273.43,107.712
5363.23,-2275.23,109.493
5367.44,-2277.03,111.275
5371.66,-2278.83,113.059
5375.87,-2280.63,114.841
5380.09,-2282.43,116.636
5384.3,-2284.23,118.43
5388.52,-2286.03,120.226
5392.73,-2287.83,122.031
5396.95,-2289.63,123.837
5401.17,-2291.43,125.645
5405.38,-2293.23,127.451
5409.6,-2295.03,129.267
5413.81,-2296.83,131.08
5418.02,-2298.63,132.894
5422.24,-2300.43,134.704
5426.45,-2302.23,136.514
5430.67,-2304.03,138.324
5434.89,-2305.83,140.132
5439.1,-2307.63,141.936
5443.34,-2309.43,143.747
5447.55,-2311.23,145.549
5451.77,-2313.03,147.348
5455.99,-2314.83,149.143
5460.21,-2316.63,150.941
5464.42,-2318.43,152.736
5468.64,-2320.23,154.528
5472.85,-2322.03,156.316
5477.06,-2323.83,158.105
5481.28,-2325.63,159.892
5485.49,-2327.43,161.678
5489.71,-2329.23,163.465
5493.92,-2331.03,165.25
5498.13,-2332.83,167.044
5502.35,-2334.63,168.84
5506.57,-2336.43,170.634
5510.78,-2338.23,172.429
5515,-2340.03,174.236
5519.21,-2341.83,176.045
5523.42,-2343.63,177.852
5527.64,-2345.43,179.674
5531.86,-2347.23,181.497
5536.07,-2349.03,183.317
5540.29,-2350.83,185.141
5544.53,-2352.63,186.983
5548.75,-2354.43,188.816
5552.97,-2356.23,190.645
5557.18,-2358.03,192.462
5561.4,-2359.83,194.28
5565.61,-2361.63,196.097
5569.83,-2363.43,197.916
5574.05,-2365.23,199.723
5578.3,-2367.03,201.548
5582.52,-2368.83,203.354
5586.73,-2370.63,205.155
5590.95,-2372.43,206.957
5595.17,-2374.23,208.756
5599.39,-2376.03,210.558
5603.6,-2377.83,212.353
5607.81,-2379.63,214.148
5612.03,-2381.43,215.945
5616.25,-2383.23,217.753
5620.47,-2385.03,219.562
5624.68,-2386.83,221.37
5628.9,-2388.63,223.179
5633.12,-2390.43,224.991
5637.33,-2392.23,226.803
5641.55,-2394.03,228.617
5645.79,-2395.83,230.44
5650.01,-2397.63,232.265
5654.22,-2399.43,234.088
5658.44,-2401.23,235.909
5662.64,-2403.03,237.736
5666.85,-2404.83,239.565
5671.07,-2406.63,241.398
5675.29,-2408.43,243.229
5679.5,-2410.23,245.077
5683.72,-2412.03,246.923
5687.93,-2413.83,248.77
5692.15,-2415.63,250.611
5696.36,-2417.43,252.449
5700.58,-2419.23,254.291
5704.79,-2421.03,256.129
5709.01,-2422.83,257.946
5713.22,-2424.63,259.759
5717.44,-2426.43,261.574
5721.65,-2428.23,263.379
5725.87,-2430.03,265.184
5730.09,-2431.83,266.99
5734.3,-2433.63,268.793
5738.52,-2435.43,270.604
5742.73,-2437.23,272.41
5746.97,-2439.03,274.228
5751.19,-2440.83,276.039
5755.4,-2442.63,277.842
5759.62,-2444.43,279.647
5763.83,-2446.23,281.449
5768.1,-2448.03,283.266
5772.32,-2449.83,285.063
5776.53,-2451.63,286.858
5780.75,-2453.43,288.655
5784.96,-2455.23,290.459
5789.18,-2457.03,292.264
5793.39,-2458.83,294.066
5797.61,-2460.63,295.881
5801.83,-2462.43,297.697
5806.04,-2464.23,299.512
5810.26,-2466.03,301.328
5814.48,-2467.83,303.147
5818.69,-2469.63,304.968
5822.91,-2471.43,306.787
5827.12,-2473.23,308.607
5831.34,-2475.03,310.422
5835.56,-2476.83,312.235
5839.77,-2478.63,314.049
5843.99,-2480.43,315.854
5848.22,-2482.23,317.671
5852.44,-2484.03,319.479
5856.66,-2485.83,321.276
5860.88,-2487.63,323.074
5865.09,-2489.43,324.869
5869.31,-2491.23,326.667
5873.52,-2493.03,328.452
5877.74,-2494.83,330.238
5881.96,-2496.64,332.026
5886.17,-2498.44,333.814
5890.39,-2500.24,335.607
5894.6,-2502.04,337.399
5898.82,-2503.84,339.191
5903.03,-2505.64,340.975
5907.25,-2507.44,342.759
5911.46,-2509.24,344.545
5915.68,-2511.04,346.329
5919.9,-2512.84,348.116
5924.12,-2514.64,349.902
5928.34,-2516.44,351.687
5932.55,-2518.24,353.467
5936.76,-2520.04,355.24
5941.03,-2521.84,357.011
5945.25,-2523.64,358.644
5951.99,-2525.44,358.038
5956.34,-2527.24,356.264
5960.56,-2529.04,354.491
5964.82,-2530.84,352.742
5969.34,-2532.64,350.872
5973.8,-2534.44,349.019
5978.13,-2536.24,347.299
5982.36,-2538.04,345.625
5986.58,-2539.84,343.955
5990.8,-2541.64,342.284
5995.02,-2543.44,340.638
5999.24,-2545.24,338.987
6003.46,-2547.04,337.341
6007.68,-2548.84,335.661
6011.89,-2550.64,333.979
6016.11,-2552.44,332.3
6020.33,-2554.24,330.618
6024.54,-2556.04,328.859
6028.76,-2557.84,327.098
6032.98,-2559.64,325.34
6037.19,-2561.44,323.507
6041.41,-2563.24,321.673
6045.63,-2565.04,319.841
6049.89,-2566.84,317.987
6054.11,-2568.64,316.151
6058.33,-2570.44,314.314
6062.54,-2572.24,312.48
6066.75,-2574.04,310.675
6070.97,-2575.84,308.868
6075.19,-2577.64,307.063
6079.4,-2579.44,305.256
6083.62,-2581.24,303.478
6087.83,-2583.04,301.697
6092.05,-2584.84,299.916
6096.27,-2586.64,298.134
6100.48,-2588.44,296.35
6104.7,-2590.24,294.569
6108.92,-2592.04,292.785
6113.13,-2593.84,290.997
6117.34,-2595.64,289.208
6121.56,-2597.44,287.417
6125.78,-2599.24,285.627
6130,-2601.04,283.83
6134.21,-2602.84,282.035
6138.43,-2604.64,280.239
6142.77,-2606.44,278.395
6146.99,-2608.24,276.603
6151.24,-2610.04,274.799
6155.46,-2611.84,273.009
6159.68,-2613.64,271.231
6163.89,-2615.44,269.455
6168.1,-2617.24,267.678
6172.32,-2619.04,265.9
6176.54,-2620.84,264.124
6180.75,-2622.64,262.345
6184.97,-2624.44,260.568
6189.19,-2626.24,258.755
6193.4,-2628.04,256.943
6197.61,-2629.84,255.13
6201.83,-2631.64,253.305
6206.04,-2633.44,251.481
6210.26,-2635.24,249.656
6214.48,-2637.04,247.833
6218.7,-2638.84,246.024
6222.91,-2640.64,244.218
6227.13,-2642.44,242.41
6231.34,-2644.24,240.601
6235.56,-2646.04,238.804
6239.78,-2647.84,237.004
6243.99,-2649.64,235.207
6248.2,-2651.44,233.413
6252.44,-2653.24,231.606
6256.66,-2655.04,229.811
6260.88,-2656.84,228.015
6265.09,-2658.64,226.225
6269.31,-2660.44,224.434
6273.52,-2662.24,222.646
6277.74,-2664.04,220.871
6281.95,-2665.84,219.095
6286.17,-2667.64,217.318
6290.39,-2669.44,215.541
6294.61,-2671.24,213.747
6298.82,-2673.04,211.951
6303.04,-2674.84,210.157
6307.25,-2676.64,208.363
6311.47,-2678.44,206.553
6315.68,-2680.24,204.744
6319.9,-2682.04,202.934
6324.12,-2683.84,201.114
6328.34,-2685.64,199.29
6332.55,-2687.44,197.47
6336.76,-2689.24,195.645
6340.98,-2691.04,193.819
6345.19,-2692.84,191.994
6349.41,-2694.64,190.168
6353.65,-2696.44,188.344
6357.86,-2698.24,186.528
6362.08,-2700.04,184.711
6366.29,-2701.84,182.897
6370.51,-2703.64,181.094
6374.72,-2705.44,179.294
6378.94,-2707.24,177.492
6383.15,-2709.04,175.704
6387.36,-2710.84,173.917
6391.58,-2712.64,172.127
6395.79,-2714.44,170.339
6400.01,-2716.24,168.548
6404.22,-2718.04,166.758
6408.44,-2719.84,164.967
6412.65,-2721.64,163.174
6416.86,-2723.44,161.38
6421.08,-2725.24,159.584
6425.3,-2727.04,157.79
6429.52,-2728.84,155.982
6433.73,-2730.64,154.176
6437.94,-2732.44,152.37
6442.16,-2734.24,150.547
6446.38,-2736.04,148.724
6450.59,-2737.84,146.901
6454.83,-2739.64,145.068
6459.05,-2741.44,143.236
6463.26,-2743.24,141.407
6467.53,-2745.04,139.555
6471.75,-2746.84,137.724
6475.96,-2748.64,135.901
6480.18,-2750.44,134.076
6484.39,-2752.24,132.253
6488.61,-2754.04,130.438
6492.82,-2755.84,128.626
6497.03,-2757.64,126.813
6501.25,-2759.44,124.999
6505.46,-2761.24,123.179
6509.68,-2763.04,121.358
6513.89,-2764.84,119.54
6518.1,-2766.64,117.727
6522.32,-2768.44,115.912
6526.54,-2770.24,114.097
6530.76,-2772.04,112.282
6534.97,-2773.84,110.456
6539.19,-2775.64,108.629
6543.4,-2777.44,106.804
6547.61,-2779.24,104.971
6551.83,-2781.04,103.135
6556.06,-2782.84,101.291
6560.28,-2784.64,99.4554
6564.5,-2786.44,97.6367
6568.71,-2788.24,95.8162
6572.93,-2790.04,93.999
6577.14,-2791.84,92.1919
6581.36,-2793.64,90.3829
6585.57,-2795.44,88.5754
6589.79,-2797.24,86.766
6594,-2799.04,84.947
6598.22,-2800.84,83.1275
6602.43,-2802.64,81.3062
6606.65,-2804.44,79.4872
6610.86,-2806.24,77.6587
6615.08,-2808.04,75.832
6619.29,-2809.84,74.0036
6623.51,-2811.64,72.183
6627.72,-2813.44,70.3608
6631.94,-2815.24,68.5384
6636.16,-2817.04,66.7174
6640.37,-2818.84,64.9041
6644.59,-2820.64,63.0937
6648.8,-2822.44,61.2814
6653.02,-2824.24,59.4823
6657.25,-2826.04,57.6722
6661.47,-2827.84,55.8694
6666.34,-2829.64,53.7969
6670.71,-2831.44,51.927
6674.93,-2833.24,50.1263
6679.14,-2835.04,48.3279
6683.35,-2836.84,46.624
6687.55,-2838.64,44.9209
6691.77,-2840.44,43.2142
6695.97,-2842.24,41.5103
6700.19,-2844.04,39.7774
6704.4,-2845.84,38.0451
6708.62,-2847.64,36.3093
6712.84,-2849.44,34.4997
6717.05,-2851.24,32.6884
6721.27,-2853.04,30.8763
6725.49,-2854.84,29.0662
6729.71,-2856.64,27.2414
6733.92,-2858.44,25.4216
6738.13,-2860.24,23.6021
6742.36,-2862.04,21.7792
6746.58,-2863.84,19.9744
6750.8,-2865.65,18.1708
6755.01,-2867.45,16.3699
6759.27,-2869.25,14.5574
6763.49,-2871.05,12.7655
6767.7,-2872.85,10.9743
6771.92,-2874.65,9.18914
6776.13,-2876.45,7.40993
6780.35,-2878.25,5.63572
6784.56,-2880.05,3.87934
6788.82,-2881.85,2.16383
6793.03,-2883.65,0.902216
6799.76,-2885.45,2.78819
6804.12,-2887.25,4.57785
6808.35,-2889.05,6.33585
6812.61,-2890.85,8.11554
6817.08,-2892.65,9.86307
6821.58,-2894.45,11.6307
6825.91,-2896.25,13.3364
6830.14,-2898.05,14.9982
6834.36,-2899.85,16.6353
6838.58,-2901.65,18.2758
6842.79,-2903.45,19.9152
6847.02,-2905.25,21.5566
6851.24,-2907.05,23.214
6855.46,-2908.85,24.8696
6859.71,-2910.65,26.5415
6863.93,-2912.45,28.2709
6868.14,-2914.25,30.0006
6872.36,-2916.05,31.7323
6876.58,-2917.85,33.4619
6880.8,-2919.65,35.2829
6885.01,-2921.45,37.1022
6889.23,-2923.25,38.9237
6893.44,-2925.05,40.7582
6897.66,-2926.85,42.5935
6901.88,-2928.65,44.4305
6906.09,-2930.45,46.2661
6910.31,-2932.25,48.0755
6914.52,-2934.05,49.8828
6918.74,-2935.85,51.6918
6922.95,-2937.65,53.4668
6927.17,-2939.45,55.2441
6931.39,-2941.25,57.0214
6935.6,-2943.05,58.7975
6939.82,-2944.85,60.566
6944.04,-2946.65,62.3321
6948.29,-2948.45,64.1146
6952.5,-2950.25,65.9027
6956.72,-2952.05,67.6883
6960.96,-2953.85,69.4866
6965.18,-2955.65,71.2731
6969.4,-2957.45,73.0758
6973.61,-2959.25,74.8752
6977.82,-2961.05,76.675
6982.04,-2962.85,78.4809
6986.26,-2964.65,80.2847
6990.48,-2966.45,82.09
6994.69,-2968.25,83.8931
6998.91,-2970.05,85.696
7003.12,-2971.85,87.496
7007.33,-2973.65,89.2962
7011.55,-2975.45,91.0985
7015.77,-2977.25,92.8969
7019.99,-2979.05,94.6977
7024.2,-2980.85,96.4959
7028.42,-2982.65,98.2908
7032.63,-2984.45,100.083
7036.85,-2986.25,101.874
7041.07,-2988.05,103.668
7045.28,-2989.85,105.452
7049.5,-2991.65,107.237
7053.71,-2993.45,109.019
7057.92,-2995.25,110.801
7062.16,-2997.05,112.595
7066.38,-2998.85,114.378
7070.6,-3000.65,116.162
7074.81,-3002.45,117.95
7079.03,-3004.25,119.74
7083.24,-3006.05,121.527
7087.45,-3007.85,123.315
7091.67,-3009.65,125.113
7095.88,-3011.45,126.909
7100.1,-3013.25,128.706
7104.32,-3015.05,130.518
7108.54,-3016.85,132.332
7112.75,-3018.65,134.143
7116.96,-3020.45,135.96
7121.18,-3022.25,137.779
7125.39,-3024.05,139.596
7129.61,-3025.85,141.415
7133.83,-3027.65,143.227
7138.04,-3029.45,145.039
7142.26,-3031.25,146.852
7146.47,-3033.05,148.664
7150.69,-3034.85,150.466
7154.9,-3036.65,152.268
7159.12,-3038.45,154.071
7163.33,-3040.25,155.866
7167.61,-3042.05,157.688
7171.83,-3043.85,159.485
7176.04,-3045.65,161.281
7180.26,-3047.45,163.063
7184.47,-3049.25,164.842
7188.69,-3051.05,166.624
7192.9,-3052.85,168.403
7197.11,-3054.65,170.184
7201.33,-3056.45,171.966
7205.54,-3058.25,173.747
7209.76,-3060.05,175.546
7213.97,-3061.85,177.344
7218.18,-3063.65,179.142
7222.4,-3065.45,180.942
7226.61,-3067.25,182.756
7230.83,-3069.05,184.572
7235.05,-3070.85,186.387
7239.26,-3072.65,188.21
7243.47,-3074.45,190.031
7247.69,-3076.25,191.852
7251.9,-3078.05,193.678
7256.12,-3079.85,195.503
7260.33,-3081.65,197.33
7264.57,-3083.45,199.166
7268.79,-3085.25,200.992
7273,-3087.05,202.816
7277.22,-3088.85,204.639
7281.43,-3090.65,206.466
7285.65,-3092.45,208.266
7289.87,-3094.25,210.068
7294.11,-3096.05,211.868
7298.33,-3097.85,213.678
7302.54,-3099.65,215.473
7306.75,-3101.45,217.267
7310.97,-3103.25,219.063
7315.19,-3105.05,220.854
7319.4,-3106.85,222.645
7323.61,-3108.65,224.435
7327.83,-3110.45,226.238
7332.05,-3112.25,228.042
7336.26,-3114.05,229.844
7340.48,-3115.85,231.647
7344.7,-3117.65,233.457
7348.92,-3119.45,235.272
7353.14,-3121.25,237.082
7357.35,-3123.05,238.89
7361.57,-3124.85,240.709
7365.81,-3126.65,242.538
7370.03,-3128.45,244.359
7374.24,-3130.25,246.195
7378.46,-3132.05,248.032
7382.67,-3133.85,249.866
7386.89,-3135.65,251.701
7391.11,-3137.45,253.539
7395.32,-3139.25,255.376
7399.54,-3141.05,257.213
7403.75,-3142.85,259.056
7407.96,-3144.65,260.898
7412.18,-3146.45,262.743
7416.39,-3148.25,264.587
7420.61,-3150.05,266.41
7424.83,-3151.85,268.232
7429.05,-3153.65,270.058
7433.26,-3155.45,271.861
7437.47,-3157.25,273.665
7441.69,-3159.05,275.47
7445.9,-3160.85,277.275
7450.12,-3162.65,279.08
7454.34,-3164.45,280.883
7458.55,-3166.25,282.688
7462.77,-3168.05,284.488
7466.98,-3169.85,286.288
7471.2,-3171.65,288.09
7475.41,-3173.45,289.891
7479.63,-3175.25,291.694
7483.84,-3177.05,293.495
7488.06,-3178.85,295.297
7492.28,-3180.65,297.101
7496.49,-3182.45,298.909
7500.71,-3184.25,300.719
7504.92,-3186.05,302.527
7509.14,-3187.85,304.342
7513.35,-3189.65,306.153
7517.57,-3191.45,307.965
7521.78,-3193.25,309.78
7526,-3195.05,311.593
7530.22,-3196.85,313.41
7534.43,-3198.65,315.223
7538.65,-3200.45,317.031
7542.86,-3202.25,318.836
7547.07,-3204.05,320.642
7551.29,-3205.85,322.45
7555.5,-3207.65,324.251
7559.72,-3209.45,326.053
7563.93,-3211.25,327.853
7568.17,-3213.05,329.656
7572.39,-3214.85,331.45
7576.61,-3216.65,333.242
7580.82,-3218.45,335.035
7585.04,-3220.25,336.819
7589.25,-3222.05,338.605
7593.47,-3223.85,340.388
7597.68,-3225.65,342.172
7601.9,-3227.45,343.957
7606.11,-3229.25,345.739
7610.33,-3231.05,347.523
7614.54,-3232.85,349.301
7618.76,-3234.66,351.08
7622.97,-3236.46,352.851
7627.18,-3238.26,354.615
7631.4,-3240.06,356.361
7635.66,-3241.86,358.039
7639.89,-3243.66,359.02
7644.67,-3245.46,357.666
7649.05,-3247.26,355.898
7653.27,-3249.06,354.137
7657.73,-3250.86,352.311
7662.1,-3252.66,350.528
7666.71,-3254.46,348.625
7671.06,-3256.26,346.823
7675.28,-3258.06,345.132
7679.51,-3259.86,343.438
7683.72,-3261.66,341.75
7687.94,-3263.46,340.068
7692.16,-3265.26,338.383
7696.38,-3267.06,336.701
7700.59,-3268.86,335.018
7704.81,-3270.66,333.236
7709.03,-3272.46,331.45
7713.24,-3274.26,329.667
7717.46,-3276.06,327.884
7721.67,-3277.86,326.044
7725.89,-3279.66,324.204
7730.11,-3281.46,322.362
7734.33,-3283.26,320.55
7738.55,-3285.06,318.736
7742.76,-3286.86,316.926
7746.97,-3288.66,315.116
7751.19,-3290.46,313.332
7755.41,-3292.26,311.549
7759.62,-3294.06,309.765
7763.84,-3295.86,307.983
7768.08,-3297.66,306.189
7772.3,-3299.46,304.405
7776.51,-3301.26,302.623
7780.73,-3303.06,300.821
7784.95,-3304.86,299.019
7789.17,-3306.66,297.216
7793.38,-3308.46,295.416
7797.59,-3310.26,293.613
7801.81,-3312.06,291.806
7806.02,-3313.86,290.003
7810.24,-3315.66,288.198
7814.46,-3317.46,286.396
7818.67,-3319.26,284.592
7822.89,-3321.06,282.796
7827.1,-3322.86,281
7831.32,-3324.66,279.202
7835.54,-3326.46,277.407
7839.99,-3328.26,275.517
7844.2,-3330.06,273.725
7848.42,-3331.86,271.933
7852.63,-3333.66,270.143
7856.85,-3335.46,268.373
7861.07,-3337.26,266.598
7865.34,-3339.06,264.804
7869.58,-3340.86,263.027
7873.8,-3342.66,261.263
7878.01,-3344.46,259.499
7882.23,-3346.26,257.732
7886.44,-3348.06,255.939
7890.66,-3349.86,254.143
7894.88,-3351.66,252.35
7899.1,-3353.46,250.534
7903.31,-3355.26,248.721
7907.52,-3357.06,246.908
7911.74,-3358.86,245.093
7915.95,-3360.66,243.284
7920.18,-3362.46,241.471
7924.39,-3364.26,239.661
7928.69,-3366.06,237.817
7932.95,-3367.86,235.986
7937.18,-3369.66,234.172
7941.42,-3371.46,232.349
7945.64,-3373.26,230.554
7949.88,-3375.06,228.754
7954.11,-3376.86,226.959
7958.32,-3378.66,225.173
7962.53,-3380.46,223.388
7966.77,-3382.26,221.595
7971.03,-3384.06,219.789
7975.26,-3385.86,217.987
7979.49,-3387.66,216.185
7983.72,-3389.46,214.389
7987.95,-3391.26,212.582
7992.18,-3393.06,210.797
7996.41,-3394.86,209.017
8000.64,-3396.66,207.231
8004.88,-3398.46,205.447
8009.12,-3400.26,203.663
8013.33,-3402.06,201.888
8017.56,-3403.86,200.106
8021.8,-3405.66,198.304
8026.04,-3407.46,196.499
8030.28,-3409.26,194.696
8034.51,-3411.06,192.876
8038.75,-3412.86,191.053
8042.97,-3414.66,189.24
8047.19,-3416.46,187.422
8051.42,-3418.26,185.6
8055.64,-3420.06,183.783
8059.88,-3421.86,181.956
8064.1,-3423.66,180.139
8068.32,-3425.46,178.322
8072.58,-3427.26,176.49
8076.82,-3429.06,174.665
8081.06,-3430.86,172.85
8085.29,-3432.66,171.035
8089.51,-3434.46,169.227
8093.75,-3436.26,167.433
8097.97,-3438.06,165.647
8102.19,-3439.86,163.859
8106.42,-3441.66,162.07
8110.64,-3443.46,160.28
8114.88,-3445.26,158.486
8119.1,-3447.06,156.696
8123.32,-3448.86,154.902
8127.54,-3450.66,153.108
8131.82,-3452.46,151.288
8136.07,-3454.26,149.482
8140.29,-3456.06,147.682
8144.52,-3457.86,145.878
8148.75,-3459.66,144.075
8152.99,-3461.46,142.269
8157.21,-3463.26,140.466
8161.44,-3465.06,138.66
8165.69,-3466.86,136.851
8170.15,-3468.66,134.911
8174.47,-3470.46,133.031
8178.7,-3472.26,131.193
8182.95,-3474.06,129.346
8187.18,-3475.86,127.566
8191.42,-3477.66,125.783
8195.64,-3479.46,124.009
8199.89,-3481.26,122.185
8204.11,-3483.06,120.371
8208.32,-3484.86,118.559
8212.55,-3486.66,116.742
8216.77,-3488.46,114.916
8221.01,-3490.26,113.08
8225.28,-3492.06,111.231
8229.54,-3493.86,109.398
8233.76,-3495.66,107.579
8238,-3497.46,105.756
8242.24,-3499.26,103.933
8246.46,-3501.06,102.124
8250.69,-3502.86,100.308
8254.94,-3504.66,98.4902
8259.18,-3506.46,96.6796
8263.4,-3508.26,94.8783
8267.63,-3510.06,93.0728
8271.86,-3511.86,91.2648
8276.11,-3513.66,89.4534
8280.34,-3515.46,87.6529
8284.57,-3517.26,85.852
8288.8,-3519.06,84.0469
8293.05,-3520.86,82.228
8297.27,-3522.66,80.4208
8301.5,-3524.46,78.6106
8305.73,-3526.26,76.7912
8309.95,-3528.06,74.9735
8314.18,-3529.86,73.1521
8318.43,-3531.66,71.3185
8322.65,-3533.46,69.495
8326.89,-3535.26,67.6635
8331.14,-3537.06,65.8257
8335.37,-3538.86,64.0125
8339.59,-3540.66,62.1981
8343.82,-3542.46,60.3803
8348.06,-3544.26,58.5613
8352.3,-3546.06,56.7504
8356.52,-3547.86,54.947
8360.75,-3549.66,53.1407
8364.97,-3551.46,51.3462
8369.2,-3553.26,49.5493
8373.42,-3555.06,47.7552
8377.67,-3556.86,45.9451
8381.93,-3558.66,44.134
8386.2,-3560.46,42.3181
8390.43,-3562.26,40.5158
8394.65,-3564.06,38.7343
8398.89,-3565.86,36.9467
8403.1,-3567.66,35.1673
8407.32,-3569.46,33.3876
8411.56,-3571.26,31.5988
8415.78,-3573.06,29.8188
8420.02,-3574.86,28.0306
8424.25,-3576.66,26.22
8428.48,-3578.46,24.4141
8432.75,-3580.26,22.5904
8436.97,-3582.06,20.7848
8441.2,-3583.86,18.9756
8445.42,-3585.66,17.1714
8449.65,-3587.46,15.3654
8453.88,-3589.26,13.5645
8458.1,-3591.06,11.7699
8462.32,-3592.86,9.97824
8466.53,-3594.66,8.18962
8470.77,-3596.46,6.40139
8475,-3598.26,4.62972
8479.26,-3600.06,2.88369
8483.54,-3601.86,1.32882
8487.76,-3603.67,1.33469
8492.03,-3605.47,2.88477
8496.36,-3607.27,4.6604
8500.67,-3609.07,6.4375
8504.91,-3610.87,8.19842
8516.07,-3612.67,12.7646
8520.42,-3614.47,14.5566
8524.63,-3616.27,16.29
8528.86,-3618.07,17.6301
8533.07,-3619.87,18.9697
8537.29,-3621.67,20.3084
8541.51,-3623.47,21.6479
8545.98,-3625.27,23.1754
8550.2,-3627.07,24.617
8554.42,-3628.87,26.056
8558.64,-3630.67,27.4963
8562.85,-3632.47,28.9707
8567.07,-3634.27,30.4469
8571.28,-3636.07,31.9233
8575.56,-3637.87,33.738
8579.82,-3639.67,35.5478
8584.04,-3641.47,37.337
8588.29,-3643.27,39.1412
8592.51,-3645.07,41.0722
8596.72,-3646.87,43.0016
8600.94,-3648.67,44.931
8605.23,-3650.47,46.7709
8609.45,-3652.27,48.5795
8613.67,-3654.07,50.3847
8617.88,-3655.87,52.19
8622.1,-3657.67,53.9085
8626.31,-3659.47,55.6262
8630.54,-3661.27,57.3455
8634.75,-3663.07,59.0797
8638.97,-3664.87,60.817
8643.18,-3666.67,62.5509
8647.39,-3668.47,64.2855
8651.61,-3670.27,66.1258
8655.83,-3672.07,67.9657
8660.05,-3673.87,69.806
8664.26,-3675.67,71.6419
8668.48,-3677.47,73.4812
8672.7,-3679.27,75.3167
8676.91,-3681.07,77.1522
8681.15,-3682.87,78.9514
8685.37,-3684.67,80.7403
8689.59,-3686.47,82.5291
8693.9,-3688.27,84.3528
8698.12,-3690.07,86.1352
8702.34,-3691.87,87.9193
8706.55,-3693.67,89.7009
8710.77,-3695.47,91.483
8714.99,-3697.27,93.2634
8719.21,-3699.07,95.0451
8723.42,-3700.87,96.8239
8727.63,-3702.67,98.6117
8731.86,-3704.47,100.403
8736.07,-3706.27,102.191
8740.29,-3708.07,103.986
8744.5,-3709.87,105.781
8748.72,-3711.67,107.577
8753.15,-3713.47,109.462
8757.37,-3715.27,111.256
8761.58,-3717.07,113.052
8765.8,-3718.87,114.845
8770.01,-3720.67,116.611
8774.23,-3722.47,118.378
8778.46,-3724.27,120.144
8782.69,-3726.07,121.918
8786.91,-3727.87,123.725
8791.13,-3729.67,125.534
8795.34,-3731.47,127.342
8799.56,-3733.27,129.174
8803.78,-3735.07,131.004
8807.99,-3736.87,132.834
8812.21,-3738.67,134.665
8816.42,-3740.47,136.472
8820.64,-3742.27,138.283
8824.86,-3744.07,140.09
8829.08,-3745.87,141.886
8833.29,-3747.67,143.681
8837.51,-3749.47,145.476
8841.73,-3751.27,147.27
8845.98,-3753.07,149.076
8850.2,-3754.87,150.87
8854.41,-3756.67,152.66
8858.63,-3758.47,154.452
8862.84,-3760.27,156.237
8867.06,-3762.07,158.023
8871.27,-3763.87,159.81
8875.49,-3765.67,161.589
8879.71,-3767.47,163.373
8883.94,-3769.27,165.161
8888.16,-3771.07,166.942
8892.6,-3772.87,168.844
8896.81,-3774.67,170.651
8901.03,-3776.47,172.457
8905.24,-3778.27,174.26
8909.46,-3780.07,176.066
8913.68,-3781.87,177.869
8917.89,-3783.67,179.671
8922.11,-3785.47,181.477
8926.32,-3787.27,183.281
8930.54,-3789.07,185.086
8934.75,-3790.87,186.938
8938.97,-3792.67,188.792
8943.19,-3794.47,190.641
8947.4,-3796.27,192.49
8951.85,-3798.07,194.398
8956.06,-3799.87,196.206
8960.28,-3801.67,198.014
8964.5,-3803.47,199.785
8968.72,-3805.27,201.558
8972.93,-3807.07,203.329
8977.14,-3808.87,205.099
8981.36,-3810.67,206.88
8985.6,-3812.47,208.669
8989.82,-3814.27,210.449
8994.03,-3816.07,212.27
8998.29,-3817.87,214.106
9002.53,-3819.67,215.939
9006.75,-3821.47,217.759
9011.23,-3823.27,219.646
9015.65,-3825.07,221.518
9020.07,-3826.87,223.388
9024.44,-3828.67,225.225
9028.82,-3830.47,227.066
9033.22,-3832.27,228.912
9037.6,-3834.07,230.751
9042,-3835.87,232.549
9046.43,-3837.67,234.362
9050.84,-3839.47,236.164
9055.33,-3841.27,238.048
9059.96,-3843.07,240.003
9064.34,-3844.87,241.847
9068.7,-3846.67,243.682
9072.97,-3848.47,245.406
9077.19,-3850.27,247.109
9081.41,-3852.07,248.81
9085.67,-3853.87,250.596
9089.89,-3855.67,252.368
9094.11,-3857.47,254.138
9098.53,-3859.27,256.061
9102.75,-3861.07,257.894
9106.96,-3862.87,259.729
9111.18,-3864.67,261.565
9115.39,-3866.47,263.342
9119.62,-3868.27,265.123
9123.83,-3870.07,266.901
9128.04,-3871.87,268.679
9132.26,-3873.67,270.484
9136.49,-3875.47,272.289
9140.71,-3877.27,274.093
9144.92,-3879.07,275.909
9149.15,-3880.87,277.726
9153.36,-3882.67,279.54
9157.57,-3884.47,281.355
9161.79,-3886.27,283.181
9166.01,-3888.07,285.006
9170.23,-3889.87,286.833
9174.44,-3891.67,288.654
9178.67,-3893.47,290.478
9182.88,-3895.27,292.3
9187.13,-3897.07,294.135
9191.35,-3898.87,295.956
9195.57,-3900.67,297.772
9199.79,-3902.47,299.588
9204,-3904.27,301.402
9208.22,-3906.07,303.212
9212.44,-3907.87,305.024
9216.65,-3909.67,306.834
9220.88,-3911.47,308.633
9225.09,-3913.27,310.43
9229.31,-3915.07,312.229
9233.52,-3916.87,314.021
9237.75,-3918.67,315.815
9241.96,-3920.47,317.611
9246.18,-3922.27,319.405
9250.4,-3924.07,321.197
9254.62,-3925.87,322.987
9258.84,-3927.67,324.778
9263.05,-3929.47,326.567
9267.27,-3931.27,328.358
9271.49,-3933.07,330.151
9275.77,-3934.87,331.967
9279.99,-3936.67,333.77
9284.21,-3938.47,335.571
9288.46,-3940.27,337.382
9292.67,-3942.07,339.179
9296.89,-3943.87,340.978
9301.11,-3945.67,342.778
9305.32,-3947.47,344.576
9309.54,-3949.27,346.381
9313.76,-3951.07,348.183
9317.98,-3952.87,349.981
9322.19,-3954.67,351.776
9326.41,-3956.47,353.552
9330.63,-3958.27,355.314
9334.85,-3960.07,357.02
9339.28,-3961.87,358.539
9343.5,-3963.67,358.476
9347.74,-3965.47,357.001
9352.08,-3967.27,355.253
9356.59,-3969.07,353.428
9360.82,-3970.88,351.699
9365.13,-3972.68,349.941
9369.83,-3974.48,348.043
9374.26,-3976.28,346.24
9378.5,-3978.08,344.518
9382.71,-3979.88,342.81
9386.93,-3981.68,341.156
9391.19,-3983.48,339.48
9395.41,-3985.28,337.823
9399.79,-3987.08,335.995
9404,-3988.88,334.233
9408.22,-3990.68,332.471
9412.44,-3992.48,330.708
9416.66,-3994.28,328.893
9420.88,-3996.08,327.076
9425.09,-3997.88,325.262
9429.31,-3999.68,323.448
9433.53,-4001.48,321.649
9437.75,-4003.28,319.849
9441.97,-4005.08,318.048
9446.19,-4006.88,316.255
9450.41,-4008.68,314.462
9454.62,-4010.48,312.672
9458.84,-4012.28,310.879
9463.33,-4014.08,308.973
9467.55,-4015.88,307.183
9471.77,-4017.68,305.393
9475.98,-4019.48,303.639
9480.2,-4021.28,301.882
9484.42,-4023.08,300.128
9488.63,-4024.88,298.373
9492.85,-4026.68,296.606
9497.07,-4028.48,294.837
9501.29,-4030.28,293.066
9505.5,-4032.08,291.268
9509.72,-4033.88,289.467
9513.94,-4035.68,287.669
9518.16,-4037.48,285.87
9522.38,-4039.28,284.066
9526.59,-4041.08,282.261
9530.81,-4042.88,280.456
9535.03,-4044.68,278.667
9539.25,-4046.48,276.875
9543.46,-4048.28,275.089
9547.68,-4050.08,273.301
9551.98,-4051.88,271.462
9556.19,-4053.68,269.657
9560.41,-4055.48,267.851
9564.63,-4057.28,266.046
9568.87,-4059.08,264.22
9573.08,-4060.88,262.403
9577.3,-4062.68,260.587
9581.52,-4064.48,258.79
9585.74,-4066.28,256.995
9589.99,-4068.08,255.185
9594.21,-4069.88,253.382
9598.43,-4071.68,251.579
9602.64,-4073.48,249.78
9606.86,-4075.28,247.98
9611.08,-4077.08,246.191
9615.29,-4078.88,244.402
9619.51,-4080.68,242.613
9623.72,-4082.48,240.827
9627.94,-4084.28,239.045
9632.16,-4086.08,237.259
9636.38,-4087.88,235.474
9640.6,-4089.68,233.689
9644.82,-4091.48,231.907
9649.03,-4093.28,230.123
9653.25,-4095.08,228.343
9657.46,-4096.88,226.55
9661.68,-4098.68,224.754
9665.91,-4100.48,222.96
9670.22,-4102.28,221.111
9674.51,-4104.08,219.269
9678.73,-4105.88,217.458
9682.95,-4107.68,215.651
9687.16,-4109.48,213.871
9691.42,-4111.28,212.07
9695.64,-4113.08,210.288
9699.9,-4114.88,208.448
9704.12,-4116.68,206.627
9708.34,-4118.48,204.805
9712.55,-4120.28,202.987
9716.77,-4122.08,201.176
9720.99,-4123.88,199.363
9725.21,-4125.68,197.552
9729.43,-4127.48,195.739
9733.64,-4129.27,193.945
9737.86,-4131.07,192.148
9742.08,-4132.87,190.353
9746.3,-4134.67,188.556
9750.52,-4136.47,186.759
9754.73,-4138.27,184.965
9759.15,-4140.07,183.093
9763.36,-4141.87,181.306
9767.58,-4143.67,179.52
9771.8,-4145.47,177.731
9776.01,-4147.27,175.983
9780.23,-4149.07,174.232
9784.44,-4150.87,172.484
9788.66,-4152.67,170.734
9792.9,-4154.47,168.917
9797.12,-4156.27,167.109
9801.34,-4158.07,165.299
9805.55,-4159.87,163.461
9809.77,-4161.67,161.619
9813.99,-4163.47,159.781
9818.2,-4165.27,157.942
9822.42,-4167.07,156.12
9826.64,-4168.87,154.299
9830.86,-4170.67,152.477
9835.07,-4172.47,150.65
9839.29,-4174.27,148.821
9843.51,-4176.07,146.995
9847.72,-4177.87,145.168
9851.97,-4179.67,143.339
9856.19,-4181.47,141.52
9860.41,-4183.27,139.702
9864.63,-4185.07,137.887
9868.85,-4186.87,136.079
9873.06,-4188.67,134.272
9877.28,-4190.47,132.466
9881.5,-4192.27,130.656
9885.72,-4194.07,128.847
9889.94,-4195.87,127.037
9894.16,-4197.67,125.22
9898.38,-4199.47,123.403
9902.59,-4201.27,121.59
9906.81,-4203.07,119.776
9911.03,-4204.87,117.977
9915.24,-4206.67,116.18
9919.46,-4208.47,114.382
9923.68,-4210.27,112.587
9927.89,-4212.07,110.779
9932.11,-4213.87,108.968
9936.33,-4215.67,107.158
9940.55,-4217.47,105.341
9944.77,-4219.27,103.525
9948.99,-4221.06,101.708
9953.2,-4222.86,99.8948
9957.41,-4224.66,98.0702
9961.63,-4226.46,96.2418
9965.84,-4228.26,94.4168
9970.07,-4230.06,92.5921
9974.28,-4231.86,90.7687
9978.56,-4233.66,88.9187
9982.77,-4235.46,87.0966
9986.99,-4237.26,85.2807
9991.21,-4239.06,83.461
9995.44,-4240.86,81.6337
9999.9,-4242.66,79.7224
10004.1,-4244.46,77.9093
10008.3,-4246.26,76.0982
10012.5,-4248.06,74.2897
10016.8,-4249.86,72.5302
10021,-4251.66,70.7682
10025.2,-4253.46,69.009
10029.4,-4255.26,67.2483
10033.6,-4257.06,65.4545
10037.8,-4258.86,63.6587
10042.1,-4260.66,61.8628
10046.3,-4262.46,60.0583
10050.5,-4264.26,58.2547
10054.7,-4266.06,56.4531
10059.1,-4267.86,54.565
10063.4,-4269.66,52.7692
10067.6,-4271.46,50.9727
10071.8,-4273.26,49.1745
10076,-4275.06,47.4107
10080.2,-4276.86,45.6428
10084.4,-4278.66,43.8781
10088.7,-4280.46,42.1115
10092.9,-4282.26,40.3017
10097.1,-4284.06,38.4807
10101.3,-4285.86,36.6681
10105.5,-4287.66,34.8383
10109.8,-4289.46,33.0061
10114,-4291.26,31.1778
10118.2,-4293.06,29.3488
10122.4,-4294.86,27.5451
10126.6,-4296.66,25.7426
10130.8,-4298.46,23.9395
10135.1,-4300.26,22.1516
10139.3,-4302.06,20.3587
10143.5,-4303.86,18.5709
10147.7,-4305.66,16.7838
10152,-4307.46,14.9735
10156.2,-4309.26,13.1866
10160.4,-4311.06,11.4032
10164.6,-4312.85,9.62518
10168.8,-4314.65,7.85959
10173.1,-4316.45,6.10549
10177.3,-4318.25,4.37086
10181.5,-4320.05,2.69859
10185.8,-4321.85,1.32646
10190,-4323.65,1.65512
10194.2,-4325.45,3.17441
10198.6,-4327.25,4.93329
10202.9,-4329.05,6.71391
10207.1,-4330.85,8.47903
10211.4,-4332.65,10.2711
10216,-4334.45,12.1975
10220.5,-4336.25,14.0786
10224.8,-4338.05,15.8629
10229,-4339.85,17.6185
10233.2,-4341.65,19.3692
10237.4,-4343.45,21.1204
10241.6,-4345.25,22.8434
10245.9,-4347.05,24.5663
10250.1,-4348.85,26.2897
10254.3,-4350.65,28.011
10258.5,-4352.45,29.8306
10262.7,-4354.25,31.6491
10266.9,-4356.05,33.4673
10271.2,-4357.85,35.2702
10275.4,-4359.65,37.0721
10279.6,-4361.45,38.8749
10283.8,-4363.25,40.6744
10288,-4365.05,42.4447
10292.2,-4366.85,44.2183
10296.5,-4368.65,45.9895
10300.8,-4370.45,47.7805
10305,-4372.25,49.5822
10309.2,-4374.05,51.3568
10313.4,-4375.85,53.1289
10317.6,-4377.65,54.9079
10321.9,-4379.45,56.6902
10326.1,-4381.25,58.4701
10330.3,-4383.05,60.2625
10334.5,-4384.85,62.0536
10338.7,-4386.65,63.8473
10342.9,-4388.45,65.6369
10347.2,-4390.25,67.4653
10351.4,-4392.05,69.2861
10355.7,-4393.85,71.0957
10359.9,-4395.65,72.9066
10364.1,-4397.45,74.7107
10368.3,-4399.25,76.5139
10372.5,-4401.05,78.3151
10376.7,-4402.85,80.1091
10381,-4404.65,81.9044
10385.2,-4406.44,83.6981
10389.4,-4408.24,85.4934
10393.6,-4410.04,87.2925
10397.8,-4411.84,89.0916
10402.1,-4413.64,90.9062
10406.3,-4415.44,92.7039
10410.5,-4417.24,94.5007
10414.7,-4419.04,96.2963
10418.9,-4420.84,98.0932
10423.1,-4422.64,99.8673
10427.4,-4424.44,101.642
10431.6,-4426.24,103.418
10435.8,-4428.04,105.192
10440,-4429.84,106.977
10444.2,-4431.64,108.759
10448.4,-4433.44,110.542
10452.6,-4435.24,112.339
10456.9,-4437.04,114.136
10461.1,-4438.84,115.935
10465.3,-4440.64,117.73
10469.5,-4442.44,119.527
10473.7,-4444.24,121.321
10477.9,-4446.04,123.117
10482.1,-4447.84,124.928
10486.4,-4449.64,126.74
10490.6,-4451.44,128.551
10494.8,-4453.24,130.362
10499,-4455.04,132.186
10503.2,-4456.84,134.018
10507.4,-4458.64,135.84
10511.7,-4460.44,137.657
10515.9,-4462.24,139.472
10520.1,-4464.04,141.289
10524.3,-4465.84,143.105
10528.5,-4467.64,144.904
10532.7,-4469.44,146.702
10536.9,-4471.24,148.501
10541.2,-4473.04,150.301
10545.4,-4474.84,152.098
10549.6,-4476.64,153.899
10553.8,-4478.44,155.697
10558,-4480.24,157.491
10562.2,-4482.04,159.288
10566.4,-4483.84,161.082
10570.7,-4485.64,162.879
10574.9,-4487.44,164.666
10579.1,-4489.24,166.455
10583.3,-4491.04,168.241
10587.5,-4492.84,170.036
10591.7,-4494.64,171.834
10595.9,-4496.44,173.629
10600.2,-4498.23,175.445
10604.4,-4500.03,177.268
10608.6,-4501.83,179.084
10612.8,-4503.63,180.897
10617,-4505.43,182.72
10621.2,-4507.23,184.546
10625.5,-4509.03,186.371
10629.7,-4510.83,188.197
10633.9,-4512.63,190.021
10638.1,-4514.43,191.847
10642.3,-4516.23,193.675
10646.5,-4518.03,195.495
10650.7,-4519.83,197.318
10655,-4521.63,199.138
10659.2,-4523.43,200.96
10663.4,-4525.23,202.765
10667.6,-4527.03,204.572
10671.8,-4528.83,206.38
10676.1,-4530.63,208.201
10680.3,-4532.43,210
10684.5,-4534.23,211.797
10688.7,-4536.03,213.596
10692.9,-4537.83,215.378
10697.1,-4539.63,217.16
10701.4,-4541.43,218.945
10705.6,-4543.23,220.738
10709.8,-4545.03,222.54
10714,-4546.83,224.338
10718.3,-4548.63,226.153
10722.5,-4550.43,227.958
10726.7,-4552.23,229.761
10730.9,-4554.03,231.566
10735.1,-4555.83,233.379
10739.3,-4557.63,235.195
10743.6,-4559.43,237.008
10747.8,-4561.23,238.821
10752,-4563.03,240.646
10756.2,-4564.83,242.473
10760.4,-4566.63,244.298
10764.6,-4568.43,246.123
10768.9,-4570.23,247.956
10773.1,-4572.03,249.787
10777.3,-4573.83,251.619
10781.5,-4575.63,253.444
10785.7,-4577.43,255.268
10789.9,-4579.23,257.092
10794.1,-4581.03,258.918
10798.4,-4582.83,260.73
10802.6,-4584.63,262.539
10806.8,-4586.43,264.359
10811,-4588.23,266.167
10815.2,-4590.02,267.973
10819.4,-4591.82,269.78
10823.7,-4593.62,271.585
10827.9,-4595.42,273.387
10832.1,-4597.22,275.191
10836.3,-4599.02,276.993
10840.5,-4600.82,278.798
10844.7,-4602.62,280.597
10849,-4604.42,282.398
10853.2,-4606.22,284.197
10857.4,-4608.02,285.994
10861.6,-4609.82,287.794
10865.8,-4611.62,289.592
10870,-4613.42,291.392
10874.2,-4615.22,293.197
10878.4,-4617.02,295.004
10882.7,-4618.82,296.809
10886.9,-4620.62,298.62
10891.1,-4622.42,300.434
10895.3,-4624.22,302.244
10899.5,-4626.02,304.057
10903.7,-4627.82,305.873
10908,-4629.62,307.702
10912.2,-4631.42,309.522
10916.4,-4633.22,311.343
10920.6,-4635.02,313.165
10924.8,-4636.82,314.985
10929,-4638.62,316.807
10933.3,-4640.42,318.612
10937.5,-4642.22,320.42
10941.7,-4644.02,322.228
10945.9,-4645.82,324.028
10950.1,-4647.62,325.832
10954.3,-4649.42,327.633
10958.5,-4651.22,329.434
10962.8,-4653.02,331.226
10967,-4654.82,333.019
10971.2,-4656.62,334.814
10975.4,-4658.42,336.606
10979.6,-4660.22,338.393
10983.8,-4662.02,340.177
10988,-4663.82,341.961
10992.3,-4665.62,343.743
10996.5,-4667.42,345.523
11000.7,-4669.22,347.302
11004.9,-4671.02,349.078
11009.1,-4672.82,350.869
11013.4,-4674.62,352.641
11017.6,-4676.42,354.403
11021.8,-4678.22,356.149
11026,-4680.02,357.801
11030.3,-4681.81,358.855
11034.5,-4683.61,357.913
11038.8,-4685.41,356.241
11043.1,-4687.21,354.43
11047.4,-4689.01,352.601
11051.7,-4690.81,350.824
11056,-4692.61,349.004
11060.7,-4694.41,347.028
11065.1,-4696.21,345.127
11069.5,-4698.01,343.326
11073.7,-4699.81,341.57
11077.9,-4701.61,339.814
11082.1,-4703.41,338.159
11086.3,-4705.21,336.504
11090.5,-4707.01,334.846
11094.8,-4708.81,333.193
11099,-4710.61,331.395
11103.2,-4712.41,329.601
11107.4,-4714.21,327.788
11111.7,-4716.01,325.974
11115.9,-4717.81,324.161
11120.1,-4719.61,322.347
11124.3,-4721.41,320.534
11128.5,-4723.21,318.762
11132.7,-4725.01,316.993
11136.9,-4726.81,315.223
11141.2,-4728.61,313.438
11145.4,-4730.41,311.655
11149.6,-4732.21,309.871
11153.8,-4734.01,308.091
11158,-4735.81,306.275
11162.2,-4737.61,304.458
11166.5,-4739.41,302.631
11170.8,-4741.21,300.754
11175.1,-4743.01,298.888
11179.4,-4744.81,297.068
11183.6,-4746.61,295.254
11187.8,-4748.41,293.517
11192,-4750.21,291.777
11196.2,-4752.01,290.029
11200.4,-4753.81,288.239
11204.6,-4755.61,286.451
11208.9,-4757.41,284.643
11213.1,-4759.21,282.855
11217.3,-4761.01,281.037
11221.5,-4762.81,279.218
11225.8,-4764.61,277.401
11230,-4766.41,275.584
11234.2,-4768.21,273.807
11238.4,-4770.01,272.025
11242.6,-4771.81,270.247
11246.8,-4773.6,268.469
11251,-4775.4,266.688
11255.2,-4777.2,264.909
11259.5,-4779,263.128
11263.7,-4780.8,261.328
11267.9,-4782.6,259.527
11272.1,-4784.4,257.725
11276.3,-4786.2,255.923
11280.5,-4788,254.118
11284.7,-4789.8,252.315
11289,-4791.6,250.509
11293.2,-4793.4,248.701
11297.4,-4795.2,246.89
11301.6,-4797,245.078
11305.8,-4798.8,243.268
11310.1,-4800.6,241.433
11314.3,-4802.4,239.612
11318.5,-4804.2,237.789
11322.7,-4806,235.972
11326.9,-4807.8,234.155
11331.1,-4809.6,232.335
11335.3,-4811.4,230.518
11339.6,-4813.2,228.718
11343.8,-4815,226.922
11348,-4816.8,225.126
11352.2,-4818.6,223.327
11356.4,-4820.4,221.53
11360.6,-4822.2,219.731
11364.8,-4824,217.935
11369,-4825.8,216.142
11373.3,-4827.6,214.351
11377.5,-4829.4,212.56
11381.7,-4831.2,210.777
11386,-4833,208.971
11390.2,-4834.8,207.187
11394.4,-4836.6,205.406
11398.6,-4838.4,203.616
11402.8,-4840.2,201.83
11407,-4842,200.042
11411.3,-4843.8,198.243
11415.5,-4845.6,196.437
11419.7,-4847.4,194.628
11423.9,-4849.2,192.823
11428.1,-4851,190.997
11432.3,-4852.8,189.17
11436.5,-4854.6,187.345
11440.8,-4856.4,185.516
11445,-4858.2,183.69
11449.2,-4860,181.863
11453.4,-4861.8,180.038
11457.6,-4863.6,178.218
11461.8,-4865.4,176.395
11466,-4867.19,174.574
11470.3,-4868.99,172.752
11474.5,-4870.79,170.948
11478.7,-4872.59,169.144
11482.9,-4874.39,167.341
11487.1,-4876.19,165.548
11491.3,-4877.99,163.753
11495.5,-4879.79,161.96
11499.7,-4881.59,160.164
11504,-4883.39,158.37
11508.2,-4885.19,156.575
11512.4,-4886.99,154.768
11516.6,-4888.79,152.97
11520.8,-4890.59,151.171
11525.1,-4892.39,149.374
11529.3,-4894.19,147.575
11533.5,-4895.99,145.774
11537.7,-4897.79,143.971
11541.9,-4899.59,142.165
11546.2,-4901.39,140.292
11550.5,-4903.19,138.46
11554.7,-4904.99,136.633
11558.9,-4906.79,134.804
11563.1,-4908.59,132.997
11567.3,-4910.39,131.19
11571.5,-4912.19,129.381
11575.7,-4913.99,127.573
11580,-4915.79,125.738
11584.2,-4917.59,123.903
11588.4,-4919.39,122.067
11592.6,-4921.19,120.247
11596.8,-4922.99,118.426
11601,-4924.79,116.604
11605.3,-4926.59,114.784
11609.5,-4928.39,112.975
11613.7,-4930.19,111.159
11617.9,-4931.99,109.352
11622.1,-4933.79,107.553
11626.4,-4935.59,105.756
11630.6,-4937.39,103.956
11634.8,-4939.19,102.16
11639,-4940.99,100.349
11643.2,-4942.79,98.5428
11647.4,-4944.59,96.735
11651.6,-4946.39,94.9284
11655.9,-4948.19,93.1221
11660.1,-4949.99,91.3179
11664.3,-4951.79,89.515
11668.5,-4953.59,87.7063
11672.7,-4955.39,85.9008
11676.9,-4957.19,84.0945
11681.1,-4958.98,82.2874
11685.4,-4960.78,80.4762
11689.6,-4962.58,78.6634
11693.8,-4964.38,76.8526
11698,-4966.18,75.035
11702.2,-4967.98,73.2149
11706.4,-4969.78,71.3981
11710.6,-4971.58,69.5788
11714.9,-4973.38,67.7616
11719.1,-4975.18,65.9427
11723.3,-4976.98,64.1264
11727.5,-4978.78,62.3101
11731.7,-4980.58,60.4913
11735.9,-4982.38,58.6747
11740.1,-4984.18,56.856
11744.4,-4985.98,55.0404
11748.6,-4987.78,53.2232
11752.8,-4989.58,51.4077
11757,-4991.38,49.5927
11761.2,-4993.18,47.7829
11765.4,-4994.98,45.9765
11769.6,-4996.78,44.168
11773.9,-4998.58,42.3689
11778.1,-5000.38,40.5699
11782.3,-5002.18,38.7683
11786.5,-5003.98,36.9775
11790.7,-5005.78,35.1843
11794.9,-5007.58,33.394
11799.1,-5009.38,31.6009
11803.4,-5011.18,29.8168
11807.6,-5012.98,28.0308
11811.8,-5014.78,26.2433
11816,-5016.58,24.4468
11820.2,-5018.38,22.652
11824.5,-5020.18,20.8608
11828.7,-5021.98,19.0685
11832.9,-5023.78,17.2764
11837.1,-5025.58,15.4848
11841.3,-5027.38,13.6914
11845.5,-5029.18,11.9027
11849.7,-5030.98,10.0965
11853.9,-5032.78,8.29757
11858.2,-5034.58,6.50863
11862.4,-5036.38,4.73985
11866.6,-5038.18,3.02543
11870.8,-5039.98,1.5486
11875,-5041.78,1.49825
11879.3,-5043.58,2.94094
11886,-5045.38,5.68318
11890.4,-5047.18,7.5226
11894.6,-5048.98,9.2844
11898.8,-5050.77,11.0678
11903.3,-5052.57,12.9442
11907.8,-5054.37,14.6188
11912.1,-5056.17,16.2487
11916.4,-5057.97,17.8505
11920.6,-5059.77,19.438
11924.8,-5061.57,20.9554
11929,-5063.37,22.4761
11933.2,-5065.17,23.9966
11937.5,-5066.97,25.8869
11941.7,-5068.77,27.7818
11945.9,-5070.57,29.673
11950.1,-5072.37,31.566
11954.3,-5074.17,33.4345
11958.5,-5075.97,35.306
11962.7,-5077.77,37.1741
11967,-5079.57,38.9425
11971.2,-5081.37,40.7134
11975.4,-5083.17,42.4823
11979.6,-5084.97,44.2525
11983.8,-5086.77,46.0195
11988,-5088.57,47.7875
11992.2,-5090.37,49.5571
11996.5,-5092.17,51.3246
12000.7,-5093.97,53.1436
12004.9,-5095.77,54.9609
12009.1,-5097.57,56.7791
12013.3,-5099.37,58.57
12017.6,-5101.17,60.3726
12021.8,-5102.97,62.166
12026,-5104.77,63.9583
12030.2,-5106.57,65.7276
12034.4,-5108.37,67.4961
12038.6,-5110.17,69.2666
12042.8,-5111.97,71.0548
12047.1,-5113.77,72.8433
12051.3,-5115.57,74.6327
12055.5,-5117.37,76.4209
12059.7,-5119.17,78.2235
12063.9,-5120.97,80.0244
12068.1,-5122.77,81.8254
12072.3,-5124.57,83.6197
12076.6,-5126.37,85.4128
12080.8,-5128.17,87.2063
12085,-5129.97,88.9993
12089.2,-5131.77,90.8147
12093.5,-5133.57,92.6532
12097.7,-5135.37,94.4678
12101.9,-5137.17,96.2836
12106.1,-5138.97,98.0899
12110.3,-5140.77,99.8992
12114.5,-5142.56,101.706
12118.8,-5144.36,103.517
12123,-5146.16,105.316
12127.2,-5147.96,107.116
12131.4,-5149.76,108.917
12135.6,-5151.56,110.718
12139.9,-5153.36,112.522
12144.1,-5155.16,114.321
12148.5,-5156.96,116.186
12152.7,-5158.76,117.976
12156.9,-5160.56,119.766
12161.1,-5162.36,121.556
12165.3,-5164.16,123.309
12169.5,-5165.96,125.063
12173.7,-5167.76,126.815
12178,-5169.56,128.594
12182.2,-5171.36,130.374
12186.4,-5173.16,132.152
12190.6,-5174.96,133.932
12194.8,-5176.76,135.745
12199,-5178.56,137.558
12203.2,-5180.36,139.37
12207.5,-5182.16,141.171
12211.7,-5183.96,142.974
12215.9,-5185.76,144.774
12220.1,-5187.56,146.587
12224.3,-5189.36,148.408
12228.6,-5191.16,150.23
12232.8,-5192.96,152.05
12237,-5194.76,153.871
12241.2,-5196.56,155.695
12245.4,-5198.36,157.516
12249.6,-5200.16,159.339
12253.8,-5201.96,161.149
12258,-5203.76,162.96
12262.3,-5205.56,164.772
12266.5,-5207.36,166.574
12270.7,-5209.16,168.377
12274.9,-5210.96,170.179
12279.1,-5212.76,171.982
12283.3,-5214.56,173.773
12287.5,-5216.36,175.566
12291.8,-5218.16,177.359
12296,-5219.96,179.151
12300.2,-5221.76,180.945
12304.4,-5223.56,182.736
12308.6,-5225.36,184.53
12312.8,-5227.16,186.321
12317,-5228.96,188.112
12321.3,-5230.76,189.914
12325.5,-5232.56,191.705
12329.7,-5234.35,193.518
12333.9,-5236.15,195.329
12338.1,-5237.95,197.14
12342.4,-5239.75,198.959
12346.6,-5241.55,200.774
12350.8,-5243.35,202.591
12355,-5245.15,204.406
12359.2,-5246.95,206.238
12363.4,-5248.75,208.068
12367.6,-5250.55,209.898
12371.8,-5252.35,211.73
12376.1,-5254.15,213.558
12380.3,-5255.95,215.387
12384.5,-5257.75,217.215
12388.7,-5259.55,219.032
12392.9,-5261.35,220.846
12397.1,-5263.15,222.66
12401.3,-5264.95,224.477
12405.6,-5266.75,226.282
12409.8,-5268.55,228.089
12414,-5270.35,229.892
12418.2,-5272.15,231.691
12422.4,-5273.95,233.501
12426.6,-5275.75,235.3
12430.9,-5277.55,237.1
12435.1,-5279.35,238.899
12439.3,-5281.15,240.7
12443.5,-5282.95,242.5
12447.7,-5284.75,244.297
12451.9,-5286.55,246.097
12456.2,-5288.35,247.895
12460.4,-5290.15,249.693
12464.6,-5291.95,251.5
12468.8,-5293.75,253.308
12473,-5295.55,255.115
12477.2,-5297.35,256.928
12481.4,-5299.15,258.744
12485.7,-5300.95,260.558
12489.9,-5302.75,262.374
12494.1,-5304.55,264.197
12498.3,-5306.35,266.038
12502.5,-5308.15,267.861
12506.8,-5309.95,269.684
12511,-5311.75,271.506
12515.2,-5313.55,273.325
12519.4,-5315.35,275.146
12523.6,-5317.15,276.97
12527.9,-5318.95,278.787
12532.1,-5320.75,280.605
12536.3,-5322.55,282.422
12540.5,-5324.35,284.236
12544.7,-5326.15,286.047
12548.9,-5327.94,287.86
12553.1,-5329.74,289.659
12557.4,-5331.54,291.459
12561.6,-5333.34,293.263
12565.8,-5335.14,295.063
12570,-5336.94,296.863
12574.2,-5338.74,298.663
12578.4,-5340.54,300.463
12582.7,-5342.34,302.261
12586.9,-5344.14,304.055
12591.1,-5345.94,305.852
12595.3,-5347.74,307.646
12599.5,-5349.54,309.445
12603.7,-5351.34,311.242
12607.9,-5353.14,313.039
12612.2,-5354.94,314.842
12616.4,-5356.74,316.643
12620.6,-5358.54,318.446
12624.8,-5360.34,320.257
12629,-5362.14,322.068
12633.2,-5363.94,323.877
12637.5,-5365.74,325.685
12641.7,-5367.54,327.497
12645.9,-5369.34,329.306
12650.1,-5371.14,331.116
12654.3,-5372.94,332.924
12658.5,-5374.74,334.734
12662.7,-5376.54,336.542
12669,-5378.34,339.212
12673.3,-5380.14,341.076
12677.6,-5381.94,342.875
12681.8,-5383.74,344.671
12686.1,-5385.54,346.51
12690.3,-5387.34,348.112
12694.5,-5389.14,349.709
12698.7,-5390.94,351.304
12702.9,-5392.74,352.881
12707.1,-5394.54,354.44
12711.4,-5396.34,355.962
12715.6,-5398.14,357.378
12719.8,-5399.94,358.489
12724.1,-5401.74,357.854
12728.3,-5403.54,356.256
12735,-5405.34,353.51
12739.3,-5407.14,351.665
12743.6,-5408.94,349.854
12747.8,-5410.74,348.258
12752.3,-5412.54,346.55
12756.8,-5414.34,344.852
12761.2,-5416.14,343.205
12765.4,-5417.94,341.719
12769.6,-5419.73,340.232
12773.8,-5421.53,338.748
12778,-5423.33,337.005
12782.3,-5425.13,335.257
12786.5,-5426.93,333.514
12790.7,-5428.73,331.771
12794.9,-5430.53,329.874
12799.2,-5432.33,327.95
12803.4,-5434.13,326.054
12807.6,-5435.93,324.301
12811.8,-5437.73,322.548
12816,-5439.53,320.795
12820.3,-5441.33,319.041
12824.5,-5443.13,317.311
12828.7,-5444.93,315.563
12832.9,-5446.73,313.832
12837.2,-5448.53,312.102
12841.4,-5450.33,310.273
12845.6,-5452.13,308.449
12849.8,-5453.93,306.623
12854,-5455.73,304.8
12858.2,-5457.53,302.978
12862.4,-5459.33,301.152
12866.7,-5461.13,299.358
12870.9,-5462.93,297.562
12875.1,-5464.73,295.768
12879.3,-5466.53,293.973
12883.5,-5468.33,292.174
12887.7,-5470.13,290.375
12891.9,-5471.93,288.574
12896.2,-5473.73,286.775
12900.4,-5475.53,284.957
12904.6,-5477.33,283.143
12908.8,-5479.13,281.326
12913,-5480.93,279.543
12917.2,-5482.73,277.759
12921.4,-5484.53,275.972
12925.7,-5486.33,274.188
12929.9,-5488.13,272.402
12934.1,-5489.93,270.608
12938.3,-5491.73,268.821
12942.5,-5493.53,267.026
12946.8,-5495.33,265.231
12951,-5497.13,263.434
12955.2,-5498.93,261.639
12959.4,-5500.73,259.858
12963.6,-5502.53,258.08
12967.8,-5504.33,256.301
12972,-5506.13,254.521
12976.3,-5507.93,252.714
12980.5,-5509.73,250.908
12984.7,-5511.52,249.103
12988.9,-5513.32,247.281
12993.1,-5515.12,245.463
12997.3,-5516.92,243.643
13001.6,-5518.72,241.821
13005.8,-5520.52,240.003
13010,-5522.32,238.182
13014.2,-5524.12,236.36
13018.4,-5525.92,234.54
13022.6,-5527.72,232.722
13026.9,-5529.52,230.893
13031.1,-5531.32,229.073
13035.3,-5533.12,227.265
13039.5,-5534.92,225.455
13043.7,-5536.72,223.646
13047.9,-5538.52,221.853
13052.2,-5540.32,220.058
13056.4,-5542.12,218.264
13060.6,-5543.92,216.469
13064.8,-5545.72,214.681
13069,-5547.52,212.891
13073.2,-5549.32,211.104
13077.4,-5551.12,209.321
13081.6,-5552.92,207.534
13085.9,-5554.72,205.751
13090.1,-5556.52,203.965
13094.3,-5558.32,202.17
13098.5,-5560.12,200.374
13102.7,-5561.92,198.581
13106.9,-5563.72,196.787
13111.1,-5565.52,194.98
13115.4,-5567.32,193.175
13119.6,-5569.12,191.368
13123.8,-5570.92,189.545
13128,-5572.72,187.71
13132.2,-5574.52,185.884
13136.5,-5576.32,184.06
13140.7,-5578.12,182.222
13144.9,-5579.92,180.384
13149.1,-5581.72,178.546
13153.3,-5583.52,176.732
13157.5,-5585.32,174.916
13161.7,-5587.12,173.1
13165.9,-5588.92,171.284
13170.2,-5590.72,169.469
13174.4,-5592.52,167.654
13178.6,-5594.32,165.837
13182.8,-5596.12,164.024
13187,-5597.92,162.232
13191.2,-5599.72,160.437
13195.4,-5601.52,158.645
13199.7,-5603.31,156.853
13203.9,-5605.11,155.063
13208.1,-5606.91,153.273
13212.3,-5608.71,151.481
13216.5,-5610.51,149.689
13220.7,-5612.31,147.895
13224.9,-5614.11,146.104
13229.2,-5615.91,144.288
13233.4,-5617.71,142.485
13237.6,-5619.51,140.682
13241.8,-5621.31,138.877
13246,-5623.11,137.063
13250.3,-5624.91,135.249
13254.5,-5626.71,133.436
13258.7,-5628.51,131.609
13262.9,-5630.31,129.785
13267.1,-5632.11,127.959
13271.3,-5633.91,126.133
13275.5,-5635.71,124.301
13279.8,-5637.51,122.466
13284,-5639.31,120.635
13288.2,-5641.11,118.811
13292.4,-5642.91,116.986
13296.6,-5644.71,115.162
13300.8,-5646.51,113.338
13305,-5648.31,111.527
13309.3,-5650.11,109.715
13313.5,-5651.91,107.905
13317.7,-5653.71,106.095
13321.9,-5655.51,104.295
13326.1,-5657.31,102.495
13330.3,-5659.11,100.684
13334.6,-5660.91,98.8829
13338.8,-5662.71,97.0808
13343,-5664.51,95.2804
13347.3,-5666.31,93.4247
13351.6,-5668.11,91.6179
13355.8,-5669.91,89.8165
13360,-5671.71,88.0134
13364.2,-5673.51,86.2329
13368.4,-5675.31,84.4516
13372.6,-5677.11,82.674
13376.8,-5678.91,80.8952
13381.1,-5680.71,79.0849
13385.3,-5682.51,77.2767
13389.5,-5684.31,75.4667
13393.7,-5686.11,73.6494
13397.9,-5687.91,71.8308
13402.1,-5689.71,70.0114
13406.3,-5691.51,68.1933
13410.6,-5693.31,66.3688
13414.8,-5695.1,64.5452
13419,-5696.9,62.7212
13423.2,-5698.7,60.9049
13427.4,-5700.5,59.0882
13431.7,-5702.3,57.2594
13435.9,-5704.1,55.4424
13440.1,-5705.9,53.6188
13444.3,-5707.7,51.7966
13448.5,-5709.5,49.9727
13452.7,-5711.3,48.1528
13456.9,-5713.1,46.3459
13461.2,-5714.9,44.5379
13465.4,-5716.7,42.732
13469.6,-5718.5,40.932
13473.8,-5720.3,39.1355
13478,-5722.1,37.3377
13482.2,-5723.9,35.5397
13486.4,-5725.7,33.7487
13490.6,-5727.5,31.9556
13494.9,-5729.3,30.1648
13499.1,-5731.1,28.3809
13503.3,-5732.9,26.5789
13507.5,-5734.7,24.7949
13511.8,-5736.5,23.012
13516,-5738.3,21.2323
13520.2,-5740.1,19.4512
13524.4,-5741.9,17.673
13528.6,-5743.7,15.8792
13532.9,-5745.5,14.0801
13537.1,-5747.3,12.2922
13541.3,-5749.1,10.5058
13545.5,-5750.9,8.70731
13549.7,-5752.7,6.91673
13553.9,-5754.5,5.15008
13558.1,-5756.3,3.43862
13562.3,-5758.1,1.91554
13566.5,-5759.9,1.43419
13570.8,-5761.7,2.66209
13575,-5763.5,4.31589
13581.7,-5765.3,7.10054
13586.1,-5767.1,8.94503
13590.3,-5768.9,10.7134
13594.6,-5770.7,12.4933
13599.1,-5772.5,14.3853
13603.6,-5774.3,16.0117
13607.9,-5776.1,17.5795
13612.1,-5777.9,19.109
13616.3,-5779.7,20.634
13620.5,-5781.5,22.2011
13624.8,-5783.3,23.7672
13629,-5785.1,25.3375
13633.2,-5786.9,26.9187
13637.5,-5788.69,28.858
13641.7,-5790.49,30.7999
13645.9,-5792.29,32.7409
13650.1,-5794.09,34.5703
13654.3,-5795.89,36.3966
13658.5,-5797.69,38.2256
13662.8,-5799.49,40.0516
13667,-5801.29,41.8018
13671.2,-5803.09,43.5538
13675.4,-5804.89,45.3038
13679.6,-5806.69,47.1044
13683.8,-5808.49,48.9019
13688,-5810.29,50.7005
13692.3,-5812.09,52.5009
13696.5,-5813.89,54.3237
13700.7,-5815.69,56.1473
13704.9,-5817.49,57.9698
13709.1,-5819.29,59.7405
13713.3,-5821.09,61.5087
13717.5,-5822.89,63.2774
13721.8,-5824.69,65.0482
13726,-5826.49,66.814
13730.2,-5828.29,68.5819
13734.4,-5830.09,70.3592
13738.6,-5831.89,72.1667
13742.9,-5833.69,73.9733
13747.1,-5835.49,75.7787
13751.3,-5837.29,77.5854
13755.5,-5839.09,79.3697
13759.7,-5840.89,81.1544
13763.9,-5842.69,82.9384
13768.1,-5844.49,84.7289
13772.4,-5846.29,86.5216
13776.6,-5848.09,88.3121
13780.8,-5849.89,90.1044
13785,-5851.69,91.9291
13789.2,-5853.49,93.7551
13793.4,-5855.29,95.5782
13797.6,-5857.09,97.4025
13801.9,-5858.89,99.2193
13806.1,-5860.69,101.034
13810.3,-5862.49,102.849
13814.5,-5864.29,104.653
13818.7,-5866.09,106.458
13822.9,-5867.89,108.26
13827.1,-5869.69,110.063
13831.4,-5871.49,111.875
13835.6,-5873.29,113.695
13839.8,-5875.09,115.508
13844,-5876.89,117.298
13848.3,-5878.69,119.11
13852.5,-5880.48,120.902
13856.7,-5882.28,122.691
13860.9,-5884.08,124.458
13865.2,-5885.88,126.223
13869.4,-5887.68,127.991
13873.6,-5889.48,129.755
13877.8,-5891.28,131.539
13882,-5893.08,133.325
13886.2,-5894.88,135.11
13890.4,-5896.68,136.911
13894.7,-5898.48,138.711
13898.9,-5900.28,140.512
13903.1,-5902.08,142.312
13907.3,-5903.88,144.107
13911.5,-5905.68,145.905
13915.7,-5907.48,147.7
13919.9,-5909.28,149.524
13924.2,-5911.08,151.348
13928.4,-5912.88,153.173
13932.6,-5914.68,154.996
13936.8,-5916.48,156.835
13941,-5918.28,158.666
13945.3,-5920.08,160.497
13949.6,-5921.88,162.369
13953.8,-5923.68,164.186
13958,-5925.48,165.999
13962.3,-5927.28,167.815
13966.5,-5929.08,169.591
13970.7,-5930.88,171.369
13974.9,-5932.68,173.145
13979.1,-5934.48,174.944
13983.3,-5936.28,176.74
13987.5,-5938.08,178.537
13991.8,-5939.88,180.336
13996,-5941.68,182.13
14000.2,-5943.48,183.931
14004.7,-5945.28,185.858
14009.5,-5947.08,187.871
14013.8,-5948.88,189.681
14018.2,-5950.68,191.566
14022.6,-5952.48,193.429
14027,-5954.28,195.155
14031.4,-5956.08,196.888
14035.7,-5957.88,198.619
14040.2,-5959.68,200.45
14044.6,-5961.48,202.255
14049,-5963.28,204.089
14053.4,-5965.08,205.948
14057.9,-5966.88,207.832
14062.4,-5968.68,209.779
14066.8,-5970.48,211.64
14071.2,-5972.27,213.415
14075.4,-5974.07,215.141
14079.6,-5975.87,216.861
14083.8,-5977.67,218.582
14088,-5979.47,220.302
14092.3,-5981.27,222.025
14096.5,-5983.07,223.747
14100.7,-5984.87,225.589
14104.9,-5986.67,227.429
14109.1,-5988.47,229.271
14113.3,-5990.27,231.062
14117.5,-5992.07,232.854
14121.8,-5993.87,234.647
14126,-5995.67,236.439
14130.2,-5997.47,238.234
14134.4,-5999.27,240.027
14138.7,-6001.07,241.839
14142.9,-6002.87,243.632
14147.1,-6004.67,245.447
14151.3,-6006.47,247.263
14155.5,-6008.27,249.077
14159.7,-6010.07,250.906
14164,-6011.87,252.732
14169.9,-6013.67,255.303
14174.2,-6015.47,257.19
14178.5,-6017.27,259.025
14182.7,-6019.07,260.85
14186.9,-6020.87,262.674
14191.1,-6022.67,264.256
14195.3,-6024.47,265.836
14199.5,-6026.27,267.418
14203.7,-6028.07,269.248
14207.9,-6029.87,271.075
14212.1,-6031.67,272.906
14216.4,-6033.47,274.765
14220.6,-6035.27,276.583
14224.8,-6037.07,278.399
14229.1,-6038.87,280.214
14233.3,-6040.67,281.994
14237.5,-6042.47,283.775
14241.7,-6044.27,285.576
14246,-6046.07,287.36
14250.2,-6047.87,289.152
14254.4,-6049.67,290.941
14258.6,-6051.47,292.732
14262.8,-6053.27,294.52
14267,-6055.07,296.318
14271.2,-6056.87,298.117
14275.5,-6058.67,299.915
14279.7,-6060.47,301.737
14283.9,-6062.27,303.557
14288.1,-6064.06,305.377
14292.3,-6065.86,307.199
14296.5,-6067.66,309.006
14300.7,-6069.46,310.816
14305,-6071.26,312.623
14309.2,-6073.06,314.443
14313.4,-6074.86,316.26
14317.6,-6076.66,318.077
14321.8,-6078.46,319.895
14326,-6080.26,321.711
14330.2,-6082.06,323.528
14334.5,-6083.86,325.343
14338.7,-6085.66,327.14
14342.9,-6087.46,328.946
14347.1,-6089.26,330.743
14351.3,-6091.06,332.541
14355.6,-6092.86,334.328
14359.8,-6094.66,336.117
14364,-6096.46,337.903
14368.2,-6098.26,339.684
14372.4,-6100.06,341.467
14376.6,-6101.86,343.246
14380.8,-6103.66,345.026
14385,-6105.46,346.797
14389.3,-6107.26,348.567
14393.5,-6109.06,350.33
14397.7,-6110.86,352.086
14401.9,-6112.66,353.841
14406.1,-6114.46,355.564
14410.3,-6116.26,357.199
14414.5,-6118.06,358.432
14418.8,-6119.86,358.107
14423,-6121.66,356.632
14427.2,-6123.46,354.941
14434,-6125.26,352.114
14438.4,-6127.06,350.227
14442.6,-6128.86,348.424
14446.9,-6130.66,346.665
14451.5,-6132.46,344.79
14455.9,-6134.26,342.929
14460.3,-6136.06,341.379
14464.5,-6137.86,339.881
14468.7,-6139.66,338.381
14472.9,-6141.46,336.884
14477.2,-6143.26,335.212
14481.4,-6145.06,333.537
14485.6,-6146.86,331.867
14490,-6148.66,329.915
14494.2,-6150.46,328.019
14498.4,-6152.26,326.125
14502.6,-6154.06,324.234
14506.8,-6155.85,322.449
14511,-6157.65,320.662
14515.3,-6159.45,318.878
14519.5,-6161.25,317.116
14523.7,-6163.05,315.358
14527.9,-6164.85,313.6
14532.1,-6166.65,311.842
14536.3,-6168.45,310.027
14540.5,-6170.25,308.208
14544.8,-6172.05,306.392
14549,-6173.85,304.562
14553.2,-6175.65,302.735
14557.4,-6177.45,300.906
14561.6,-6179.25,299.075
14565.8,-6181.05,297.29
14570.1,-6182.85,295.494
14574.3,-6184.65,293.711
14578.5,-6186.45,291.928
14582.7,-6188.25,290.148
14586.9,-6190.05,288.369
14591.2,-6191.85,286.588
14595.4,-6193.65,284.789
14599.6,-6195.45,282.988
14603.8,-6197.25,281.19
14608,-6199.05,279.391
14612.2,-6200.85,277.605
14616.5,-6202.65,275.824
14620.7,-6204.45,274.041
14624.9,-6206.25,272.265
14629.1,-6208.05,270.483
14633.3,-6209.85,268.706
14637.5,-6211.65,266.928
14641.8,-6213.45,265.108
14646,-6215.25,263.304
14650.2,-6217.05,261.498
14654.4,-6218.85,259.7
14658.6,-6220.65,257.901
14662.9,-6222.45,256.104
14667.1,-6224.25,254.308
14671.3,-6226.05,252.497
14675.5,-6227.85,250.689
14679.7,-6229.65,248.879
14683.9,-6231.45,247.053
14688.1,-6233.25,245.225
14692.4,-6235.05,243.397
14696.6,-6236.85,241.571
14700.8,-6238.65,239.759
14705,-6240.45,237.949
14709.2,-6242.25,236.138
14713.4,-6244.05,234.329
14717.6,-6245.85,232.528
14721.9,-6247.65,230.726
14726.1,-6249.44,228.924
14730.3,-6251.24,227.13
14734.5,-6253.04,225.339
14738.7,-6254.84,223.547
14742.9,-6256.64,221.756
14747.1,-6258.44,219.972
14751.4,-6260.24,218.187
14755.6,-6262.04,216.404
14759.8,-6263.84,214.621
14764,-6265.64,212.842
14768.2,-6267.44,211.061
14772.4,-6269.24,209.278
14776.6,-6271.04,207.479
14780.9,-6272.84,205.677
14785.1,-6274.64,203.878
14789.3,-6276.44,202.061
14793.5,-6278.24,200.247
14797.7,-6280.04,198.432
14801.9,-6281.84,196.616
14806.1,-6283.64,194.792
14810.4,-6285.44,192.968
14814.6,-6287.24,191.145
14818.8,-6289.04,189.32
14823,-6290.84,187.49
14827.2,-6292.64,185.659
14831.4,-6294.44,183.826
14835.6,-6296.24,182.006
14839.8,-6298.04,180.184
14844.1,-6299.84,178.365
14848.3,-6301.64,176.543
14852.5,-6303.44,174.738
14856.7,-6305.24,172.933
14860.9,-6307.04,171.127
14865.2,-6308.84,169.341
14869.4,-6310.64,167.552
14873.6,-6312.44,165.767
14877.8,-6314.24,163.979
14882,-6316.04,162.187
14886.2,-6317.84,160.394
14890.4,-6319.64,158.6
14894.7,-6321.44,156.811
14898.9,-6323.24,155.021
14903.1,-6325.04,153.233
14907.3,-6326.84,151.444
14911.5,-6328.64,149.635
14915.7,-6330.44,147.829
14920,-6332.24,145.991
14924.2,-6334.04,144.162
14928.4,-6335.84,142.333
14932.6,-6337.64,140.507
14936.9,-6339.44,138.68
14941.1,-6341.23,136.855
14945.3,-6343.03,135.033
14949.5,-6344.83,133.207
14953.7,-6346.63,131.386
14957.9,-6348.43,129.553
14962.1,-6350.23,127.718
14966.4,-6352.03,125.887
14970.6,-6353.83,124.075
14974.8,-6355.63,122.266
14979,-6357.43,120.454
14983.2,-6359.23,118.646
14987.4,-6361.03,116.844
14991.6,-6362.83,115.042
14995.9,-6364.63,113.24
15000.1,-6366.43,111.441
15004.3,-6368.23,109.644
15008.5,-6370.03,107.843
15012.7,-6371.83,106.046
15016.9,-6373.63,104.246
15021.1,-6375.43,102.443
15025.3,-6377.23,100.642
15029.6,-6379.03,98.8386
15033.8,-6380.83,97.0387
15038,-6382.63,95.2383
15042.2,-6384.43,93.4342
15046.4,-6386.23,91.6294
15050.6,-6388.03,89.8217
15054.8,-6389.83,88.0173
15059.1,-6391.63,86.2001
15063.3,-6393.43,84.3867
15067.5,-6395.23,82.5712
15071.7,-6397.03,80.7536
15075.9,-6398.83,78.9338
15080.1,-6400.63,77.112
15084.3,-6402.43,75.2927
15088.6,-6404.23,73.4704
15092.8,-6406.03,71.6508
15097,-6407.83,69.829
15101.2,-6409.63,68.006
15105.4,-6411.43,66.1877
15109.6,-6413.23,64.3682
15113.8,-6415.03,62.5499
15118,-6416.83,60.7322
15122.3,-6418.63,58.9128
15126.5,-6420.43,57.0938
15130.7,-6422.23,55.2745
15134.9,-6424.03,53.4696
15139.1,-6425.83,51.6635
15143.3,-6427.63,49.8594
15147.5,-6429.43,48.0551
15151.8,-6431.23,46.2593
15156,-6433.02,44.4623
15160.2,-6434.82,42.6667
15164.4,-6436.62,40.8724
15168.6,-6438.42,39.0839
15172.8,-6440.22,37.298
15177.1,-6442.02,35.5118
15181.3,-6443.82,33.7267
15185.5,-6445.62,31.9422
15189.7,-6447.42,30.1565
15193.9,-6449.22,28.3739
15198.1,-6451.02,26.5825
15202.3,-6452.82,24.7884
15206.6,-6454.62,22.9977
15210.8,-6456.42,21.1908
15215,-6458.22,19.3867
15219.2,-6460.02,17.5813
15223.4,-6461.82,15.78
15227.6,-6463.62,13.9729
15231.8,-6465.42,12.1653
15236,-6467.22,10.3646
15240.3,-6469.02,8.56946
15244.5,-6470.82,6.78965
15248.7,-6472.62,5.03103
15252.9,-6474.42,3.33671
15257.1,-6476.22,1.88589
15261.3,-6478.02,1.56669
15265.5,-6479.82,2.79855
15269.8,-6481.62,4.4407
15274,-6483.42,6.15658
15280.7,-6485.22,8.94529
15285.1,-6487.02,10.7638
15289.3,-6488.82,12.5262
15293.6,-6490.62,14.303
15298.1,-6492.42,16.1983
15302.6,-6494.22,17.7884
15307,-6496.02,19.3361
15311.2,-6497.82,20.8376
15315.4,-6499.62,22.3706
15319.6,-6501.42,23.9056
15323.8,-6503.22,25.4405
15328.1,-6505.02,26.9767
15332.3,-6506.82,28.9096
15336.5,-6508.62,30.8393
15340.7,-6510.42,32.7716
15344.9,-6512.22,34.6144
15349.2,-6514.02,36.4619
15353.4,-6515.82,38.3066
15357.6,-6517.62,40.1512
15361.8,-6519.42,41.9002
15366,-6521.22,43.6481
15370.2,-6523.02,45.3968
15374.4,-6524.81,47.177
15378.7,-6526.61,48.9601
15382.9,-6528.41,50.7395
15387.1,-6530.21,52.5207
15391.3,-6532.01,54.3267
15395.5,-6533.81,56.1318
15399.7,-6535.61,57.9379
15403.9,-6537.41,59.7423
15408.1,-6539.21,61.5183
15412.4,-6541.01,63.2943
15416.6,-6542.81,65.0696
15420.8,-6544.61,66.8379
15425,-6546.41,68.6061
15429.2,-6548.21,70.3745
15433.4,-6550.01,72.1412
15437.6,-6551.81,73.9491
15441.9,-6553.61,75.7587
15446.1,-6555.41,77.5674
15450.3,-6557.21,79.3756
15454.5,-6559.01,81.1804
15458.7,-6560.81,82.9877
15462.9,-6562.61,84.7909
15467.2,-6564.41,86.5915
15471.4,-6566.21,88.3937
15475.6,-6568.01,90.1927
15479.8,-6569.81,92.0223
15484,-6571.61,93.8486
15488.2,-6573.41,95.6749
15492.4,-6575.21,97.5037
15496.7,-6577.01,99.3086
15500.9,-6578.81,101.115
15505.1,-6580.61,102.919
15509.3,-6582.41,104.713
15513.5,-6584.21,106.505
15517.7,-6586.01,108.297
15521.9,-6587.81,110.092
15526.2,-6589.61,111.884
15530.4,-6591.41,113.678
15534.6,-6593.21,115.47
15538.8,-6595.01,117.263
15543,-6596.81,119.038
15547.2,-6598.61,120.812
15551.4,-6600.41,122.591
15555.7,-6602.21,124.37
15559.9,-6604.01,126.153
15564.1,-6605.81,127.932
15568.3,-6607.61,129.726
15572.5,-6609.41,131.524
15576.7,-6611.21,133.322
15581,-6613.01,135.123
15585.2,-6614.81,136.932
15589.4,-6616.6,138.745
15593.6,-6618.4,140.554
15597.8,-6620.2,142.363
15602,-6622,144.188
15606.2,-6623.8,146.016
15610.5,-6625.6,147.84
15614.7,-6627.4,149.664
15618.9,-6629.2,151.49
15623.2,-6631,153.342
15627.4,-6632.8,155.165
15631.6,-6634.6,156.98
15635.8,-6636.4,158.792
15640,-6638.2,160.606
15644.2,-6640,162.418
15648.5,-6641.8,164.21
15652.7,-6643.6,166
15656.9,-6645.4,167.79
15661.1,-6647.2,169.585
15665.3,-6649,171.377
15671.3,-6650.8,173.922
15675.6,-6652.6,175.771
15679.9,-6654.4,177.564
15684.1,-6656.2,179.347
15688.3,-6658,181.149
15692.5,-6659.8,182.542
15696.7,-6661.6,183.934
15700.9,-6663.4,185.329
15705.1,-6665.2,186.722
15709.4,-6667,188.632
15713.6,-6668.8,190.54
15717.8,-6670.6,192.449
15722,-6672.4,194.347
15726.2,-6674.2,196.242
15730.4,-6676,198.137
15734.6,-6677.8,199.923
15738.9,-6679.6,201.714
15743.1,-6681.4,203.501
15747.3,-6683.2,205.289
15751.5,-6685,207.106
15755.7,-6686.8,208.919
15759.9,-6688.6,210.733
15764.2,-6690.4,212.545
15768.4,-6692.2,214.351
15772.6,-6694,216.156
15776.8,-6695.8,217.96
15781,-6697.6,219.755
15785.2,-6699.4,221.549
15789.4,-6701.2,223.345
15793.7,-6703,225.138
15797.9,-6704.8,226.908
15802.1,-6706.6,228.68
15806.3,-6708.4,230.449
15810.5,-6710.19,232.259
15814.7,-6711.99,234.069
15818.9,-6713.79,235.881
15823.2,-6715.59,237.689
15827.4,-6717.39,239.506
15831.6,-6719.19,241.326
15835.8,-6720.99,243.143
15840,-6722.79,244.949
15844.3,-6724.59,246.768
15848.5,-6726.39,248.575
15852.7,-6728.19,250.381
15856.9,-6729.99,252.221
15861.1,-6731.79,254.063
15865.3,-6733.59,255.902
15869.6,-6735.39,257.744
15873.8,-6737.19,259.57
15878,-6738.99,261.398
15882.2,-6740.79,263.229
15886.4,-6742.59,265.037
15890.6,-6744.39,266.846
15894.8,-6746.19,268.654
15899.1,-6747.99,270.464
15903.3,-6749.79,272.273
15907.5,-6751.59,274.082
15911.7,-6753.39,275.892
15915.9,-6755.19,277.693
15920.1,-6756.99,279.495
15924.3,-6758.79,281.296
15928.6,-6760.59,283.097
15932.8,-6762.39,284.888
15937,-6764.19,286.679
15941.2,-6765.99,288.474
15945.4,-6767.79,290.263
15949.6,-6769.59,292.057
15953.8,-6771.39,293.848
15958.1,-6773.19,295.639
15962.3,-6774.99,297.436
15966.5,-6776.79,299.229
15970.7,-6778.59,301.024
15974.9,-6780.39,302.817
15979.1,-6782.19,304.617
15983.3,-6783.99,306.414
15987.6,-6785.79,308.212
15991.8,-6787.59,310.026
15996,-6789.39,311.836
16000.2,-6791.19,313.65
16004.4,-6792.99,315.462
16008.6,-6794.79,317.285
16012.8,-6796.59,319.105
16017.1,-6798.39,320.926
16021.3,-6800.19,322.742
16025.5,-6801.98,324.556
16029.7,-6803.78,326.371
16033.9,-6805.58,328.183
16038.1,-6807.38,329.987
16042.3,-6809.18,331.791
16046.6,-6810.98,333.594
16050.8,-6812.78,335.392
16055,-6814.58,337.186
16059.2,-6816.38,338.981
16063.4,-6818.18,340.773
16067.6,-6819.98,342.553
16071.8,-6821.78,344.334
16076.1,-6823.58,346.112
16080.3,-6825.38,347.878
16084.5,-6827.18,349.638
16088.7,-6828.98,351.393
16092.9,-6830.78,353.134
16097.1,-6832.58,354.855
16101.3,-6834.38,356.517
16105.5,-6836.18,357.955
16109.8,-6837.98,358.393
16114,-6839.78,357.275
16118.3,-6841.58,355.638
16122.5,-6843.38,353.915
16127.3,-6845.18,351.918
16131.7,-6846.98,350.061
16135.9,-6848.78,348.265
16140.4,-6850.58,346.447
16144.7,-6852.38,344.676
16149.2,-6854.18,342.818
16153.7,-6855.98,341
16158,-6857.78,339.251
16162.2,-6859.58,337.548
16166.4,-6861.38,335.848
16170.7,-6863.18,334.137
16174.9,-6864.98,332.427
16179.1,-6866.78,330.716
16183.3,-6868.58,329.008
16187.7,-6870.38,327.095
16191.9,-6872.18,325.264
16196.1,-6873.98,323.438
16200.4,-6875.78,321.683
16204.6,-6877.58,319.929
16208.8,-6879.38,318.175
16213,-6881.18,316.424
16217.2,-6882.98,314.673
16221.4,-6884.78,312.919
16225.7,-6886.58,311.168
16229.9,-6888.38,309.335
16234.1,-6890.18,307.489
16238.3,-6891.98,305.655
16242.6,-6893.77,303.824
16247,-6895.57,301.915
16251.3,-6897.37,300.088
16255.5,-6899.17,298.277
16259.7,-6900.97,296.467
16264.2,-6902.77,294.579
16268.4,-6904.57,292.809
16272.6,-6906.37,291.043
16276.8,-6908.17,289.314
16281.1,-6909.97,287.583
16285.3,-6911.77,285.854
16289.5,-6913.57,284.123
16293.7,-6915.37,282.298
16297.9,-6917.17,280.473
16302.1,-6918.97,278.646
16306.3,-6920.77,276.853
16310.6,-6922.57,275.059
16314.8,-6924.37,273.268
16319,-6926.17,271.476
16323.2,-6927.97,269.699
16327.4,-6929.77,267.919
16331.6,-6931.57,266.14
16335.9,-6933.37,264.325
16340.1,-6935.17,262.532
16344.4,-6936.97,260.743
16348.6,-6938.77,258.943
16352.8,-6940.57,257.156
16357.1,-6942.37,255.38
16361.3,-6944.17,253.603
16365.5,-6945.97,251.829
16369.7,-6947.77,250.036
16373.9,-6949.57,248.245
16378.1,-6951.37,246.454
16382.4,-6953.17,244.631
16386.6,-6954.97,242.81
16390.8,-6956.77,240.987
16395,-6958.57,239.162
16399.2,-6960.37,237.334
16403.4,-6962.17,235.508
16407.7,-6963.97,233.682
16412.1,-6965.77,231.772
16416.3,-6967.57,229.955
16420.5,-6969.37,228.137
16424.7,-6971.17,226.322
16428.9,-6972.97,224.547
16433.2,-6974.77,222.773
16437.4,-6976.57,220.999
16441.6,-6978.37,219.206
16445.8,-6980.17,217.414
16450.1,-6981.97,215.599
16454.3,-6983.77,213.807
16458.5,-6985.56,212.01
16462.7,-6987.36,210.215
16466.9,-6989.16,208.419
16471.2,-6990.96,206.65
16475.4,-6992.76,204.881
16479.6,-6994.56,203.112
16483.8,-6996.36,201.345
16488,-6998.16,199.549
16492.2,-6999.96,197.749
16496.5,-7001.76,195.949
16500.8,-7003.56,194.094
16505,-7005.36,192.278
16509.2,-7007.16,190.461
16513.4,-7008.96,188.649
16517.6,-7010.76,186.834
16521.8,-7012.56,185.017
16526.1,-7014.36,183.202
16530.3,-7016.16,181.368
16534.5,-7017.96,179.536
16538.7,-7019.76,177.704
16542.9,-7021.56,175.872
16547.1,-7023.36,174.049
16551.4,-7025.16,172.203
16555.6,-7026.96,170.38
16560,-7028.76,168.511
16564.2,-7030.56,166.717
16568.4,-7032.36,164.923
16572.7,-7034.16,163.13
16576.9,-7035.96,161.398
16581.1,-7037.76,159.663
16585.3,-7039.56,157.931
16589.5,-7041.36,156.198
16593.7,-7043.16,154.403
16597.9,-7044.96,152.607
16602.2,-7046.76,150.811
16606.4,-7048.56,149.01
16610.6,-7050.36,147.208
16614.8,-7052.16,145.408
16619,-7053.96,143.607
16623.2,-7055.76,141.791
16627.4,-7057.56,139.973
16631.7,-7059.36,138.154
16635.9,-7061.16,136.322
16640.1,-7062.96,134.486
16644.3,-7064.76,132.652
16648.5,-7066.56,130.817
16652.9,-7068.36,128.928
16657.1,-7070.16,127.087
16661.3,-7071.96,125.244
16665.5,-7073.76,123.437
16669.7,-7075.56,121.629
16673.9,-7077.35,119.822
16678.2,-7079.15,118.016
16682.4,-7080.95,116.209
16686.6,-7082.75,114.402
16690.8,-7084.55,112.593
16695,-7086.35,110.789
16699.2,-7088.15,108.988
16703.4,-7089.95,107.188
16707.7,-7091.75,105.389
16712.1,-7093.55,103.508
16716.3,-7095.35,101.715
16720.5,-7097.15,99.9228
16724.7,-7098.95,98.1312
16728.9,-7100.75,96.3701
16733.2,-7102.55,94.6107
16737.4,-7104.35,92.8512
16741.6,-7106.15,91.0534
16745.8,-7107.95,89.2572
16750,-7109.75,87.4585
16754.3,-7111.55,85.6415
16758.7,-7113.35,83.7364
16762.9,-7115.15,81.9196
16767.1,-7116.95,80.1037
16771.4,-7118.75,78.316
16775.6,-7120.55,76.53
16779.8,-7122.35,74.7424
16784,-7124.15,72.958
16788.2,-7125.95,71.1427
16792.4,-7127.75,69.3232
16796.6,-7129.55,67.5072
16800.9,-7131.35,65.6718
16805.1,-7133.15,63.8372
16809.3,-7134.95,62.0027
16813.5,-7136.75,60.1708
16818,-7138.55,58.253
16822.2,-7140.35,56.4328
16826.4,-7142.15,54.6162
16830.6,-7143.95,52.8373
16834.8,-7145.75,51.0617
16839,-7147.55,49.2845
16843.3,-7149.35,47.5115
16847.5,-7151.15,45.7072
16851.8,-7152.95,43.9087
16856,-7154.75,42.1162
16860.2,-7156.55,40.3236
16864.4,-7158.35,38.5328
16868.7,-7160.15,36.7412
16872.9,-7161.95,34.953
16877.3,-7163.75,33.0813
16881.6,-7165.55,31.3074
16885.8,-7167.35,29.5378
16890,-7169.15,27.7652
16894.2,-7170.94,26.0067
16898.4,-7172.74,24.2493
16902.6,-7174.54,22.4954
16906.9,-7176.34,20.7017
16911.1,-7178.14,18.9078
16915.3,-7179.94,17.1175
16919.5,-7181.74,15.327
16923.7,-7183.54,13.5001
16927.9,-7185.34,11.6746
16932.1,-7187.14,9.85361
16936.4,-7188.94,8.0581
16940.6,-7190.74,6.27512
16944.8,-7192.54,4.52833
16949,-7194.34,2.87444
16953.2,-7196.14,1.63705
16957.5,-7197.94,1.92248
16961.7,-7199.74,3.35566
16966,-7201.54,5.05727
16970.2,-7203.34,6.78584
16974.5,-7205.14,8.54062
16978.8,-7206.94,10.3513
16983.1,-7208.74,12.1168
16987.3,-7210.54,13.8639
16991.6,-7212.34,15.6371
16996.4,-7214.14,17.6108
17000.7,-7215.94,19.3965
17004.9,-7217.74,21.1318
17009.2,-7219.54,22.8695
17013.4,-7221.34,24.5167
17017.6,-7223.14,26.1661
17021.8,-7224.94,27.815
17026,-7226.74,29.6161
17030.2,-7228.54,31.4198
17034.5,-7230.34,33.2221
17038.7,-7232.14,35.0495
17043,-7233.94,36.8999
17047.2,-7235.74,38.7548
17051.5,-7237.54,40.6451
17055.7,-7239.34,42.5054
17060,-7241.14,44.3185
17064.3,-7242.94,46.1724
17068.6,-7244.74,47.974
17072.8,-7246.54,49.7507
17077,-7248.34,51.5266
17081.2,-7250.14,53.3026
17085.4,-7251.94,55.0761
17089.9,-7253.74,56.9823
17094.2,-7255.54,58.7694
17098.4,-7257.34,60.5557
17102.6,-7259.14,62.2949
17106.8,-7260.94,64.0374
17111,-7262.73,65.7791
17115.2,-7264.53,67.5192
17119.5,-7266.33,69.2883
17123.7,-7268.13,71.0558
17127.9,-7269.93,72.8234
17132.1,-7271.73,74.6251
17136.3,-7273.53,76.4243
17140.6,-7275.33,78.2235
17144.8,-7277.13,80.0211
17149.1,-7278.93,81.8506
17153.3,-7280.73,83.6536
17157.5,-7282.53,85.4434
17161.8,-7284.33,87.2573
17166,-7286.13,89.0504
17170.2,-7287.93,90.8469
17174.6,-7289.73,92.6832
17178.9,-7291.53,94.5184
17183.1,-7293.33,96.321
17187.3,-7295.13,98.122
17191.6,-7296.93,99.9592
17195.9,-7298.73,101.74
17200.1,-7300.53,103.526
17204.3,-7302.33,105.306
17208.5,-7304.13,107.097
17212.7,-7305.93,108.886
17216.9,-7307.73,110.673
17221.2,-7309.53,112.474
17225.4,-7311.33,114.271
17229.6,-7313.13,116.069
17233.8,-7314.93,117.864
17238,-7316.73,119.654
17242.2,-7318.53,121.446
17246.5,-7320.33,123.235
17250.9,-7322.13,125.102
17255.1,-7323.93,126.889
17259.4,-7325.73,128.664
17263.6,-7327.53,130.45
17268.1,-7329.33,132.284
17272.3,-7331.13,134.011
17276.5,-7332.93,135.734
17280.7,-7334.73,137.46
17284.9,-7336.53,139.221
17289.2,-7338.33,140.984
17293.4,-7340.13,142.743
17297.6,-7341.93,144.567
17301.8,-7343.73,146.393
17306,-7345.53,148.217
17310.2,-7347.33,150.06
17314.5,-7349.13,151.902
17318.7,-7350.93,153.744
17322.9,-7352.73,155.583
17327.1,-7354.52,157.391
17331.3,-7356.32,159.2
17335.5,-7358.12,161.006
17339.8,-7359.92,162.814
17344,-7361.72,164.623
17348.2,-7363.52,166.437
17352.4,-7365.32,168.26
17356.7,-7367.12,170.059
17360.9,-7368.92,171.858
17365.1,-7370.72,173.666
17369.3,-7372.52,175.463
17373.5,-7374.32,177.247
17377.8,-7376.12,179.03
17382,-7377.92,180.816
17386.2,-7379.72,182.602
17390.4,-7381.52,184.387
17394.6,-7383.32,186.168
17398.8,-7385.12,187.952
17403.1,-7386.92,189.745
17407.3,-7388.72,191.541
17411.5,-7390.52,193.335
17415.7,-7392.32,195.129
17419.9,-7394.12,196.951
17424.1,-7395.92,198.773
17428.4,-7397.72,200.594
17432.6,-7399.52,202.425
17436.8,-7401.32,204.257
17441,-7403.12,206.089
17445.2,-7404.92,207.919
17449.4,-7406.72,209.763
17453.7,-7408.52,211.615
17457.9,-7410.32,213.457
17462.1,-7412.12,215.28
17466.3,-7413.92,217.101
17470.5,-7415.72,218.922
17474.8,-7417.52,220.742
17479,-7419.32,222.543
17483.2,-7421.12,224.344
17487.4,-7422.92,226.143
17491.6,-7424.72,227.932
17495.8,-7426.52,229.719
17500.1,-7428.32,231.506
17504.3,-7430.12,233.293
17508.5,-7431.92,235.081
17512.7,-7433.72,236.867
17516.9,-7435.52,238.653
17521.1,-7437.32,240.442
17525.3,-7439.12,242.231
17529.6,-7440.92,244.02
17533.8,-7442.72,245.807
17538,-7444.52,247.599
17542.2,-7446.31,249.396
17546.4,-7448.11,251.19
17550.9,-7449.91,253.107
17555.1,-7451.71,254.933
17559.3,-7453.51,256.747
17563.6,-7455.31,258.559
17567.8,-7457.11,260.331
17572,-7458.91,262.095
17576.2,-7460.71,263.858
17580.5,-7462.51,265.619
17584.7,-7464.31,267.453
17588.9,-7466.11,269.289
17593.1,-7467.91,271.122
17597.3,-7469.71,272.948
17601.5,-7471.51,274.774
17605.8,-7473.31,276.6
17610,-7475.11,278.426
17614.2,-7476.91,280.236
17618.4,-7478.71,282.047
17622.6,-7480.51,283.853
17626.8,-7482.31,285.651
17631.1,-7484.11,287.449
17635.3,-7485.91,289.244
17639.5,-7487.71,291.042
17643.7,-7489.51,292.838
17647.9,-7491.31,294.632
17652.2,-7493.11,296.439
17656.4,-7494.91,298.231
17660.6,-7496.71,300.02
17664.8,-7498.51,301.808
17669.1,-7500.31,303.607
17673.3,-7502.11,305.388
17677.5,-7503.91,307.169
17681.7,-7505.71,308.951
17685.9,-7507.51,310.732
17690.1,-7509.31,312.532
17694.4,-7511.11,314.33
17698.6,-7512.91,316.128
17703,-7514.71,318.015
17707.2,-7516.51,319.829
17711.4,-7518.31,321.645
17715.6,-7520.11,323.458
17719.8,-7521.91,325.254
17724,-7523.71,327.047
17728.3,-7525.51,328.868
17732.5,-7527.31,330.678
17736.8,-7529.11,332.486
17741,-7530.91,334.318
17745.2,-7532.71,336.123
17749.5,-7534.51,337.923
17753.7,-7536.31,339.731
17757.9,-7538.1,341.526
17762.2,-7539.9,343.305
17766.4,-7541.7,345.081
17770.6,-7543.5,346.864
17774.8,-7545.3,348.632
17779,-7547.1,350.392
17783.3,-7548.9,352.142
17787.5,-7550.7,353.874
17791.7,-7552.5,355.569
17795.9,-7554.3,357.156
17800.1,-7556.1,358.303
17804.3,-7557.9,358
17808.6,-7559.7,356.608
17812.9,-7561.5,354.927
17817.1,-7563.3,353.207
17821.3,-7565.1,351.441
17825.6,-7566.9,349.616
17829.9,-7568.7,347.797
17834.2,-7570.5,346.008
17838.5,-7572.3,344.185
17843,-7574.1,342.263
17847.3,-7575.9,340.422
17851.6,-7577.7,338.64
17855.8,-7579.5,336.849
17860.1,-7581.3,335.07
17864.3,-7583.1,333.296
17868.5,-7584.9,331.527
17872.8,-7586.7,329.741
17877,-7588.5,327.973
17881.3,-7590.3,326.121
17885.5,-7592.1,324.305
17889.7,-7593.9,322.489
17893.9,-7595.7,320.675
17898.1,-7597.5,318.93
17902.4,-7599.3,317.184
17906.6,-7601.1,315.441
17910.8,-7602.9,313.697
17915,-7604.7,311.926
17919.2,-7606.5,310.154
17923.4,-7608.3,308.384
17927.6,-7610.1,306.589
17931.9,-7611.9,304.792
17936.1,-7613.7,302.998
17940.3,-7615.5,301.201
17944.5,-7617.3,299.398
17948.7,-7619.1,297.59
17953,-7620.9,295.773
17957.2,-7622.7,293.961
17961.4,-7624.5,292.148
17965.6,-7626.3,290.338
17969.9,-7628.1,288.525
17974.1,-7629.9,286.713
17978.3,-7631.69,284.882
17982.5,-7633.49,283.067
17986.8,-7635.29,281.254
17991,-7637.09,279.43
17995.2,-7638.89,277.609
17999.4,-7640.69,275.785
18003.6,-7642.49,273.985
18007.8,-7644.29,272.184
18012.1,-7646.09,270.383
18016.3,-7647.89,268.583
18020.5,-7649.69,266.782
18024.7,-7651.49,264.984
18028.9,-7653.29,263.185
18033.3,-7655.09,261.316
18037.5,-7656.89,259.526
18041.8,-7658.69,257.736
18046,-7660.49,255.95
18050.2,-7662.29,254.197
18054.4,-7664.09,252.434
18058.7,-7665.89,250.682
18062.9,-7667.69,248.903
18067.1,-7669.49,247.121
18071.3,-7671.29,245.331
18075.6,-7673.09,243.552
18079.8,-7674.89,241.746
18084,-7676.69,239.941
18088.2,-7678.49,238.136
18092.4,-7680.29,236.331
18096.6,-7682.09,234.526
18100.9,-7683.89,232.721
18105.1,-7685.69,230.92
18109.3,-7687.49,229.096
18113.5,-7689.29,227.275
18117.7,-7691.09,225.454
18121.9,-7692.89,223.622
18126.2,-7694.69,221.781
18130.4,-7696.49,219.949
18134.6,-7698.29,218.121
18138.8,-7700.09,216.303
18143,-7701.89,214.489
18147.3,-7703.69,212.672
18151.5,-7705.49,210.864
18155.7,-7707.29,209.046
18159.9,-7709.09,207.239
18164.2,-7710.89,205.432
18168.4,-7712.69,203.646
18172.6,-7714.49,201.853
18176.8,-7716.29,200.069
18181.3,-7718.09,198.197
18185.5,-7719.89,196.411
18189.7,-7721.69,194.625
18193.9,-7723.48,192.842
18198.1,-7725.28,191.114
18202.3,-7727.08,189.385
18206.5,-7728.88,187.657
18210.8,-7730.68,185.928
18215,-7732.48,184.115
18219.2,-7734.28,182.298
18223.4,-7736.08,180.485
18227.6,-7737.88,178.647
18231.8,-7739.68,176.805
18236.1,-7741.48,174.967
18240.3,-7743.28,173.127
18244.5,-7745.08,171.269
18248.7,-7746.88,169.409
18252.9,-7748.68,167.553
18257.2,-7750.48,165.687
18261.4,-7752.28,163.831
18265.6,-7754.08,161.977
18269.8,-7755.88,160.123
18274.1,-7757.68,158.259
18278.3,-7759.48,156.437
18282.6,-7761.28,154.619
18286.8,-7763.08,152.8
18291,-7764.88,151.015
18295.2,-7766.68,149.228
18299.4,-7768.48,147.441
18303.6,-7770.28,145.651
18307.9,-7772.08,143.86
18312.1,-7773.88,142.069
18316.3,-7775.68,140.279
18320.5,-7777.48,138.489
18324.7,-7779.28,136.701
18328.9,-7781.08,134.91
18333.2,-7782.88,133.125
18337.4,-7784.68,131.338
18341.6,-7786.48,129.55
18345.8,-7788.28,127.764
18350,-7790.08,125.96
18354.3,-7791.88,124.147
18358.5,-7793.68,122.344
18362.7,-7795.48,120.525
18366.9,-7797.28,118.706
18371.1,-7799.08,116.884
18375.4,-7800.88,115.055
18379.6,-7802.68,113.221
18383.8,-7804.48,111.389
18388,-7806.28,109.557
18392.2,-7808.08,107.735
18396.4,-7809.88,105.911
18400.7,-7811.68,104.09
18404.9,-7813.48,102.27
18409.1,-7815.27,100.458
18413.3,-7817.07,98.6463
18417.5,-7818.87,96.8356
18421.7,-7820.67,95.0232
18426,-7822.47,93.2208
18430.2,-7824.27,91.4167
18434.4,-7826.07,89.6151
18438.6,-7827.87,87.817
18442.8,-7829.67,86.0205
18447,-7831.47,84.2249
18451.3,-7833.27,82.4034
18455.6,-7835.07,80.5994
18459.8,-7836.87,78.8045
18464,-7838.67,77.0121
18468.2,-7840.47,75.2421
18472.4,-7842.27,73.4688
18476.7,-7844.07,71.689
18480.9,-7845.87,69.9166
18485.1,-7847.67,68.1167
18489.3,-7849.47,66.3143
18493.5,-7851.27,64.5145
18497.7,-7853.07,62.7085
18502,-7854.87,60.9009
18506.2,-7856.67,59.095
18510.4,-7858.47,57.2883
18514.6,-7860.27,55.467
18518.8,-7862.07,53.6441
18523,-7863.87,51.8255
18527.2,-7865.67,50.0044
18531.5,-7867.47,48.1792
18535.7,-7869.27,46.3566
18539.9,-7871.07,44.5333
18544.1,-7872.87,42.7196
18548.3,-7874.67,40.9044
18552.5,-7876.47,39.0902
18556.8,-7878.27,37.2644
18561,-7880.07,35.4617
18565.2,-7881.87,33.6593
18569.4,-7883.67,31.8571
18573.7,-7885.47,30.075
18577.9,-7887.27,28.2817
18582.1,-7889.07,26.4971
18586.3,-7890.87,24.7163
18590.5,-7892.67,22.9284
18594.8,-7894.47,21.1438
18599,-7896.27,19.3594
18603.2,-7898.07,17.5885
18607.4,-7899.87,15.8193
18611.6,-7901.67,14.0515
18615.8,-7903.47,12.2875
18620.1,-7905.27,10.5179
18624.3,-7907.06,8.75684
18628.5,-7908.86,7.0103
18632.7,-7910.66,5.27624
18636.9,-7912.46,3.61074
18641.1,-7914.26,2.17681
18645.3,-7916.06,1.71641
18649.8,-7917.86,2.8807
18654.1,-7919.66,4.50024
18658.6,-7921.46,6.35671
18662.8,-7923.26,8.09921
18669.4,-7925.06,10.8415
18673.8,-7926.86,12.6897
18678.1,-7928.66,14.493
18683.7,-7930.46,16.7604
18688.3,-7932.26,18.6819
18692.6,-7934.06,20.1754
18696.9,-7935.86,21.6248
18701.1,-7937.66,23.0728
18705.3,-7939.46,24.5181
18709.5,-7941.26,26.1801
18713.7,-7943.06,27.8414
18718,-7944.86,29.5044
18722.2,-7946.66,31.4476
18726.4,-7948.46,33.3907
18730.6,-7950.26,35.3334
18734.8,-7952.06,37.2748
18739,-7953.86,39.0698
18743.3,-7955.66,40.8634
18747.5,-7957.46,42.6564
18751.8,-7959.26,44.5142
18756.1,-7961.06,46.3033
18760.3,-7962.86,48.0818
18764.5,-7964.66,49.8578
18768.7,-7966.46,51.6296
18773,-7968.26,53.3998
18777.2,-7970.06,55.1677
18781.4,-7971.86,56.9553
18785.6,-7973.66,58.7682
18789.9,-7975.46,60.5845
18794.1,-7977.26,62.3975
18798.3,-7979.06,64.1774
18802.5,-7980.86,65.9425
18806.8,-7982.66,67.7069
18811,-7984.46,69.473
18815.2,-7986.26,71.2447
18819.4,-7988.06,73.0189
18823.6,-7989.86,74.7914
18828.1,-7991.66,76.6868
18832.3,-7993.46,78.5155
18836.5,-7995.26,80.3191
18840.8,-7997.06,82.1203
18845,-7998.85,83.8461
18849.2,-8000.65,85.5783
18853.4,-8002.45,87.3058
18857.7,-8004.25,89.1236
18861.9,-8006.05,90.9296
18866.1,-8007.85,92.734
18870.3,-8009.65,94.5417
18874.5,-8011.45,96.3789
18878.7,-8013.25,98.2204
18883,-8015.05,100.077
18887.3,-8016.85,101.912
18891.5,-8018.65,103.727
18895.7,-8020.45,105.541
18899.9,-8022.25,107.355
18904.1,-8024.05,109.138
18908.3,-8025.85,110.922
18912.6,-8027.65,112.704
18916.8,-8029.45,114.486
18921,-8031.25,116.303
18925.2,-8033.05,118.122
18929.4,-8034.85,119.944
18933.6,-8036.65,121.733
18937.9,-8038.45,123.523
18942.1,-8040.25,125.312
18946.5,-8042.05,127.182
18950.7,-8043.85,128.967
18955,-8045.65,130.757
18959.2,-8047.45,132.536
18963.4,-8049.25,134.261
18967.6,-8051.05,135.989
18971.8,-8052.85,137.721
18976,-8054.65,139.448
18980.3,-8056.45,141.254
18984.5,-8058.25,143.069
18988.7,-8060.05,144.874
18992.9,-8061.85,146.693
18997.2,-8063.65,148.513
19001.4,-8065.45,150.339
19005.6,-8067.25,152.164
19010.6,-8069.05,154.311
19015.1,-8070.85,156.262
19019.6,-8072.65,158.184
19024,-8074.45,160.003
19028.5,-8076.25,161.86
19032.9,-8078.05,163.675
19037.4,-8079.85,165.435
19041.8,-8081.65,167.128
19046.3,-8083.45,168.863
19050.9,-8085.25,170.616
19055.5,-8087.05,172.502
19060.1,-8088.85,174.364
19066.3,-8090.65,176.924
19070.7,-8092.44,178.595
19075,-8094.24,180.197
19079.2,-8096.04,181.793
19083.5,-8097.84,183.162
19087.7,-8099.64,184.509
19091.9,-8101.44,185.857
19096.1,-8103.24,187.202
19100.3,-8105.04,189.174
19104.6,-8106.84,191.144
19108.8,-8108.64,193.114
19113,-8110.44,194.991
19117.2,-8112.24,196.87
19121.4,-8114.04,198.745
19125.6,-8115.84,200.621
19129.9,-8117.64,202.421
19134.1,-8119.44,204.234
19138.3,-8121.24,206.034
19142.5,-8123.04,207.813
19146.8,-8124.84,209.593
19151,-8126.64,211.399
19155.2,-8128.44,213.183
19159.5,-8130.24,215.003
19163.8,-8132.04,216.786
19168.1,-8133.84,218.584
19172.4,-8135.64,220.411
19176.6,-8137.44,222.162
19180.8,-8139.24,223.911
19185.1,-8141.04,225.661
19189.3,-8142.84,227.423
19193.6,-8144.64,229.158
19197.8,-8146.44,230.89
19202,-8148.24,232.622
19206.2,-8150.04,234.475
19210.4,-8151.84,236.326
19214.7,-8153.64,238.173
19218.9,-8155.44,239.999
19223.1,-8157.24,241.822
19227.3,-8159.04,243.648
19231.5,-8160.84,245.477
19235.7,-8162.64,247.303
19239.9,-8164.44,249.131
19244.2,-8166.24,250.973
19248.4,-8168.04,252.813
19252.6,-8169.84,254.651
19256.9,-8171.64,256.491
19261.1,-8173.44,258.328
19265.3,-8175.24,260.121
19269.5,-8177.04,261.912
19273.7,-8178.84,263.698
19278,-8180.64,265.51
19282.3,-8182.44,267.316
19286.5,-8184.23,269.106
19290.7,-8186.03,270.9
19295,-8187.83,272.713
19299.2,-8189.63,274.493
19303.4,-8191.43,276.269
19307.7,-8193.23,278.049
19311.9,-8195.03,279.82
19316.1,-8196.83,281.589
19320.3,-8198.63,283.354
19324.5,-8200.43,285.147
19328.8,-8202.23,286.944
19333,-8204.03,288.738
19337.3,-8205.83,290.576
19341.5,-8207.63,292.385
19345.7,-8209.43,294.191
19349.9,-8211.23,296
19354.1,-8213.03,297.811
19358.4,-8214.83,299.627
19362.6,-8216.63,301.431
19366.8,-8218.43,303.236
19371,-8220.23,305.057
19375.2,-8222.03,306.877
19379.5,-8223.83,308.696
19383.7,-8225.63,310.522
19387.9,-8227.43,312.347
19392.1,-8229.23,314.172
19396.3,-8231.03,315.995
19400.5,-8232.83,317.807
19404.8,-8234.63,319.618
19409,-8236.43,321.43
19413.2,-8238.23,323.222
19417.4,-8240.03,325.015
19421.6,-8241.83,326.808
19425.8,-8243.63,328.598
19430.1,-8245.43,330.396
19434.3,-8247.23,332.18
19438.5,-8249.03,333.965
19442.7,-8250.83,335.741
19446.9,-8252.63,337.516
19451.2,-8254.43,339.289
19455.4,-8256.23,341.061
19459.6,-8258.03,342.843
19463.8,-8259.83,344.607
19468.1,-8261.63,346.368
19472.3,-8263.43,348.125
19476.5,-8265.23,349.887
19480.7,-8267.03,351.638
19484.9,-8268.83,353.361
19489.3,-8270.63,355.132
19493.5,-8272.43,356.692
19497.8,-8274.23,357.816
19502,-8276.03,357.72
19506.2,-8277.83,356.518
19510.4,-8279.62,354.95
19514.9,-8281.42,353.153
19519.1,-8283.22,351.392
19525.7,-8285.02,348.616
19530.1,-8286.82,346.754
19534.3,-8288.62,344.999
19538.6,-8290.42,343.216
19543.2,-8292.22,341.309
19547.9,-8294.02,339.711
19552.3,-8295.82,338.21
19556.5,-8297.62,336.756
19560.7,-8299.42,335.31
19565.2,-8301.22,333.505
19569.4,-8303.02,331.772
19573.6,-8304.82,330.053
19578,-8306.62,328.121
19582.2,-8308.42,326.263
19586.5,-8310.22,324.406
19590.7,-8312.02,322.549
19594.9,-8313.82,320.79
19599.1,-8315.62,319.03
19603.3,-8317.42,317.272
19607.5,-8319.22,315.514
19611.8,-8321.02,313.706
19616,-8322.82,311.897
19620.2,-8324.62,310.089
19624.4,-8326.42,308.262
19628.6,-8328.22,306.433
19632.8,-8330.02,304.606
19637.1,-8331.82,302.78
19641.3,-8333.62,300.988
19645.5,-8335.42,299.189
19649.7,-8337.22,297.393
19654,-8339.02,295.631
19658.2,-8340.82,293.853
19662.6,-8342.62,292.08
19666.8,-8344.42,290.246
19671,-8346.22,288.46
19675.3,-8348.02,286.674
19679.5,-8349.82,284.887
19683.8,-8351.62,283.099
19688,-8353.42,281.341
19692.2,-8355.22,279.582
19696.4,-8357.02,277.826
19700.6,-8358.82,276.049
19704.9,-8360.62,274.272
19709.1,-8362.42,272.492
19713.3,-8364.22,270.676
19717.5,-8366.02,268.861
19721.7,-8367.82,267.048
19725.9,-8369.62,265.235
19730.2,-8371.42,263.41
19734.4,-8373.21,261.586
19738.6,-8375.01,259.764
19742.8,-8376.81,257.945
19747.3,-8378.61,256.023
19751.5,-8380.41,254.215
19755.7,-8382.21,252.408
19760,-8384.01,250.636
19764.2,-8385.81,248.876
19768.4,-8387.61,247.12
19772.6,-8389.41,245.325
19776.8,-8391.21,243.526
19781,-8393.01,241.725
19785.3,-8394.81,239.927
19789.6,-8396.61,238.094
19793.8,-8398.41,236.295
19798,-8400.21,234.498
19802.4,-8402.01,232.662
19806.6,-8403.81,230.899
19810.8,-8405.61,229.136
19815,-8407.41,227.376
19819.2,-8409.21,225.634
19823.5,-8411.01,223.893
19827.7,-8412.81,222.15
19831.9,-8414.61,220.407
19836.1,-8416.41,218.6
19840.3,-8418.21,216.79
19844.5,-8420.01,214.982
19848.8,-8421.81,213.162
19853,-8423.61,211.341
19857.2,-8425.41,209.512
19861.4,-8427.21,207.695
19865.7,-8429.01,205.875
19869.9,-8430.81,204.026
19874.2,-8432.61,202.204
19878.4,-8434.41,200.379
19882.6,-8436.21,198.557
19886.8,-8438.01,196.737
19891.1,-8439.81,194.907
19895.3,-8441.61,193.077
19899.5,-8443.41,191.264
19903.8,-8445.21,189.455
19908,-8447.01,187.648
19912.2,-8448.81,185.859
19916.4,-8450.61,184.07
19920.6,-8452.41,182.277
19924.8,-8454.21,180.49
19929.1,-8456.01,178.701
19933.3,-8457.81,176.916
19937.5,-8459.61,175.13
19941.7,-8461.41,173.343
19945.9,-8463.21,171.558
19950.1,-8465,169.772
19954.6,-8466.8,167.884
19958.8,-8468.6,166.084
19963,-8470.4,164.302
19967.2,-8472.2,162.515
19971.5,-8474,160.751
19975.7,-8475.8,158.99
19979.9,-8477.6,157.231
19984.2,-8479.4,155.386
19988.4,-8481.2,153.546
19992.6,-8483,151.706
19996.8,-8484.8,149.877
20001.1,-8486.6,148.034
20005.3,-8488.4,146.193
20009.5,-8490.2,144.35
20013.7,-8492,142.524
20017.9,-8493.8,140.697
20022.1,-8495.6,138.872
20026.4,-8497.4,137.047
20030.6,-8499.2,135.233
20034.8,-8501,133.418
20039,-8502.8,131.603
20043.3,-8504.6,129.794
20047.5,-8506.4,128.001
20051.7,-8508.2,126.208
20055.9,-8510,124.416
20060.1,-8511.8,122.63
20064.4,-8513.6,120.857
20068.6,-8515.4,119.084
20072.8,-8517.2,117.314
20077,-8519,115.535
20081.2,-8520.8,113.752
20085.4,-8522.6,111.973
20089.7,-8524.4,110.171
20093.9,-8526.2,108.362
20098.1,-8528,106.561
20102.3,-8529.8,104.76
20106.5,-8531.6,102.956
20110.8,-8533.4,101.15
20115,-8535.2,99.3455
20119.2,-8537,97.521
20123.4,-8538.8,95.7
20127.6,-8540.6,93.8789
20131.8,-8542.4,92.0562
20136.1,-8544.2,90.2196
20140.3,-8546,88.3856
20144.5,-8547.8,86.5541
20148.7,-8549.6,84.7209
20152.9,-8551.4,82.9004
20157.2,-8553.2,81.0749
20161.4,-8555,79.2367
20165.6,-8556.79,77.4271
20169.8,-8558.59,75.6183
20174.2,-8560.39,73.8004
20178.5,-8562.19,71.9168
20182.7,-8563.99,70.1235
20187,-8565.79,68.3353
20191.2,-8567.59,66.5463
20195.4,-8569.39,64.8124
20199.6,-8571.19,63.0737
20203.8,-8572.99,61.3391
20208,-8574.79,59.6046
20212.5,-8576.59,57.6948
20216.7,-8578.39,55.9028
20221,-8580.19,54.111
20225.2,-8581.99,52.3737
20229.4,-8583.79,50.634
20233.6,-8585.59,48.8976
20237.8,-8587.39,47.1605
20242,-8589.19,45.3605
20246.3,-8590.99,43.5606
20250.5,-8592.79,41.7626
20254.7,-8594.59,39.9409
20259,-8596.39,38.1035
20263.2,-8598.19,36.2807
20267.6,-8599.99,34.3623
20271.8,-8601.79,32.547
20276.1,-8603.59,30.7329
20280.3,-8605.39,28.9169
20284.5,-8607.19,27.1605
20288.7,-8608.99,25.4057
20292.9,-8610.79,23.6566
20297.1,-8612.59,21.9053
20301.4,-8614.39,20.1018
20305.6,-8616.19,18.3002
20309.8,-8617.99,16.503
20314,-8619.79,14.7136
20318.2,-8621.59,12.9288
20322.4,-8623.39,11.1501
20326.6,-8625.19,9.38354
20330.9,-8626.99,7.66391
20335.1,-8628.79,5.9777
20339.3,-8630.59,4.361
20343.5,-8632.39,2.93134
20347.7,-8634.19,2.11184
20351.9,-8635.99,2.5751
20356.1,-8637.79,3.8862
20360.4,-8639.59,5.48819
20364.9,-8641.39,7.28994
20369.1,-8643.19,9.01891
20377.6,-8644.99,12.5001
20382,-8646.79,14.3006
20386.2,-8648.58,16.0483
20395.5,-8650.38,19.2848
20399.9,-8652.18,20.8146
20404.1,-8653.98,22.0038
20408.3,-8655.78,23.2078
20412.6,-8657.58,24.3958
20416.8,-8659.38,25.5853
20421,-8661.18,26.956
20425.2,-8662.98,28.3276
20429.4,-8664.78,29.6993
20433.7,-8666.58,31.8027
20437.9,-8668.38,33.909
20442.1,-8670.18,36.0168
20446.3,-8671.98,38.1204
20450.5,-8673.78,39.9223
20454.7,-8675.58,41.7246
20459,-8677.38,43.5422
20463.2,-8679.18,45.2581
20467.4,-8680.98,46.974
20471.6,-8682.78,48.6899
20475.9,-8684.58,50.405
20480.2,-8686.38,52.2829
20484.4,-8688.18,54.1045
20488.6,-8689.98,55.9252
20492.8,-8691.78,57.7435
20497.1,-8693.58,59.5888
20501.3,-8695.38,61.4247
20505.5,-8697.18,63.2591
20509.7,-8698.98,64.9991
20514,-8700.78,66.7375
20518.2,-8702.58,68.4751
20522.4,-8704.38,70.2144
20526.6,-8706.18,71.9935
20530.8,-8707.98,73.7752
20535,-8709.78,75.5535
20539.3,-8711.58,77.3904
20543.5,-8713.38,79.224
20547.7,-8715.18,81.0584
20551.9,-8716.98,82.8937
20556.1,-8718.78,84.6609
20560.4,-8720.58,86.4436
20564.6,-8722.38,88.2132
20568.9,-8724.18,90.0434
20573.1,-8725.98,91.8362
20577.3,-8727.78,93.6323
20581.5,-8729.58,95.4317
20585.7,-8731.38,97.2653
20590,-8733.18,99.0997
20594.2,-8734.98,100.958
20598.5,-8736.78,102.806
20602.7,-8738.58,104.611
20606.9,-8740.38,106.417
20611.1,-8742.17,108.225
20615.3,-8743.97,110.021
20619.6,-8745.77,111.82
20623.8,-8747.57,113.615
20628.1,-8749.37,115.505
20632.3,-8751.17,117.336
20636.6,-8752.97,119.164
20640.8,-8754.77,120.993
20645,-8756.57,122.743
20649.2,-8758.37,124.497
20653.4,-8760.17,126.246
20657.6,-8761.97,127.997
20661.9,-8763.77,129.791
20666.1,-8765.57,131.575
20670.3,-8767.37,133.359
20674.5,-8769.17,135.146
20678.8,-8770.97,136.937
20683,-8772.77,138.725
20687.2,-8774.57,140.513
20691.4,-8776.37,142.307
20695.6,-8778.17,144.099
20699.9,-8779.97,145.905
20704.1,-8781.77,147.717
20708.4,-8783.57,149.556
20712.6,-8785.37,151.367
20716.8,-8787.17,153.179
20721,-8788.97,155.005
20725.2,-8790.77,156.83
20729.4,-8792.57,158.655
20733.6,-8794.37,160.477
20737.9,-8796.17,162.321
20742.1,-8797.97,164.168
20746.3,-8799.77,166.013
20750.5,-8801.57,167.828
20754.7,-8803.37,169.647
20759,-8805.17,171.473
20763.2,-8806.97,173.284
20767.4,-8808.77,175.093
20771.6,-8810.57,176.904
20775.8,-8812.37,178.714
20780.1,-8814.17,180.498
20784.3,-8815.97,182.279
20788.5,-8817.77,184.063
20792.7,-8819.57,185.844
20796.9,-8821.37,187.629
20801.2,-8823.17,189.426
20805.4,-8824.97,191.211
20809.6,-8826.77,193.004
20813.8,-8828.57,194.795
20818,-8830.37,196.583
20822.2,-8832.17,198.376
20826.4,-8833.96,200.18
20830.7,-8835.76,201.988
20834.9,-8837.56,203.792
20839.1,-8839.36,205.599
20843.3,-8841.16,207.417
20847.5,-8842.96,209.235
20851.7,-8844.76,211.053
20856,-8846.56,212.894
20860.2,-8848.36,214.75
20864.4,-8850.16,216.592
20868.9,-8851.96,218.528
20873.1,-8853.76,220.357
20877.3,-8855.56,222.185
20881.5,-8857.36,224.014
20885.7,-8859.16,225.766
20890,-8860.96,227.521
20894.2,-8862.76,229.276
20898.4,-8864.56,231.03
20902.6,-8866.36,232.862
20906.8,-8868.16,234.686
20911.1,-8869.96,236.512
20915.3,-8871.76,238.298
20919.5,-8873.56,240.087
20923.7,-8875.36,241.871
20927.9,-8877.16,243.657
20932.1,-8878.96,245.442
20936.4,-8880.76,247.227
20940.6,-8882.56,249.011
20944.8,-8884.36,250.805
20949,-8886.16,252.603
20953.2,-8887.96,254.396
20957.4,-8889.76,256.189
20961.7,-8891.56,258.01
20965.9,-8893.36,259.812
20970.1,-8895.16,261.615
20974.4,-8896.96,263.415
20978.6,-8898.76,265.224
20982.8,-8900.56,267.031
20987,-8902.36,268.838
20991.2,-8904.16,270.669
20995.4,-8905.96,272.501
20999.7,-8907.76,274.332
21003.9,-8909.56,276.158
21008.1,-8911.36,277.986
21012.3,-8913.16,279.815
21016.5,-8914.96,281.641
21020.7,-8916.76,283.458
21025,-8918.56,285.274
21029.2,-8920.36,287.09
21033.4,-8922.16,288.905
21037.6,-8923.96,290.706
21041.8,-8925.75,292.511
21046,-8927.55,294.312
21050.2,-8929.35,296.103
21054.5,-8931.15,297.89
21058.7,-8932.95,299.68
21062.9,-8934.75,301.48
21067.1,-8936.55,303.256
21071.4,-8938.35,305.036
21075.6,-8940.15,306.814
21079.8,-8941.95,308.597
21084,-8943.75,310.376
21088.2,-8945.55,312.15
21092.4,-8947.35,313.926
21096.7,-8949.15,315.715
21100.9,-8950.95,317.51
21105.1,-8952.75,319.31
21109.3,-8954.55,321.099
21113.8,-8956.35,323.025
21118,-8958.15,324.836
21122.2,-8959.95,326.648
21126.5,-8961.75,328.412
21130.7,-8963.55,330.177
21134.9,-8965.35,331.939
21139.1,-8967.15,333.703
21143.3,-8968.95,335.513
21147.5,-8970.75,337.324
21151.7,-8972.55,339.134
21156,-8974.35,340.952
21160.2,-8976.15,342.781
21164.4,-8977.95,344.593
21168.9,-8979.75,346.473
21173.1,-8981.55,348.248
21177.3,-8983.35,350.016
21181.5,-8985.15,351.772
21185.7,-8986.95,353.445
21190,-8988.75,355.077
21194.2,-8990.55,356.609
21198.4,-8992.35,357.815
21202.6,-8994.15,357.964
21206.8,-8995.95,356.853
21211.1,-8997.75,355.308
21215.3,-8999.55,353.636
21219.8,-9001.35,351.794
21224,-9003.15,350.045
21232.4,-9004.95,346.619
21236.8,-9006.75,344.835
21241,-9008.55,343.108
21250.6,-9010.35,339.981
21254.9,-9012.15,338.54
21259.1,-9013.95,337.149
21263.4,-9015.75,336.009
21267.6,-9017.54,334.876
21271.8,-9019.34,333.743
21276,-9021.14,332.455
21280.3,-9022.94,331.165
21284.5,-9024.74,329.877
21288.7,-9026.54,328.587
21292.9,-9028.34,326.506
21297.1,-9030.14,324.424
21301.3,-9031.94,322.339
21305.9,-9033.74,320.369
21310.1,-9035.54,318.511
21314.4,-9037.34,316.672
21318.6,-9039.14,314.824
21322.8,-9040.94,313.167
21327,-9042.74,311.514
21331.3,-9044.54,309.859
21335.5,-9046.34,308.051
21339.7,-9048.14,306.247
21344,-9049.94,304.443
21348.2,-9051.74,302.64
21352.4,-9053.54,300.767
21356.7,-9055.34,298.902
21360.9,-9057.14,297.022
21365.1,-9058.94,295.267
21369.4,-9060.74,293.514
21373.6,-9062.54,291.765
21377.8,-9064.34,290.012
21382.1,-9066.14,288.264
21386.3,-9067.94,286.511
21390.5,-9069.74,284.763
21394.8,-9071.54,282.934
21399,-9073.34,281.104
21403.2,-9075.14,279.278
21407.4,-9076.94,277.457
21411.7,-9078.74,275.688
21415.9,-9080.54,273.911
21420.2,-9082.34,272.14
21424.4,-9084.14,270.358
21428.6,-9085.94,268.57
21432.8,-9087.74,266.785
21437.1,-9089.54,264.998
21441.3,-9091.34,263.161
21445.5,-9093.14,261.321
21449.8,-9094.94,259.475
21454,-9096.74,257.652
21458.3,-9098.54,255.822
21462.5,-9100.34,254.007
21466.7,-9102.14,252.193
21470.9,-9103.94,250.404
21475.2,-9105.74,248.616
21479.4,-9107.54,246.821
21483.6,-9109.33,245.035
21487.9,-9111.13,243.203
21492.1,-9112.93,241.376
21496.3,-9114.73,239.554
21500.5,-9116.53,237.767
21504.8,-9118.33,235.986
21509,-9120.13,234.186
21513.3,-9121.93,232.397
21517.5,-9123.73,230.623
21521.7,-9125.53,228.842
21526,-9127.33,227.069
21530.2,-9129.13,225.282
21534.4,-9130.93,223.502
21538.6,-9132.73,221.721
21542.9,-9134.53,219.935
21547.1,-9136.33,218.137
21551.3,-9138.13,216.339
21555.5,-9139.93,214.543
21559.8,-9141.73,212.724
21564,-9143.53,210.907
21568.3,-9145.33,209.092
21572.5,-9147.13,207.284
21576.7,-9148.93,205.472
21581,-9150.73,203.653
21585.2,-9152.53,201.843
21589.4,-9154.33,200.03
21593.7,-9156.13,198.192
21597.9,-9157.93,196.348
21602.1,-9159.73,194.508
21606.4,-9161.53,192.687
21610.6,-9163.33,190.862
21614.9,-9165.13,189.043
21619.1,-9166.93,187.222
21623.3,-9168.73,185.43
21627.5,-9170.53,183.639
21631.8,-9172.33,181.832
21636,-9174.13,180.038
21640.3,-9175.93,178.249
21644.5,-9177.73,176.462
21648.7,-9179.53,174.665
21652.9,-9181.33,172.899
21657.2,-9183.13,171.136
21661.4,-9184.93,169.371
21665.6,-9186.73,167.585
21669.9,-9188.53,165.796
21674.1,-9190.33,163.992
21678.5,-9192.13,162.14
21682.8,-9193.93,160.306
21687,-9195.73,158.495
21691.3,-9197.53,156.67
21695.5,-9199.33,154.901
21699.8,-9201.12,153.118
21704,-9202.92,151.338
21708.3,-9204.72,149.562
21712.5,-9206.52,147.697
21716.8,-9208.32,145.851
21721,-9210.12,143.997
21725.2,-9211.92,142.171
21729.4,-9213.72,140.343
21733.7,-9215.52,138.522
21737.9,-9217.32,136.684
21742.1,-9219.12,134.88
21746.4,-9220.92,133.071
21750.6,-9222.72,131.268
21754.9,-9224.52,129.45
21759.1,-9226.32,127.659
21763.3,-9228.12,125.877
21767.6,-9229.92,124.095
21771.8,-9231.72,122.319
21776,-9233.52,120.541
21780.3,-9235.32,118.768
21784.5,-9237.12,116.988
21788.7,-9238.92,115.207
21793,-9240.72,113.423
21797.2,-9242.52,111.645
21801.4,-9244.32,109.851
21805.6,-9246.12,108.055
21809.9,-9247.92,106.255
21814.2,-9249.72,104.441
21818.4,-9251.52,102.616
21822.6,-9253.32,100.802
21826.8,-9255.12,98.9845
21831.1,-9256.92,97.1844
21835.3,-9258.72,95.3877
21839.5,-9260.52,93.5843
21843.7,-9262.32,91.7868
21848,-9264.12,89.9521
21852.2,-9265.92,88.1149
21856.4,-9267.72,86.2862
21860.7,-9269.52,84.473
21864.9,-9271.32,82.6472
21869.2,-9273.12,80.8282
21873.4,-9274.92,79.0167
21877.6,-9276.72,77.2161
21881.8,-9278.52,75.4096
21886.1,-9280.32,73.609
21890.3,-9282.12,71.8115
21894.5,-9283.92,70.019
21898.7,-9285.72,68.2232
21903,-9287.52,66.4241
21907.2,-9289.32,64.6433
21911.4,-9291.12,62.8632
21915.7,-9292.92,61.0635
21920,-9294.71,59.2835
21924.2,-9296.51,57.4877
21928.4,-9298.31,55.7068
21932.6,-9300.11,53.9308
21936.9,-9301.91,52.1559
21941.1,-9303.71,50.3779
21945.3,-9305.51,48.6048
21949.6,-9307.31,46.801
21953.8,-9309.11,44.9966
21958,-9310.91,43.1905
21962.2,-9312.71,41.3879
21966.5,-9314.51,39.5681
21970.7,-9316.31,37.7402
21974.9,-9318.11,35.9224
21979.2,-9319.91,34.1024
21983.4,-9321.71,32.2769
21987.6,-9323.51,30.4576
21991.9,-9325.31,28.632
21996.1,-9327.11,26.8291
22000.3,-9328.91,25.0252
22004.5,-9330.71,23.2238
22008.8,-9332.51,21.3991
22013,-9334.31,19.6013
22017.3,-9336.11,17.7935
22021.5,-9337.91,15.9945
22025.8,-9339.71,14.2296
22030,-9341.51,12.4612
22034.2,-9343.31,10.705
22038.5,-9345.11,8.95404
22042.7,-9346.91,7.23278
22046.9,-9348.71,5.52898
22051.1,-9350.51,3.90549
22055.4,-9352.31,2.4835
22059.6,-9354.11,1.84052
22063.8,-9355.91,2.62895
22068,-9357.71,4.09875
22072.3,-9359.51,5.75043
22076.5,-9361.31,7.48115
22080.8,-9363.11,9.22148
22085,-9364.91,10.9884
22089.4,-9366.71,12.8312
22093.7,-9368.51,14.6484
22097.9,-9370.31,16.4282
22102.3,-9372.11,18.2425
22106.9,-9373.91,20.1543
22111.2,-9375.71,21.9774
22115.8,-9377.51,23.881
22120.1,-9379.31,25.6786
22124.3,-9381.11,27.4432
22128.5,-9382.91,29.2141
22132.8,-9384.71,30.9168
22137,-9386.5,32.6229
22141.2,-9388.3,34.3277
22145.4,-9390.1,36.1389
22149.7,-9391.9,37.9496
22153.9,-9393.7,39.7755
22158.1,-9395.5,41.5847
22162.4,-9397.3,43.3814
22166.6,-9399.1,45.1683
22170.9,-9400.9,46.9611
22175.1,-9402.7,48.7113
22179.3,-9404.5,50.4641
22183.5,-9406.3,52.2153
22187.7,-9408.1,53.9665
22192.1,-9409.9,55.819
22196.4,-9411.7,57.6104
22200.6,-9413.5,59.3977
22205.1,-9415.3,61.3296
22209.4,-9417.1,63.1209
22213.6,-9418.9,64.9138
22217.8,-9420.7,66.7084
22222.4,-9422.5,68.5833
22226.6,-9424.3,70.3248
22230.8,-9426.1,72.0671
22235.4,-9427.9,73.8572
22239.6,-9429.7,75.79
22243.9,-9431.5,77.586
22248.1,-9433.3,79.3763
22252.6,-9435.1,81.2494
22256.8,-9436.9,82.9999
22261.1,-9438.7,84.7463
22265.3,-9440.5,86.5363
22269.5,-9442.3,88.3338
22273.7,-9444.1,90.1222
22278,-9445.9,91.9155
22282.2,-9447.7,93.6997
22286.4,-9449.5,95.4797
22290.7,-9451.3,97.2631
22294.9,-9453.1,99.0564
22299.1,-9454.9,100.855
22303.4,-9456.7,102.655
22307.6,-9458.5,104.452
22311.9,-9460.3,106.254
22316.1,-9462.1,108.035
22320.4,-9463.9,109.82
22324.9,-9465.7,111.747
22329.2,-9467.5,113.543
22333.4,-9469.3,115.331
22337.6,-9471.1,117.124
22341.8,-9472.9,118.868
22346.1,-9474.7,120.613
22350.3,-9476.5,122.354
22354.5,-9478.29,124.091
22358.8,-9480.09,125.933
22363,-9481.89,127.778
22367.3,-9483.69,129.607
22371.5,-9485.49,131.449
22375.9,-9487.29,133.369
22380.1,-9489.09,135.211
22384.4,-9490.89,137.052
22388.6,-9492.69,138.843
22392.8,-9494.49,140.633
22397,-9496.29,142.433
22401.3,-9498.09,144.218
22405.5,-9499.89,146.004
22409.7,-9501.69,147.784
22414,-9503.49,149.568
22418.2,-9505.29,151.37
22422.4,-9507.09,153.19
22426.7,-9508.89,154.991
22430.9,-9510.69,156.787
22435.2,-9512.49,158.577
22439.4,-9514.29,160.365
22443.6,-9516.09,162.146
22447.8,-9517.89,163.932
22452.1,-9519.69,165.715
22456.3,-9521.49,167.5
22460.5,-9523.29,169.322
22464.7,-9525.09,171.148
22469,-9526.89,172.978
22473.2,-9528.69,174.806
22477.4,-9530.49,176.636
22481.7,-9532.29,178.477
22485.9,-9534.09,180.319
22490.2,-9535.89,182.162
22494.4,-9537.69,183.995
22498.6,-9539.49,185.828
22502.8,-9541.29,187.662
22507.2,-9543.09,189.549
22511.4,-9544.89,191.365
22515.7,-9546.69,193.181
22519.9,-9548.49,195.006
22524.2,-9550.29,196.808
22528.6,-9552.09,198.686
22533,-9553.89,200.507
22537.7,-9555.69,202.518
22544.2,-9557.49,205.259
22548.6,-9559.29,207.104
22552.9,-9561.09,208.788
22557.2,-9562.89,210.436
22561.4,-9564.69,212.084
22565.6,-9566.49,213.74
22569.8,-9568.29,215.255
22574.1,-9570.08,216.766
22578.3,-9571.88,218.292
22582.5,-9573.68,220.236
22586.7,-9575.48,222.182
22591,-9577.28,224.128
22595.2,-9579.08,225.948
22599.4,-9580.88,227.769
22603.6,-9582.68,229.585
22607.8,-9584.48,231.403
22612,-9586.28,233.217
22616.2,-9588.08,235.03
22620.5,-9589.88,236.844
22624.7,-9591.68,238.654
22628.9,-9593.48,240.446
22633.1,-9595.28,242.235
22637.3,-9597.08,244.024
22641.5,-9598.88,245.838
22645.7,-9600.68,247.652
22650,-9602.48,249.467
22654.2,-9604.28,251.283
22658.4,-9606.08,253.065
22662.6,-9607.88,254.856
22666.9,-9609.68,256.637
22671.1,-9611.48,258.413
22675.3,-9613.28,260.189
22679.5,-9615.08,261.965
22683.7,-9616.88,263.739
22687.9,-9618.68,265.555
22692.1,-9620.48,267.374
22696.4,-9622.28,269.189
22700.6,-9624.08,271.007
22704.8,-9625.88,272.823
22709,-9627.68,274.64
22713.2,-9629.48,276.452
22717.4,-9631.28,278.272
22721.7,-9633.08,280.12
22726,-9634.88,281.954
22730.2,-9636.68,283.776
22734.4,-9638.48,285.599
22738.6,-9640.28,287.423
22742.8,-9642.08,289.245
22747,-9643.88,291.057
22751.2,-9645.68,292.87
22755.5,-9647.48,294.68
22759.7,-9649.28,296.496
22763.9,-9651.08,298.302
22768.1,-9652.88,300.095
22772.3,-9654.68,301.892
22776.6,-9656.48,303.675
22780.8,-9658.28,305.459
22785,-9660.08,307.243
22789.2,-9661.88,309.028
22793.4,-9663.67,310.804
22797.6,-9665.47,312.58
22801.8,-9667.27,314.359
22806.1,-9669.07,316.139
22810.3,-9670.87,317.923
22814.5,-9672.67,319.705
22818.7,-9674.47,321.488
22822.9,-9676.27,323.278
22827.1,-9678.07,325.08
22831.4,-9679.87,326.874
22835.6,-9681.67,328.671
22839.8,-9683.47,330.472
22844,-9685.27,332.269
22848.2,-9687.07,334.066
22852.4,-9688.87,335.876
22856.7,-9690.67,337.682
22860.9,-9692.47,339.491
22865.1,-9694.27,341.308
22869.3,-9696.07,343.137
22873.5,-9697.87,344.961
22877.8,-9699.67,346.784
22882,-9701.47,348.582
22886.2,-9703.27,350.377
22890.4,-9705.07,352.163
22894.6,-9706.87,353.931
22898.8,-9708.67,355.667
22903.1,-9710.47,357.305
22907.3,-9712.27,358.488
22911.5,-9714.07,358.059
22915.7,-9715.87,356.586
22919.9,-9717.67,354.904
22924.1,-9719.47,353.167
22928.4,-9721.27,351.374
22932.6,-9723.07,349.6
22939.4,-9724.87,346.768
22943.7,-9726.67,344.951
22947.9,-9728.47,343.196
22952.2,-9730.27,341.415
22956.8,-9732.07,339.792
22961.1,-9733.87,338.234
22965.4,-9735.67,336.712
22969.6,-9737.47,335.203
22973.8,-9739.27,333.661
22978,-9741.07,332.12
22982.3,-9742.87,330.574
22986.5,-9744.67,328.624
22990.7,-9746.47,326.675
22994.9,-9748.27,324.726
22999.1,-9750.07,322.777
23003.3,-9751.87,320.963
23007.6,-9753.67,319.147
23011.8,-9755.46,317.331
23016,-9757.26,315.59
23020.2,-9759.06,313.847
23024.4,-9760.86,312.107
23028.7,-9762.66,310.35
23032.9,-9764.46,308.568
23037.1,-9766.26,306.785
23041.3,-9768.06,305.002
23045.5,-9769.86,303.22
23049.8,-9771.66,301.419
23054,-9773.46,299.621
23058.2,-9775.26,297.822
23062.4,-9777.06,296.053
23066.6,-9778.86,294.273
23070.9,-9780.66,292.502
23075.1,-9782.46,290.732
23079.3,-9784.26,288.957
23083.5,-9786.06,287.185
23087.7,-9787.86,285.412
23091.9,-9789.66,283.584
23096.2,-9791.46,281.756
23100.4,-9793.26,279.928
23104.6,-9795.06,278.101
23108.8,-9796.86,276.282
23113,-9798.66,274.466
23117.2,-9800.46,272.649
23121.4,-9802.26,270.83
23125.7,-9804.06,269.039
23129.9,-9805.86,267.236
23134.1,-9807.66,265.443
23138.3,-9809.46,263.623
23142.5,-9811.26,261.806
23146.8,-9813.06,259.988
23151,-9814.86,258.204
23155.2,-9816.66,256.423
23159.4,-9818.46,254.637
23163.7,-9820.26,252.843
23167.9,-9822.06,251.058
23172.1,-9823.86,249.272
23176.3,-9825.66,247.484
23180.6,-9827.46,245.654
23184.9,-9829.26,243.87
23189.1,-9831.06,242.083
23193.3,-9832.86,240.302
23197.5,-9834.66,238.545
23201.7,-9836.46,236.787
23205.9,-9838.26,235.03
23210.2,-9840.06,233.272
23214.4,-9841.86,231.422
23218.6,-9843.66,229.568
23222.8,-9845.46,227.719
23227,-9847.25,225.899
23231.3,-9849.05,224.063
23235.5,-9850.85,222.243
23239.7,-9852.65,220.422
23243.9,-9854.45,218.605
23248.1,-9856.25,216.787
23252.3,-9858.05,214.967
23256.6,-9859.85,213.152
23260.8,-9861.65,211.335
23265,-9863.45,209.505
23269.2,-9865.25,207.688
23273.5,-9867.05,205.859
23277.7,-9868.85,204.032
23281.9,-9870.65,202.202
23286.1,-9872.45,200.417
23290.3,-9874.25,198.632
23294.5,-9876.05,196.849
23298.7,-9877.85,195.063
23303,-9879.65,193.291
23307.2,-9881.45,191.517
23311.4,-9883.25,189.743
23315.6,-9885.05,187.969
23319.8,-9886.85,186.187
23324,-9888.65,184.407
23328.3,-9890.45,182.611
23332.5,-9892.25,180.803
23336.7,-9894.05,179.007
23340.9,-9895.85,177.209
23345.2,-9897.65,175.414
23349.4,-9899.45,173.616
23353.6,-9901.25,171.82
23357.8,-9903.05,170.023
23362,-9904.85,168.182
23366.3,-9906.65,166.329
23370.5,-9908.45,164.487
23374.7,-9910.25,162.647
23378.9,-9912.05,160.805
23383.1,-9913.85,158.966
23387.3,-9915.65,157.125
23391.6,-9917.45,155.308
23395.8,-9919.25,153.493
23400,-9921.05,151.676
23404.2,-9922.85,149.859
23408.4,-9924.65,148.041
23412.6,-9926.45,146.224
23416.8,-9928.25,144.407
23421.1,-9930.05,142.588
23425.3,-9931.85,140.769
23429.6,-9933.65,138.978
23433.8,-9935.45,137.177
23438,-9937.25,135.407
23442.2,-9939.04,133.635
23446.4,-9940.84,131.866
23450.7,-9942.64,130.075
23454.9,-9944.44,128.285
23459.1,-9946.24,126.496
23463.3,-9948.04,124.709
23467.5,-9949.84,122.888
23471.8,-9951.64,121.076
23476,-9953.44,119.268
23480.2,-9955.24,117.457
23484.4,-9957.04,115.64
23488.6,-9958.84,113.82
23492.8,-9960.64,112.001
23497,-9962.44,110.166
23501.3,-9964.24,108.33
23505.5,-9966.04,106.496
23509.7,-9967.84,104.659
23513.9,-9969.64,102.825
23518.1,-9971.44,100.992
23522.3,-9973.24,99.1552
23526.5,-9975.04,97.3366
23530.8,-9976.84,95.5172
23535,-9978.64,93.6902
23539.2,-9980.44,91.87
23543.4,-9982.24,90.0685
23547.6,-9984.04,88.2653
23551.9,-9985.84,86.4613
23556.1,-9987.64,84.6654
23560.3,-9989.44,82.867
23564.5,-9991.24,81.0587
23568.8,-9993.04,79.2604
23573,-9994.84,77.4762
23577.2,-9996.64,75.6913
23581.4,-9998.44,73.9048
23585.6,-10000.2,72.1157
23589.8,-10002,70.3274
23594,-10003.8,68.5391
23598.3,-10005.6,66.7393
23602.5,-10007.4,64.9399
23606.7,-10009.2,63.1447
23610.9,-10011,61.3479
23615.1,-10012.8,59.5528
23619.4,-10014.6,57.7541
23623.6,-10016.4,55.9571
23627.8,-10018.2,54.1602
23632,-10020,52.3401
23636.2,-10021.8,50.509
23640.4,-10023.6,48.6873
23644.7,-10025.4,46.8666
23648.9,-10027.2,45.0438
23653.1,-10029,43.2211
23657.3,-10030.8,41.4002
23661.5,-10032.6,39.5743
23665.8,-10034.4,37.7472
23670,-10036.2,35.9286
23674.2,-10038,34.1102
23678.4,-10039.8,32.3024
23682.6,-10041.6,30.4981
23686.8,-10043.4,28.6933
23691,-10045.2,26.8846
23695.3,-10047,25.0936
23699.5,-10048.8,23.3006
23703.7,-10050.6,21.5098
23707.9,-10052.4,19.7225
23712.1,-10054.2,17.9336
23716.3,-10056,16.1483
23720.5,-10057.8,14.3629
23724.7,-10059.6,12.5898
23729,-10061.4,10.8157
23733.2,-10063.2,9.05056
23737.4,-10065,7.28596
23741.6,-10066.8,5.54496
23745.8,-10068.6,3.8457
23750,-10070.4,2.26872
23754.2,-10072.2,1.36943
23758.5,-10074,2.23115
23762.7,-10075.8,3.80003
23766.9,-10077.6,5.53479
23771.1,-10079.4,7.30111
23775.4,-10081.2,9.09969
23779.6,-10083,10.8919
23784.4,-10084.8,12.9262
23788.8,-10086.6,14.8284
23793,-10088.4,16.6521
23797.3,-10090.2,18.4153
23801.8,-10092,20.256
23806.4,-10093.8,22.2352
23810.7,-10095.6,24.0384
23815,-10097.4,25.8083
23819.3,-10099.2,27.5559
23823.5,-10101,29.2932
23827.7,-10102.8,31.0429
23831.9,-10104.6,32.792
23836.2,-10106.4,34.538
23840.4,-10108.2,36.3092
23844.7,-10110,38.1335
23848.9,-10111.8,39.9688
23853.1,-10113.6,41.7908
23857.3,-10115.4,43.5553
23861.6,-10117.2,45.3232
23865.8,-10119,47.0928
23870,-10120.8,48.8649
23874.3,-10122.6,50.6375
23878.5,-10124.4,52.4067
23882.7,-10126.2,54.1744
23886.9,-10128,55.9823
23891.2,-10129.8,57.7968
23895.4,-10131.6,59.6063
23899.6,-10133.4,61.4167
23904,-10135.2,63.3122
23908.2,-10137,65.1461
23912.5,-10138.8,66.9748
23917,-10140.6,68.8011
23921.2,-10142.4,70.7265
23925.5,-10144.2,72.515
23929.7,-10146,74.3035
23933.9,-10147.8,76.0183
23938.2,-10149.6,77.7427
23942.4,-10151.4,79.4781
23946.6,-10153.2,81.2841
23950.9,-10155,83.1034
23955.1,-10156.8,84.9094
23959.3,-10158.6,86.7145
23963.5,-10160.4,88.5036
23967.8,-10162.2,90.3043
23972,-10164,92.1042
23976.3,-10165.8,93.8934
23980.5,-10167.6,95.6777
23984.7,-10169.4,97.4529
23989,-10171.2,99.2355
23993.5,-10173,101.173
23997.7,-10174.8,102.998
24008,-10176.6,107.312
24012.2,-10178.4,109.095
24016.4,-10180.2,110.873
24020.9,-10182,112.726
24025.3,-10183.8,113.898
24029.8,-10185.6,115.085
24034.2,-10187.4,116.261
24039.1,-10189.2,118.024
24043.6,-10191,119.63
24048.1,-10192.8,121.223
24055.6,-10194.6,124.693
24060,-10196.4,126.735
24064.6,-10198.2,128.818
24069,-10200,130.411
24073.4,-10201.8,131.969
24077.8,-10203.6,133.519
24082.2,-10205.4,134.9
24086.4,-10207.2,136.218
24090.7,-10209,137.535
24094.9,-10210.8,138.851
24099.1,-10212.6,140.913
24103.3,-10214.4,142.975
24107.5,-10216.2,145.035
24111.7,-10218,146.906
24116,-10219.8,148.776
24120.2,-10221.6,150.646
24124.4,-10223.4,152.516
24128.6,-10225.2,154.167
24132.8,-10227,155.816
24137,-10228.8,157.464
24141.4,-10230.6,159.322
24145.6,-10232.4,161.139
24149.9,-10234.2,162.967
24154.1,-10236,164.769
24158.6,-10237.8,166.686
24162.8,-10239.6,168.505
24167,-10241.4,170.322
24171.2,-10243.2,172.142
24175.4,-10245,173.864
24179.6,-10246.8,175.588
24183.9,-10248.6,177.308
24188.1,-10250.4,179.135
24192.3,-10252.2,180.964
24196.5,-10254,182.791
24200.7,-10255.8,184.618
24204.9,-10257.6,186.512
24209.1,-10259.4,188.408
24213.4,-10261.2,190.301
24217.6,-10263,192.079
24221.8,-10264.8,193.861
24226,-10266.6,195.639
24230.2,-10268.4,197.419
24234.4,-10270.2,199.213
24238.6,-10272,201.009
24242.9,-10273.8,202.803
24247.1,-10275.6,204.639
24251.3,-10277.4,206.463
24255.5,-10279.2,208.286
24259.7,-10281,210.11
24264,-10282.8,211.874
24268.2,-10284.6,213.638
24272.4,-10286.4,215.406
24276.6,-10288.2,217.186
24280.8,-10290,218.97
24285,-10291.8,220.751
24289.3,-10293.6,222.533
24293.6,-10295.4,224.404
24297.8,-10297.2,226.232
24302,-10299,228.059
24306.2,-10300.8,229.889
24310.4,-10302.6,231.704
24314.7,-10304.4,233.518
24318.9,-10306.2,235.333
24323.1,-10308,237.153
24327.3,-10309.8,238.974
24331.5,-10311.6,240.796
24335.7,-10313.4,242.617
24339.9,-10315.2,244.471
24344.2,-10317,246.325
24348.4,-10318.8,248.189
24352.6,-10320.6,250.008
24356.8,-10322.4,251.827
24361.1,-10324.2,253.647
24365.3,-10326,255.465
24369.5,-10327.8,257.248
24373.7,-10329.6,259.031
24377.9,-10331.4,260.811
24382.2,-10333.2,262.655
24386.5,-10335,264.448
24390.7,-10336.8,266.239
24394.9,-10338.6,268.031
24399.1,-10340.4,269.805
24403.3,-10342.2,271.576
24407.5,-10344,273.347
24411.8,-10345.8,275.128
24416,-10347.6,276.91
24420.2,-10349.4,278.691
24424.4,-10351.2,280.47
24428.6,-10353,282.274
24432.8,-10354.8,284.077
24437,-10356.6,285.881
24441.3,-10358.4,287.685
24445.5,-10360.2,289.5
24449.7,-10362,291.328
24453.9,-10363.8,293.144
24458.1,-10365.6,294.953
24462.4,-10367.4,296.765
24466.6,-10369.2,298.573
24470.8,-10371,300.384
24475,-10372.8,302.211
24479.2,-10374.6,304.04
24483.4,-10376.4,305.866
24487.7,-10378.2,307.687
24492,-10380,309.563
24496.2,-10381.8,311.389
24500.4,-10383.6,313.212
24504.7,-10385.4,314.998
24508.9,-10387.2,316.788
24513.1,-10389,318.574
24517.3,-10390.8,320.355
24521.5,-10392.6,322.138
24525.7,-10394.4,323.918
24530,-10396.2,325.702
24534.3,-10398,327.559
24538.5,-10399.8,329.352
24542.7,-10401.6,331.14
24547,-10403.4,332.931
24551.2,-10405.2,334.698
24555.4,-10407,336.448
24559.6,-10408.8,338.197
24563.8,-10410.6,339.973
24568.1,-10412.4,341.75
24572.6,-10414.2,343.663
24576.8,-10416,345.457
24581.1,-10417.8,347.264
24585.3,-10419.6,349.068
24589.5,-10421.4,350.868
24593.7,-10423.2,352.581
24597.9,-10425,354.283
24602.2,-10426.8,355.954
24606.6,-10428.6,357.703
24610.8,-10430.4,358.657
24615.1,-10432.2,357.728
24619.3,-10434,356.083
24623.5,-10435.8,354.405
24627.7,-10437.6,352.686
24631.9,-10439.4,350.95
24636.2,-10441.2,349.17
24640.4,-10443,347.371
24644.7,-10444.8,345.567
24649,-10446.6,343.726
24653.3,-10448.4,341.919
24657.5,-10450.2,340.14
24661.8,-10452,338.347
24666.2,-10453.8,336.48
24670.5,-10455.6,334.69
24674.8,-10457.4,332.944
24679.1,-10459.2,331.155
24683.4,-10461,329.412
24687.6,-10462.8,327.699
24691.8,-10464.6,325.988
24696.1,-10466.4,324.279
24700.3,-10468.2,322.504
24704.5,-10470,320.73
24708.7,-10471.8,318.958
24712.9,-10473.6,317.135
24717.1,-10475.4,315.309
24721.3,-10477.2,313.481
24725.6,-10479,311.655
24729.8,-10480.8,309.844
24734,-10482.6,308.034
24738.2,-10484.4,306.224
24742.4,-10486.2,304.413
24746.9,-10488,302.486
24751.2,-10489.8,300.659
24755.4,-10491.6,298.852
24759.6,-10493.4,297.097
24763.8,-10495.2,295.344
24768,-10497,293.592
24772.3,-10498.8,291.81
24776.5,-10500.6,290.032
24780.7,-10502.4,288.254
24784.9,-10504.2,286.477
24789.1,-10506,284.668
24793.3,-10507.8,282.859
24797.5,-10509.6,281.052
24801.8,-10511.4,279.242
24806,-10513.2,277.464
24810.2,-10515,275.683
24814.4,-10516.8,273.905
24818.6,-10518.6,272.118
24822.8,-10520.4,270.334
24827,-10522.2,268.55
24831.3,-10524,266.763
24835.5,-10525.8,264.962
24839.7,-10527.6,263.158
24843.9,-10529.4,261.357
24848.1,-10531.2,259.535
24852.4,-10533,257.698
24856.6,-10534.8,255.877
24860.8,-10536.6,254.053
24865.1,-10538.4,252.213
24869.3,-10540.2,250.395
24873.5,-10542,248.581
24877.7,-10543.8,246.782
24881.9,-10545.6,244.982
24886.2,-10547.4,243.185
24890.4,-10549.2,241.383
24894.8,-10551,239.468
24899,-10552.8,237.647
24903.2,-10554.6,235.831
24907.5,-10556.4,234.058
24911.7,-10558.2,232.283
24915.9,-10560,230.51
24920.1,-10561.8,228.738
24924.3,-10563.6,226.968
24928.5,-10565.4,225.195
24932.8,-10567.2,223.426
24937,-10569,221.657
24941.2,-10570.8,219.857
24945.4,-10572.6,218.06
24949.6,-10574.4,216.261
24954.1,-10576.2,214.361
24958.3,-10578,212.581
24962.5,-10579.8,210.804
24966.8,-10581.6,209.026
24971.3,-10583.4,207.142
24975.5,-10585.2,205.371
24979.7,-10587,203.602
24983.9,-10588.8,201.84
24988.1,-10590.6,200.076
24992.3,-10592.4,198.311
24996.5,-10594.2,196.548
25000.8,-10596,194.674
25005,-10597.8,192.799
25009.2,-10599.6,190.925
25013.4,-10601.4,189.105
25017.6,-10603.2,187.282
25021.8,-10605,185.459
25026,-10606.8,183.637
25030.3,-10608.6,181.844
25034.5,-10610.4,180.051
25038.7,-10612.2,178.257
25042.9,-10614,176.46
25047.1,-10615.8,174.664
25051.3,-10617.6,172.865
25055.6,-10619.4,171.057
25059.8,-10621.2,169.278
25064,-10623,167.501
25068.2,-10624.8,165.724
25072.4,-10626.6,163.95
25076.6,-10628.4,162.178
25080.8,-10630.2,160.405
25085.1,-10632,158.634
25089.3,-10633.8,156.837
25093.5,-10635.6,155.039
25097.7,-10637.4,153.24
25101.9,-10639.2,151.442
25106.1,-10641,149.622
25110.3,-10642.8,147.799
25114.6,-10644.6,145.977
25118.8,-10646.4,144.139
25123,-10648.2,142.304
25127.2,-10650,140.469
25131.4,-10651.8,138.633
25135.6,-10653.6,136.795
25139.8,-10655.4,134.955
25144.1,-10657.2,133.119
25148.3,-10659,131.276
25152.5,-10660.8,129.451
25156.8,-10662.6,127.616
25161,-10664.4,125.789
25165.2,-10666.2,123.993
25169.4,-10668,122.195
25173.6,-10669.8,120.397
25177.8,-10671.6,118.614
25182,-10673.4,116.827
25186.3,-10675.2,115.042
25190.5,-10677,113.256
25194.8,-10678.8,111.416
25199,-10680.6,109.629
25203.2,-10682.4,107.844
25207.5,-10684.2,106.059
25211.7,-10686,104.286
25215.9,-10687.8,102.515
25220.1,-10689.6,100.743
25224.3,-10691.4,98.9433
25228.5,-10693.2,97.1401
25232.7,-10695,95.3419
25237,-10696.8,93.5429
25241.2,-10698.6,91.7223
25245.4,-10700.4,89.9041
25249.6,-10702.2,88.0843
25254.1,-10704,86.1561
25258.3,-10705.8,84.3057
25262.5,-10707.6,82.4824
25266.8,-10709.4,80.6582
25271,-10711.2,78.8704
25275.2,-10713,77.0859
25279.4,-10714.8,75.3006
25283.6,-10716.6,73.4853
25287.8,-10718.4,71.6691
25292.1,-10720.2,69.853
25296.3,-10722,68.0378
25300.5,-10723.8,66.2233
25304.7,-10725.6,64.4106
25308.9,-10727.4,62.5979
25313.1,-10729.2,60.8137
25317.3,-10731,59.0287
25321.6,-10732.8,57.2428
25325.8,-10734.6,55.4604
25330,-10736.4,53.6807
25334.2,-10738.2,51.9002
25338.4,-10740,50.1198
25342.7,-10741.8,48.2956
25347,-10743.6,46.5143
25351.2,-10745.4,44.7323
25355.4,-10747.2,42.9536
25359.6,-10749,41.1748
25363.8,-10750.8,39.4074
25368.1,-10752.6,37.6409
25372.3,-10754.4,35.8712
25376.5,-10756.2,34.081
25380.7,-10758,32.2868
25384.9,-10759.8,30.496
25389.1,-10761.6,28.6825
25393.3,-10763.4,26.8709
25397.6,-10765.2,25.0604
25401.8,-10767,23.2485
25406,-10768.8,21.4318
25410.2,-10770.6,19.6116
25414.4,-10772.4,17.7963
25418.6,-10774.2,15.9927
25422.8,-10776,14.1942
25427.1,-10777.8,12.3973
25431.3,-10779.6,10.6017
25435.5,-10781.4,8.82697
25439.7,-10783.2,7.06072
25443.9,-10785,5.31777
25448.1,-10786.8,3.62307
25452.3,-10788.6,2.0992
25456.5,-10790.4,1.43092
25460.8,-10792.2,2.46737
25465,-10794,4.04627
25469.2,-10795.8,5.73939
25473.4,-10797.6,7.46658
25477.6,-10799.4,9.20984
