4.349,-1.8,0.274112
8.83061,-3.6,0.274112
13.092,-5.4,0.268341
17.4575,-7.2,0.265408
21.6958,-9,0.262442
25.9108,-10.8,2.06309
30.2287,-12.6,4.38624
34.7686,-14.4,6.85028
39.1073,-16.2,9.20771
43.3286,-18,11.6155
47.548,-19.8,14.0225
51.76,-21.6,16.4253
55.9749,-23.4,18.8427
60.2424,-25.2,21.2626
64.4565,-27,23.7072
68.6736,-28.8,26.1256
72.8867,-30.6,28.4976
77.1056,-32.4,30.8726
81.3183,-34.2,33.2436
85.5332,-36,35.6338
89.752,-37.8,38.0266
93.9649,-39.6,40.4154
98.1829,-41.4,42.807
102.478,-43.2,45.2224
106.7,-45,47.5958
110.911,-46.8,49.9636
115.129,-48.6,52.335
119.346,-50.4,54.608
123.56,-52.2,56.879
127.777,-54,59.152
131.988,-55.8,60.8358
136.24,-57.6,62.5364
140.459,-59.4,64.2237
144.672,-61.2,65.9086
148.891,-63,67.4607
153.106,-64.8,69.0125
157.323,-66.6,70.5645
161.723,-68.4,72.3219
165.939,-70.2,74.0052
170.156,-72,75.6896
174.368,-73.8,77.3716
178.585,-75.6,79.1988
182.8,-77.4,81.025
187.016,-79.2,82.8514
191.227,-81,84.7209
195.44,-82.8,86.5912
199.655,-84.6,88.4623
203.867,-86.4,90.3319
208.082,-88.2,92.2053
212.295,-90,94.078
216.514,-91.8,95.9536
220.727,-93.6,97.8094
224.941,-95.4,99.6657
229.157,-97.2,101.523
233.368,-99,103.378
237.611,-100.8,105.173
241.822,-102.6,106.956
246.033,-104.4,108.738
250.397,-106.2,110.54
254.61,-108,112.278
258.824,-109.8,114.018
263.035,-111.6,115.756
267.251,-113.4,117.495
271.463,-115.2,119.232
275.673,-117,120.969
279.887,-118.8,122.708
284.099,-120.6,124.459
288.316,-122.4,126.214
292.527,-124.2,127.965
296.741,-126,129.697
300.953,-127.8,131.428
305.164,-129.6,133.159
309.38,-131.4,134.891
313.59,-133.2,136.618
317.811,-135,138.349
322.021,-136.8,140.075
326.232,-138.6,141.799
330.45,-140.4,143.526
334.661,-142.2,145.25
338.901,-144,146.986
343.114,-145.8,148.704
347.332,-147.6,150.424
351.543,-149.4,152.14
355.756,-151.2,153.858
359.972,-153,155.568
364.185,-154.8,157.277
368.401,-156.6,158.987
372.613,-158.4,160.689
376.83,-160.2,162.393
381.041,-162,164.094
385.27,-163.8,165.79
389.488,-165.6,167.48
393.7,-167.4,169.168
397.915,-169.2,170.857
402.194,-171,172.532
406.414,-172.8,174.237
410.624,-174.6,175.912
414.838,-176.4,177.588
419.053,-178.2,179.26
423.265,-180,180.929
427.48,-181.8,182.601
431.691,-183.6,184.261
435.902,-185.4,185.922
440.143,-187.2,187.595
444.355,-189,189.256
448.57,-190.8,190.929
452.782,-192.6,192.6
456.998,-194.4,194.273
461.209,-196.2,195.964
465.422,-198,197.656
469.638,-199.8,199.349
473.848,-201.6,201.04
478.062,-203.4,202.739
482.275,-205.2,204.437
486.49,-207,206.136
490.701,-208.8,207.847
494.915,-210.6,209.559
499.132,-212.4,211.273
503.343,-214.2,212.984
507.557,-216,214.702
511.769,-217.8,216.418
515.984,-219.6,218.137
520.272,-221.4,219.864
524.486,-223.2,221.562
528.703,-225,223.26
532.914,-226.8,224.956
537.131,-228.6,226.648
541.367,-230.4,228.348
545.58,-232.2,230.039
549.795,-234,231.73
554.008,-235.8,233.438
558.225,-237.6,235.147
562.437,-239.4,236.853
566.891,-241.2,238.66
571.104,-243,240.368
575.317,-244.8,242.077
579.533,-246.6,243.787
583.746,-248.4,245.503
587.964,-250.2,247.221
592.18,-252,248.938
596.399,-253.8,250.691
600.61,-255.6,252.44
604.821,-257.4,254.189
609.036,-259.2,255.94
613.247,-261,257.708
617.471,-262.8,259.479
621.682,-264.6,261.247
626.143,-266.4,263.151
630.362,-268.2,264.951
634.575,-270,266.748
638.791,-271.8,268.547
643.026,-273.6,270.341
647.246,-275.4,272.13
651.457,-277.2,273.915
655.669,-279,275.7
659.887,-280.8,277.51
664.101,-282.6,279.319
668.317,-284.4,281.129
672.529,-286.2,282.957
676.746,-288,284.787
680.956,-289.8,286.614
685.393,-291.6,288.553
689.612,-293.4,290.398
693.824,-295.2,292.239
698.041,-297,294.082
702.254,-298.8,295.92
706.472,-300.6,297.76
710.681,-302.4,299.596
714.896,-304.2,301.435
719.115,-306,303.32
723.382,-307.8,305.22
727.724,-309.6,307.166
731.943,-311.4,309.092
736.159,-313.2,311.018
740.377,-315,312.943
744.633,-316.8,314.885
748.852,-318.6,316.84
753.067,-320.4,318.793
757.284,-322.2,320.746
761.495,-324,322.73
765.71,-325.8,324.715
769.928,-327.6,326.702
774.141,-329.4,328.686
778.356,-331.2,330.704
782.571,-333,332.721
786.788,-334.8,334.739
791.262,-336.6,336.755
795.544,-338.4,338.962
799.763,-340.2,341.013
803.976,-342,343.059
808.203,-343.8,345.126
812.418,-345.6,347.187
816.64,-347.4,349.251
820.852,-349.2,351.359
825.066,-351,353.468
829.283,-352.8,355.578
833.495,-354.6,357.686
837.714,-356.4,359.832
841.926,-358.2,358.009
846.167,-360,355.844
850.52,-361.8,353.698
854.737,-363.6,351.619
858.977,-365.4,349.532
863.309,-367.2,347.4
867.824,-369,345.547
872.049,-370.8,343.815
882.867,-372.6,339.701
887.22,-374.4,338.037
891.435,-376.199,336.431
895.651,-377.999,334.825
899.871,-379.799,334.514
904.084,-381.599,334.204
908.301,-383.399,333.894
912.515,-385.199,332.959
916.737,-386.999,332.023
920.95,-388.799,331.088
925.162,-390.599,330.153
929.38,-392.399,328.801
933.594,-394.199,327.449
937.811,-395.999,326.096
942.023,-397.799,324.459
946.276,-399.599,322.806
950.496,-401.399,321.165
954.709,-403.199,319.527
958.928,-404.999,317.721
963.143,-406.799,315.915
967.36,-408.599,314.108
971.571,-410.399,312.188
975.784,-412.199,310.266
980,-413.999,308.342
984.217,-415.799,306.418
988.434,-417.599,304.42
992.647,-419.399,302.423
996.864,-421.199,300.424
1001.08,-422.999,298.415
1005.29,-424.799,296.405
1009.5,-426.599,294.393
1013.72,-428.399,292.384
1018.07,-430.199,290.311
1022.29,-431.999,288.301
1026.51,-433.799,286.291
1030.72,-435.599,284.285
1034.93,-437.399,282.291
1039.15,-439.199,280.295
1043.36,-440.999,278.301
1047.61,-442.799,276.347
1051.82,-444.599,274.407
1056.03,-446.399,272.467
1060.25,-448.199,270.526
1064.46,-449.999,268.619
1068.68,-451.799,266.711
1072.89,-453.599,264.805
1077.11,-455.399,262.932
1081.32,-457.199,261.061
1085.53,-458.999,259.19
1089.75,-460.799,257.316
1093.96,-462.599,255.491
1098.18,-464.399,253.664
1102.39,-466.199,251.839
1106.61,-467.999,250.046
1110.82,-469.799,248.254
1115.03,-471.599,246.462
1119.25,-473.399,244.667
1123.47,-475.199,242.907
1127.68,-476.999,241.145
1131.89,-478.799,239.385
1136.11,-480.599,237.663
1140.32,-482.399,235.938
1144.54,-484.199,234.216
1148.78,-485.999,232.483
1152.99,-487.799,230.794
1157.21,-489.599,229.104
1161.42,-491.399,227.417
1165.63,-493.199,225.757
1169.85,-494.999,224.095
1174.06,-496.799,222.435
1178.28,-498.599,220.773
1182.49,-500.399,219.124
1186.71,-502.199,217.473
1190.92,-503.999,215.825
1195.13,-505.799,214.177
1199.34,-507.599,212.571
1203.56,-509.399,210.966
1207.77,-511.199,209.36
1211.99,-512.999,207.765
1216.2,-514.799,206.167
1220.42,-516.599,204.57
1224.63,-518.399,202.974
1228.85,-520.199,201.383
1233.06,-521.999,199.795
1237.28,-523.799,198.204
1241.49,-525.599,196.622
1245.7,-527.398,195.039
1249.94,-529.198,193.446
1254.16,-530.998,191.862
1258.38,-532.798,190.285
1262.59,-534.598,188.709
1266.81,-536.398,187.133
1271.02,-538.198,185.558
1275.23,-539.998,183.99
1279.45,-541.798,182.42
1283.66,-543.598,180.851
1287.88,-545.398,179.289
1292.09,-547.198,177.73
1296.35,-548.998,176.151
1300.56,-550.798,174.588
1304.78,-552.598,173.025
1308.99,-554.398,171.461
1313.21,-556.198,169.898
1317.43,-557.998,168.315
1321.64,-559.798,166.735
1325.85,-561.598,165.154
1330.07,-563.398,163.572
1334.28,-565.198,161.891
1338.5,-566.998,160.211
1342.71,-568.798,158.532
1346.93,-570.598,156.618
1351.17,-572.398,154.695
1355.38,-574.198,152.783
1359.6,-575.998,150.869
1363.81,-577.798,149.011
1368.03,-579.598,147.15
1372.24,-581.398,145.292
1376.46,-583.198,143.471
1380.67,-584.998,141.654
1384.88,-586.798,139.836
1389.1,-588.598,138.016
1393.31,-590.398,136.184
1397.53,-592.198,134.351
1401.74,-593.998,132.52
1405.95,-595.798,130.689
1410.17,-597.598,128.858
1414.38,-599.398,127.029
1418.6,-601.198,125.196
1422.82,-602.998,123.382
1427.03,-604.798,121.565
1431.25,-606.598,119.751
1435.46,-608.398,117.936
1439.68,-610.198,116.115
1443.89,-611.998,114.296
1448.11,-613.798,112.476
1452.34,-615.598,110.647
1456.56,-617.398,108.826
1460.77,-619.198,107.008
1464.98,-620.998,105.19
1469.2,-622.798,103.381
1473.42,-624.598,101.573
1477.63,-626.398,99.7635
1481.84,-628.198,97.9502
1486.06,-629.998,96.135
1490.27,-631.798,94.3188
1494.49,-633.598,92.5046
1498.71,-635.398,90.6802
1502.92,-637.198,88.8572
1507.19,-638.998,87.008
1511.41,-640.798,85.182
1515.62,-642.598,83.3561
1519.84,-644.398,81.5268
1524.06,-646.198,79.7007
1528.27,-647.998,77.8745
1532.49,-649.798,76.05
1536.71,-651.598,74.224
1540.92,-653.398,72.4003
1545.13,-655.198,70.5786
1549.35,-656.998,68.7551
1553.59,-658.798,66.9227
1557.81,-660.598,65.0951
1562.02,-662.398,63.2708
1566.23,-664.198,61.4456
1570.45,-665.998,59.6187
1574.66,-667.798,57.7948
1578.88,-669.598,55.9692
1583.09,-671.398,54.1454
1587.31,-673.198,52.3037
1591.52,-674.997,50.4646
1595.74,-676.797,48.6245
1599.95,-678.597,46.7829
1604.17,-680.397,44.9262
1608.38,-682.197,43.0681
1612.59,-683.997,41.2121
1616.82,-685.797,39.327
1621.03,-687.597,37.4463
1625.24,-689.397,35.565
1629.46,-691.197,33.6819
1633.67,-692.997,31.7729
1637.89,-694.797,29.8622
1642.1,-696.597,27.9543
1646.36,-698.397,26.0259
1650.57,-700.197,24.088
1654.8,-701.997,22.1384
1659.02,-703.797,20.198
1663.24,-705.597,18.238
1667.45,-707.397,16.2764
1671.67,-709.197,14.3181
1675.88,-710.997,12.3597
1680.09,-712.797,10.3745
1684.31,-714.597,8.39239
1688.52,-716.397,6.41007
1692.73,-718.197,4.40654
1696.95,-719.997,2.41024
1701.2,-721.797,0.530816
1705.41,-723.597,1.71002
1709.65,-725.397,3.73479
1713.98,-727.197,5.82255
1718.3,-728.997,7.91807
1722.52,-730.797,9.98711
1726.98,-732.597,12.1608
1731.64,-734.397,14.4553
1736,-736.197,16.6017
1740.22,-737.997,18.7056
1744.44,-739.797,20.8031
1748.66,-741.597,22.9019
1752.88,-743.397,25.0103
1757.15,-745.197,27.1444
1761.37,-746.997,29.2575
1765.59,-748.797,31.3678
1769.81,-750.597,33.5017
1774.03,-752.397,35.6339
1778.25,-754.197,37.7696
1782.47,-755.997,39.8925
1786.69,-757.797,42.0172
1790.91,-759.597,44.1385
1795.13,-761.397,46.26
1799.35,-763.197,48.0528
1803.57,-764.997,49.8419
1807.78,-766.797,51.6324
1812,-768.597,53.2393
1816.22,-770.397,54.8497
1820.47,-772.197,56.4668
1824.69,-773.997,58.0746
1828.91,-775.797,59.7609
1833.12,-777.597,61.4453
1837.34,-779.397,63.1308
1841.56,-781.197,64.813
1845.77,-782.997,66.5776
1849.99,-784.797,68.3443
1854.22,-786.597,70.1119
1858.47,-788.397,71.9289
1862.69,-790.197,73.7324
1866.91,-791.997,75.5387
1871.12,-793.797,77.341
1875.34,-795.597,79.1556
1879.56,-797.397,80.9711
1883.78,-799.197,82.7851
1888,-800.997,84.6029
1892.21,-802.797,86.4173
1896.44,-804.597,88.2334
1900.65,-806.397,90.05
1904.87,-808.197,91.8493
1909.09,-809.997,93.6503
1913.31,-811.797,95.4492
1917.54,-813.597,97.2237
1921.76,-815.397,98.9918
1925.97,-817.197,100.759
1930.2,-818.997,102.527
1934.41,-820.797,104.271
1938.63,-822.596,106.016
1942.85,-824.396,107.759
1947.07,-826.196,109.505
1951.28,-827.996,111.22
1955.5,-829.796,112.935
1959.81,-831.596,114.662
1964.03,-833.396,116.37
1968.25,-835.196,118.051
1972.47,-836.996,119.732
1976.69,-838.796,121.413
1980.91,-840.596,123.054
1985.13,-842.396,124.697
1989.35,-844.196,126.34
1993.57,-845.996,127.952
1997.78,-847.796,129.569
2002,-849.596,131.181
2006.22,-851.396,132.795
2010.44,-853.196,134.388
2014.67,-854.996,135.985
2018.9,-856.796,137.584
2023.12,-858.596,139.164
2027.34,-860.396,140.745
2031.55,-862.196,142.323
2035.77,-863.996,143.902
2039.99,-865.796,145.483
2044.24,-867.596,147.073
2048.46,-869.396,148.654
2052.67,-871.196,150.208
2056.89,-872.996,151.764
2061.13,-874.796,153.326
2065.35,-876.596,154.88
2069.57,-878.396,156.419
2073.78,-880.196,157.957
2078,-881.996,159.496
2082.22,-883.796,161.02
2086.44,-885.596,162.546
2090.66,-887.396,164.07
2094.87,-889.196,165.595
2099.09,-890.996,167.113
2103.31,-892.796,168.628
2107.53,-894.596,170.147
2111.74,-896.396,171.662
2115.96,-898.196,173.181
2120.19,-899.996,174.706
2124.41,-901.796,176.228
2128.64,-903.596,177.789
2132.85,-905.396,179.347
2137.07,-907.196,180.907
2141.28,-908.996,182.464
2145.5,-910.796,184.225
2149.72,-912.596,185.986
2153.94,-914.396,187.745
2158.16,-916.196,189.686
2162.4,-917.996,191.635
2166.62,-919.796,193.576
2170.84,-921.596,195.513
2175.05,-923.396,197.364
2179.27,-925.196,199.216
2183.49,-926.996,201.067
2187.71,-928.796,202.849
2191.93,-930.596,204.628
2196.14,-932.396,206.408
2200.36,-934.196,208.189
2204.58,-935.996,209.988
2208.86,-937.796,211.813
2213.07,-939.596,213.613
2217.33,-941.396,215.453
2221.57,-943.196,217.284
2225.9,-944.996,219.162
2230.21,-946.796,221.035
2234.44,-948.596,222.822
2238.67,-950.396,224.613
2242.88,-952.196,226.4
2247.11,-953.996,228.187
2251.32,-955.796,229.964
2255.54,-957.596,231.739
2259.76,-959.396,233.518
2264.02,-961.196,235.371
2268.24,-962.996,237.211
2272.46,-964.796,239.048
2276.68,-966.596,240.875
2280.9,-968.396,242.699
2285.11,-970.195,244.525
2289.34,-971.995,246.353
2293.55,-973.795,248.191
2297.77,-975.595,250.032
2301.99,-977.395,251.869
2306.21,-979.195,253.708
2310.43,-980.995,255.559
2314.65,-982.795,257.413
2318.9,-984.595,259.28
2323.12,-986.395,261.119
2327.34,-988.195,262.96
2331.56,-989.995,264.797
2335.77,-991.795,266.636
2339.99,-993.595,268.454
2344.22,-995.395,270.273
2348.44,-997.195,272.09
2352.66,-998.995,273.893
2356.88,-1000.8,275.699
2361.09,-1002.6,277.501
2365.34,-1004.4,279.318
2369.56,-1006.2,281.114
2373.78,-1008,282.91
2378,-1009.8,284.707
2382.22,-1011.6,286.501
2386.44,-1013.4,288.295
2390.65,-1015.2,290.087
2394.87,-1017,291.881
2399.09,-1018.8,293.68
2403.31,-1020.6,295.477
2407.53,-1022.4,297.278
2411.75,-1024.2,299.075
2415.96,-1026,300.89
2420.21,-1027.8,302.72
2424.43,-1029.6,304.536
2428.66,-1031.4,306.376
2432.87,-1033.2,308.213
2437.09,-1035,310.052
2441.31,-1036.8,311.888
2445.52,-1038.6,313.748
2449.75,-1040.4,315.61
2453.96,-1042.2,317.469
2458.18,-1044,319.35
2462.4,-1045.8,321.232
2466.65,-1047.6,323.125
2470.87,-1049.4,325.005
2475.08,-1051.2,326.893
2479.31,-1053,328.781
2483.53,-1054.8,330.669
2487.75,-1056.6,332.558
2491.96,-1058.4,334.46
2496.18,-1060.2,336.361
2500.4,-1062,338.265
2504.62,-1063.8,340.184
2508.84,-1065.6,342.103
2513.05,-1067.4,344.02
2517.27,-1069.2,345.961
2521.52,-1071,347.915
2525.74,-1072.8,349.854
2529.96,-1074.6,351.794
2534.18,-1076.4,353.752
2538.4,-1078.2,355.712
2542.62,-1080,357.657
2546.89,-1081.8,359.469
2551.12,-1083.6,358.268
2557.86,-1085.4,355.127
2562.23,-1087.2,353.062
2566.46,-1089,351.035
2570.76,-1090.8,348.982
2575.28,-1092.6,346.824
2579.73,-1094.4,344.678
2584.06,-1096.2,342.592
2588.29,-1098,340.561
2592.67,-1099.8,338.449
2596.89,-1101.6,336.411
2601.11,-1103.4,334.374
2605.33,-1105.2,332.335
2609.56,-1107,330.278
2613.8,-1108.8,328.215
2618.05,-1110.6,326.142
2622.27,-1112.4,324.057
2626.5,-1114.2,321.97
2630.71,-1116,319.888
2634.93,-1117.8,317.806
2639.15,-1119.6,315.719
2643.37,-1121.4,313.634
2647.59,-1123.2,311.548
2651.9,-1125,309.642
2656.12,-1126.8,307.775
2660.34,-1128.6,305.908
2664.56,-1130.4,304.044
2668.83,-1132.2,302.401
2673.04,-1134,300.776
2677.27,-1135.8,299.148
2681.49,-1137.6,297.524
2685.71,-1139.4,295.86
2689.93,-1141.2,294.194
2694.15,-1143,292.529
2698.37,-1144.8,290.783
2702.59,-1146.6,289.036
2706.81,-1148.4,287.291
2711.03,-1150.2,285.547
2715.25,-1152,283.752
2719.5,-1153.8,281.941
2723.72,-1155.6,280.144
2727.94,-1157.4,278.33
2732.17,-1159.2,276.517
2736.39,-1161,274.701
2740.61,-1162.8,272.892
2744.82,-1164.6,271.078
2749.04,-1166.4,269.261
2753.26,-1168.2,267.446
2757.48,-1170,265.646
2761.7,-1171.8,263.849
2765.91,-1173.6,262.053
2770.16,-1175.4,260.243
2774.38,-1177.2,258.475
2778.6,-1179,256.706
2782.82,-1180.8,254.939
2787.04,-1182.6,253.171
2791.25,-1184.4,251.424
2795.47,-1186.2,249.676
2799.69,-1188,247.927
2803.97,-1189.8,246.18
2808.2,-1191.6,244.457
2812.41,-1193.4,242.734
2816.64,-1195.2,241.011
2820.88,-1197,239.308
2825.1,-1198.8,237.616
2829.33,-1200.6,235.922
2833.54,-1202.4,234.257
2837.77,-1204.2,232.588
2841.99,-1206,230.923
2846.2,-1207.8,229.259
2850.42,-1209.6,227.613
2854.64,-1211.4,225.966
2858.86,-1213.2,224.319
2863.07,-1215,222.693
2867.29,-1216.8,221.064
2871.54,-1218.6,219.426
2875.75,-1220.4,217.799
2879.98,-1222.2,216.191
2884.19,-1224,214.584
2888.41,-1225.8,212.977
2892.64,-1227.6,211.381
2896.87,-1229.4,209.788
2901.08,-1231.2,208.198
2905.3,-1233,206.608
2909.52,-1234.8,205.036
2913.74,-1236.6,203.466
2917.97,-1238.4,201.894
2922.21,-1240.2,200.314
2926.44,-1242,198.761
2930.65,-1243.8,197.209
2934.87,-1245.6,195.658
2939.09,-1247.4,194.111
2943.35,-1249.2,192.548
2947.58,-1251,191.002
2951.9,-1252.8,189.414
2956.12,-1254.6,187.864
2960.34,-1256.4,186.314
2964.56,-1258.2,184.767
2968.78,-1260,183.223
2973.02,-1261.8,181.673
2977.24,-1263.6,180.13
2981.46,-1265.4,178.59
2985.67,-1267.2,177.039
2989.9,-1269,175.483
2994.11,-1270.8,173.932
2998.34,-1272.6,172.348
3002.55,-1274.4,170.767
3006.77,-1276.2,169.184
3010.99,-1278,167.604
3015.2,-1279.8,165.867
3019.45,-1281.6,164.116
3023.67,-1283.4,162.378
3027.89,-1285.2,160.638
3032.11,-1287,158.74
3036.36,-1288.8,156.826
3040.57,-1290.6,154.929
3044.78,-1292.4,153.115
3049.01,-1294.2,151.295
3053.22,-1296,149.48
3057.44,-1297.8,147.662
3061.92,-1299.6,145.775
3066.14,-1301.4,143.997
3070.36,-1303.2,142.217
3074.6,-1305,140.402
3078.83,-1306.8,138.593
3083.04,-1308.6,136.789
3087.26,-1310.4,134.981
3091.48,-1312.2,133.13
3095.7,-1314,131.278
3099.92,-1315.8,129.425
3104.13,-1317.6,127.587
3108.36,-1319.4,125.746
3112.57,-1321.2,123.909
3116.79,-1323,122.069
3121.04,-1324.8,120.231
3125.25,-1326.6,118.403
3129.48,-1328.4,116.573
3133.69,-1330.2,114.751
3137.91,-1332,112.927
3142.19,-1333.8,111.107
3146.42,-1335.6,109.254
3150.64,-1337.4,107.444
3154.85,-1339.2,105.632
3159.07,-1341,103.821
3163.29,-1342.8,102.013
3167.78,-1344.6,100.099
3171.99,-1346.4,98.3032
3176.24,-1348.2,96.4946
3180.46,-1350,94.7208
3184.68,-1351.8,92.9514
3188.9,-1353.6,91.1794
3193.12,-1355.4,89.4021
3197.34,-1357.2,87.6207
3201.56,-1359,85.8439
3205.77,-1360.8,84.065
3210,-1362.6,82.2454
3214.22,-1364.4,80.4232
3218.44,-1366.2,78.6028
3222.9,-1368,76.6732
3227.12,-1369.8,74.8423
3231.34,-1371.6,73.0157
3235.56,-1373.4,71.1904
3239.78,-1375.2,69.3919
3244,-1377,67.5981
3248.22,-1378.8,65.8026
3252.44,-1380.6,64.0095
3256.66,-1382.4,62.196
3260.87,-1384.2,60.383
3265.09,-1386.01,58.5708
3269.32,-1387.81,56.7431
3273.53,-1389.61,54.9193
3277.78,-1391.41,53.0824
3282.18,-1393.21,51.1688
3286.41,-1395.01,49.3292
3290.62,-1396.81,47.4955
3294.84,-1398.61,45.6607
3299.06,-1400.41,43.8312
3303.28,-1402.21,42.0023
3307.51,-1404.01,40.1724
3311.72,-1405.81,38.3435
3315.94,-1407.61,36.4809
3320.2,-1409.41,34.6032
3324.42,-1411.21,32.7393
3328.64,-1413.01,30.8445
3332.86,-1414.81,28.9524
3337.08,-1416.61,27.0588
3341.29,-1418.41,25.1684
3345.51,-1420.21,23.2458
3349.73,-1422.01,21.3221
3353.95,-1423.81,19.4012
3358.17,-1425.61,17.4483
3362.39,-1427.41,15.4959
3366.61,-1429.21,13.5427
3370.83,-1431.01,11.5937
3375.04,-1432.81,9.62315
3379.29,-1434.61,7.63678
3383.51,-1436.41,5.66717
3387.73,-1438.21,3.70173
3392.21,-1440.01,1.62072
3396.47,-1441.81,0.659676
3400.7,-1443.61,2.50422
3405.43,-1445.41,4.71534
3409.83,-1447.21,6.79714
3414.07,-1449.01,8.8003
3418.3,-1450.81,10.8025
3422.67,-1452.61,12.8664
3427.31,-1454.41,15.0779
3431.67,-1456.21,17.1622
3435.89,-1458.01,19.1973
3440.12,-1459.81,21.2316
3444.34,-1461.61,23.2633
3448.56,-1463.41,25.3072
3452.78,-1465.21,27.3516
3457.01,-1467.01,29.3996
3461.23,-1468.81,31.4415
3465.45,-1470.61,33.5009
3469.67,-1472.41,35.5608
3473.88,-1474.21,37.621
3478.1,-1476.01,39.6824
3482.36,-1477.81,41.7673
3486.59,-1479.61,43.838
3490.8,-1481.41,45.9019
3495.02,-1483.21,47.9518
3499.24,-1485.01,50.0043
3503.45,-1486.81,52.0549
3507.67,-1488.61,54.106
3511.89,-1490.41,56.0742
3516.11,-1492.21,58.0431
3520.34,-1494.01,60.0181
3524.56,-1495.81,61.7377
3528.78,-1497.61,63.4595
3533,-1499.41,65.1795
3537.22,-1501.21,66.9009
3541.43,-1503.01,68.5496
3545.65,-1504.81,70.2012
3549.87,-1506.61,71.8524
3554.08,-1508.41,73.5343
3558.31,-1510.21,75.2181
3562.53,-1512.01,76.9026
3566.75,-1513.81,78.5866
3570.96,-1515.61,80.2953
3575.18,-1517.41,82.0037
3579.4,-1519.21,83.715
3583.64,-1521.01,85.4435
3587.87,-1522.81,87.1621
3592.08,-1524.61,88.8775
3596.34,-1526.41,90.6101
3600.55,-1528.21,92.3156
3604.77,-1530.01,94.0225
3608.99,-1531.81,95.7308
3613.21,-1533.61,97.4375
3617.43,-1535.41,99.1361
3621.65,-1537.21,100.836
3625.87,-1539.01,102.532
3630.09,-1540.81,104.206
3634.31,-1542.61,105.876
3638.53,-1544.41,107.549
3642.74,-1546.21,109.22
3646.96,-1548.01,110.866
3651.18,-1549.81,112.509
3655.4,-1551.61,114.156
3659.68,-1553.41,115.797
3663.9,-1555.21,117.414
3668.12,-1557.01,119.031
3672.34,-1558.81,120.648
3676.56,-1560.61,122.229
3680.77,-1562.41,123.811
3685.01,-1564.21,125.401
3689.23,-1566.01,126.953
3693.45,-1567.81,128.505
3697.67,-1569.61,130.057
3701.89,-1571.41,131.607
3706.1,-1573.21,133.132
3710.32,-1575.01,134.658
3714.53,-1576.81,136.182
3718.75,-1578.61,137.687
3723.02,-1580.41,139.204
3727.38,-1582.21,140.763
3731.65,-1584.01,142.287
3735.87,-1585.81,143.775
3740.09,-1587.61,145.266
3744.31,-1589.41,146.753
3748.53,-1591.21,148.242
3752.75,-1593.01,149.712
3756.97,-1594.81,151.183
3761.18,-1596.61,152.652
3765.4,-1598.41,154.13
3769.62,-1600.21,155.611
3773.84,-1602.01,157.089
3778.06,-1603.81,158.726
3782.27,-1605.61,160.363
3786.54,-1607.41,162.02
3790.76,-1609.21,163.658
3794.98,-1611.01,165.576
3799.2,-1612.81,167.497
3803.41,-1614.61,169.414
3807.63,-1616.41,171.334
3811.84,-1618.21,173.204
3816.06,-1620.01,175.073
3820.29,-1621.81,176.95
3824.51,-1623.61,178.716
3828.73,-1625.41,180.482
3832.95,-1627.21,182.246
3837.17,-1629.01,184.011
3841.38,-1630.81,185.757
3845.6,-1632.61,187.501
3849.82,-1634.41,189.247
3854.03,-1636.21,191.077
3858.25,-1638.01,192.909
3862.47,-1639.81,194.74
3866.69,-1641.61,196.573
3870.9,-1643.41,198.426
3875.12,-1645.21,200.279
3879.34,-1647.01,202.135
3883.55,-1648.81,203.958
3887.8,-1650.61,205.796
3892.02,-1652.41,207.619
3896.23,-1654.21,209.444
3900.46,-1656.01,211.266
3904.68,-1657.81,213.082
3908.9,-1659.61,214.902
3913.11,-1661.41,216.718
3917.34,-1663.21,218.534
3921.59,-1665.01,220.362
3925.8,-1666.81,222.175
3930.02,-1668.61,223.994
3934.24,-1670.41,225.812
3938.46,-1672.21,227.631
3942.68,-1674.01,229.447
3946.9,-1675.81,231.265
3951.11,-1677.61,233.08
3955.33,-1679.41,234.896
3959.55,-1681.21,236.716
3963.76,-1683.01,238.535
3967.98,-1684.81,240.356
3972.2,-1686.61,242.176
3976.42,-1688.41,244
3980.64,-1690.21,245.825
3984.86,-1692.01,247.648
3989.1,-1693.81,249.486
3993.32,-1695.61,251.313
3997.55,-1697.41,253.146
4002.54,-1699.21,255.305
4006.81,-1701.01,257.131
4011.22,-1702.81,259.027
4015.61,-1704.61,260.916
4020.01,-1706.41,262.749
4024.62,-1708.21,264.67
4029.09,-1710.01,266.537
4033.49,-1711.81,268.37
4037.88,-1713.61,270.132
4042.27,-1715.41,271.896
4046.77,-1717.21,273.695
4051.19,-1719.01,275.463
4055.58,-1720.81,277.22
4060.16,-1722.61,279.048
4064.66,-1724.41,280.885
4069.07,-1726.21,282.673
4073.41,-1728.01,284.445
4077.64,-1729.81,286.164
4081.86,-1731.61,287.878
4086.08,-1733.41,289.594
4090.34,-1735.21,291.327
4094.56,-1737.01,293.107
4098.78,-1738.81,294.89
4102.99,-1740.61,296.671
4107.21,-1742.41,298.453
4111.43,-1744.21,300.286
4115.64,-1746.01,302.121
4119.86,-1747.81,303.956
4124.16,-1749.61,305.824
4128.41,-1751.41,307.692
4132.63,-1753.21,309.542
4136.85,-1755.02,311.393
4141.07,-1756.82,313.232
4145.28,-1758.62,315.07
4149.51,-1760.42,316.914
4153.72,-1762.22,318.768
4157.94,-1764.02,320.624
4162.16,-1765.82,322.481
4166.39,-1767.62,324.338
4170.6,-1769.42,326.202
4174.82,-1771.22,328.067
4179.04,-1773.02,329.933
4183.26,-1774.82,331.798
4187.48,-1776.62,333.681
4191.73,-1778.42,335.572
4195.94,-1780.22,337.452
4200.16,-1782.02,339.347
4204.39,-1783.82,341.244
4208.61,-1785.62,343.14
4212.82,-1787.42,345.033
4217.04,-1789.22,346.953
4221.26,-1791.02,348.873
4225.51,-1792.82,350.807
4229.73,-1794.62,352.754
4233.95,-1796.42,354.695
4238.17,-1798.22,356.632
4242.38,-1800.02,358.54
4246.66,-1801.82,359.247
4250.88,-1803.62,357.384
4257.65,-1805.42,354.249
4262.02,-1807.22,352.183
4266.24,-1809.02,350.188
4270.5,-1810.82,348.182
4274.97,-1812.62,346.111
4279.49,-1814.42,344.013
4283.82,-1816.22,341.994
4288.05,-1818.02,340.033
4292.31,-1819.82,338.032
4296.53,-1821.62,336.05
4300.75,-1823.42,334.068
4304.98,-1825.22,332.064
4309.2,-1827.02,330.062
4313.42,-1828.82,328.06
4317.64,-1830.62,326.057
4321.86,-1832.42,324.038
4326.09,-1834.22,322.012
4330.32,-1836.02,319.989
4334.53,-1837.82,317.968
4338.76,-1839.62,315.942
4342.98,-1841.42,313.919
4347.2,-1843.22,311.895
4351.41,-1845.02,309.881
4355.62,-1846.82,307.864
4359.84,-1848.62,305.846
4364.12,-1850.42,303.819
4368.35,-1852.22,301.818
4372.56,-1854.02,299.821
4376.78,-1855.82,297.821
4381,-1857.62,295.938
4385.21,-1859.42,294.052
4389.44,-1861.22,292.165
4393.69,-1863.02,290.264
4397.91,-1864.82,288.548
4402.18,-1866.62,286.817
4406.4,-1868.42,285.101
4410.61,-1870.22,283.432
4414.83,-1872.02,281.762
4419.05,-1873.82,280.092
4423.34,-1875.62,278.38
4427.59,-1877.42,276.682
4431.81,-1879.22,274.999
4436.02,-1881.02,273.314
4440.25,-1882.82,271.631
4444.47,-1884.62,269.947
4448.69,-1886.42,268.264
4452.9,-1888.22,266.583
4457.13,-1890.02,264.911
4461.34,-1891.82,263.244
4465.56,-1893.62,261.577
4469.78,-1895.42,259.937
4474,-1897.22,258.298
4478.21,-1899.02,256.657
4482.43,-1900.82,255.019
4486.65,-1902.62,253.405
4490.86,-1904.42,251.794
4495.1,-1906.22,250.173
4499.33,-1908.02,248.603
4503.54,-1909.82,247.036
4507.76,-1911.62,245.466
4511.97,-1913.42,243.898
4516.19,-1915.22,242.378
4520.41,-1917.02,240.856
4524.63,-1918.82,239.333
4528.88,-1920.62,237.798
4533.1,-1922.42,236.33
4537.32,-1924.22,234.861
4541.53,-1926.02,233.395
4545.75,-1927.82,231.99
4549.97,-1929.62,230.583
4554.18,-1931.42,229.178
4558.4,-1933.22,227.77
4562.62,-1935.02,226.424
4566.85,-1936.82,225.075
4571.08,-1938.62,223.723
4575.29,-1940.42,222.428
4579.52,-1942.22,221.129
4583.74,-1944.02,219.833
4587.95,-1945.82,218.538
4592.17,-1947.62,217.079
4596.43,-1949.42,215.608
4600.64,-1951.22,214.151
4604.86,-1953.02,212.062
4609.08,-1954.82,209.97
4613.29,-1956.62,207.882
4617.52,-1958.42,205.788
4621.73,-1960.22,203.824
4625.98,-1962.02,201.843
4630.2,-1963.82,199.875
4634.42,-1965.62,198.088
4638.64,-1967.42,196.294
4642.86,-1969.22,194.505
4647.08,-1971.02,192.714
4651.29,-1972.82,191.052
4655.51,-1974.62,189.387
4659.73,-1976.42,187.723
4663.94,-1978.22,185.995
4668.16,-1980.02,184.265
4672.38,-1981.82,182.536
4676.6,-1983.62,180.806
4680.81,-1985.42,178.951
4685.02,-1987.22,177.095
4689.24,-1989.02,175.237
4693.46,-1990.82,173.38
4697.7,-1992.62,171.538
4701.92,-1994.42,169.71
4706.13,-1996.22,167.88
4710.35,-1998.02,166.102
4714.57,-1999.82,164.327
4718.78,-2001.62,162.55
4723,-2003.42,160.773
4727.25,-2005.22,158.971
4731.46,-2007.02,157.183
4735.68,-2008.82,155.396
4739.9,-2010.62,153.54
4744.12,-2012.42,151.688
4748.34,-2014.22,149.833
4752.55,-2016.02,147.981
4756.77,-2017.82,146.131
4760.99,-2019.62,144.284
4765.2,-2021.42,142.436
4769.42,-2023.22,140.588
4773.64,-2025.02,138.749
4777.86,-2026.82,136.911
4782.07,-2028.62,135.076
4786.33,-2030.42,133.227
4790.55,-2032.22,131.395
4794.77,-2034.02,129.565
4799.01,-2035.82,127.721
4803.23,-2037.62,125.911
4807.45,-2039.42,124.1
4811.66,-2041.22,122.291
4815.88,-2043.02,120.5
4820.1,-2044.82,118.706
4824.32,-2046.62,116.911
4828.57,-2048.42,115.105
4832.79,-2050.22,113.3
4837.01,-2052.02,111.493
4841.22,-2053.82,109.69
4845.44,-2055.62,107.883
4849.66,-2057.42,106.075
4853.87,-2059.22,104.268
4858.09,-2061.02,102.46
4862.3,-2062.82,100.648
4866.52,-2064.62,98.8345
4870.74,-2066.42,97.0227
4874.95,-2068.22,95.2037
4879.17,-2070.02,93.3844
4883.39,-2071.82,91.5651
4887.61,-2073.62,89.7447
4891.82,-2075.42,87.9245
4896.04,-2077.22,86.1035
4900.28,-2079.02,84.2684
4904.51,-2080.82,82.4391
4908.73,-2082.62,80.6092
4912.94,-2084.42,78.7827
4917.16,-2086.22,76.9542
4921.38,-2088.02,75.1385
4925.59,-2089.82,73.3213
4929.84,-2091.62,71.4906
4934.06,-2093.42,69.6769
4938.28,-2095.22,67.86
4942.5,-2097.02,66.0442
4946.73,-2098.82,64.2288
4950.94,-2100.62,62.4206
4955.16,-2102.42,60.6134
4959.38,-2104.22,58.8031
4963.6,-2106.02,56.9949
4967.82,-2107.82,55.1888
4972.03,-2109.62,53.3853
4976.24,-2111.42,51.5805
4980.47,-2113.22,49.7693
4984.69,-2115.02,47.957
4988.91,-2116.82,46.1465
4993.12,-2118.62,44.3374
4997.34,-2120.42,42.5209
5001.58,-2122.22,40.6959
5005.79,-2124.02,38.882
5010.01,-2125.82,37.0664
5014.23,-2127.62,35.2322
5018.46,-2129.43,33.3977
5022.67,-2131.23,31.5653
5026.92,-2133.03,29.6964
5031.14,-2134.83,27.8414
5035.36,-2136.63,25.9866
5039.58,-2138.43,24.1152
5043.8,-2140.23,22.2477
5048.02,-2142.03,20.3783
5052.23,-2143.83,18.5104
5056.46,-2145.63,16.628
5060.67,-2147.43,14.7506
5064.95,-2149.23,12.8441
5069.17,-2151.03,10.965
5073.38,-2152.83,9.07779
5077.6,-2154.63,7.19347
5081.81,-2156.43,5.31865
5086.02,-2158.23,3.45474
5090.24,-2160.03,1.65796
5094.49,-2161.83,0.875804
5098.72,-2163.63,2.45784
5105.6,-2165.43,5.49275
5109.96,-2167.23,7.45661
5114.18,-2169.03,9.35536
5118.45,-2170.83,11.2689
5122.94,-2172.63,13.2873
5127.47,-2174.43,15.3405
5131.81,-2176.23,17.3267
5136.03,-2178.03,19.2569
5140.25,-2179.83,21.1878
5144.47,-2181.63,23.1051
5148.69,-2183.43,25.0251
5152.91,-2185.23,26.9439
5157.14,-2187.03,28.8636
5161.35,-2188.83,30.8036
5165.57,-2190.63,32.7426
5169.79,-2192.43,34.6841
5174.01,-2194.23,36.6241
5178.23,-2196.03,38.5746
5182.45,-2197.83,40.5219
5186.67,-2199.63,42.4705
5190.88,-2201.43,44.413
5195.1,-2203.23,46.3552
5199.32,-2205.03,48.2999
5203.58,-2206.83,50.261
5207.8,-2208.63,52.1974
5212.02,-2210.43,54.1306
5216.23,-2212.23,56.0639
5220.45,-2214.03,57.9755
5224.85,-2215.83,59.9608
5229.24,-2217.63,61.9551
5233.47,-2219.43,63.8714
5237.7,-2221.23,65.7541
5241.91,-2223.03,67.6331
5246.13,-2224.83,69.5134
5250.35,-2226.63,71.3556
5254.56,-2228.43,73.1959
5258.78,-2230.23,75.0375
5263,-2232.03,76.8776
5267.22,-2233.83,78.6873
5271.44,-2235.63,80.494
5275.65,-2237.43,82.3029
5279.87,-2239.23,84.0664
5284.09,-2241.03,85.8298
5288.32,-2242.83,87.5962
5292.53,-2244.63,89.3581
5296.75,-2246.43,91.0782
5300.97,-2248.23,92.7942
5305.22,-2250.03,94.5258
5309.44,-2251.83,96.2453
5313.66,-2253.63,97.9094
5317.88,-2255.43,99.576
5322.09,-2257.23,101.239
5326.39,-2259.03,102.882
5330.64,-2260.83,104.507
5334.85,-2262.63,106.121
5339.08,-2264.43,107.736
5343.29,-2266.23,109.29
5347.51,-2268.03,110.847
5351.73,-2269.83,112.4
5355.94,-2271.63,113.9
5360.16,-2273.43,115.4
5364.37,-2275.23,116.9
5368.6,-2277.03,118.402
5372.81,-2278.83,119.855
5377.03,-2280.63,121.309
5381.24,-2282.43,122.763
5385.46,-2284.23,124.176
5389.68,-2286.03,125.59
5393.9,-2287.83,127.003
5398.12,-2289.63,128.417
5402.33,-2291.43,129.797
5406.58,-2293.23,131.186
5410.79,-2295.03,132.565
5415.01,-2296.83,134.002
5419.23,-2298.63,135.44
5423.45,-2300.43,136.877
5427.69,-2302.23,138.325
5431.91,-2304.03,140.258
5436.12,-2305.83,142.191
5440.35,-2307.63,144.127
5444.56,-2309.43,146.06
5448.78,-2311.23,148.026
5453,-2313.03,149.992
5457.22,-2314.83,151.959
5461.44,-2316.63,153.774
5465.65,-2318.43,155.592
5469.87,-2320.23,157.41
5474.09,-2322.03,159.226
5478.31,-2323.83,160.927
5482.53,-2325.63,162.629
5486.75,-2327.43,164.33
5490.96,-2329.23,166.064
5495.17,-2331.03,167.798
5499.39,-2332.83,169.536
5503.61,-2334.63,171.271
5507.85,-2336.43,173.127
5512.07,-2338.23,174.97
5516.32,-2340.03,176.829
5520.54,-2341.83,178.676
5524.76,-2343.63,180.523
5529.01,-2345.43,182.384
5533.22,-2347.23,184.23
5537.44,-2349.03,186.039
5541.66,-2350.83,187.846
5545.87,-2352.63,189.653
5550.09,-2354.43,191.46
5554.31,-2356.23,193.265
5558.53,-2358.03,195.072
5562.74,-2359.83,196.877
5566.96,-2361.63,198.706
5571.18,-2363.43,200.531
5575.39,-2365.23,202.359
5579.61,-2367.03,204.188
5583.83,-2368.83,206.005
5588.05,-2370.63,207.824
5592.26,-2372.43,209.641
5596.49,-2374.23,211.436
5600.7,-2376.03,213.227
5604.91,-2377.83,215.018
5609.16,-2379.63,216.824
5613.38,-2381.43,218.625
5617.6,-2383.23,220.426
5621.82,-2385.03,222.224
5626.04,-2386.83,224.036
5630.28,-2388.63,225.859
5634.51,-2390.43,227.671
5638.73,-2392.23,229.483
5642.94,-2394.03,231.297
5647.16,-2395.83,233.113
5651.37,-2397.63,234.926
5655.59,-2399.43,236.762
5659.81,-2401.23,238.599
5664.03,-2403.03,240.436
5668.25,-2404.83,242.274
5672.46,-2406.63,244.119
5676.68,-2408.43,245.965
5680.9,-2410.23,247.809
5685.11,-2412.03,249.647
5689.33,-2413.83,251.487
5693.55,-2415.63,253.324
5697.77,-2417.43,255.165
5701.98,-2419.23,256.995
5706.19,-2421.03,258.826
5710.44,-2422.83,260.671
5714.66,-2424.63,262.501
5718.88,-2426.43,264.322
5723.09,-2428.23,266.14
5727.32,-2430.03,267.96
5731.56,-2431.83,269.766
5735.78,-2433.63,271.559
5740,-2435.43,273.354
5744.22,-2437.23,275.143
5748.44,-2439.03,276.931
5752.66,-2440.83,278.716
5756.88,-2442.63,280.505
5761.09,-2444.43,282.297
5765.31,-2446.23,284.089
5769.58,-2448.03,285.907
5773.8,-2449.83,287.699
5778.02,-2451.63,289.503
5782.24,-2453.43,291.306
5786.46,-2455.23,293.11
5790.67,-2457.03,294.912
5794.89,-2458.83,296.717
5799.11,-2460.63,298.522
5803.32,-2462.43,300.327
5807.54,-2464.23,302.145
5811.78,-2466.03,303.971
5816,-2467.83,305.79
5820.22,-2469.63,307.615
5824.44,-2471.43,309.439
5828.69,-2473.23,311.278
5832.91,-2475.03,313.102
5837.13,-2476.83,314.923
5841.35,-2478.63,316.742
5845.57,-2480.43,318.561
5849.79,-2482.23,320.381
5854,-2484.03,322.2
5858.22,-2485.83,324.021
5862.44,-2487.63,325.84
5866.66,-2489.43,327.66
5870.87,-2491.23,329.478
5875.09,-2493.03,331.296
5879.31,-2494.83,333.117
5883.52,-2496.64,334.941
5887.74,-2498.44,336.767
5891.96,-2500.24,338.59
5896.17,-2502.04,340.429
5900.4,-2503.84,342.274
5904.61,-2505.64,344.114
5908.84,-2507.44,345.955
5913.05,-2509.24,347.814
5917.27,-2511.04,349.675
5921.49,-2512.84,351.532
5925.71,-2514.64,353.408
5929.96,-2516.44,355.288
5934.17,-2518.24,357.134
5938.4,-2520.04,358.853
5942.66,-2521.84,358.733
5946.89,-2523.64,356.97
5953.66,-2525.44,353.974
5958.02,-2527.24,351.998
5962.25,-2529.04,350.084
5966.51,-2530.84,348.161
5970.98,-2532.64,346.196
5975.46,-2534.44,344.222
5979.79,-2536.24,342.306
5984.02,-2538.04,340.443
5988.24,-2539.84,338.553
5992.47,-2541.64,336.665
5996.69,-2543.44,334.772
6000.91,-2545.24,332.865
6005.14,-2547.04,330.958
6009.36,-2548.84,329.05
6013.61,-2550.64,327.127
6017.83,-2552.44,325.207
6022.05,-2554.24,323.29
6026.27,-2556.04,321.371
6030.53,-2557.84,319.433
6034.75,-2559.64,317.513
6038.97,-2561.44,315.592
6043.18,-2563.24,313.674
6047.4,-2565.04,311.758
6051.62,-2566.84,309.844
6055.83,-2568.64,307.93
6060.05,-2570.44,306.014
6064.27,-2572.24,304.112
6068.5,-2574.04,302.209
6072.71,-2575.84,300.309
6076.93,-2577.64,298.432
6081.15,-2579.44,296.558
6085.36,-2581.24,294.683
6089.59,-2583.04,292.805
6093.81,-2584.84,290.962
6098.02,-2586.64,289.117
6102.24,-2588.44,287.274
6106.46,-2590.24,285.467
6110.68,-2592.04,283.665
6114.92,-2593.84,281.849
6119.14,-2595.64,280.043
6123.36,-2597.44,278.286
6127.58,-2599.24,276.526
6131.83,-2601.04,274.758
6136.04,-2602.84,273.054
6140.27,-2604.64,271.348
6144.48,-2606.44,269.644
6148.7,-2608.24,267.939
6152.92,-2610.04,266.292
6157.14,-2611.84,264.643
6161.36,-2613.64,262.994
6165.57,-2615.44,261.401
6169.79,-2617.24,259.806
6174.01,-2619.04,258.211
6178.23,-2620.84,256.616
6182.45,-2622.64,255.069
6186.66,-2624.44,253.522
6190.88,-2626.24,251.976
6195.1,-2628.04,250.43
6199.32,-2629.84,248.933
6203.53,-2631.64,247.438
6207.75,-2633.44,245.941
6211.97,-2635.24,244.499
6216.21,-2637.04,243.046
6220.43,-2638.84,241.6
6224.65,-2640.64,240.156
6228.9,-2642.44,238.744
6233.12,-2644.24,237.344
6237.34,-2646.04,235.941
6241.56,-2647.84,234.497
6245.77,-2649.64,233.052
6249.99,-2651.44,231.605
6254.21,-2653.24,230.158
6258.43,-2655.04,228.233
6262.65,-2656.84,226.309
6266.88,-2658.64,224.383
6271.09,-2660.44,222.423
6275.31,-2662.24,220.462
6279.53,-2664.04,218.501
6283.74,-2665.84,216.541
6287.97,-2667.64,214.723
6292.19,-2669.44,212.905
6296.4,-2671.24,211.088
6300.62,-2673.04,209.404
6304.84,-2674.84,207.721
6309.06,-2676.64,206.037
6313.27,-2678.44,204.354
6317.49,-2680.24,202.627
6321.71,-2682.04,200.903
6325.92,-2683.84,199.179
6330.17,-2685.64,197.439
6334.4,-2687.44,195.551
6338.62,-2689.24,193.663
6342.83,-2691.04,191.777
6347.05,-2692.84,189.929
6351.26,-2694.64,188.083
6355.48,-2696.44,186.234
6359.7,-2698.24,184.386
6363.91,-2700.04,182.612
6368.13,-2701.84,180.835
6372.35,-2703.64,179.061
6376.57,-2705.44,177.29
6380.78,-2707.24,175.523
6384.99,-2709.04,173.755
6389.21,-2710.84,171.983
6393.43,-2712.64,170.17
6397.65,-2714.44,168.356
6401.86,-2716.24,166.544
6406.08,-2718.04,164.726
6410.3,-2719.84,162.907
6414.51,-2721.64,161.088
6418.76,-2723.44,159.256
6422.98,-2725.24,157.453
6427.2,-2727.04,155.647
6431.44,-2728.84,153.833
6435.66,-2730.64,152.005
6439.88,-2732.44,150.176
6444.1,-2734.24,148.349
6448.32,-2736.04,146.519
6452.53,-2737.84,144.679
6456.75,-2739.64,142.837
6460.97,-2741.44,140.998
6465.18,-2743.24,139.159
6469.46,-2745.04,137.291
6473.68,-2746.84,135.452
6477.9,-2748.64,133.61
6482.11,-2750.44,131.796
6486.38,-2752.24,129.959
6490.59,-2754.04,128.144
6494.81,-2755.84,126.329
6499.03,-2757.64,124.522
6503.25,-2759.44,122.717
6507.47,-2761.24,120.91
6511.68,-2763.04,119.109
6515.9,-2764.84,117.306
6520.14,-2766.64,115.491
6524.36,-2768.44,113.686
6528.59,-2770.24,111.875
6532.83,-2772.04,110.054
6537.05,-2773.84,108.243
6541.27,-2775.64,106.443
6545.49,-2777.44,104.643
6549.7,-2779.24,102.842
6553.92,-2781.04,101.043
6558.14,-2782.84,99.2363
6562.36,-2784.64,97.431
6566.58,-2786.44,95.6244
6570.79,-2788.24,93.8212
6575.01,-2790.04,92.001
6579.23,-2791.84,90.1822
6583.44,-2793.64,88.3631
6587.66,-2795.44,86.5406
6591.88,-2797.24,84.7189
6596.1,-2799.04,82.8976
6600.32,-2800.84,81.07
6604.54,-2802.64,79.2466
6608.75,-2804.44,77.4206
6612.97,-2806.24,75.5966
6617.19,-2808.04,73.777
6621.43,-2809.84,71.9499
6625.65,-2811.64,70.1287
6629.9,-2813.44,68.2967
6634.12,-2815.24,66.4804
6638.34,-2817.04,64.6635
6642.56,-2818.84,62.8493
6646.78,-2820.64,61.0452
6650.99,-2822.44,59.2442
6655.21,-2824.24,57.4416
6659.43,-2826.04,55.6393
6663.64,-2827.84,53.8434
6667.86,-2829.64,52.0471
6672.08,-2831.44,50.253
6676.33,-2833.24,48.4424
6680.55,-2835.04,46.6433
6684.77,-2836.84,44.8442
6688.98,-2838.64,43.0447
6693.21,-2840.44,41.2435
6697.42,-2842.24,39.4426
6701.64,-2844.04,37.6438
6705.85,-2845.84,35.8453
6710.07,-2847.64,34.0366
6714.29,-2849.44,32.2284
6718.52,-2851.24,30.4175
6722.78,-2853.04,28.5805
6727.08,-2854.84,26.7288
6731.45,-2856.64,24.8368
6735.67,-2858.44,23.0048
6739.88,-2860.24,21.1739
6744.1,-2862.04,19.3449
6748.33,-2863.84,17.5117
6752.54,-2865.65,15.6762
6756.76,-2867.45,13.8419
6760.97,-2869.25,12.0119
6765.18,-2871.05,10.1807
6769.41,-2872.85,8.33516
6773.62,-2874.65,6.49912
6777.84,-2876.45,4.6718
6782.05,-2878.25,2.87036
6786.27,-2880.05,1.25115
6790.54,-2881.85,1.37057
6794.76,-2883.65,3.03111
6803.13,-2885.45,6.66486
6807.49,-2887.25,8.59621
6811.72,-2889.05,10.4643
6824.1,-2890.85,15.8852
6828.48,-2892.65,17.8399
6832.74,-2894.45,19.7334
6836.97,-2896.25,21.6123
6841.18,-2898.05,23.2334
6845.4,-2899.85,24.8553
6849.62,-2901.65,26.4796
6853.85,-2903.45,28.1031
6858.07,-2905.25,29.8335
6862.29,-2907.05,31.56
6866.51,-2908.85,33.2902
6870.73,-2910.65,35.0156
6874.94,-2912.45,36.8003
6879.16,-2914.25,38.587
6883.38,-2916.05,40.3737
6887.6,-2917.85,42.1962
6891.82,-2919.65,44.0158
6896.03,-2921.45,45.8361
6900.26,-2923.25,47.6593
6904.47,-2925.05,49.4889
6908.69,-2926.85,51.3199
6912.91,-2928.65,53.1491
6917.13,-2930.45,54.974
6921.35,-2932.25,56.7958
6925.59,-2934.05,58.6298
6929.81,-2935.85,60.455
6934.06,-2937.65,62.2686
6938.28,-2939.45,64.0735
6942.51,-2941.25,65.877
6946.73,-2943.05,67.6485
6950.94,-2944.85,69.4167
6955.15,-2946.65,71.1854
6959.38,-2948.45,72.9586
6963.6,-2950.25,74.6902
6967.82,-2952.05,76.424
6972.03,-2953.85,78.1544
6976.25,-2955.65,79.8414
6980.48,-2957.45,81.5292
6984.69,-2959.25,83.214
6988.91,-2961.05,84.9007
6993.13,-2962.85,86.5268
6997.35,-2964.65,88.1557
7001.56,-2966.45,89.7813
7005.78,-2968.25,91.4067
7010,-2970.05,92.9809
7014.22,-2971.85,94.5546
7018.44,-2973.65,96.1284
7022.66,-2975.45,97.6485
7026.91,-2977.25,99.1803
7031.15,-2979.05,100.71
7035.37,-2980.85,102.231
7039.59,-2982.65,103.7
7043.8,-2984.45,105.168
7048.02,-2986.25,106.637
7052.24,-2988.05,108.055
7056.46,-2989.85,109.476
7060.68,-2991.65,110.893
7064.89,-2993.45,112.312
7069.11,-2995.25,113.758
7073.33,-2997.05,115.201
7077.55,-2998.85,116.645
7081.76,-3000.65,118.493
7085.98,-3002.45,120.341
7090.2,-3004.25,122.192
7094.41,-3006.05,124.04
7098.63,-3007.85,126.017
7102.85,-3009.65,127.992
7107.07,-3011.45,129.968
7111.28,-3013.25,131.817
7115.5,-3015.05,133.667
7119.72,-3016.85,135.518
7123.93,-3018.65,137.367
7128.15,-3020.45,139.076
7132.4,-3022.25,140.796
7136.62,-3024.05,142.505
7140.84,-3025.85,144.212
7145.06,-3027.65,145.914
7149.27,-3029.45,147.618
7153.5,-3031.25,149.323
7157.71,-3033.05,151.18
7161.93,-3034.85,153.035
7166.14,-3036.65,154.892
7170.36,-3038.45,156.751
7174.58,-3040.25,158.624
7178.86,-3042.05,160.526
7183.08,-3043.85,162.399
7187.3,-3045.65,164.208
7191.51,-3047.45,166.018
7195.73,-3049.25,167.826
7199.95,-3051.05,169.636
7204.16,-3052.85,171.401
7208.38,-3054.65,173.17
7212.6,-3056.45,174.937
7216.82,-3058.25,176.732
7221.03,-3060.05,178.523
7225.25,-3061.85,180.316
7229.47,-3063.65,182.112
7233.71,-3065.45,183.935
7237.93,-3067.25,185.749
7242.15,-3069.05,187.562
7246.38,-3070.85,189.354
7250.59,-3072.65,191.142
7254.81,-3074.45,192.93
7259.03,-3076.25,194.719
7263.24,-3078.05,196.508
7267.46,-3079.85,198.297
7271.68,-3081.65,200.083
7275.89,-3083.45,201.919
7280.11,-3085.25,203.755
7284.32,-3087.05,205.59
7288.54,-3088.85,207.425
7292.76,-3090.65,209.267
7296.98,-3092.45,211.109
7301.19,-3094.25,212.949
7305.41,-3096.05,214.789
7309.63,-3097.85,216.626
7313.84,-3099.65,218.46
7318.06,-3101.45,220.296
7322.28,-3103.25,222.132
7326.5,-3105.05,223.972
7330.72,-3106.85,225.808
7334.97,-3108.65,227.658
7339.19,-3110.45,229.486
7343.4,-3112.25,231.312
7347.63,-3114.05,233.14
7351.84,-3115.85,234.95
7356.06,-3117.65,236.76
7360.28,-3119.45,238.573
7364.49,-3121.25,240.385
7368.71,-3123.05,242.203
7372.93,-3124.85,244.018
7377.15,-3126.65,245.836
7381.36,-3128.45,247.653
7385.58,-3130.25,249.471
7389.8,-3132.05,251.289
7394.02,-3133.85,253.106
7398.24,-3135.65,254.919
7402.45,-3137.45,256.731
7406.67,-3139.25,258.543
7410.89,-3141.05,260.352
7415.1,-3142.85,262.158
7419.32,-3144.65,263.965
7423.53,-3146.45,265.77
7427.76,-3148.25,267.591
7432,-3150.05,269.422
7436.22,-3151.85,271.24
7440.44,-3153.65,273.061
7444.66,-3155.45,274.876
7448.88,-3157.25,276.694
7453.1,-3159.05,278.51
7457.32,-3160.85,280.326
7461.53,-3162.65,282.139
7465.75,-3164.45,283.952
7469.97,-3166.25,285.768
7474.19,-3168.05,287.58
7478.41,-3169.85,289.394
7482.62,-3171.65,291.207
7486.84,-3173.45,293.016
7491.06,-3175.25,294.822
7495.28,-3177.05,296.63
7499.5,-3178.85,298.44
7503.71,-3180.65,300.238
7507.93,-3182.45,302.037
7512.15,-3184.25,303.837
7516.38,-3186.05,305.64
7520.59,-3187.85,307.435
7524.81,-3189.65,309.231
7529.03,-3191.45,311.029
7533.28,-3193.25,312.838
7537.51,-3195.05,314.639
7541.72,-3196.85,316.434
7545.94,-3198.65,318.231
7550.16,-3200.45,320.03
7554.38,-3202.25,321.828
7558.59,-3204.05,323.626
7562.81,-3205.85,325.431
7567.03,-3207.65,327.236
7571.24,-3209.45,329.039
7575.46,-3211.25,330.845
7579.68,-3213.05,332.66
7583.9,-3214.85,334.474
7588.12,-3216.65,336.289
7592.33,-3218.45,338.109
7596.55,-3220.25,339.93
7600.77,-3222.05,341.748
7604.98,-3223.85,343.566
7609.2,-3225.65,345.389
7613.42,-3227.45,347.21
7617.64,-3229.25,349.032
7621.85,-3231.05,350.855
7626.07,-3232.85,352.674
7630.29,-3234.66,354.491
7634.54,-3236.46,356.304
7638.76,-3238.26,358.053
7642.98,-3240.06,359.164
7647.25,-3241.86,357.892
7651.47,-3243.66,356.125
7659.8,-3245.46,352.534
7664.17,-3247.26,350.625
7668.4,-3249.06,348.779
7680.87,-3250.86,343.341
7685.24,-3252.66,341.412
7689.47,-3254.46,339.552
7693.69,-3256.26,337.697
7697.91,-3258.06,336.083
7702.18,-3259.86,334.449
7706.41,-3261.66,332.83
7710.63,-3263.46,331.215
7714.85,-3265.26,329.519
7719.07,-3267.06,327.821
7723.28,-3268.86,326.126
7727.67,-3270.66,324.314
7731.91,-3272.46,322.558
7736.14,-3274.26,320.814
7740.36,-3276.06,319.068
7744.58,-3277.86,317.306
7748.8,-3279.66,315.543
7753.02,-3281.46,313.782
7757.24,-3283.26,312.009
7761.45,-3285.06,310.237
7765.67,-3286.86,308.469
7769.89,-3288.66,306.695
7774.11,-3290.46,304.933
7778.33,-3292.26,303.168
7782.55,-3294.06,301.406
7786.77,-3295.86,299.661
7790.98,-3297.66,297.92
7795.2,-3299.46,296.178
7799.42,-3301.26,294.435
7803.64,-3303.06,292.722
7807.86,-3304.86,291.009
7812.07,-3306.66,289.298
7816.32,-3308.46,287.573
7820.54,-3310.26,285.894
7824.76,-3312.06,284.218
7829.01,-3313.86,282.528
7833.26,-3315.66,280.88
7837.48,-3317.46,279.242
7841.7,-3319.26,277.607
7845.92,-3321.06,275.974
7850.14,-3322.86,274.385
7854.36,-3324.66,272.796
7858.58,-3326.46,271.208
7862.79,-3328.26,269.661
7867.01,-3330.06,268.111
7871.23,-3331.86,266.564
7875.45,-3333.66,265.016
7879.67,-3335.46,263.5
7883.88,-3337.26,261.986
7888.1,-3339.06,260.472
7892.38,-3340.86,258.938
7896.6,-3342.66,257.426
7900.82,-3344.46,255.916
7905.03,-3346.26,254.406
7909.25,-3348.06,252.706
7913.47,-3349.86,251.006
7917.69,-3351.66,249.307
7921.9,-3353.46,247.379
7926.12,-3355.26,245.452
7930.37,-3357.06,243.508
7934.61,-3358.86,241.565
7938.84,-3360.66,239.672
7943.06,-3362.46,237.783
7947.28,-3364.26,235.894
7951.49,-3366.06,234.005
7955.71,-3367.86,232.239
7959.93,-3369.66,230.472
7964.15,-3371.46,228.706
7968.37,-3373.26,226.997
7972.58,-3375.06,225.287
7976.8,-3376.86,223.577
7981.02,-3378.66,221.868
7985.23,-3380.46,220.079
7989.46,-3382.26,218.286
7993.67,-3384.06,216.496
7997.89,-3385.86,214.644
8002.11,-3387.66,212.794
8006.36,-3389.46,210.924
8010.58,-3391.26,209.074
8014.79,-3393.06,207.245
8019.01,-3394.86,205.413
8023.23,-3396.66,203.584
8027.45,-3398.46,201.786
8031.69,-3400.26,199.981
8035.93,-3402.06,198.175
8040.15,-3403.86,196.377
8044.38,-3405.66,194.58
8048.6,-3407.46,192.783
8052.82,-3409.26,190.99
8057.03,-3411.06,189.192
8061.25,-3412.86,187.396
8065.47,-3414.66,185.598
8069.69,-3416.46,183.797
8073.9,-3418.26,182.003
8078.13,-3420.06,180.205
8082.34,-3421.86,178.412
8086.56,-3423.66,176.616
8090.77,-3425.46,174.832
8094.99,-3427.26,173.047
8099.21,-3429.06,171.261
8103.42,-3430.86,169.465
8107.64,-3432.66,167.667
8111.85,-3434.46,165.873
8116.06,-3436.26,164.076
8120.28,-3438.06,162.255
8124.5,-3439.86,160.431
8128.72,-3441.66,158.608
8132.97,-3443.46,156.775
8137.19,-3445.26,154.935
8141.4,-3447.06,153.1
8145.62,-3448.86,151.263
8149.84,-3450.66,149.428
8154.06,-3452.46,147.596
8158.28,-3454.26,145.761
8162.49,-3456.06,143.927
8166.71,-3457.86,142.092
8170.93,-3459.66,140.261
8175.14,-3461.46,138.427
8179.36,-3463.26,136.602
8183.58,-3465.06,134.778
8187.8,-3466.86,132.953
8192.01,-3468.66,131.129
8196.23,-3470.46,129.319
8200.45,-3472.26,127.506
8204.66,-3474.06,125.696
8208.88,-3475.86,123.885
8213.1,-3477.66,122.077
8217.32,-3479.46,120.266
8221.53,-3481.26,118.458
8225.85,-3483.06,116.604
8230.29,-3484.86,114.693
8234.59,-3486.66,112.838
8238.81,-3488.46,111.029
8243.02,-3490.26,109.225
8247.24,-3492.06,107.416
8251.47,-3493.86,105.631
8255.68,-3495.66,103.85
8259.9,-3497.46,102.07
8264.13,-3499.26,100.281
8268.39,-3501.06,98.4174
8272.62,-3502.86,96.5712
8276.86,-3504.66,94.7178
8281.08,-3506.46,92.8741
8285.32,-3508.26,91.0658
8289.54,-3510.06,89.2479
8293.76,-3511.86,87.4391
8298,-3513.66,85.6261
8302.22,-3515.46,83.8186
8306.45,-3517.26,82.0102
8310.66,-3519.06,80.2073
8314.89,-3520.86,78.3961
8319.12,-3522.66,76.5871
8323.36,-3524.46,74.7738
8327.58,-3526.26,72.9666
8331.81,-3528.06,71.1578
8336.07,-3529.86,69.3414
8340.3,-3531.66,67.5351
8344.53,-3533.46,65.7404
8348.77,-3535.26,63.9441
8352.99,-3537.06,62.1548
8357.22,-3538.86,60.3626
8361.44,-3540.66,58.5829
8365.66,-3542.46,56.8036
8369.88,-3544.26,55.0215
8374.1,-3546.06,53.2295
8378.34,-3547.86,51.4276
8382.56,-3549.66,49.6336
8386.78,-3551.46,47.824
8391,-3553.26,46.0173
8395.24,-3555.06,44.2053
8399.48,-3556.86,42.3899
8403.71,-3558.66,40.579
8407.93,-3560.46,38.7723
8412.18,-3562.26,36.9597
8416.41,-3564.06,35.1464
8420.65,-3565.86,33.3293
8424.87,-3567.66,31.519
8429.1,-3569.46,29.7045
8433.35,-3571.26,27.8929
8437.61,-3573.06,26.0722
8441.84,-3574.86,24.2637
8446.06,-3576.66,22.4615
8450.29,-3578.46,20.6619
8454.53,-3580.26,18.855
8458.77,-3582.06,17.0487
8462.99,-3583.86,15.2544
8467.22,-3585.66,13.4552
8471.43,-3587.46,11.667
8475.66,-3589.26,9.87728
8479.88,-3591.06,8.08576
8484.1,-3592.86,6.30289
8488.33,-3594.66,4.52089
8492.55,-3596.46,2.7611
8496.77,-3598.26,1.13848
8500.99,-3600.06,1.22332
8505.31,-3601.86,2.90047
8509.53,-3603.67,4.68519
8513.8,-3605.47,6.50033
8518.13,-3607.27,8.35553
8522.45,-3609.07,10.2119
8526.68,-3610.87,12.039
8531.13,-3612.67,13.9491
8535.84,-3614.47,15.9763
8540.84,-3616.27,18.1581
8545.1,-3618.07,20.0019
8549.34,-3619.87,21.8351
8553.57,-3621.67,23.6199
8557.8,-3623.47,25.4033
8562.03,-3625.27,27.1912
8566.26,-3627.07,28.978
8570.56,-3628.87,30.8146
8574.8,-3630.67,32.622
8579.02,-3632.47,34.4278
8583.24,-3634.27,36.2251
8587.48,-3636.07,38.0299
8591.78,-3637.87,39.8568
8596.01,-3639.67,41.6604
8600.24,-3641.47,43.4487
8604.48,-3643.27,45.2445
8608.71,-3645.07,47.0325
8612.99,-3646.87,48.8433
8617.23,-3648.67,50.6125
8621.46,-3650.47,52.3819
8625.68,-3652.27,54.1448
8629.9,-3654.07,55.8863
8634.16,-3655.87,57.6407
8638.43,-3657.67,59.4032
8642.69,-3659.47,61.1381
8646.93,-3661.27,62.8583
8651.15,-3663.07,64.5802
8655.4,-3664.87,66.3104
8659.63,-3666.67,68.0051
8663.86,-3668.47,69.7053
8668.09,-3670.27,71.4
8672.32,-3672.07,73.0987
8676.55,-3673.87,74.785
8680.77,-3675.67,76.4701
8685,-3677.47,78.1587
8689.22,-3679.27,79.8658
8693.46,-3681.07,81.5761
8697.69,-3682.87,83.2833
8701.91,-3684.67,84.9888
8706.13,-3686.47,86.7564
8710.38,-3688.27,88.5403
8714.6,-3690.07,90.3087
8718.83,-3691.87,92.1381
8723.05,-3693.67,93.9637
8727.31,-3695.47,95.7969
8731.52,-3697.27,97.6281
8735.74,-3699.07,99.4483
8740,-3700.87,101.283
8744.27,-3702.67,103.126
8748.53,-3704.47,104.926
8752.75,-3706.27,106.711
8756.99,-3708.07,108.502
8761.21,-3709.87,110.285
8765.45,-3711.67,112.051
8769.67,-3713.47,113.813
8773.91,-3715.27,115.578
8778.13,-3717.07,117.372
8782.39,-3718.87,119.177
8786.61,-3720.67,120.97
8790.84,-3722.47,122.764
8795.06,-3724.27,124.582
8799.3,-3726.07,126.406
8803.52,-3727.87,128.229
8807.75,-3729.67,130.054
8811.96,-3731.47,131.877
8816.2,-3733.27,133.705
8820.42,-3735.07,135.528
8824.64,-3736.87,137.33
8828.88,-3738.67,139.14
8833.1,-3740.47,140.942
8837.38,-3742.27,142.77
8841.62,-3744.07,144.568
8845.87,-3745.87,146.368
8850.1,-3747.67,148.162
8854.34,-3749.47,149.941
8858.57,-3751.27,151.722
8862.8,-3753.07,153.496
8867.02,-3754.87,155.275
8871.24,-3756.67,157.052
8875.47,-3758.47,158.84
8879.7,-3760.27,160.624
8883.93,-3762.07,162.42
8888.16,-3763.87,164.224
8892.42,-3765.67,166.035
8896.63,-3767.47,167.831
8900.87,-3769.27,169.648
8905.09,-3771.07,171.458
8909.32,-3772.87,173.275
8913.54,-3774.67,175.09
8917.76,-3776.47,176.908
8921.99,-3778.27,178.727
8926.21,-3780.07,180.544
8930.44,-3781.87,182.381
8934.68,-3783.67,184.22
8938.93,-3785.47,186.065
8943.15,-3787.27,187.897
8947.44,-3789.07,189.757
8951.66,-3790.87,191.591
8955.88,-3792.67,193.423
8960.11,-3794.47,195.225
8964.34,-3796.27,197.031
8968.57,-3798.07,198.832
8972.78,-3799.87,200.618
8977.01,-3801.67,202.408
8981.23,-3803.47,204.198
8985.47,-3805.27,205.991
8989.7,-3807.07,207.793
8993.92,-3808.87,209.59
9002.15,-3810.67,213.081
9006.41,-3812.47,214.907
9010.67,-3814.27,216.708
9015.08,-3816.07,218.574
9019.59,-3817.87,220.214
9024.01,-3819.67,221.812
9028.49,-3821.47,223.432
9033.11,-3823.27,225.1
9037.7,-3825.07,226.75
9042.23,-3826.87,228.395
9046.74,-3828.67,230.025
9051.25,-3830.47,231.889
9055.83,-3832.27,233.835
9060.24,-3834.07,235.688
9064.76,-3835.87,237.485
9069.33,-3837.67,239.293
9073.75,-3839.47,241.062
9078.1,-3841.27,242.806
9082.35,-3843.07,244.507
9086.59,-3844.87,246.205
9090.82,-3846.67,247.897
9095.04,-3848.47,249.664
9099.29,-3850.27,251.441
9103.53,-3852.07,253.22
9107.76,-3853.87,255.098
9111.99,-3855.67,256.973
9116.22,-3857.47,258.85
9120.44,-3859.27,260.722
9124.65,-3861.07,262.532
9128.89,-3862.87,264.35
9133.11,-3864.67,266.161
9137.35,-3866.47,267.982
9141.67,-3868.27,269.838
9145.91,-3870.07,271.662
9150.18,-3871.87,273.498
9154.41,-3873.67,275.302
9158.64,-3875.47,277.1
9162.87,-3877.27,278.9
9167.09,-3879.07,280.698
9171.32,-3880.87,282.489
9175.55,-3882.67,284.276
9179.78,-3884.47,286.071
9184,-3886.27,287.865
9188.24,-3888.07,289.668
9192.48,-3889.87,291.469
9196.75,-3891.67,293.286
9200.99,-3893.47,295.094
9205.21,-3895.27,296.898
9209.44,-3897.07,298.7
9213.65,-3898.87,300.477
9217.88,-3900.67,302.258
9222.11,-3902.47,304.039
9226.44,-3904.27,305.864
9230.66,-3906.07,307.653
9234.9,-3907.87,309.45
9239.17,-3909.67,311.26
9243.41,-3911.47,313.062
9247.65,-3913.27,314.862
9251.9,-3915.07,316.666
9256.13,-3916.87,318.46
9260.39,-3918.67,320.276
9264.62,-3920.47,322.076
9268.86,-3922.27,323.883
9273.08,-3924.07,325.681
9277.32,-3925.87,327.488
9281.54,-3927.67,329.285
9285.77,-3929.47,331.089
9290,-3931.27,332.895
9294.24,-3933.07,334.707
9298.48,-3934.87,336.518
9302.77,-3936.67,338.351
9307.01,-3938.47,340.151
9311.23,-3940.27,341.944
9315.46,-3942.07,343.743
9319.69,-3943.87,345.522
9323.91,-3945.67,347.298
9328.15,-3947.47,349.082
9332.4,-3949.27,350.869
9336.63,-3951.07,352.647
9340.89,-3952.87,354.435
9345.11,-3954.67,356.197
9349.35,-3956.47,357.93
9353.62,-3958.27,359.286
9357.84,-3960.07,358.219
9362.18,-3961.87,356.46
9366.4,-3963.67,354.693
9370.65,-3965.47,352.908
9375,-3967.27,351.069
9379.3,-3969.07,349.246
9383.54,-3970.88,347.443
9393.9,-3972.68,343.043
9398.28,-3974.48,341.169
9402.51,-3976.28,339.368
9406.73,-3978.08,337.57
9410.95,-3979.88,335.974
9415.17,-3981.68,334.377
9419.39,-3983.48,332.781
9423.6,-3985.28,331.124
9427.82,-3987.08,329.466
9432.03,-3988.88,327.81
9436.25,-3990.68,326.154
9440.48,-3992.48,324.473
9444.69,-3994.28,322.796
9448.91,-3996.08,321.118
9453.17,-3997.88,319.425
9457.39,-3999.68,317.739
9461.6,-4001.48,316.054
9465.82,-4003.28,314.371
9470.21,-4005.08,312.616
9474.42,-4006.88,310.931
9478.64,-4008.68,309.245
9482.86,-4010.48,307.56
9487.08,-4012.28,305.876
9491.29,-4014.08,304.193
9495.5,-4015.88,302.51
9499.72,-4017.68,300.809
9503.94,-4019.48,299.111
9508.16,-4021.28,297.41
9512.37,-4023.08,295.71
9516.59,-4024.88,293.964
9520.81,-4026.68,292.221
9525.02,-4028.48,290.478
9529.46,-4030.28,288.578
9533.67,-4032.08,286.769
9537.89,-4033.88,284.961
9542.11,-4035.68,283.153
9546.36,-4037.48,281.319
9550.57,-4039.28,279.499
9554.82,-4041.08,277.666
9559.04,-4042.88,275.881
9563.25,-4044.68,274.097
9567.47,-4046.48,272.314
9571.7,-4048.28,270.529
9575.95,-4050.08,268.748
9580.18,-4051.88,266.977
9584.4,-4053.68,265.214
9588.62,-4055.48,263.44
9592.83,-4057.28,261.668
9597.05,-4059.08,259.896
9601.26,-4060.88,258.127
9605.48,-4062.68,256.329
9609.69,-4064.48,254.529
9613.91,-4066.28,252.73
9618.13,-4068.08,250.906
9622.35,-4069.88,249.087
9626.57,-4071.68,247.264
9630.78,-4073.48,245.444
9635,-4075.28,243.632
9639.22,-4077.08,241.815
9643.44,-4078.88,240.002
9647.66,-4080.68,238.189
9651.87,-4082.48,236.394
9656.12,-4084.28,234.585
9660.33,-4086.08,232.787
9664.55,-4087.88,231.002
9668.77,-4089.68,229.216
9672.98,-4091.48,227.432
9677.38,-4093.28,225.566
9681.6,-4095.08,223.779
9685.81,-4096.88,221.991
9690.03,-4098.68,220.203
9694.25,-4100.48,218.434
9698.47,-4102.28,216.664
9702.68,-4104.08,214.896
9706.9,-4105.88,213.127
9711.11,-4107.68,211.345
9715.33,-4109.48,209.561
9719.55,-4111.28,207.775
9723.76,-4113.08,205.953
9728.03,-4114.88,204.114
9732.36,-4116.68,202.236
9736.59,-4118.48,200.407
9740.81,-4120.28,198.571
9745.03,-4122.08,196.737
9749.25,-4123.88,194.902
9753.46,-4125.68,193.07
9757.72,-4127.48,191.254
9761.94,-4129.27,189.461
9766.15,-4131.07,187.667
9770.37,-4132.87,185.857
9774.59,-4134.67,184.048
9778.81,-4136.47,182.238
9783.25,-4138.27,180.333
9787.48,-4140.07,178.525
9791.69,-4141.87,176.72
9795.9,-4143.67,174.915
9800.12,-4145.47,173.163
9804.34,-4147.27,171.411
9808.55,-4149.07,169.659
9812.77,-4150.87,167.909
9816.99,-4152.67,166.135
9821.2,-4154.47,164.363
9825.41,-4156.27,162.591
9829.63,-4158.07,160.763
9833.85,-4159.87,158.937
9838.07,-4161.67,157.11
9842.28,-4163.47,155.282
9846.5,-4165.27,153.455
9850.71,-4167.07,151.632
9854.93,-4168.87,149.808
9859.17,-4170.67,147.964
9863.39,-4172.47,146.133
9867.61,-4174.27,144.3
9871.82,-4176.07,142.472
9876.08,-4177.87,140.609
9880.3,-4179.67,138.765
9884.51,-4181.47,136.923
9888.73,-4183.27,135.078
9892.95,-4185.07,133.245
9897.17,-4186.87,131.409
9901.38,-4188.67,129.576
9905.59,-4190.47,127.761
9909.81,-4192.27,125.943
9914.03,-4194.07,124.128
9918.25,-4195.87,122.313
9922.46,-4197.67,120.498
9926.68,-4199.47,118.683
9930.89,-4201.27,116.87
9935.33,-4203.07,114.966
9939.55,-4204.87,113.152
9943.77,-4206.67,111.342
9947.99,-4208.47,109.531
9952.2,-4210.27,107.748
9956.42,-4212.07,105.962
9960.66,-4213.87,104.168
9964.87,-4215.67,102.368
9969.09,-4217.47,100.566
9973.31,-4219.27,98.7674
9977.53,-4221.06,96.9664
9981.74,-4222.86,95.1411
9985.95,-4224.66,93.3145
9990.17,-4226.46,91.4862
9994.39,-4228.26,89.6619
9998.61,-4230.06,87.8355
10002.8,-4231.86,86.0117
10007,-4233.66,84.1869
10011.3,-4235.46,82.3442
10015.5,-4237.26,80.5309
10019.7,-4239.06,78.7159
10024,-4240.86,76.9196
10028.2,-4242.66,75.1186
10032.4,-4244.46,73.3202
10036.6,-4246.26,71.5209
10040.8,-4248.06,69.7089
10045,-4249.86,67.8977
10049.3,-4251.66,66.0848
10053.5,-4253.46,64.2748
10057.7,-4255.26,62.4637
10061.9,-4257.06,60.6434
10066.1,-4258.86,58.834
10070.4,-4260.66,57.0393
10074.6,-4262.46,55.2446
10078.8,-4264.26,53.4494
10083.3,-4266.06,51.5559
10087.5,-4267.86,49.7663
10091.7,-4269.66,47.9801
10095.9,-4271.46,46.1938
10100.1,-4273.26,44.4279
10104.3,-4275.06,42.6644
10108.5,-4276.86,40.9001
10112.8,-4278.66,39.1366
10117,-4280.46,37.3632
10121.2,-4282.26,35.592
10125.4,-4284.06,33.8216
10129.6,-4285.86,32.0151
10133.8,-4287.66,30.212
10138.1,-4289.46,28.4073
10142.3,-4291.26,26.6018
10146.5,-4293.06,24.7908
10150.7,-4294.86,22.9825
10154.9,-4296.66,21.1747
10159.1,-4298.46,19.3695
10163.4,-4300.26,17.5554
10167.6,-4302.06,15.7513
10171.8,-4303.86,13.9504
10176.1,-4305.66,12.1328
10180.3,-4307.46,10.3402
10184.5,-4309.26,8.55198
10188.7,-4311.06,6.76759
10192.9,-4312.85,4.99934
10197.1,-4314.65,3.24755
10201.4,-4316.45,1.5826
10205.6,-4318.25,0.91428
10209.8,-4320.05,2.35372
10214,-4321.85,4.09148
10218.2,-4323.65,5.85768
10222.5,-4325.45,7.63976
10226.8,-4327.25,9.46966
10231.1,-4329.05,11.2902
10235.3,-4330.85,13.0819
10245.9,-4332.65,17.5553
10250.6,-4334.45,19.5665
10254.8,-4336.25,21.3686
10259,-4338.05,23.1689
10263.2,-4339.85,24.966
10267.5,-4341.65,26.6293
10271.7,-4343.45,28.2732
10275.9,-4345.25,29.9168
10280.1,-4347.05,31.5716
10284.4,-4348.85,33.2242
10288.6,-4350.65,34.8786
10292.8,-4352.45,36.5312
10297,-4354.25,38.1813
10301.2,-4356.05,39.8292
10305.4,-4357.85,41.4783
10309.7,-4359.65,43.1314
10313.9,-4361.45,44.7827
10318.1,-4363.25,46.4363
10322.3,-4365.05,48.0881
10326.5,-4366.85,49.7449
10330.7,-4368.65,51.4002
10334.9,-4370.45,53.0551
10339.2,-4372.25,54.744
10343.4,-4374.05,56.433
10347.6,-4375.85,58.1223
10351.8,-4377.65,59.8086
10356,-4379.45,61.5768
10360.2,-4381.25,63.3479
10364.5,-4383.05,65.1165
10368.7,-4384.85,66.9007
10372.9,-4386.65,68.7373
10377.1,-4388.45,70.5759
10381.4,-4390.25,72.4125
10385.6,-4392.05,74.2492
10389.8,-4393.85,76.0876
10394,-4395.65,77.9235
10398.2,-4397.45,79.762
10402.4,-4399.25,81.5654
10406.7,-4401.05,83.3697
10410.9,-4402.85,85.1723
10415.1,-4404.65,86.9421
10419.3,-4406.44,88.7126
10423.5,-4408.24,90.4824
10427.7,-4410.04,92.2526
10431.9,-4411.84,94.0199
10436.2,-4413.64,95.7872
10440.4,-4415.44,97.5581
10444.6,-4417.24,99.3454
10448.8,-4419.04,101.133
10453,-4420.84,102.919
10457.2,-4422.64,104.707
10461.5,-4424.44,106.507
10465.7,-4426.24,108.308
10469.9,-4428.04,110.122
10474.1,-4429.84,111.927
10478.4,-4431.64,113.732
10482.6,-4433.44,115.537
10486.8,-4435.24,117.343
10491,-4437.04,119.134
10495.2,-4438.84,120.926
10499.4,-4440.64,122.718
10503.6,-4442.44,124.51
10507.9,-4444.24,126.313
10512.1,-4446.04,128.113
10516.3,-4447.84,129.931
10520.5,-4449.64,131.745
10524.8,-4451.44,133.557
10529,-4453.24,135.371
10533.2,-4455.04,137.184
10537.4,-4456.84,138.989
10541.6,-4458.64,140.794
10545.8,-4460.44,142.597
10550.1,-4462.24,144.386
10554.3,-4464.04,146.173
10558.5,-4465.84,147.961
10562.7,-4467.64,149.748
10566.9,-4469.44,151.534
10571.2,-4471.24,153.328
10575.4,-4473.04,155.112
10579.6,-4474.84,156.905
10583.8,-4476.64,158.697
10588,-4478.44,160.491
10592.2,-4480.24,162.283
10596.5,-4482.04,164.083
10600.7,-4483.84,165.879
10604.9,-4485.64,167.677
10609.1,-4487.44,169.495
10613.3,-4489.24,171.311
10617.5,-4491.04,173.129
10621.7,-4492.84,174.944
10626,-4494.64,176.776
10630.2,-4496.44,178.609
10634.4,-4498.23,180.441
10638.6,-4500.03,182.274
10642.8,-4501.83,184.108
10647,-4503.63,185.944
10651.2,-4505.43,187.776
10655.5,-4507.23,189.594
10659.7,-4509.03,191.413
10663.9,-4510.83,193.231
10668.1,-4512.63,195.042
10672.4,-4514.43,196.862
10676.6,-4516.23,198.674
10680.8,-4518.03,200.482
10685,-4519.83,202.277
10689.2,-4521.63,204.073
10693.4,-4523.43,205.868
10697.6,-4525.23,207.666
10701.9,-4527.03,209.459
10706.1,-4528.83,211.252
10710.3,-4530.63,213.048
10714.6,-4532.43,214.868
10718.8,-4534.23,216.675
10723,-4536.03,218.481
10727.2,-4537.83,220.287
10731.4,-4539.63,222.088
10735.6,-4541.43,223.891
10739.9,-4543.23,225.695
10744.1,-4545.03,227.534
10748.3,-4546.83,229.373
10752.5,-4548.63,231.21
10756.7,-4550.43,233.048
10760.9,-4552.23,234.888
10765.2,-4554.03,236.728
10769.4,-4555.83,238.569
10773.6,-4557.63,240.42
10777.8,-4559.43,242.261
10782.1,-4561.23,244.098
10786.3,-4563.03,245.935
10790.5,-4564.83,247.759
10794.7,-4566.63,249.58
10798.9,-4568.43,251.403
10803.1,-4570.23,253.224
10807.4,-4572.03,255.044
10811.6,-4573.83,256.861
10815.8,-4575.63,258.679
10820,-4577.43,260.495
10824.2,-4579.23,262.32
10828.5,-4581.03,264.137
10832.7,-4582.83,265.952
10836.9,-4584.63,267.762
10841.1,-4586.43,269.573
10845.3,-4588.23,271.382
10849.5,-4590.02,273.193
10853.7,-4591.82,275.003
10858,-4593.62,276.814
10862.2,-4595.42,278.626
10866.4,-4597.22,280.427
10870.6,-4599.02,282.225
10874.8,-4600.82,284.023
10879,-4602.62,285.829
10883.3,-4604.42,287.633
10887.5,-4606.22,289.44
10891.7,-4608.02,291.243
10895.9,-4609.82,293.06
10900.1,-4611.62,294.879
10904.3,-4613.42,296.694
10908.6,-4615.22,298.512
10912.8,-4617.02,300.328
10917,-4618.82,302.146
10921.2,-4620.62,303.961
10925.4,-4622.42,305.77
10929.6,-4624.22,307.581
10933.8,-4626.02,309.391
10938.1,-4627.82,311.202
10942.3,-4629.62,313.009
10946.5,-4631.42,314.814
10950.7,-4633.22,316.618
10954.9,-4635.02,318.413
10959.1,-4636.82,320.209
10963.4,-4638.62,322.004
10967.6,-4640.42,323.801
10971.8,-4642.22,325.59
10976,-4644.02,327.392
10980.3,-4645.82,329.184
10984.5,-4647.62,330.975
10988.7,-4649.42,332.761
10992.9,-4651.22,334.548
10997.1,-4653.02,336.335
11001.3,-4654.82,338.115
11005.5,-4656.62,339.898
11009.8,-4658.42,341.68
11014,-4660.22,343.462
11018.2,-4662.02,345.254
11022.4,-4663.82,347.043
11026.6,-4665.62,348.83
11030.8,-4667.42,350.622
11035,-4669.22,352.413
11039.3,-4671.02,354.202
11043.5,-4672.82,355.98
11047.7,-4674.62,357.726
11051.9,-4676.42,359.14
11056.1,-4678.22,358.313
11060.3,-4680.02,356.614
11064.6,-4681.81,354.829
11068.8,-4683.61,353.042
11073,-4685.41,351.244
11077.4,-4687.21,349.409
11081.7,-4689.01,347.575
11085.9,-4690.81,345.784
11090.4,-4692.61,343.917
11095,-4694.41,341.953
11099.6,-4696.21,340.037
11103.8,-4698.01,338.246
11108,-4699.81,336.496
11112.2,-4701.61,334.748
11116.5,-4703.41,332.998
11120.7,-4705.21,331.272
11124.9,-4707.01,329.542
11129.1,-4708.81,327.813
11133.4,-4710.61,326.087
11137.6,-4712.41,324.33
11141.8,-4714.21,322.573
11146,-4716.01,320.818
11150.2,-4717.81,319.021
11154.5,-4719.61,317.226
11158.7,-4721.41,315.43
11162.9,-4723.21,313.636
11167.1,-4725.01,311.81
11171.3,-4726.81,309.987
11175.6,-4728.61,308.147
11179.8,-4730.41,306.321
11184,-4732.21,304.498
11188.3,-4734.01,302.673
11192.5,-4735.81,300.849
11196.7,-4737.61,299.045
11200.9,-4739.41,297.243
11205.1,-4741.21,295.441
11209.3,-4743.01,293.657
11213.6,-4744.81,291.877
11217.8,-4746.61,290.096
11222,-4748.41,288.316
11226.2,-4750.21,286.531
11230.6,-4752.01,284.702
11234.9,-4753.81,282.894
11239.3,-4755.61,281.01
11243.6,-4757.41,279.228
11247.8,-4759.21,277.451
11252,-4761.01,275.675
11256.5,-4762.81,273.833
11260.7,-4764.61,272.088
11264.9,-4766.41,270.348
11269.1,-4768.21,268.609
11273.3,-4770.01,266.858
11277.6,-4771.81,265.088
11281.8,-4773.6,263.336
11286,-4775.4,261.555
11290.2,-4777.2,259.773
11294.4,-4779,257.991
11298.7,-4780.8,256.207
11302.9,-4782.6,254.388
11307.1,-4784.4,252.567
11311.3,-4786.2,250.75
11315.5,-4788,248.934
11319.8,-4789.8,247.116
11324,-4791.6,245.301
11328.2,-4793.4,243.483
11332.4,-4795.2,241.684
11336.6,-4797,239.882
11340.8,-4798.8,238.083
11345.1,-4800.6,236.29
11349.3,-4802.4,234.495
11353.5,-4804.2,232.701
11357.7,-4806,230.907
11361.9,-4807.8,229.116
11366.2,-4809.6,227.323
11370.4,-4811.4,225.526
11374.6,-4813.2,223.733
11378.8,-4815,221.93
11383.1,-4816.8,220.14
11387.3,-4818.6,218.35
11391.5,-4820.4,216.568
11395.7,-4822.2,214.785
11399.9,-4824,213.002
11404.4,-4825.8,211.117
11408.6,-4827.6,209.329
11412.8,-4829.4,207.542
11417,-4831.2,205.755
11421.3,-4833,203.982
11425.5,-4834.8,202.177
11429.8,-4836.6,200.403
11434,-4838.4,198.63
11438.2,-4840.2,196.832
11442.4,-4842,195.035
11446.6,-4843.8,193.238
11450.9,-4845.6,191.412
11455.1,-4847.4,189.585
11459.3,-4849.2,187.757
11463.5,-4851,185.929
11467.7,-4852.8,184.115
11471.9,-4854.6,182.302
11476.2,-4856.4,180.491
11480.4,-4858.2,178.695
11484.6,-4860,176.902
11488.8,-4861.8,175.109
11493,-4863.6,173.318
11497.2,-4865.4,171.533
11501.5,-4867.19,169.749
11505.7,-4868.99,167.966
11509.9,-4870.79,166.182
11514.1,-4872.59,164.381
11518.3,-4874.39,162.58
11522.6,-4876.19,160.781
11526.8,-4877.99,158.967
11531,-4879.79,157.153
11535.2,-4881.59,155.341
11539.4,-4883.39,153.51
11543.6,-4885.19,151.678
11547.9,-4886.99,149.847
11552.1,-4888.79,148.019
11556.3,-4890.59,146.156
11560.6,-4892.39,144.313
11564.8,-4894.19,142.47
11569,-4895.99,140.623
11573.2,-4897.79,138.793
11577.4,-4899.59,136.962
11581.7,-4901.39,135.123
11585.9,-4903.19,133.296
11590.1,-4904.99,131.466
11594.3,-4906.79,129.638
11598.5,-4908.59,127.81
11602.8,-4910.39,126
11607,-4912.19,124.19
11611.2,-4913.99,122.38
11615.4,-4915.79,120.577
11619.6,-4917.59,118.771
11623.9,-4919.39,116.966
11628.1,-4921.19,115.16
11632.3,-4922.99,113.356
11636.5,-4924.79,111.547
11640.7,-4926.59,109.743
11644.9,-4928.39,107.936
11649.2,-4930.19,106.125
11653.4,-4931.99,104.314
11657.6,-4933.79,102.501
11661.8,-4935.59,100.691
11666,-4937.39,98.8806
11670.3,-4939.19,97.0677
11674.5,-4940.99,95.2566
11678.7,-4942.79,93.4364
11682.9,-4944.59,91.6074
11687.2,-4946.39,89.7881
11691.4,-4948.19,87.9542
11695.6,-4949.99,86.1195
11699.8,-4951.79,84.2857
11704,-4953.59,82.4527
11708.2,-4955.39,80.637
11712.5,-4957.19,78.8248
11716.7,-4958.98,77.0099
11720.9,-4960.78,75.2021
11725.1,-4962.58,73.3918
11729.3,-4964.38,71.5802
11733.6,-4966.18,69.7711
11737.8,-4967.98,67.9596
11742,-4969.78,66.1493
11746.2,-4971.58,64.3382
11750.4,-4973.38,62.5365
11754.7,-4975.18,60.7372
11758.9,-4976.98,58.9351
11763.1,-4978.78,57.1354
11767.3,-4980.58,55.3418
11771.5,-4982.38,53.5519
11775.7,-4984.18,51.76
11780,-4985.98,49.966
11784.2,-4987.78,48.1594
11788.4,-4989.58,46.362
11792.7,-4991.38,44.5688
11796.9,-4993.18,42.7704
11801.1,-4994.98,40.9762
11805.3,-4996.78,39.1791
11809.5,-4998.58,37.3832
11813.7,-5000.38,35.5916
11818,-5002.18,33.7974
11822.2,-5003.98,32.0038
11826.4,-5005.78,30.1944
11830.6,-5007.58,28.3863
11834.8,-5009.38,26.5791
11839.1,-5011.18,24.7686
11843.3,-5012.98,22.96
11847.5,-5014.78,21.1489
11851.7,-5016.58,19.3419
11855.9,-5018.38,17.5422
11860.1,-5020.18,15.7408
11864.4,-5021.98,13.9413
11868.6,-5023.78,12.1395
11872.8,-5025.58,10.3497
11877,-5027.38,8.56004
11881.2,-5029.18,6.77776
11885.4,-5030.98,5.00623
11889.7,-5032.78,3.25285
11893.9,-5034.58,1.58062
11898.1,-5036.38,0.893499
11902.3,-5038.18,2.34038
11906.5,-5039.98,4.06634
11910.8,-5041.78,5.84497
11915,-5043.58,7.6183
11921.8,-5045.38,10.4883
11926.2,-5047.18,12.33
11930.4,-5048.98,14.1026
11934.7,-5050.77,15.8814
11939.2,-5052.57,17.7815
11943.7,-5054.37,19.6789
11948.1,-5056.17,21.4644
11952.3,-5057.97,23.1999
11956.5,-5059.77,24.9362
11960.7,-5061.57,26.5963
11964.9,-5063.37,28.2579
11969.2,-5065.17,29.9234
11973.4,-5066.97,31.5858
11977.6,-5068.77,33.2553
11981.8,-5070.57,34.9217
11986.1,-5072.37,36.6041
11990.3,-5074.17,38.323
11994.5,-5075.97,40.0388
11998.8,-5077.77,41.7567
12003,-5079.57,43.4719
12007.2,-5081.37,45.2808
12011.4,-5083.17,47.0852
12015.6,-5084.97,48.8921
12019.8,-5086.77,50.7417
12024.1,-5088.57,52.5891
12028.3,-5090.37,54.4373
12032.5,-5092.17,56.2874
12036.7,-5093.97,58.1123
12040.9,-5095.77,59.9347
12045.1,-5097.57,61.7609
12049.4,-5099.37,63.5875
12053.6,-5101.17,65.3698
12057.8,-5102.97,67.153
12062,-5104.77,68.9333
12066.2,-5106.57,70.6976
12070.5,-5108.37,72.4623
12074.7,-5110.17,74.2267
12078.9,-5111.97,75.9906
12083.1,-5113.77,77.7749
12087.4,-5115.57,79.5724
12091.6,-5117.37,81.3551
12095.8,-5119.17,83.1617
12100,-5120.97,84.9693
12104.2,-5122.77,86.7776
12108.5,-5124.57,88.5877
12112.7,-5126.37,90.3953
12116.9,-5128.17,92.2033
12121.1,-5129.97,94.0092
12125.3,-5131.77,95.8164
12129.6,-5133.57,97.6125
12133.8,-5135.37,99.4332
12138.1,-5137.17,101.231
12142.3,-5138.97,103.017
12146.5,-5140.77,104.807
12150.7,-5142.56,106.592
12154.9,-5144.36,108.378
12159.1,-5146.16,110.153
12163.4,-5147.96,111.928
12167.6,-5149.76,113.705
12171.8,-5151.56,115.49
12176,-5153.36,117.275
12180.2,-5155.16,119.063
12184.5,-5156.96,120.849
12188.7,-5158.76,122.662
12192.9,-5160.56,124.462
12197.1,-5162.36,126.264
12201.4,-5164.16,128.067
12205.6,-5165.96,129.869
12209.8,-5167.76,131.673
12214,-5169.56,133.476
12218.2,-5171.36,135.278
12222.4,-5173.16,137.081
12226.7,-5174.96,138.883
12230.9,-5176.76,140.692
12235.1,-5178.56,142.502
12239.3,-5180.36,144.314
12243.5,-5182.16,146.122
12247.8,-5183.96,147.932
12252,-5185.76,149.737
12256.2,-5187.56,151.544
12260.4,-5189.36,153.342
12264.6,-5191.16,155.141
12268.8,-5192.96,156.94
12273.1,-5194.76,158.738
12277.3,-5196.56,160.536
12281.5,-5198.36,162.333
12285.7,-5200.16,164.128
12290,-5201.96,165.935
12294.2,-5203.76,167.722
12298.4,-5205.56,169.509
12302.6,-5207.36,171.295
12306.8,-5209.16,173.078
12311,-5210.96,174.858
12315.3,-5212.76,176.638
12319.5,-5214.56,178.441
12323.7,-5216.36,180.241
12327.9,-5218.16,182.041
12332.1,-5219.96,183.841
12336.4,-5221.76,185.668
12340.6,-5223.56,187.49
12344.8,-5225.36,189.314
12349,-5227.16,191.139
12353.2,-5228.96,192.972
12357.5,-5230.76,194.81
12361.7,-5232.56,196.644
12365.9,-5234.35,198.471
12370.1,-5236.15,200.303
12374.3,-5237.95,202.133
12378.5,-5239.75,203.963
12382.8,-5241.55,205.779
12387,-5243.35,207.598
12391.2,-5245.15,209.425
12395.4,-5246.95,211.225
12399.7,-5248.75,213.028
12403.9,-5250.55,214.829
12408.1,-5252.35,216.631
12412.3,-5254.15,218.418
12416.5,-5255.95,220.205
12420.7,-5257.75,221.992
12425,-5259.55,223.778
12429.2,-5261.35,225.579
12433.4,-5263.15,227.376
12437.6,-5264.95,229.176
12441.8,-5266.75,230.988
12446.1,-5268.55,232.801
12450.3,-5270.35,234.613
12454.5,-5272.15,236.426
12458.7,-5273.95,238.252
12462.9,-5275.75,240.077
12467.1,-5277.55,241.902
12471.4,-5279.35,243.739
12475.6,-5281.15,245.576
12479.8,-5282.95,247.415
12484,-5284.75,249.25
12488.2,-5286.55,251.092
12492.5,-5288.35,252.945
12496.7,-5290.15,254.787
12500.9,-5291.95,256.621
12505.1,-5293.75,258.454
12509.4,-5295.55,260.289
12513.6,-5297.35,262.123
12517.8,-5299.15,263.946
12522,-5300.95,265.766
12526.2,-5302.75,267.588
12530.4,-5304.55,269.414
12534.7,-5306.35,271.237
12538.9,-5308.15,273.064
12543.1,-5309.95,274.888
12547.3,-5311.75,276.694
12551.5,-5313.55,278.495
12555.7,-5315.35,280.298
12560,-5317.15,282.102
12564.2,-5318.95,283.891
12568.4,-5320.75,285.681
12572.6,-5322.55,287.472
12576.8,-5324.35,289.272
12581.1,-5326.15,291.067
12585.3,-5327.94,292.863
12589.5,-5329.74,294.663
12593.7,-5331.54,296.478
12598,-5333.34,298.285
12602.2,-5335.14,300.091
12606.4,-5336.94,301.899
12610.6,-5338.74,303.703
12614.8,-5340.54,305.508
12619,-5342.34,307.314
12623.3,-5344.14,309.118
12627.5,-5345.94,310.925
12631.7,-5347.74,312.728
12635.9,-5349.54,314.531
12640.1,-5351.34,316.346
12644.4,-5353.14,318.16
12648.6,-5354.94,319.977
12652.8,-5356.74,321.784
12657,-5358.54,323.591
12661.2,-5360.34,325.398
12665.5,-5362.14,327.191
12669.7,-5363.94,328.983
12673.9,-5365.74,330.776
12678.1,-5367.54,332.568
12682.3,-5369.34,334.352
12686.5,-5371.14,336.138
12690.8,-5372.94,337.921
12695,-5374.74,339.714
12699.2,-5376.54,341.502
12703.4,-5378.34,343.288
12707.7,-5380.14,345.074
12711.9,-5381.94,346.85
12716.1,-5383.74,348.625
12720.3,-5385.54,350.402
12724.5,-5387.34,352.173
12728.8,-5389.14,353.958
12733.1,-5390.94,355.776
12737.3,-5392.74,357.515
12741.6,-5394.54,359.029
12745.8,-5396.34,358.543
12750,-5398.14,356.886
12754.3,-5399.94,355.102
12758.6,-5401.74,353.314
12762.8,-5403.54,351.539
12769.5,-5405.34,348.698
12773.9,-5407.14,346.855
12778.1,-5408.94,345.064
12782.4,-5410.74,343.274
12786.9,-5412.54,341.492
12791.4,-5414.34,339.683
12795.8,-5416.14,337.929
12800,-5417.94,336.253
12804.2,-5419.73,334.582
12808.4,-5421.53,332.912
12812.7,-5423.33,331.244
12816.9,-5425.13,329.601
12821.1,-5426.93,327.964
12825.3,-5428.73,326.326
12829.5,-5430.53,324.688
12833.8,-5432.33,322.975
12838,-5434.13,321.285
12842.3,-5435.93,319.593
12846.5,-5437.73,317.776
12850.7,-5439.53,315.966
12854.9,-5441.33,314.157
12859.1,-5443.13,312.345
12863.4,-5444.93,310.483
12867.6,-5446.73,308.619
12871.8,-5448.53,306.758
12876,-5450.33,304.898
12880.2,-5452.13,303.061
12884.5,-5453.93,301.225
12888.7,-5455.73,299.388
12892.9,-5457.53,297.599
12897.1,-5459.33,295.794
12901.4,-5461.13,294.004
12905.6,-5462.93,292.214
12909.8,-5464.73,290.45
12914,-5466.53,288.688
12918.2,-5468.33,286.923
12922.5,-5470.13,285.145
12926.7,-5471.93,283.367
12930.9,-5473.73,281.592
12935.1,-5475.53,279.814
12939.3,-5477.33,278.014
12943.5,-5479.13,276.216
12947.8,-5480.93,274.413
12952,-5482.73,272.613
12956.2,-5484.53,270.811
12960.4,-5486.33,269.009
12964.6,-5488.13,267.208
12968.9,-5489.93,265.415
12973.1,-5491.73,263.626
12977.3,-5493.53,261.832
12981.5,-5495.33,260.047
12985.7,-5497.13,258.261
12990,-5498.93,256.474
12994.2,-5500.73,254.687
12998.4,-5502.53,252.872
13002.6,-5504.33,251.067
13006.9,-5506.13,249.263
13011.1,-5507.93,247.462
13015.3,-5509.73,245.651
13019.5,-5511.52,243.838
13023.7,-5513.32,242.028
13027.9,-5515.12,240.222
13032.2,-5516.92,238.417
13036.4,-5518.72,236.609
13040.6,-5520.52,234.808
13044.8,-5522.32,233.007
13049,-5524.12,231.204
13053.3,-5525.92,229.402
13057.5,-5527.72,227.603
13061.7,-5529.52,225.808
13065.9,-5531.32,224.012
13070.1,-5533.12,222.214
13074.3,-5534.92,220.426
13078.6,-5536.72,218.635
13082.8,-5538.52,216.847
13087,-5540.32,215.066
13091.2,-5542.12,213.288
13095.4,-5543.92,211.51
13099.7,-5545.72,209.719
13103.9,-5547.52,207.936
13108.1,-5549.32,206.15
13112.3,-5551.12,204.366
13116.5,-5552.92,202.565
13120.8,-5554.72,200.766
13125,-5556.52,198.966
13129.2,-5558.32,197.164
13133.4,-5560.12,195.35
13137.6,-5561.92,193.532
13141.8,-5563.72,191.719
13146.1,-5565.52,189.903
13150.3,-5567.32,188.079
13154.5,-5569.12,186.256
13158.7,-5570.92,184.433
13162.9,-5572.72,182.62
13167.2,-5574.52,180.807
13171.4,-5576.32,178.995
13175.6,-5578.12,177.183
13179.8,-5579.92,175.374
13184,-5581.72,173.569
13188.2,-5583.52,171.761
13192.5,-5585.32,169.968
13196.7,-5587.12,168.174
13200.9,-5588.92,166.373
13205.1,-5590.72,164.58
13209.4,-5592.52,162.788
13213.6,-5594.32,160.999
13217.8,-5596.12,159.208
13222,-5597.92,157.422
13226.2,-5599.72,155.634
13230.4,-5601.52,153.844
13234.7,-5603.31,152.057
13238.9,-5605.11,150.238
13243.1,-5606.91,148.421
13247.3,-5608.71,146.601
13251.5,-5610.51,144.766
13255.7,-5612.31,142.931
13260,-5614.11,141.094
13264.2,-5615.91,139.258
13268.4,-5617.71,137.417
13272.6,-5619.51,135.574
13276.8,-5621.31,133.732
13281.1,-5623.11,131.891
13285.3,-5624.91,130.056
13289.5,-5626.71,128.215
13293.7,-5628.51,126.38
13297.9,-5630.31,124.56
13302.2,-5632.11,122.73
13306.4,-5633.91,120.911
13310.6,-5635.71,119.102
13314.8,-5637.51,117.295
13319,-5639.31,115.487
13323.3,-5641.11,113.679
13327.5,-5642.91,111.876
13331.7,-5644.71,110.075
13335.9,-5646.51,108.275
13340.1,-5648.31,106.472
13344.3,-5650.11,104.663
13348.6,-5651.91,102.854
13352.8,-5653.71,101.048
13357,-5655.51,99.238
13361.2,-5657.31,97.4308
13365.4,-5659.11,95.6215
13369.7,-5660.91,93.813
13373.9,-5662.71,92.0005
13378.1,-5664.51,90.1876
13382.3,-5666.31,88.3744
13386.5,-5668.11,86.5511
13390.8,-5669.91,84.7296
13395,-5671.71,82.9069
13399.2,-5673.51,81.0833
13403.4,-5675.31,79.2369
13407.7,-5677.11,77.4012
13411.9,-5678.91,75.5671
13416.1,-5680.71,73.7327
13420.3,-5682.51,71.9158
13424.5,-5684.31,70.1023
13428.7,-5686.11,68.2863
13433,-5687.91,66.4762
13437.2,-5689.71,64.6654
13441.4,-5691.51,62.8553
13445.6,-5693.31,61.0453
13449.8,-5695.1,59.2331
13454,-5696.9,57.4246
13458.3,-5698.7,55.614
13462.5,-5700.5,53.816
13466.7,-5702.3,52.0155
13470.9,-5704.1,50.2196
13475.1,-5705.9,48.4212
13479.3,-5707.7,46.6275
13483.6,-5709.5,44.8353
13487.8,-5711.3,43.0416
13492,-5713.1,41.2445
13496.2,-5714.9,39.4495
13500.4,-5716.7,37.6508
13504.7,-5718.5,35.8455
13508.9,-5720.3,34.0485
13513.1,-5722.1,32.2532
13517.3,-5723.9,30.4559
13521.5,-5725.7,28.6621
13525.8,-5727.5,26.8672
13530,-5729.3,25.0703
13534.2,-5731.1,23.2748
13538.4,-5732.9,21.4497
13542.7,-5734.7,19.6436
13546.9,-5736.5,17.8337
13551.1,-5738.3,16.028
13555.3,-5740.1,14.2241
13559.5,-5741.9,12.4199
13563.8,-5743.7,10.6161
13568,-5745.5,8.81942
13572.2,-5747.3,7.02837
13576.4,-5749.1,5.24558
13580.6,-5750.9,3.48362
13584.8,-5752.7,1.80575
13589,-5754.5,0.915991
13593.3,-5756.3,2.21141
13597.5,-5758.1,3.92049
13601.7,-5759.9,5.67877
13606,-5761.7,7.48115
13610.2,-5763.5,9.26768
13617,-5765.3,12.1177
13621.3,-5767.1,13.9696
13625.5,-5768.9,15.7549
13629.8,-5770.7,17.5063
13634.3,-5772.5,19.3679
13638.8,-5774.3,21.2352
13643.2,-5776.1,22.9469
13647.4,-5777.9,24.6151
13651.6,-5779.7,26.2768
13655.8,-5781.5,27.9377
13660.1,-5783.3,29.5487
13664.3,-5785.1,31.1628
13668.5,-5786.9,32.7747
13672.7,-5788.69,34.4386
13677,-5790.49,36.1052
13681.2,-5792.29,37.7689
13685.4,-5794.09,39.4311
13689.6,-5795.89,41.2895
13693.8,-5797.69,43.1458
13698.1,-5799.49,45.004
13702.3,-5801.29,46.8587
13706.5,-5803.09,48.771
13710.8,-5804.89,50.6596
13715,-5806.69,52.5496
13719.2,-5808.49,54.3758
13723.4,-5810.29,56.2003
13727.6,-5812.09,58.0265
13731.9,-5813.89,59.7812
13736.1,-5815.69,61.5379
13740.3,-5817.49,63.2939
13744.5,-5819.29,65.0506
13748.7,-5821.09,66.7899
13752.9,-5822.89,68.5264
13757.2,-5824.69,70.2636
13761.4,-5826.49,71.9997
13765.6,-5828.29,73.7882
13769.8,-5830.09,75.5767
13774,-5831.89,77.364
13778.3,-5833.69,79.193
13782.5,-5835.49,81.0208
13786.7,-5837.29,82.8502
13790.9,-5839.09,84.6763
13795.1,-5840.89,86.4904
13799.3,-5842.69,88.3067
13803.6,-5844.49,90.12
13807.8,-5846.29,91.9208
13812,-5848.09,93.7075
13816.2,-5849.89,95.4951
13820.5,-5851.69,97.2864
13824.7,-5853.49,99.0728
13828.9,-5855.29,100.86
13833.1,-5857.09,102.646
13837.3,-5858.89,104.445
13841.5,-5860.69,106.242
13845.8,-5862.49,108.038
13850,-5864.29,109.839
13854.2,-5866.09,111.645
13858.5,-5867.89,113.442
13862.7,-5869.69,115.236
13866.9,-5871.49,117.02
13871.1,-5873.29,118.799
13875.3,-5875.09,120.58
13879.5,-5876.89,122.363
13883.8,-5878.69,124.142
13888,-5880.48,125.926
13892.2,-5882.28,127.707
13896.4,-5884.08,129.49
13900.6,-5885.88,131.287
13904.8,-5887.68,133.084
13909.1,-5889.48,134.893
13913.3,-5891.28,136.699
13917.5,-5893.08,138.505
13921.7,-5894.88,140.309
13926,-5896.68,142.114
13930.2,-5898.48,143.921
13934.4,-5900.28,145.725
13938.6,-5902.08,147.532
13942.8,-5903.88,149.336
13947.1,-5905.68,151.144
13951.3,-5907.48,152.948
13955.5,-5909.28,154.752
13959.7,-5911.08,156.558
13963.9,-5912.88,158.362
13968.1,-5914.68,160.167
13972.4,-5916.48,161.966
13976.6,-5918.28,163.768
13980.8,-5920.08,165.567
13985,-5921.88,167.364
13989.2,-5923.68,169.154
13993.5,-5925.48,170.943
13997.7,-5927.28,172.735
14002.1,-5929.08,174.589
14006.3,-5930.88,176.373
14010.5,-5932.68,178.176
14014.8,-5934.48,179.965
14019.2,-5936.28,181.794
14023.6,-5938.08,183.641
14028,-5939.88,185.478
14032.4,-5941.68,187.307
14036.8,-5943.48,189.142
14041.2,-5945.28,190.967
14045.5,-5947.08,192.791
14050,-5948.88,194.586
14054.4,-5950.68,196.391
14058.9,-5952.48,198.217
14063.2,-5954.28,200.052
14067.7,-5956.08,201.925
14072.3,-5957.88,203.806
14076.7,-5959.68,205.675
14081,-5961.48,207.455
14085.3,-5963.28,209.178
14089.5,-5965.08,210.904
14093.7,-5966.88,212.587
14097.9,-5968.68,214.274
14102.1,-5970.48,215.961
14106.4,-5972.27,217.646
14110.6,-5974.07,219.512
14114.8,-5975.87,221.363
14119.1,-5977.67,223.218
14123.3,-5979.47,225.034
14127.5,-5981.27,226.852
14131.7,-5983.07,228.664
14135.9,-5984.87,230.48
14140.1,-5986.67,232.286
14144.4,-5988.47,234.089
14148.6,-5990.27,235.892
14152.8,-5992.07,237.731
14157,-5993.87,239.567
14161.2,-5995.67,241.402
14165.5,-5997.47,243.238
14169.7,-5999.27,245.074
14173.9,-6001.07,246.909
14178.1,-6002.87,248.747
14182.3,-6004.67,250.574
14186.6,-6006.47,252.404
14190.8,-6008.27,254.23
14195,-6010.07,256.057
14199.2,-6011.87,257.868
14203.4,-6013.67,259.676
14207.7,-6015.47,261.486
14211.9,-6017.27,263.299
14216.1,-6019.07,265.112
14220.3,-6020.87,266.928
14224.5,-6022.67,268.739
14228.8,-6024.47,270.554
14233.1,-6026.27,272.417
14237.4,-6028.07,274.238
14241.6,-6029.87,276.039
14245.8,-6031.67,277.821
14250.1,-6033.47,279.625
14254.3,-6035.27,281.407
14258.6,-6037.07,283.195
14262.8,-6038.87,284.98
14267,-6040.67,286.763
14271.2,-6042.47,288.543
14275.4,-6044.27,290.349
14279.6,-6046.07,292.159
14283.9,-6047.87,293.965
14288.1,-6049.67,295.787
14292.3,-6051.47,297.608
14296.5,-6053.27,299.429
14300.7,-6055.07,301.248
14305,-6056.87,303.062
14309.2,-6058.67,304.879
14313.4,-6060.47,306.71
14317.7,-6062.27,308.519
14321.9,-6064.06,310.329
14326.1,-6065.86,312.136
14330.3,-6067.66,313.946
14334.8,-6069.46,315.862
14339,-6071.26,317.663
14343.2,-6073.06,319.46
14347.5,-6074.86,321.241
14351.7,-6076.66,323.02
14355.9,-6078.46,324.797
14360.1,-6080.26,326.577
14364.3,-6082.06,328.343
14368.6,-6083.86,330.109
14372.8,-6085.66,331.872
14377,-6087.46,333.638
14381.2,-6089.26,335.442
14385.4,-6091.06,337.249
14389.7,-6092.86,339.055
14394.1,-6094.66,340.92
14398.3,-6096.46,342.707
14402.5,-6098.26,344.494
14406.7,-6100.06,346.281
14410.9,-6101.86,348.048
14415.2,-6103.66,349.826
14419.4,-6105.46,351.592
14423.6,-6107.26,353.364
14427.8,-6109.06,355.129
14432.1,-6110.86,356.867
14436.3,-6112.66,358.507
14440.5,-6114.46,358.953
14444.7,-6116.26,357.434
14449,-6118.06,355.675
14453.2,-6119.86,353.893
14457.7,-6121.66,351.969
14461.9,-6123.46,350.169
14469,-6125.26,347.254
14473.3,-6127.06,345.432
14477.6,-6128.86,343.673
14483.3,-6130.66,341.542
14488,-6132.46,339.789
14492.5,-6134.26,338.13
14496.8,-6136.06,336.515
14501,-6137.86,334.992
14505.2,-6139.66,333.467
14509.5,-6141.46,331.942
14513.8,-6143.26,330.383
14518.1,-6145.06,328.859
14522.3,-6146.86,327.353
14526.5,-6148.66,325.846
14531.1,-6150.46,324.068
14535.3,-6152.26,322.409
14539.5,-6154.06,320.749
14543.7,-6155.85,318.871
14547.9,-6157.65,316.987
14552.2,-6159.45,315.104
14556.4,-6161.25,313.224
14560.6,-6163.05,311.359
14564.8,-6164.85,309.49
14569,-6166.65,307.619
14573.2,-6168.45,305.835
14577.5,-6170.25,304.048
14581.7,-6172.05,302.261
14585.9,-6173.85,300.479
14590.1,-6175.65,298.733
14594.3,-6177.45,296.988
14598.6,-6179.25,295.242
14602.8,-6181.05,293.471
14607,-6182.85,291.697
14611.2,-6184.65,289.927
14615.4,-6186.45,288.155
14619.7,-6188.25,286.311
14623.9,-6190.05,284.496
14628.2,-6191.85,282.681
14632.4,-6193.65,280.868
14636.9,-6195.45,278.94
14641.1,-6197.25,277.136
14645.3,-6199.05,275.332
14649.5,-6200.85,273.577
14653.8,-6202.65,271.822
14658,-6204.45,270.066
14662.2,-6206.25,268.302
14666.4,-6208.05,266.535
14670.7,-6209.85,264.774
14674.9,-6211.65,263.011
14679.1,-6213.45,261.191
14683.3,-6215.25,259.37
14687.5,-6217.05,257.55
14692,-6218.85,255.622
14696.2,-6220.65,253.796
14700.4,-6222.45,251.968
14704.6,-6224.25,250.145
14708.9,-6226.05,248.395
14713.1,-6227.85,246.65
14717.3,-6229.65,244.9
14721.6,-6231.45,243.144
14725.8,-6233.25,241.389
14730,-6235.05,239.63
14734.2,-6236.85,237.874
14738.4,-6238.65,236.072
14742.7,-6240.45,234.273
14746.9,-6242.25,232.473
14751.1,-6244.05,230.675
14755.3,-6245.85,228.87
14759.5,-6247.65,227.065
14763.8,-6249.44,225.26
14768,-6251.24,223.467
14772.2,-6253.04,221.677
14776.4,-6254.84,219.884
14780.6,-6256.64,218.095
14784.8,-6258.44,216.292
14789.1,-6260.24,214.483
14793.3,-6262.04,212.68
14797.5,-6263.84,210.874
14802,-6265.64,208.93
14806.2,-6267.44,207.109
14810.4,-6269.24,205.285
14814.7,-6271.04,203.528
14818.9,-6272.84,201.768
14823.1,-6274.64,199.999
14827.3,-6276.44,198.213
14831.6,-6278.24,196.43
14835.8,-6280.04,194.648
14840,-6281.84,192.863
14844.2,-6283.64,191.051
14848.4,-6285.44,189.236
14852.7,-6287.24,187.424
14857.1,-6289.04,185.537
14861.3,-6290.84,183.75
14865.5,-6292.64,181.961
14869.8,-6294.44,180.172
14874,-6296.24,178.443
14878.2,-6298.04,176.712
14882.4,-6299.84,174.983
14886.6,-6301.64,173.254
14890.8,-6303.44,171.457
14895.1,-6305.24,169.659
14899.3,-6307.04,167.86
14903.5,-6308.84,166.016
14907.7,-6310.64,164.169
14911.9,-6312.44,162.326
14916.2,-6314.24,160.484
14920.4,-6316.04,158.656
14924.6,-6317.84,156.818
14928.8,-6319.64,154.991
14933.1,-6321.44,153.158
14937.3,-6323.24,151.322
14941.5,-6325.04,149.489
14945.7,-6326.84,147.656
14949.9,-6328.64,145.834
14954.2,-6330.44,144.013
14958.4,-6332.24,142.162
14962.7,-6334.04,140.359
14966.9,-6335.84,138.553
14971.1,-6337.64,136.752
14975.3,-6339.44,134.95
14979.5,-6341.23,133.173
14983.8,-6343.03,131.398
14988,-6344.83,129.62
14992.2,-6346.63,127.821
14996.4,-6348.43,126.019
15000.6,-6350.23,124.222
15004.8,-6352.03,122.425
15009.2,-6353.83,120.571
15013.4,-6355.63,118.771
15017.6,-6357.43,116.968
15021.8,-6359.23,115.17
15026.1,-6361.03,113.377
15030.3,-6362.83,111.582
15034.5,-6364.63,109.786
15038.7,-6366.43,107.956
15042.9,-6368.23,106.128
15047.2,-6370.03,104.3
15051.4,-6371.83,102.471
15055.6,-6373.63,100.627
15059.8,-6375.43,98.781
15064,-6377.23,96.9375
15068.2,-6379.03,95.1075
15072.5,-6380.83,93.2782
15076.7,-6382.63,91.4486
15080.9,-6384.43,89.6228
15085.1,-6386.23,87.8047
15089.3,-6388.03,85.9821
15093.5,-6389.83,84.1637
15097.9,-6391.63,82.307
15102.1,-6393.43,80.4903
15106.3,-6395.23,78.6635
15110.5,-6397.03,76.8469
15114.8,-6398.83,75.0549
15119,-6400.63,73.2621
15123.2,-6402.43,71.4593
15127.5,-6404.23,69.6754
15131.7,-6406.03,67.8931
15135.9,-6407.83,66.1125
15140.1,-6409.63,64.329
15144.3,-6411.43,62.5347
15148.6,-6413.23,60.7371
15152.8,-6415.03,58.9415
15157,-6416.83,57.1447
15161.2,-6418.63,55.3373
15165.4,-6420.43,53.5278
15169.6,-6422.23,51.7188
15173.9,-6424.03,49.9105
15178.1,-6425.83,48.0993
15182.3,-6427.63,46.2911
15186.5,-6429.43,44.4813
15190.7,-6431.23,42.669
15195,-6433.02,40.8547
15199.2,-6434.82,39.0396
15203.4,-6436.62,37.2284
15207.6,-6438.42,35.4118
15211.8,-6440.22,33.6011
15216,-6442.02,31.7884
15220.3,-6443.82,29.9879
15224.5,-6445.62,28.1725
15228.7,-6447.42,26.3681
15233,-6449.22,24.5779
15237.2,-6451.02,22.7846
15241.4,-6452.82,20.9944
15245.6,-6454.62,19.2048
15249.9,-6456.42,17.3719
15254.2,-6458.22,15.5865
15258.4,-6460.02,13.7984
15262.6,-6461.82,12.0164
15266.8,-6463.62,10.2396
15271,-6465.42,8.46794
15275.3,-6467.22,6.70025
15279.5,-6469.02,4.94328
15283.7,-6470.82,3.20826
15287.9,-6472.62,1.55968
15292.1,-6474.42,0.926188
15296.4,-6476.22,2.40048
15300.6,-6478.02,4.14055
15304.8,-6479.82,5.91554
15309.3,-6481.62,7.81581
15313.5,-6483.42,9.60644
15320.2,-6485.22,12.418
15324.6,-6487.02,14.2513
15328.8,-6488.82,16.0116
15333.1,-6490.62,17.7703
15337.6,-6492.42,19.657
15342.1,-6494.22,21.3847
15346.5,-6496.02,23.1004
15350.7,-6497.82,24.7277
15355,-6499.62,26.2821
15359.2,-6501.42,27.8363
15363.4,-6503.22,29.3883
15367.7,-6505.02,31.0799
15372,-6506.82,32.7281
15376.2,-6508.62,34.3764
15380.4,-6510.42,36.0255
15384.6,-6512.22,37.9323
15388.9,-6514.02,39.8405
15393.1,-6515.82,41.7452
15397.3,-6517.62,43.6535
15401.5,-6519.42,45.5131
15405.7,-6521.22,47.3769
15409.9,-6523.02,49.2408
15414.2,-6524.81,51.0078
15418.4,-6526.61,52.7765
15422.6,-6528.41,54.5444
15426.9,-6530.21,56.3294
15431.1,-6532.01,58.0741
15435.3,-6533.81,59.8196
15439.5,-6535.61,61.5668
15443.7,-6537.41,63.3689
15448,-6539.21,65.1743
15452.2,-6541.01,66.9773
15456.4,-6542.81,68.7803
15460.6,-6544.61,70.6062
15464.8,-6546.41,72.4356
15469.1,-6548.21,74.2641
15473.3,-6550.01,76.0892
15477.8,-6551.81,78.0132
15482,-6553.61,79.8083
15486.2,-6555.41,81.605
15490.4,-6557.21,83.356
15494.7,-6559.01,85.1054
15498.9,-6560.81,86.8548
15503.1,-6562.61,88.6197
15507.3,-6564.41,90.3871
15511.5,-6566.21,92.152
15515.8,-6568.01,93.9185
15520,-6569.81,95.7277
15524.2,-6571.61,97.5361
15528.4,-6573.41,99.3546
15532.9,-6575.21,101.254
15537.1,-6577.01,103.066
15541.3,-6578.81,104.878
15545.5,-6580.61,106.687
15549.7,-6582.41,108.441
15554,-6584.21,110.194
15558.2,-6586.01,111.948
15562.4,-6587.81,113.698
15566.6,-6589.61,115.484
15570.8,-6591.41,117.268
15575.1,-6593.21,119.05
15579.3,-6595.01,120.883
15583.5,-6596.81,122.716
15587.7,-6598.61,124.548
15591.9,-6600.41,126.378
15596.2,-6602.21,128.197
15600.4,-6604.01,130.021
15604.6,-6605.81,131.839
15608.8,-6607.61,133.63
15613,-6609.41,135.42
15617.2,-6611.21,137.21
15621.5,-6613.01,138.999
15625.7,-6614.81,140.79
15629.9,-6616.6,142.595
15634.1,-6618.4,144.385
15638.4,-6620.2,146.179
15642.6,-6622,147.968
15646.8,-6623.8,149.76
15651,-6625.6,151.544
15655.2,-6627.4,153.321
15659.5,-6629.2,155.1
15663.7,-6631,156.901
15668,-6632.8,158.695
15672.2,-6634.6,160.494
15676.4,-6636.4,162.289
15680.6,-6638.2,164.082
15684.8,-6640,165.888
15689,-6641.8,167.698
15693.3,-6643.6,169.505
15697.5,-6645.4,171.315
15701.7,-6647.2,173.14
15705.9,-6649,174.965
15710.1,-6650.8,176.79
15714.4,-6652.6,178.61
15718.6,-6654.4,180.432
15722.8,-6656.2,182.25
15727,-6658,184.072
15731.3,-6659.8,185.9
15735.6,-6661.6,187.763
15739.8,-6663.4,189.583
15744,-6665.2,191.364
15748.3,-6667,193.148
15752.5,-6668.8,194.93
15756.7,-6670.6,196.717
15760.9,-6672.4,198.495
15765.1,-6674.2,200.272
15769.3,-6676,202.05
15773.6,-6677.8,203.882
15777.8,-6679.6,205.691
15782.1,-6681.4,207.497
15786.3,-6683.2,209.313
15790.5,-6685,211.099
15794.7,-6686.8,212.884
15799,-6688.6,214.676
15803.2,-6690.4,216.496
15807.4,-6692.2,218.319
15811.6,-6694,220.141
15815.8,-6695.8,221.961
15820.1,-6697.6,223.812
15824.3,-6699.4,225.661
15828.5,-6701.2,227.529
15832.9,-6703,229.418
15837.1,-6704.8,231.26
15841.3,-6706.6,233.099
15845.5,-6708.4,234.935
15849.7,-6710.19,236.725
15854,-6711.99,238.513
15858.2,-6713.79,240.302
15862.4,-6715.59,242.087
15866.6,-6717.39,243.906
15870.8,-6719.19,245.723
15875.1,-6720.99,247.538
15879.3,-6722.79,249.353
15883.5,-6724.59,251.169
15887.7,-6726.39,252.983
15891.9,-6728.19,254.795
15896.2,-6729.99,256.595
15900.4,-6731.79,258.401
15904.6,-6733.59,260.202
15908.8,-6735.39,262.009
15913,-6737.19,263.812
15917.3,-6738.99,265.617
15921.5,-6740.79,267.421
15925.7,-6742.59,269.228
15929.9,-6744.39,271.048
15934.2,-6746.19,272.855
15938.4,-6747.99,274.665
15942.9,-6749.79,276.605
15947.1,-6751.59,278.424
15951.3,-6753.39,280.239
15955.5,-6755.19,282.007
15959.8,-6756.99,283.776
15964,-6758.79,285.544
15968.2,-6760.59,287.369
15972.4,-6762.39,289.193
15976.6,-6764.19,291.018
15980.9,-6765.99,292.84
15985.1,-6767.79,294.666
15989.3,-6769.59,296.495
15993.5,-6771.39,298.32
15998,-6773.19,300.233
16002.2,-6774.99,302.039
16006.4,-6776.79,303.846
16010.6,-6778.59,305.649
16014.9,-6780.39,307.398
16019.1,-6782.19,309.149
16023.3,-6783.99,310.898
16027.5,-6785.79,312.648
16031.8,-6787.59,314.452
16036,-6789.39,316.248
16040.2,-6791.19,318.046
16044.4,-6792.99,319.861
16048.6,-6794.79,321.677
16052.9,-6796.59,323.491
16057.1,-6798.39,325.307
16061.3,-6800.19,327.092
16065.5,-6801.98,328.875
16069.7,-6803.78,330.66
16073.9,-6805.58,332.461
16078.2,-6807.38,334.267
16082.4,-6809.18,336.069
16086.6,-6810.98,337.872
16090.8,-6812.78,339.684
16095,-6814.58,341.498
16099.3,-6816.38,343.312
16103.5,-6818.18,345.124
16107.7,-6819.98,346.937
16111.9,-6821.78,348.743
16116.1,-6823.58,350.548
16120.3,-6825.38,352.343
16124.6,-6827.18,354.13
16128.8,-6828.98,355.906
16133,-6830.78,357.629
16137.2,-6832.58,359.055
16141.4,-6834.38,358.385
16145.7,-6836.18,356.721
16150.1,-6837.98,354.903
16154.3,-6839.78,353.135
16158.8,-6841.58,351.234
16163,-6843.38,349.454
16169.7,-6845.18,346.697
16174,-6846.98,344.873
16178.3,-6848.78,343.136
16182.6,-6850.58,341.431
16187.2,-6852.38,339.605
16191.7,-6854.18,337.772
16196,-6855.98,336.152
16200.3,-6857.78,334.573
16204.5,-6859.58,332.997
16208.7,-6861.38,331.43
16213,-6863.18,329.863
16217.2,-6864.98,328.293
16221.4,-6866.78,326.727
16225.8,-6868.58,324.725
16230,-6870.38,322.811
16234.3,-6872.18,320.875
16238.5,-6873.98,318.962
16243,-6875.78,316.938
16247.3,-6877.58,315.044
16251.5,-6879.38,313.152
16255.7,-6881.18,311.414
16259.9,-6882.98,309.673
16264.1,-6884.78,307.939
16268.4,-6886.58,306.198
16272.6,-6888.38,304.522
16276.8,-6890.18,302.843
16281,-6891.98,301.169
16285.2,-6893.77,299.389
16289.5,-6895.57,297.602
16293.7,-6897.37,295.819
16297.9,-6899.17,294.036
16302.2,-6900.97,292.182
16306.4,-6902.77,290.312
16310.6,-6904.57,288.457
16314.8,-6906.37,286.655
16319,-6908.17,284.852
16323.2,-6909.97,283.052
16327.5,-6911.77,281.247
16331.7,-6913.57,279.477
16335.9,-6915.37,277.693
16340.2,-6917.17,275.921
16344.4,-6918.97,274.115
16348.6,-6920.77,272.306
16352.8,-6922.57,270.503
16357,-6924.37,268.695
16361.3,-6926.17,266.887
16365.5,-6927.97,265.075
16369.7,-6929.77,263.264
16373.9,-6931.57,261.468
16378.1,-6933.37,259.668
16382.4,-6935.17,257.845
16386.6,-6936.97,256.047
16390.9,-6938.77,254.219
16395.2,-6940.57,252.431
16399.4,-6942.37,250.638
16403.6,-6944.17,248.851
16407.8,-6945.97,247.08
16412,-6947.77,245.312
16416.2,-6949.57,243.543
16420.5,-6951.37,241.758
16424.7,-6953.17,239.976
16428.9,-6954.97,238.192
16433.1,-6956.77,236.411
16437.4,-6958.57,234.593
16441.6,-6960.37,232.787
16445.8,-6962.17,230.983
16450.2,-6963.97,229.116
16454.4,-6965.77,227.313
16458.6,-6967.57,225.506
16462.8,-6969.37,223.704
16467.1,-6971.17,221.919
16471.3,-6972.97,220.137
16475.5,-6974.77,218.354
16479.7,-6976.57,216.554
16483.9,-6978.37,214.758
16488.2,-6980.17,212.956
16492.4,-6981.97,211.159
16496.6,-6983.77,209.338
16500.8,-6985.56,207.52
16505,-6987.36,205.702
16509.3,-6989.16,203.905
16513.5,-6990.96,202.106
16517.7,-6992.76,200.308
16521.9,-6994.56,198.513
16526.1,-6996.36,196.721
16530.4,-6998.16,194.924
16534.6,-6999.96,193.131
16538.9,-7001.76,191.301
16543.1,-7003.56,189.512
16547.3,-7005.36,187.722
16551.5,-7007.16,185.935
16555.8,-7008.96,184.169
16560,-7010.76,182.403
16564.2,-7012.56,180.64
16568.4,-7014.36,178.875
16572.6,-7016.16,177.078
16576.9,-7017.96,175.278
16581.1,-7019.76,173.483
16585.3,-7021.56,171.661
16589.5,-7023.36,169.837
16593.7,-7025.16,168.017
16597.9,-7026.96,166.194
16602.2,-7028.76,164.364
16606.4,-7030.56,162.533
16610.6,-7032.36,160.705
16614.8,-7034.16,158.88
16619,-7035.96,157.052
16623.3,-7037.76,155.224
16627.5,-7039.56,153.397
16631.7,-7041.36,151.582
16635.9,-7043.16,149.767
16640.2,-7044.96,147.939
16644.4,-7046.76,146.135
16648.6,-7048.56,144.327
16652.8,-7050.36,142.524
16657,-7052.16,140.718
16661.3,-7053.96,138.934
16665.5,-7055.76,137.147
16669.7,-7057.56,135.362
16673.9,-7059.36,133.569
16678.1,-7061.16,131.773
16682.4,-7062.96,129.979
16686.6,-7064.76,128.184
16690.9,-7066.56,126.317
16695.2,-7068.36,124.512
16699.4,-7070.16,122.704
16703.6,-7071.96,120.899
16707.8,-7073.76,119.097
16712,-7075.56,117.299
16716.2,-7077.35,115.5
16720.5,-7079.15,113.672
16724.7,-7080.95,111.847
16728.9,-7082.75,110.021
16733.1,-7084.55,108.196
16737.3,-7086.35,106.348
16741.6,-7088.15,104.492
16745.8,-7089.95,102.646
16750,-7091.75,100.817
16754.2,-7093.55,98.9876
16758.5,-7095.35,97.157
16762.7,-7097.15,95.3297
16766.9,-7098.95,93.5154
16771.1,-7100.75,91.7012
16775.3,-7102.55,89.8886
16779.6,-7104.35,88.0577
16783.8,-7106.15,86.2478
16788,-7107.95,84.4346
16792.3,-7109.75,82.6264
16796.5,-7111.55,80.8217
16800.7,-7113.35,79.0237
16804.9,-7115.15,77.2257
16809.2,-7116.95,75.4265
16813.4,-7118.75,73.6281
16817.6,-7120.55,71.8281
16821.8,-7122.35,70.0331
16826,-7124.15,68.2392
16830.2,-7125.95,66.4403
16834.5,-7127.75,64.6439
16838.9,-7129.55,62.7669
16843.2,-7131.35,60.9261
16847.4,-7133.15,59.0987
16851.6,-7134.95,57.2756
16855.9,-7136.75,55.4778
16860.1,-7138.55,53.6965
16864.4,-7140.35,51.9103
16868.6,-7142.15,50.1355
16872.8,-7143.95,48.3315
16877.1,-7145.75,46.5276
16881.3,-7147.55,44.7286
16885.5,-7149.35,42.8958
16889.7,-7151.15,41.0665
16893.9,-7152.95,39.2389
16898.2,-7154.75,37.4054
16902.4,-7156.55,35.6026
16906.6,-7158.35,33.7966
16910.9,-7160.15,31.9881
16915.1,-7161.95,30.2002
16919.3,-7163.75,28.4043
16923.5,-7165.55,26.615
16927.8,-7167.35,24.8209
16932,-7169.15,23.0303
16936.2,-7170.94,21.2341
16940.5,-7172.74,19.4346
16944.7,-7174.54,17.6433
16948.9,-7176.34,15.8572
16953.1,-7178.14,14.0723
16957.4,-7179.94,12.2731
16961.6,-7181.74,10.4832
16965.9,-7183.54,8.70542
16970.1,-7185.34,6.92634
16974.3,-7187.14,5.14262
16978.6,-7188.94,3.37404
16982.8,-7190.74,1.673
16987,-7192.54,0.787329
16991.3,-7194.34,2.22693
16995.5,-7196.14,3.97994
16999.7,-7197.94,5.76063
17003.9,-7199.74,7.55491
17008.2,-7201.54,9.37
17012.4,-7203.34,11.1732
17016.7,-7205.14,12.9868
17021.1,-7206.94,14.8533
17025.4,-7208.74,16.6864
17029.6,-7210.54,18.481
17034,-7212.34,20.3205
17038.9,-7214.14,22.3478
17043.2,-7215.94,24.1665
17047.6,-7217.74,25.9593
17051.8,-7219.54,27.6382
17056,-7221.34,29.3163
17060.3,-7223.14,30.9922
17064.5,-7224.94,32.6704
17068.7,-7226.74,34.3584
17073,-7228.54,36.0417
17077.2,-7230.34,37.7314
17081.5,-7232.14,39.6217
17085.8,-7233.94,41.4653
17090,-7235.74,43.3165
17094.2,-7237.54,45.1344
17098.5,-7239.34,46.9566
17102.7,-7241.14,48.7704
17106.9,-7242.94,50.5867
17111.1,-7244.74,52.3518
17115.4,-7246.54,54.1234
17119.6,-7248.34,55.8869
17123.8,-7250.14,57.6529
17128,-7251.94,59.4313
17132.3,-7253.74,61.2139
17136.5,-7255.54,62.9982
17140.7,-7257.34,64.8175
17145,-7259.14,66.6361
17149.2,-7260.94,68.4697
17153.4,-7262.73,70.29
17157.7,-7264.53,72.1263
17161.9,-7266.33,73.9399
17166.1,-7268.13,75.7544
17170.4,-7269.93,77.5401
17174.6,-7271.73,79.3201
17178.8,-7273.53,81.0976
17183.1,-7275.33,82.8776
17187.3,-7277.13,84.6624
17191.5,-7278.93,86.4407
17195.8,-7280.73,88.2255
17200,-7282.53,90.027
17204.2,-7284.33,91.8235
17208.5,-7286.13,93.6266
17212.7,-7287.93,95.4222
17216.9,-7289.73,97.2215
17221.1,-7291.53,99.0117
17225.4,-7293.33,100.815
17230.7,-7295.13,103.077
17235.1,-7296.93,104.946
17239.4,-7298.73,106.753
17243.6,-7300.53,108.545
17247.9,-7302.33,110.256
17252.1,-7304.13,111.951
17256.4,-7305.93,113.685
17260.6,-7307.73,115.344
17264.8,-7309.53,117
17269.1,-7311.33,118.658
17273.3,-7313.13,120.319
17277.5,-7314.93,122.177
17281.8,-7316.73,124.035
17286,-7318.53,125.892
17290.2,-7320.33,127.755
17294.5,-7322.13,129.615
17298.7,-7323.93,131.477
17302.9,-7325.73,133.331
17307.2,-7327.53,135.102
17311.4,-7329.33,136.853
17315.6,-7331.13,138.609
17319.9,-7332.93,140.36
17324.1,-7334.73,142.109
17328.3,-7336.53,143.867
17332.5,-7338.33,145.619
17336.8,-7340.13,147.422
17341,-7341.93,149.226
17345.2,-7343.73,151.027
17349.5,-7345.53,152.837
17353.7,-7347.33,154.645
17357.9,-7349.13,156.47
17362.2,-7350.93,158.284
17366.4,-7352.73,160.084
17370.6,-7354.52,161.874
17374.9,-7356.32,163.672
17379.1,-7358.12,165.468
17383.3,-7359.92,167.288
17387.5,-7361.72,169.104
17391.8,-7363.52,170.917
17396,-7365.32,172.746
17400.2,-7367.12,174.573
17404.4,-7368.92,176.406
17408.7,-7370.72,178.232
17412.9,-7372.52,180.035
17417.1,-7374.32,181.838
17421.3,-7376.12,183.646
17425.6,-7377.92,185.449
17429.8,-7379.72,187.254
17434,-7381.52,189.05
17438.3,-7383.32,190.852
17442.5,-7385.12,192.645
17446.7,-7386.92,194.441
17451,-7388.72,196.238
17455.2,-7390.52,198.021
17459.5,-7392.32,199.823
17463.7,-7394.12,201.603
17467.9,-7395.92,203.389
17472.2,-7397.72,205.178
17476.4,-7399.52,206.965
17480.6,-7401.32,208.744
17484.9,-7403.12,210.562
17489.1,-7404.92,212.377
17493.3,-7406.72,214.196
17497.6,-7408.52,216.017
17501.8,-7410.32,217.846
17506,-7412.12,219.671
17510.3,-7413.92,221.506
17514.5,-7415.72,223.342
17518.7,-7417.52,225.17
17522.9,-7419.32,226.994
17527.2,-7421.12,228.827
17531.4,-7422.92,230.642
17535.6,-7424.72,232.457
17539.9,-7426.52,234.282
17544.1,-7428.32,236.097
17548.3,-7430.12,237.919
17552.6,-7431.92,239.733
17556.8,-7433.72,241.556
17561.1,-7435.52,243.359
17565.3,-7437.32,245.155
17569.5,-7439.12,246.958
17573.7,-7440.92,248.758
17578,-7442.72,250.56
17582.2,-7444.52,252.361
17586.4,-7446.31,254.163
17590.6,-7448.11,255.966
17594.9,-7449.91,257.77
17599.1,-7451.71,259.581
17603.3,-7453.51,261.39
17607.6,-7455.31,263.206
17611.8,-7457.11,265.014
17616,-7458.91,266.828
17620.2,-7460.71,268.642
17624.5,-7462.51,270.464
17628.7,-7464.31,272.282
17632.9,-7466.11,274.097
17637.2,-7467.91,275.928
17641.4,-7469.71,277.766
17645.6,-7471.51,279.6
17649.8,-7473.31,281.432
17654.1,-7475.11,283.263
17658.3,-7476.91,285.117
17662.6,-7478.71,286.953
17666.8,-7480.51,288.777
17671,-7482.31,290.592
17675.3,-7484.11,292.414
17679.5,-7485.91,294.243
17683.8,-7487.71,296.052
17688,-7489.51,297.857
17692.2,-7491.31,299.663
17696.5,-7493.11,301.464
17700.7,-7494.91,303.261
17704.9,-7496.71,305.053
17709.1,-7498.51,306.855
17713.4,-7500.31,308.66
17717.6,-7502.11,310.459
17721.8,-7503.91,312.251
17726.1,-7505.71,314.039
17730.3,-7507.51,315.831
17734.5,-7509.31,317.616
17738.7,-7511.11,319.402
17743,-7512.91,321.198
17747.2,-7514.71,322.995
17751.4,-7516.51,324.788
17755.6,-7518.31,326.605
17759.9,-7520.11,328.435
17764.1,-7521.91,330.254
17768.4,-7523.71,332.082
17772.6,-7525.51,333.9
17776.9,-7527.31,335.718
17781.1,-7529.11,337.526
17785.4,-7530.91,339.366
17789.6,-7532.71,341.175
17793.9,-7534.51,342.974
17798.1,-7536.31,344.779
17802.3,-7538.1,346.57
17806.6,-7539.9,348.36
17810.8,-7541.7,350.141
17815,-7543.5,351.936
17819.2,-7545.3,353.728
17823.5,-7547.1,355.51
17827.7,-7548.9,357.255
17831.9,-7550.7,358.833
17836.1,-7552.5,358.749
17840.4,-7554.3,357.134
17844.6,-7556.1,355.393
17848.9,-7557.9,353.625
17853.1,-7559.7,351.856
17857.4,-7561.5,350.041
17861.6,-7563.3,348.261
17865.9,-7565.1,346.48
17870.2,-7566.9,344.653
17874.5,-7568.7,342.844
17878.8,-7570.5,341.061
17883.1,-7572.3,339.251
17887.7,-7574.1,337.312
17892.1,-7575.9,335.469
17896.4,-7577.7,333.668
17900.6,-7579.5,331.888
17904.9,-7581.3,330.181
17909.1,-7583.1,328.473
17913.3,-7584.9,326.761
17917.6,-7586.7,325.048
17921.8,-7588.5,323.258
17926,-7590.3,321.459
17930.3,-7592.1,319.655
17934.5,-7593.9,317.82
17938.7,-7595.7,315.99
17942.9,-7597.5,314.161
17947.2,-7599.3,312.326
17951.4,-7601.1,310.554
17955.6,-7602.9,308.779
17959.9,-7604.7,306.988
17964.1,-7606.5,305.213
17968.4,-7608.3,303.44
17972.6,-7610.1,301.676
17976.8,-7611.9,299.906
17981,-7613.7,298.128
17985.3,-7615.5,296.341
17989.5,-7617.3,294.552
17993.7,-7619.1,292.766
17998,-7620.9,290.962
18002.2,-7622.7,289.156
18006.4,-7624.5,287.355
18010.6,-7626.3,285.565
18014.9,-7628.1,283.775
18019.1,-7629.9,281.983
18023.3,-7631.69,280.188
18027.5,-7633.49,278.385
18031.8,-7635.29,276.585
18036,-7637.09,274.783
18040.2,-7638.89,272.962
18044.5,-7640.69,271.141
18048.7,-7642.49,269.322
18052.9,-7644.29,267.509
18057.2,-7646.09,265.684
18061.5,-7647.89,263.866
18065.7,-7649.69,262.067
18069.9,-7651.49,260.283
18074.1,-7653.29,258.501
18078.4,-7655.09,256.703
18082.6,-7656.89,254.922
18086.9,-7658.69,253.135
18091.1,-7660.49,251.357
18095.3,-7662.29,249.574
18099.5,-7664.09,247.793
18103.8,-7665.89,246.003
18108,-7667.69,244.217
18112.2,-7669.49,242.421
18116.5,-7671.29,240.629
18120.7,-7673.09,238.852
18124.9,-7674.89,237.073
18129.2,-7676.69,235.29
18133.4,-7678.49,233.501
18137.6,-7680.29,231.714
18141.9,-7682.09,229.937
18146.1,-7683.89,228.126
18150.3,-7685.69,226.314
18154.6,-7687.49,224.504
18158.9,-7689.29,222.665
18163.1,-7691.09,220.849
18167.3,-7692.89,219.028
18171.5,-7694.69,217.214
18175.8,-7696.49,215.413
18180,-7698.29,213.612
18184.3,-7700.09,211.788
18188.5,-7701.89,209.974
18192.7,-7703.69,208.154
18197,-7705.49,206.338
18201.2,-7707.29,204.524
18205.4,-7709.09,202.73
18209.7,-7710.89,200.94
18213.9,-7712.69,199.152
18218.1,-7714.49,197.356
18222.4,-7716.29,195.559
18226.6,-7718.09,193.769
18230.8,-7719.89,191.982
18235,-7721.69,190.195
18239.3,-7723.48,188.404
18243.5,-7725.28,186.616
18247.7,-7727.08,184.836
18252,-7728.88,183.049
18256.2,-7730.68,181.262
18260.5,-7732.48,179.449
18264.7,-7734.28,177.66
18268.9,-7736.08,175.86
18273.2,-7737.88,174.056
18277.4,-7739.68,172.258
18281.6,-7741.48,170.439
18285.8,-7743.28,168.624
18290.1,-7745.08,166.808
18294.3,-7746.88,164.99
18298.5,-7748.68,163.153
18302.8,-7750.48,161.314
18307,-7752.28,159.476
18311.2,-7754.08,157.645
18315.4,-7755.88,155.814
18319.7,-7757.68,153.98
18323.9,-7759.48,152.156
18328.1,-7761.28,150.338
18332.4,-7763.08,148.516
18336.6,-7764.88,146.699
18340.8,-7766.68,144.905
18345.1,-7768.48,143.112
18349.3,-7770.28,141.312
18353.5,-7772.08,139.519
18357.8,-7773.88,137.725
18362,-7775.68,135.905
18366.3,-7777.48,134.114
18370.5,-7779.28,132.319
18374.7,-7781.08,130.53
18378.9,-7782.88,128.739
18383.2,-7784.68,126.946
18387.4,-7786.48,125.15
18391.6,-7788.28,123.359
18395.8,-7790.08,121.561
18400.1,-7791.88,119.768
18404.3,-7793.68,117.939
18408.5,-7795.48,116.117
18412.8,-7797.28,114.29
18417,-7799.08,112.461
18421.2,-7800.88,110.63
18425.4,-7802.68,108.798
18429.7,-7804.48,106.963
18433.9,-7806.28,105.132
18438.1,-7808.08,103.3
18442.4,-7809.88,101.457
18446.6,-7811.68,99.6171
18450.8,-7813.48,97.7928
18455.1,-7815.27,95.9617
18459.3,-7817.07,94.118
18463.6,-7818.87,92.2936
18467.8,-7820.67,90.4717
18472.1,-7822.47,88.659
18476.3,-7824.27,86.8552
18480.5,-7826.07,85.0413
18484.7,-7827.87,83.2366
18489,-7829.67,81.4286
18493.2,-7831.47,79.6263
18497.5,-7833.27,77.7958
18501.7,-7835.07,75.9919
18506,-7836.87,74.1987
18510.2,-7838.67,72.3963
18514.4,-7840.47,70.6039
18518.6,-7842.27,68.809
18522.9,-7844.07,67.0177
18527.1,-7845.87,65.2189
18531.3,-7847.67,63.4251
18535.6,-7849.47,61.6264
18539.8,-7851.27,59.8142
18544,-7853.07,58.0038
18548.3,-7854.87,56.1833
18552.5,-7856.67,54.3582
18556.7,-7858.47,52.5423
18561,-7860.27,50.7122
18565.3,-7862.07,48.8793
18569.5,-7863.87,47.0582
18573.7,-7865.67,45.2363
18578,-7867.47,43.4204
18582.2,-7869.27,41.6217
18586.4,-7871.07,39.8207
18590.7,-7872.87,38.0271
18594.9,-7874.67,36.237
18599.1,-7876.47,34.4246
18603.4,-7878.27,32.608
18607.6,-7880.07,30.7934
18611.8,-7881.87,28.9984
18616.1,-7883.67,27.2011
18620.3,-7885.47,25.4089
18624.5,-7887.27,23.6054
18628.7,-7889.07,21.8203
18633,-7890.87,20.0306
18637.2,-7892.67,18.2463
18641.4,-7894.47,16.4551
18645.7,-7896.27,14.6712
18649.9,-7898.07,12.8859
18654.1,-7899.87,11.1012
18658.3,-7901.67,9.30775
18662.6,-7903.47,7.51384
18666.9,-7905.27,5.72272
18671.1,-7907.06,3.96556
18675.3,-7908.86,2.26665
18679.5,-7910.66,1.03627
18683.8,-7912.46,1.86964
18688,-7914.26,3.53936
18692.2,-7916.06,5.31144
18696.5,-7917.86,7.11101
18700.7,-7919.66,8.91827
18704.9,-7921.46,10.7405
18709.2,-7923.26,12.5495
18713.4,-7925.06,14.3772
18717.8,-7926.86,16.2562
18722.2,-7928.66,18.0895
18726.4,-7930.46,19.9176
18731.9,-7932.26,22.1712
18736.7,-7934.06,24.1523
18741,-7935.86,25.9512
18745.2,-7937.66,27.5573
18749.5,-7939.46,29.1657
18753.7,-7941.26,30.769
18757.9,-7943.06,32.3701
18762.2,-7944.86,33.9733
18766.5,-7946.66,35.5803
18770.7,-7948.46,37.1645
18775,-7950.26,38.7635
18779.2,-7952.06,40.6182
18783.4,-7953.86,42.4636
18787.6,-7955.66,44.3107
18791.9,-7957.46,46.1566
18796.1,-7959.26,47.9983
18800.3,-7961.06,49.8486
18804.6,-7962.86,51.6895
18808.8,-7964.66,53.4637
18813,-7966.46,55.2405
18817.2,-7968.26,57.0213
18821.5,-7970.06,58.8001
18825.7,-7971.86,60.5756
18829.9,-7973.66,62.3486
18834.2,-7975.46,64.1266
18838.4,-7977.26,65.9313
18842.6,-7979.06,67.7419
18846.9,-7980.86,69.5483
18851.1,-7982.66,71.3437
18855.3,-7984.46,73.1467
18859.6,-7986.26,74.9605
18863.8,-7988.06,76.7576
18868,-7989.86,78.5437
18872.3,-7991.66,80.3379
18876.5,-7993.46,82.115
18880.8,-7995.26,83.8871
18885,-7997.06,85.6816
18889.3,-7998.85,87.4679
18893.5,-8000.65,89.2508
18897.7,-8002.45,91.0352
18901.9,-8004.25,92.8155
18906.2,-8006.05,94.5958
18910.4,-8007.85,96.3913
18914.6,-8009.65,98.1777
18918.8,-8011.45,99.9683
18923.1,-8013.25,101.756
18927.3,-8015.05,103.567
18931.5,-8016.85,105.368
18935.7,-8018.65,107.177
18940,-8020.45,108.982
18944.2,-8022.25,110.795
18948.4,-8024.05,112.604
18952.6,-8025.85,114.411
18956.9,-8027.65,116.218
18961.1,-8029.45,118.034
18965.4,-8031.25,119.841
18969.7,-8033.05,121.662
18973.9,-8034.85,123.464
18978.1,-8036.65,125.272
18982.3,-8038.45,127.079
18986.6,-8040.25,128.866
18990.8,-8042.05,130.651
18995,-8043.85,132.44
19003.5,-8045.65,136.034
19007.7,-8047.45,137.836
19011.9,-8049.25,139.636
19016.2,-8051.05,141.078
19020.4,-8052.85,142.52
19025.7,-8054.65,144.299
19030.2,-8056.45,145.849
19034.6,-8058.25,147.335
19039.1,-8060.05,148.828
19043.6,-8061.85,150.329
19048,-8063.65,152.222
19052.4,-8065.45,154.137
19056.9,-8067.25,156.033
19063.8,-8069.05,158.975
19068.2,-8070.85,160.859
19072.7,-8072.65,162.739
19077.4,-8074.45,164.4
19081.8,-8076.25,165.995
19086.2,-8078.05,167.54
19090.5,-8079.85,168.918
19094.8,-8081.65,170.254
19099,-8083.45,171.588
19103.2,-8085.25,172.92
19107.6,-8087.05,174.993
19111.8,-8088.85,176.992
19116,-8090.65,178.989
19120.2,-8092.44,180.986
19124.4,-8094.24,182.871
19128.7,-8096.04,184.76
19132.9,-8097.84,186.645
19137.1,-8099.64,188.346
19141.3,-8101.44,190.044
19145.5,-8103.24,191.741
19149.7,-8105.04,193.441
19154,-8106.84,195.271
19158.2,-8108.64,197.105
19162.4,-8110.44,198.937
19166.6,-8112.24,200.783
19170.9,-8114.04,202.642
19175.1,-8115.84,204.485
19179.3,-8117.64,206.329
19183.5,-8119.44,208.087
19187.7,-8121.24,209.846
19192,-8123.04,211.602
19196.2,-8124.84,213.401
19200.5,-8126.64,215.179
19204.7,-8128.44,216.955
19208.9,-8130.24,218.732
19213.4,-8132.04,220.682
19217.7,-8133.84,222.496
19221.9,-8135.64,224.307
19226.1,-8137.44,226.069
19230.3,-8139.24,227.833
19234.5,-8141.04,229.594
19238.7,-8142.84,231.357
19243,-8144.64,233.174
19247.2,-8146.44,234.991
19251.4,-8148.24,236.805
19255.6,-8150.04,238.668
19259.8,-8151.84,240.534
19264.1,-8153.64,242.397
19268.3,-8155.44,244.26
19272.7,-8157.24,246.167
19276.9,-8159.04,247.985
19281.1,-8160.84,249.799
19285.4,-8162.64,251.614
19289.6,-8164.44,253.39
19293.8,-8166.24,255.162
19298,-8168.04,256.935
19302.2,-8169.84,258.751
19306.5,-8171.64,260.57
19310.7,-8173.44,262.384
19314.9,-8175.24,264.198
19319.1,-8177.04,266.026
19323.3,-8178.84,267.852
19327.6,-8180.64,269.68
19331.8,-8182.44,271.474
19336,-8184.23,273.273
19340.2,-8186.03,275.076
19344.4,-8187.83,276.873
19348.7,-8189.63,278.685
19352.9,-8191.43,280.497
19357.1,-8193.23,282.309
19361.4,-8195.03,284.14
19365.6,-8196.83,285.955
19369.8,-8198.63,287.769
19374,-8200.43,289.591
19378.5,-8202.23,291.52
19382.8,-8204.03,293.328
19387,-8205.83,295.139
19391.2,-8207.63,296.92
19395.4,-8209.43,298.702
19399.6,-8211.23,300.484
19403.9,-8213.03,302.266
19408.1,-8214.83,304.079
19412.3,-8216.63,305.89
19416.5,-8218.43,307.701
19420.7,-8220.23,309.513
19424.9,-8222.03,311.34
19429.2,-8223.83,313.173
19433.4,-8225.63,315.002
19437.8,-8227.43,316.875
19442,-8229.23,318.665
19446.2,-8231.03,320.456
19450.5,-8232.83,322.248
19454.7,-8234.63,324.01
19458.9,-8236.43,325.774
19463.1,-8238.23,327.535
19467.3,-8240.03,329.314
19471.6,-8241.83,331.09
19475.8,-8243.63,332.875
19480,-8245.43,334.655
19484.3,-8247.23,336.464
19488.5,-8249.03,338.274
19492.7,-8250.83,340.079
19496.9,-8252.63,341.872
19501.1,-8254.43,343.661
19505.4,-8256.23,345.451
19509.6,-8258.03,347.239
19513.8,-8259.83,349.039
19518,-8261.63,350.838
19522.2,-8263.43,352.629
19526.5,-8265.23,354.436
19530.7,-8267.03,356.195
19534.9,-8268.83,357.839
19539.1,-8270.63,358.775
19543.4,-8272.43,357.788
19547.6,-8274.23,356.154
19551.8,-8276.03,354.417
19556,-8277.83,352.652
19560.2,-8279.62,350.877
19564.8,-8281.42,348.964
19569,-8283.22,347.173
19575.7,-8285.02,344.364
19580.1,-8286.82,342.499
19584.3,-8288.62,340.719
19588.6,-8290.42,339.083
19593.1,-8292.22,337.348
19597.5,-8294.02,335.659
19601.7,-8295.82,334.035
19605.9,-8297.62,332.492
19610.2,-8299.42,330.947
19614.4,-8301.22,329.405
19618.6,-8303.02,327.699
19622.8,-8304.82,325.993
19627.1,-8306.62,324.289
19631.3,-8308.42,322.359
19635.5,-8310.22,320.427
19639.7,-8312.02,318.495
19643.9,-8313.82,316.566
19648.3,-8315.62,314.702
19652.5,-8317.42,312.906
19656.8,-8319.22,311.106
19661,-8321.02,309.311
19665.2,-8322.82,307.589
19669.4,-8324.62,305.865
19673.6,-8326.42,304.144
19677.9,-8328.22,302.345
19682.1,-8330.02,300.532
19686.4,-8331.82,298.718
19690.6,-8333.62,296.923
19694.8,-8335.42,295.104
19699,-8337.22,293.282
19703.2,-8339.02,291.462
19707.5,-8340.82,289.704
19711.7,-8342.62,287.949
19715.9,-8344.42,286.194
19720.1,-8346.22,284.438
19724.4,-8348.02,282.661
19728.6,-8349.82,280.886
19732.8,-8351.62,279.113
19737,-8353.42,277.31
19741.2,-8355.22,275.507
19745.5,-8357.02,273.704
19749.7,-8358.82,271.901
19753.9,-8360.62,270.099
19758.1,-8362.42,268.295
19762.3,-8364.22,266.493
19766.6,-8366.02,264.688
19770.8,-8367.82,262.887
19775,-8369.62,261.086
19779.2,-8371.42,259.283
19783.4,-8373.21,257.476
19787.7,-8375.01,255.666
19791.9,-8376.81,253.86
19796.2,-8378.61,252
19800.5,-8380.41,250.197
19804.7,-8382.21,248.394
19808.9,-8384.01,246.592
19813.1,-8385.81,244.827
19817.3,-8387.61,243.06
19821.6,-8389.41,241.297
19825.8,-8391.21,239.535
19830,-8393.01,237.755
19834.2,-8394.81,235.959
19838.5,-8396.61,234.177
19842.7,-8398.41,232.381
19846.9,-8400.21,230.583
19851.1,-8402.01,228.789
19855.3,-8403.81,226.993
19859.6,-8405.61,225.212
19863.8,-8407.41,223.429
19868,-8409.21,221.647
19872.2,-8411.01,219.851
19876.4,-8412.81,218.051
19880.7,-8414.61,216.255
19884.9,-8416.41,214.45
19889.1,-8418.21,212.631
19893.3,-8420.01,210.816
19897.6,-8421.81,208.997
19901.8,-8423.61,207.184
19906,-8425.41,205.375
19910.2,-8427.21,203.565
19914.4,-8429.01,201.755
19918.7,-8430.81,199.933
19922.9,-8432.61,198.137
19927.2,-8434.41,196.34
19931.4,-8436.21,194.552
19935.6,-8438.01,192.763
19939.8,-8439.81,190.974
19944,-8441.61,189.188
19948.2,-8443.41,187.382
19952.5,-8445.21,185.575
19956.7,-8447.01,183.768
19960.9,-8448.81,181.964
19965.1,-8450.61,180.165
19969.3,-8452.41,178.365
19973.6,-8454.21,176.566
19977.8,-8456.01,174.784
19982,-8457.81,173.005
19986.2,-8459.61,171.213
19990.5,-8461.41,169.43
19994.7,-8463.21,167.629
19998.9,-8465,165.827
20003.1,-8466.8,164.027
20007.3,-8468.6,162.217
20011.6,-8470.4,160.408
20015.8,-8472.2,158.6
20020,-8474,156.79
20024.2,-8475.8,154.954
20028.5,-8477.6,153.123
20032.7,-8479.4,151.298
20037.1,-8481.2,149.382
20041.3,-8483,147.557
20045.5,-8484.8,145.731
20049.8,-8486.6,143.906
20054,-8488.4,142.137
20058.2,-8490.2,140.367
20062.4,-8492,138.6
20066.6,-8493.8,136.788
20070.8,-8495.6,134.976
20075.1,-8497.4,133.166
20079.3,-8499.2,131.354
20083.5,-8501,129.553
20087.8,-8502.8,127.735
20092,-8504.6,125.935
20096.4,-8506.4,124.066
20100.6,-8508.2,122.268
20104.8,-8510,120.473
20109,-8511.8,118.678
20113.2,-8513.6,116.91
20117.5,-8515.4,115.14
20121.7,-8517.2,113.375
20125.9,-8519,111.609
20130.1,-8520.8,109.791
20134.3,-8522.6,107.973
20138.5,-8524.4,106.155
20142.8,-8526.2,104.321
20147,-8528,102.48
20151.2,-8529.8,100.647
20155.4,-8531.6,98.8118
20159.6,-8533.4,96.9759
20163.8,-8535.2,95.1408
20168.1,-8537,93.3048
20172.3,-8538.8,91.4751
20176.5,-8540.6,89.6445
20180.7,-8542.4,87.8156
20184.9,-8544.2,85.9875
20189.2,-8546,84.1503
20193.4,-8547.8,82.3316
20197.6,-8549.6,80.5112
20201.9,-8551.4,78.6951
20206.1,-8553.2,76.8884
20210.3,-8555,75.0776
20214.5,-8556.79,73.2726
20218.7,-8558.59,71.4714
20223,-8560.39,69.6709
20227.2,-8562.19,67.8696
20231.4,-8563.99,66.0694
20235.8,-8565.79,64.2277
20240.1,-8567.59,62.3926
20244.3,-8569.39,60.5974
20248.5,-8571.19,58.8229
20252.7,-8572.99,57.0525
20256.9,-8574.79,55.2806
20261.2,-8576.59,53.5103
20265.4,-8578.39,51.7214
20269.6,-8580.19,49.9275
20273.8,-8581.99,48.137
20278,-8583.79,46.3082
20282.3,-8585.59,44.4794
20286.5,-8587.39,42.6481
20290.7,-8589.19,40.8059
20295,-8590.99,38.9914
20299.2,-8592.79,37.1753
20303.4,-8594.59,35.3627
20307.6,-8596.39,33.5632
20311.8,-8598.19,31.7663
20316,-8599.99,29.9688
20320.3,-8601.79,28.1707
20324.5,-8603.59,26.3615
20328.7,-8605.39,24.5536
20332.9,-8607.19,22.7468
20337.2,-8608.99,20.9521
20341.4,-8610.79,19.1572
20345.6,-8612.59,17.364
20349.8,-8614.39,15.5704
20354.3,-8616.19,13.6615
20358.6,-8617.99,11.8811
20362.8,-8619.79,10.1078
20367,-8621.59,8.33864
20371.5,-8623.39,6.50358
20375.7,-8625.19,4.80758
20379.9,-8626.99,3.16503
20384.1,-8628.79,1.77559
20388.4,-8630.59,1.46337
20392.6,-8632.39,2.65561
20396.8,-8634.19,4.31897
20401.1,-8635.99,6.06612
20405.3,-8637.79,7.84093
20409.5,-8639.59,9.63373
20414,-8641.39,11.5663
20418.2,-8643.19,13.3837
20424.9,-8644.99,16.2564
20429.3,-8646.79,18.0678
20433.5,-8648.58,19.8204
20437.8,-8650.38,21.5794
20442.3,-8652.18,23.2854
20446.7,-8653.98,24.9446
20450.9,-8655.78,26.5392
20455.2,-8657.58,28.1319
20459.4,-8659.38,29.6407
20463.6,-8661.18,31.149
20467.8,-8662.98,32.6587
20472,-8664.78,34.5336
20476.3,-8666.58,36.4119
20480.5,-8668.38,38.2956
20484.7,-8670.18,40.1725
20489.2,-8671.98,42.1166
20493.4,-8673.78,43.9708
20497.7,-8675.58,45.809
20501.9,-8677.38,47.6439
20506.4,-8679.18,49.4848
20510.6,-8680.98,51.196
20514.9,-8682.78,52.9064
20519.1,-8684.58,54.6101
20523.3,-8686.38,56.313
20527.5,-8688.18,58.0152
20531.7,-8689.98,59.7159
20536,-8691.78,61.5624
20540.2,-8693.58,63.4142
20544.4,-8695.38,65.2625
20548.6,-8697.18,67.09
20552.8,-8698.98,68.9176
20557.1,-8700.78,70.7452
20561.3,-8702.58,72.5695
20565.5,-8704.38,74.3326
20569.7,-8706.18,76.0973
20573.9,-8707.98,77.8587
20578.2,-8709.78,79.6445
20582.4,-8711.58,81.4294
20586.6,-8713.38,83.2151
20590.8,-8715.18,84.9983
20595,-8716.98,86.8074
20599.2,-8718.78,88.6206
20603.5,-8720.58,90.4304
20607.7,-8722.38,92.2176
20611.9,-8724.18,94.004
20616.1,-8725.98,95.7887
20620.3,-8727.78,97.5783
20624.6,-8729.58,99.3601
20628.8,-8731.38,101.144
20633,-8733.18,102.924
20637.3,-8734.98,104.749
20641.5,-8736.78,106.547
20645.7,-8738.58,108.345
20649.9,-8740.38,110.142
20654.3,-8742.17,112.012
20658.6,-8743.97,113.809
20662.8,-8745.77,115.602
20667,-8747.57,117.398
20671.5,-8749.37,119.306
20675.7,-8751.17,121.093
20679.9,-8752.97,122.881
20684.2,-8754.77,124.616
20688.4,-8756.57,126.355
20692.6,-8758.37,128.105
20696.8,-8760.17,129.844
20701.1,-8761.97,131.656
20705.3,-8763.77,133.469
20709.5,-8765.57,135.282
20713.7,-8767.37,137.1
20717.9,-8769.17,138.924
20722.2,-8770.97,140.745
20726.4,-8772.77,142.565
20730.6,-8774.57,144.345
20734.8,-8776.37,146.127
20739,-8778.17,147.91
20743.2,-8779.97,149.687
20747.5,-8781.77,151.469
20751.7,-8783.57,153.245
20755.9,-8785.37,155.024
20760.1,-8787.17,156.808
20764.3,-8788.97,158.595
20768.6,-8790.77,160.382
20772.8,-8792.57,162.165
20777,-8794.37,163.968
20781.2,-8796.17,165.769
20785.4,-8797.97,167.572
20789.7,-8799.77,169.392
20793.9,-8801.57,171.225
20798.1,-8803.37,173.046
20802.3,-8805.17,174.87
20806.6,-8806.97,176.696
20810.8,-8808.77,178.519
20815,-8810.57,180.342
20819.4,-8812.37,182.239
20823.6,-8814.17,184.044
20827.9,-8815.97,185.852
20832.1,-8817.77,187.657
20836.3,-8819.57,189.441
20840.5,-8821.37,191.219
20844.8,-8823.17,192.991
20849,-8824.97,194.783
20853.2,-8826.77,196.573
20857.4,-8828.57,198.365
20861.6,-8830.37,200.153
20866.1,-8832.17,202.047
20870.3,-8833.96,203.86
20874.5,-8835.76,205.671
20878.7,-8837.56,207.442
20882.9,-8839.36,209.215
20887.2,-8841.16,210.986
20891.4,-8842.96,212.755
20895.9,-8844.76,214.677
20900.1,-8846.56,216.472
20904.3,-8848.36,218.263
20908.6,-8850.16,220.037
20912.8,-8851.96,221.809
20917,-8853.76,223.579
20921.2,-8855.56,225.349
20925.4,-8857.36,227.185
20929.7,-8859.16,229.023
20933.9,-8860.96,230.86
20938.1,-8862.76,232.698
20942.3,-8864.56,234.537
20946.5,-8866.36,236.373
20950.8,-8868.16,238.208
20955,-8869.96,240.016
20959.2,-8871.76,241.828
20963.4,-8873.56,243.636
20967.6,-8875.36,245.457
20971.8,-8877.16,247.277
20976.1,-8878.96,249.095
20980.3,-8880.76,250.916
20984.6,-8882.56,252.747
20988.8,-8884.36,254.557
20993,-8886.16,256.364
20997.2,-8887.96,258.184
21001.8,-8889.76,260.102
21006,-8891.56,261.899
21010.2,-8893.36,263.697
21014.4,-8895.16,265.437
21018.6,-8896.96,267.178
21022.8,-8898.76,268.918
21027.1,-8900.56,270.659
21031.3,-8902.36,272.475
21035.5,-8904.16,274.292
21039.7,-8905.96,276.11
21043.9,-8907.76,277.947
21048.2,-8909.56,279.786
21052.4,-8911.36,281.625
21056.8,-8913.16,283.556
21061.1,-8914.96,285.377
21065.3,-8916.76,287.2
21069.5,-8918.56,289.024
21073.7,-8920.36,290.787
21077.9,-8922.16,292.554
21082.2,-8923.96,294.318
21086.4,-8925.75,296.084
21090.6,-8927.55,297.902
21094.8,-8929.35,299.723
21099.1,-8931.15,301.556
21103.3,-8932.95,303.373
21107.5,-8934.75,305.19
21111.7,-8936.55,307.005
21115.9,-8938.35,308.819
21120.2,-8940.15,310.604
21124.4,-8941.95,312.386
21128.6,-8943.75,314.171
21132.8,-8945.55,315.96
21137,-8947.35,317.754
21141.3,-8949.15,319.543
21145.5,-8950.95,321.336
21149.7,-8952.75,323.128
21153.9,-8954.55,324.919
21158.1,-8956.35,326.71
21162.3,-8958.15,328.5
21166.6,-8959.95,330.303
21170.8,-8961.75,332.1
21175,-8963.55,333.897
21179.2,-8965.35,335.705
21183.4,-8967.15,337.511
21187.7,-8968.95,339.318
21191.9,-8970.75,341.119
21196.1,-8972.55,342.937
21200.4,-8974.35,344.767
21204.6,-8976.15,346.582
21208.8,-8977.95,348.389
21213,-8979.75,350.189
21217.2,-8981.55,351.982
21221.4,-8983.35,353.756
21225.7,-8985.15,355.476
21229.9,-8986.95,357.102
21234.1,-8988.75,358.324
21238.3,-8990.55,358.082
21242.5,-8992.35,356.682
21246.8,-8994.15,355.019
21251,-8995.95,353.288
21255.2,-8997.75,351.536
21259.4,-8999.55,349.765
21263.9,-9001.35,347.873
21268.2,-9003.15,346.088
21274.9,-9004.95,343.271
21279.2,-9006.75,341.427
21283.5,-9008.55,339.701
21287.7,-9010.35,337.961
21292.3,-9012.15,336.114
21296.7,-9013.95,334.302
21301.2,-9015.75,332.643
21305.4,-9017.54,331.099
21309.7,-9019.34,329.557
21313.9,-9021.14,327.898
21318.1,-9022.94,326.232
21322.3,-9024.74,324.569
21326.6,-9026.54,322.904
21330.8,-9028.34,321.001
21335,-9030.14,319.094
21339.3,-9031.94,317.155
21343.5,-9033.74,315.353
21347.7,-9035.54,313.546
21351.9,-9037.34,311.744
21356.2,-9039.14,309.941
21360.4,-9040.94,308.201
21364.6,-9042.74,306.479
21368.9,-9044.54,304.753
21373.1,-9046.34,303.029
21377.3,-9048.14,301.238
21381.5,-9049.94,299.451
21385.7,-9051.74,297.663
21390,-9053.54,295.861
21394.2,-9055.34,294.06
21398.4,-9057.14,292.258
21402.6,-9058.94,290.444
21406.9,-9060.74,288.663
21411.1,-9062.54,286.885
21415.3,-9064.34,285.108
21419.7,-9066.14,283.259
21423.9,-9067.94,281.478
21428.1,-9069.74,279.694
21432.3,-9071.54,277.911
21436.6,-9073.34,276.106
21440.8,-9075.14,274.302
21445,-9076.94,272.5
21449.2,-9078.74,270.696
21453.4,-9080.54,268.894
21457.7,-9082.34,267.09
21461.9,-9084.14,265.29
21466.1,-9085.94,263.483
21470.3,-9087.74,261.675
21474.5,-9089.54,259.87
21478.7,-9091.34,258.069
21483,-9093.14,256.267
21487.2,-9094.94,254.464
21491.4,-9096.74,252.665
21495.6,-9098.54,250.877
21499.8,-9100.34,249.084
21504.1,-9102.14,247.283
21508.3,-9103.94,245.5
21512.5,-9105.74,243.72
21516.7,-9107.54,241.938
21521,-9109.33,240.157
21525.2,-9111.13,238.371
21529.4,-9112.93,236.583
21533.6,-9114.73,234.798
21537.8,-9116.53,233.001
21542.1,-9118.33,231.207
21546.3,-9120.13,229.414
21550.5,-9121.93,227.615
21554.7,-9123.73,225.813
21558.9,-9125.53,224.006
21563.2,-9127.33,222.203
21567.4,-9129.13,220.396
21571.6,-9130.93,218.586
21575.8,-9132.73,216.774
21580,-9134.53,214.96
21584.2,-9136.33,213.155
21588.5,-9138.13,211.348
21592.7,-9139.93,209.545
21596.9,-9141.73,207.741
21601.1,-9143.53,205.944
21605.4,-9145.33,204.137
21609.6,-9147.13,202.336
21613.8,-9148.93,200.533
21618,-9150.73,198.729
21622.2,-9152.53,196.925
21626.5,-9154.33,195.121
21630.7,-9156.13,193.32
21634.9,-9157.93,191.518
21639.1,-9159.73,189.717
21643.3,-9161.53,187.929
21647.6,-9163.33,186.138
21651.8,-9165.13,184.35
21656,-9166.93,182.561
21660.4,-9168.73,180.689
21664.6,-9170.53,178.91
21668.9,-9172.33,177.127
21673.1,-9174.13,175.349
21677.3,-9175.93,173.571
21681.5,-9177.73,171.795
21685.7,-9179.53,170.021
21690,-9181.33,168.209
21694.2,-9183.13,166.399
21698.4,-9184.93,164.588
21702.6,-9186.73,162.779
21706.9,-9188.53,160.924
21711.1,-9190.33,159.08
21715.3,-9192.13,157.237
21719.7,-9193.93,155.356
21723.9,-9195.73,153.542
21728.1,-9197.53,151.727
21732.4,-9199.33,149.907
21737.1,-9201.12,147.913
21741.3,-9202.92,146.124
21745.5,-9204.72,144.345
21749.9,-9206.52,142.595
21754.2,-9208.32,140.925
21758.4,-9210.12,139.253
21762.6,-9211.92,137.583
21767.1,-9213.72,135.682
21771.3,-9215.52,133.906
21775.5,-9217.32,132.128
21779.8,-9219.12,130.373
21784,-9220.92,128.618
21788.2,-9222.72,126.862
21792.4,-9224.52,125.109
21796.7,-9226.32,123.277
21800.9,-9228.12,121.446
21805.1,-9229.92,119.615
21809.4,-9231.72,117.747
21813.6,-9233.52,115.899
21817.8,-9235.32,114.052
21822,-9237.12,112.208
21826.2,-9238.92,110.383
21830.4,-9240.72,108.552
21834.7,-9242.52,106.723
21838.9,-9244.32,104.872
21843.1,-9246.12,103.024
21847.3,-9247.92,101.177
21851.5,-9249.72,99.3333
21855.8,-9251.52,97.4971
21860,-9253.32,95.6583
21864.2,-9255.12,93.8094
21868.5,-9256.92,91.9664
21872.7,-9258.72,90.1424
21876.9,-9260.52,88.3184
21881.1,-9262.32,86.4995
21885.3,-9264.12,84.6965
21889.6,-9265.92,82.8919
21893.8,-9267.72,81.0906
21898,-9269.52,79.2805
21902.2,-9271.32,77.4696
21906.4,-9273.12,75.6587
21910.7,-9274.92,73.8369
21915,-9276.72,71.9767
21919.3,-9278.52,70.1715
21923.5,-9280.32,68.3681
21927.7,-9282.12,66.5639
21931.9,-9283.92,64.7793
21936.1,-9285.72,62.9955
21940.4,-9287.52,61.211
21944.6,-9289.32,59.3948
21948.8,-9291.12,57.5777
21953,-9292.92,55.7624
21957.2,-9294.71,53.9463
21961.5,-9296.51,52.1162
21965.7,-9298.31,50.2863
21969.9,-9300.11,48.4547
21974.1,-9301.91,46.6411
21978.4,-9303.71,44.8226
21982.6,-9305.51,43.0076
21986.8,-9307.31,41.192
21991,-9309.11,39.3915
21995.2,-9310.91,37.5888
21999.5,-9312.71,35.7862
22003.7,-9314.51,33.9652
22008,-9316.31,32.1677
22012.2,-9318.11,30.3614
22016.4,-9319.91,28.5639
22020.6,-9321.71,26.7932
22024.9,-9323.51,25.0223
22029.1,-9325.31,23.2506
22033.3,-9327.11,21.4762
22037.5,-9328.91,19.7015
22041.8,-9330.71,17.9061
22046,-9332.51,16.1366
22050.2,-9334.31,14.3607
22054.4,-9336.11,12.5902
22058.7,-9337.91,10.8247
22063,-9339.71,9.03939
22067.2,-9341.51,7.28575
22071.4,-9343.31,5.57285
22075.7,-9345.11,3.93663
22079.9,-9346.91,2.50547
22084.1,-9348.71,1.86376
22088.4,-9350.51,2.66062
22092.6,-9352.31,4.13184
22096.8,-9354.11,5.81098
22101.1,-9355.91,7.54765
22105.3,-9357.71,9.31608
22109.5,-9359.51,11.094
22113.8,-9361.31,12.9103
22118,-9363.11,14.7008
22122.3,-9364.91,16.5257
22126.7,-9366.71,18.3683
22131,-9368.51,20.2011
22135.2,-9370.31,22
22139.6,-9372.11,23.7698
22144.1,-9373.91,25.6038
22148.5,-9375.71,27.416
22152.7,-9377.51,29.1503
22156.9,-9379.31,30.872
22161.1,-9381.11,32.5893
22165.4,-9382.91,34.3179
22169.6,-9384.71,36.0796
22173.9,-9386.5,37.8301
22178.1,-9388.3,39.5791
22182.3,-9390.1,41.3308
22186.5,-9391.9,43.1395
22190.8,-9393.7,44.9474
22195,-9395.5,46.7571
22199.2,-9397.3,48.5526
22203.4,-9399.1,50.3439
22207.7,-9400.9,52.1387
22211.9,-9402.7,53.9418
22216.2,-9404.5,55.7357
22220.4,-9406.3,57.5222
22224.6,-9408.1,59.3064
22228.9,-9409.9,61.0922
22233.1,-9411.7,62.8919
22237.3,-9413.5,64.6932
22241.5,-9415.3,66.4913
22245.8,-9417.1,68.2913
22250,-9418.9,70.1005
22254.2,-9420.7,71.9081
22258.5,-9422.5,73.7109
22262.7,-9424.3,75.5021
22266.9,-9426.1,77.2999
22271.2,-9427.9,79.1003
22275.4,-9429.7,80.8866
22279.6,-9431.5,82.6721
22283.8,-9433.3,84.4561
22288.1,-9435.1,86.2425
22292.3,-9436.9,88.0426
22296.5,-9438.7,89.8378
22300.7,-9440.5,91.6321
22305,-9442.3,93.4339
22309.2,-9444.1,95.2316
22313.5,-9445.9,97.0426
22317.7,-9447.7,98.8469
22321.9,-9449.5,100.638
22326.1,-9451.3,102.43
22330.4,-9453.1,104.236
22334.6,-9454.9,106.032
22338.8,-9456.7,107.823
22343.1,-9458.5,109.611
22347.3,-9460.3,111.405
22351.5,-9462.1,113.201
22355.7,-9463.9,115.003
22360,-9465.7,116.802
22364.2,-9467.5,118.617
22368.4,-9469.3,120.438
22372.7,-9471.1,122.251
22376.9,-9472.9,124.063
22381.1,-9474.7,125.871
22385.4,-9476.5,127.686
22389.6,-9478.29,129.496
22393.8,-9480.09,131.294
22398.1,-9481.89,133.098
22402.3,-9483.69,134.899
22406.5,-9485.49,136.698
22410.7,-9487.29,138.49
22415,-9489.09,140.289
22419.2,-9490.89,142.081
22423.4,-9492.69,143.88
22427.7,-9494.49,145.677
22431.9,-9496.29,147.468
22436.1,-9498.09,149.265
22440.4,-9499.89,151.079
22444.6,-9501.69,152.862
22448.9,-9503.49,154.654
22453.1,-9505.29,156.438
22457.3,-9507.09,158.225
22461.5,-9508.89,160.004
22465.8,-9510.69,161.788
22470.1,-9512.49,163.599
22474.3,-9514.29,165.392
22478.5,-9516.09,167.183
22482.7,-9517.89,168.978
22487,-9519.69,170.807
22491.2,-9521.49,172.627
22495.4,-9523.29,174.456
22499.7,-9525.09,176.271
22503.9,-9526.89,178.083
22508.1,-9528.69,179.906
22512.4,-9530.49,181.729
22516.6,-9532.29,183.544
22520.8,-9534.09,185.343
22525.1,-9535.89,187.14
22529.3,-9537.69,188.937
22533.5,-9539.49,190.727
22537.7,-9541.29,192.517
22542,-9543.09,194.312
22546.2,-9544.89,196.098
22550.4,-9546.69,197.891
22554.6,-9548.49,199.676
22558.9,-9550.29,201.479
22563.1,-9552.09,203.273
22567.4,-9553.89,205.08
22571.6,-9555.69,206.887
22575.8,-9557.49,208.685
22580.1,-9559.29,210.48
22584.3,-9561.09,212.28
22588.5,-9562.89,214.076
22592.8,-9564.69,215.89
22597,-9566.49,217.702
22601.2,-9568.29,219.518
22605.4,-9570.08,221.362
22609.7,-9571.88,223.205
22613.9,-9573.68,225.043
22618.2,-9575.48,226.901
22622.4,-9577.28,228.734
22626.6,-9579.08,230.577
22630.8,-9580.88,232.411
22635.1,-9582.68,234.231
22639.3,-9584.48,236.057
22643.5,-9586.28,237.876
22647.8,-9588.08,239.695
22652,-9589.88,241.517
22656.2,-9591.68,243.336
22660.4,-9593.48,245.164
22664.7,-9595.28,246.979
22668.9,-9597.08,248.814
22673.2,-9598.88,250.628
22677.4,-9600.68,252.45
22681.6,-9602.48,254.261
22685.8,-9604.28,256.074
22690.1,-9606.08,257.883
22694.3,-9607.88,259.695
22698.5,-9609.68,261.504
22702.8,-9611.48,263.309
22707,-9613.28,265.121
22711.2,-9615.08,266.936
22715.4,-9616.88,268.755
22719.7,-9618.68,270.584
22723.9,-9620.48,272.406
22728.1,-9622.28,274.23
22732.4,-9624.08,276.07
22736.6,-9625.88,277.9
22740.8,-9627.68,279.713
22745.1,-9629.48,281.532
22749.3,-9631.28,283.353
22753.6,-9633.08,285.199
22757.8,-9634.88,287.02
22762.1,-9636.68,288.84
22766.3,-9638.48,290.671
22770.6,-9640.28,292.491
22774.8,-9642.08,294.303
22779,-9643.88,296.109
22783.3,-9645.68,297.923
22787.5,-9647.48,299.731
22791.7,-9649.28,301.536
22795.9,-9651.08,303.336
22800.2,-9652.88,305.13
22804.4,-9654.68,306.917
22808.6,-9656.48,308.707
22812.9,-9658.28,310.493
22817.1,-9660.08,312.284
22821.3,-9661.88,314.085
22825.6,-9663.67,315.88
22829.8,-9665.47,317.663
22834,-9667.27,319.441
22838.3,-9669.07,321.229
22842.5,-9670.87,323.02
22846.7,-9672.67,324.8
22851,-9674.47,326.582
22855.2,-9676.27,328.36
22859.4,-9678.07,330.158
22863.6,-9679.87,331.946
22867.9,-9681.67,333.741
22872.1,-9683.47,335.539
22876.5,-9685.27,337.422
22880.7,-9687.07,339.227
22885,-9688.87,341.036
22889.2,-9690.67,342.808
22893.4,-9692.47,344.581
22897.6,-9694.27,346.344
22901.9,-9696.07,348.104
22906.1,-9697.87,349.887
22910.3,-9699.67,351.666
22914.6,-9701.47,353.406
22918.8,-9703.27,355.097
22923,-9705.07,356.635
22927.3,-9706.87,357.727
22931.5,-9708.67,357.659
22935.7,-9710.47,356.52
22939.9,-9712.27,354.995
22944.2,-9714.07,353.345
22948.4,-9715.87,351.646
22952.6,-9717.67,349.911
22956.8,-9719.47,348.154
22961.1,-9721.27,346.374
22965.4,-9723.07,344.602
22969.7,-9724.87,342.804
22974,-9726.67,340.986
22978.4,-9728.47,339.151
22982.6,-9730.27,337.384
22992,-9732.07,333.497
22996.4,-9733.87,331.656
23000.6,-9735.67,329.905
23004.9,-9737.47,328.154
23009.1,-9739.27,326.404
23013.3,-9741.07,324.946
23017.6,-9742.87,323.485
23021.8,-9744.67,322.029
23026,-9746.47,320.52
23030.3,-9748.27,319.025
23034.5,-9750.07,317.522
23038.7,-9751.87,315.71
23043,-9753.67,313.907
23047.2,-9755.46,312.103
23051.4,-9757.26,310.304
23055.6,-9759.06,308.419
23059.9,-9760.86,306.536
23064.1,-9762.66,304.649
23068.4,-9764.46,302.748
23072.6,-9766.26,300.972
23076.9,-9768.06,299.208
23081.1,-9769.86,297.449
23085.3,-9771.66,295.725
23089.5,-9773.46,294.006
23093.8,-9775.26,292.289
23098,-9777.06,290.564
23102.2,-9778.86,288.751
23106.5,-9780.66,286.931
23110.7,-9782.46,285.114
23114.9,-9784.26,283.286
23119.1,-9786.06,281.46
23123.4,-9787.86,279.621
23127.6,-9789.66,277.777
23131.8,-9791.46,275.992
23136.1,-9793.26,274.21
23140.3,-9795.06,272.422
23144.5,-9796.86,270.641
23148.7,-9798.66,268.865
23153,-9800.46,267.091
23157.2,-9802.26,265.31
23161.4,-9804.06,263.506
23165.7,-9805.86,261.699
23169.9,-9807.66,259.876
23174.2,-9809.46,258.081
23178.4,-9811.26,256.279
23182.6,-9813.06,254.49
23186.9,-9814.86,252.697
23191.1,-9816.66,250.928
23195.3,-9818.46,249.157
23199.6,-9820.26,247.389
23203.8,-9822.06,245.623
23208,-9823.86,243.832
23212.2,-9825.66,242.038
23216.5,-9827.46,240.24
23220.7,-9829.26,238.435
23224.9,-9831.06,236.624
23229.2,-9832.86,234.804
23233.4,-9834.66,232.99
23238.4,-9836.46,230.88
23242.7,-9838.26,229.047
23246.9,-9840.06,227.246
23251.3,-9841.86,225.492
23255.5,-9843.66,223.817
23259.8,-9845.46,222.141
23264,-9847.25,220.466
23268.5,-9849.05,218.627
23272.7,-9850.85,216.907
23276.9,-9852.65,215.183
23281.2,-9854.45,213.394
23285.4,-9856.25,211.604
23289.6,-9858.05,209.812
23293.8,-9859.85,208.024
23298,-9861.65,206.221
23302.2,-9863.45,204.421
23306.5,-9865.25,202.617
23310.7,-9867.05,200.831
23314.9,-9868.85,199.045
23319.1,-9870.65,197.26
23323.3,-9872.45,195.473
23327.6,-9874.25,193.663
23331.8,-9876.05,191.87
23336,-9877.85,190.078
23340.3,-9879.65,188.281
23344.5,-9881.45,186.485
23348.7,-9883.25,184.689
23352.9,-9885.05,182.894
23357.1,-9886.85,181.084
23361.3,-9888.65,179.274
23365.6,-9890.45,177.464
23369.8,-9892.25,175.651
23374,-9894.05,173.826
23378.2,-9895.85,171.996
23382.4,-9897.65,170.17
23386.7,-9899.45,168.339
23390.9,-9901.25,166.511
23395.1,-9903.05,164.682
23399.3,-9904.85,162.878
23403.5,-9906.65,161.076
23407.8,-9908.45,159.273
23412,-9910.25,157.472
23416.2,-9912.05,155.681
23420.4,-9913.85,153.889
23424.6,-9915.65,152.1
23428.9,-9917.45,150.297
23433.1,-9919.25,148.5
23437.3,-9921.05,146.702
23441.5,-9922.85,144.908
23445.7,-9924.65,143.131
23450,-9926.45,141.349
23454.2,-9928.25,139.572
23458.4,-9930.05,137.792
23462.7,-9931.85,135.954
23466.9,-9933.65,134.139
23471.1,-9935.45,132.328
23475.3,-9937.25,130.507
23479.6,-9939.04,128.686
23483.8,-9940.84,126.867
23488,-9942.64,125.047
23492.2,-9944.44,123.206
23496.4,-9946.24,121.362
23500.7,-9948.04,119.524
23505.1,-9949.84,117.587
23509.3,-9951.64,115.744
23513.5,-9953.44,113.902
23517.8,-9955.24,112.061
23522,-9957.04,110.287
23526.2,-9958.84,108.513
23530.4,-9960.64,106.736
23534.6,-9962.44,104.923
23538.8,-9964.24,103.108
23543.1,-9966.04,101.295
23547.3,-9967.84,99.4808
23551.5,-9969.64,97.6734
23555.7,-9971.44,95.8628
23559.9,-9973.24,94.0521
23564.3,-9975.04,92.1479
23568.6,-9976.84,90.3221
23572.8,-9978.64,88.4972
23577,-9980.44,86.674
23581.2,-9982.24,84.9047
23585.5,-9984.04,83.1346
23589.7,-9985.84,81.3637
23593.9,-9987.64,79.5961
23598.1,-9989.44,77.7724
23602.3,-9991.24,75.948
23606.6,-9993.04,74.1244
23610.8,-9994.84,72.296
23615,-9996.64,70.466
23619.2,-9998.44,68.6353
23623.4,-10000.2,66.8054
23627.6,-10002,64.9811
23631.9,-10003.8,63.1484
23636.1,-10005.6,61.3259
23640.3,-10007.4,59.5125
23644.5,-10009.2,57.6984
23648.8,-10011,55.8852
23653,-10012.8,54.0738
23657.2,-10014.6,52.2667
23661.4,-10016.4,50.4597
23665.6,-10018.2,48.6563
23669.8,-10020,46.8387
23674.1,-10021.8,45.0205
23678.3,-10023.6,43.2041
23682.5,-10025.4,41.3914
23686.7,-10027.2,39.5894
23690.9,-10029,37.7909
23695.2,-10030.8,35.991
23699.4,-10032.6,34.2022
23703.6,-10034.4,32.4129
23707.8,-10036.2,30.6258
23712,-10038,28.841
23716.4,-10039.8,27.0048
23720.6,-10041.6,25.2389
23724.9,-10043.4,23.4764
23729.1,-10045.2,21.7118
23733.3,-10047,19.9535
23737.5,-10048.8,18.2054
23741.8,-10050.6,16.4637
23746,-10052.4,14.6766
23750.2,-10054.2,12.8945
23754.4,-10056,11.121
23758.6,-10057.8,9.36113
23762.8,-10059.6,7.59688
23767.1,-10061.4,5.8713
23771.3,-10063.2,4.23422
23775.5,-10065,2.84433
23779.7,-10066.8,2.21035
23783.9,-10068.6,2.88613
23788.1,-10070.4,4.29151
23792.3,-10072.2,5.92004
23796.6,-10074,7.63206
23800.8,-10075.8,9.37995
23805.1,-10077.6,11.1779
23809.3,-10079.4,12.9481
23813.8,-10081.2,14.8427
23818,-10083,16.6266
23825.1,-10084.8,19.5344
23829.4,-10086.6,21.3462
23833.7,-10088.4,23.1176
23839.2,-10090.2,25.2104
23843.9,-10092,26.9884
23848.2,-10093.8,28.6474
23852.7,-10095.6,30.2809
23856.9,-10097.4,31.84
23861.1,-10099.2,33.3936
23865.6,-10101,35.0277
23869.8,-10102.8,36.5673
23874.1,-10104.6,38.1101
23878.3,-10106.4,39.6487
23882.5,-10108.2,41.3553
23886.7,-10110,43.0621
23890.9,-10111.8,44.7659
23895.1,-10113.6,46.4698
23899.4,-10115.4,48.3493
23903.6,-10117.2,50.2289
23907.8,-10119,52.1078
23912,-10120.8,53.8983
23916.2,-10122.6,55.693
23920.5,-10124.4,57.4887
23924.8,-10126.2,59.3044
23929.1,-10128,61.0508
23933.3,-10129.8,62.7963
23937.5,-10131.6,64.5573
23942,-10133.4,66.4132
23946.3,-10135.2,68.1608
23950.5,-10137,69.9101
23954.7,-10138.8,71.6537
23958.9,-10140.6,73.4135
23963.1,-10142.4,75.17
23967.4,-10144.2,76.9306
23971.6,-10146,78.7112
23975.8,-10147.8,80.4918
23980,-10149.6,82.2725
23984.2,-10151.4,84.0539
23988.5,-10153.2,85.8694
23992.7,-10155,87.6833
23996.9,-10156.8,89.5038
24001.3,-10158.6,91.4048
24005.5,-10160.4,93.2209
24009.8,-10162.2,95.0362
24014,-10164,96.8474
24018.5,-10165.8,98.7244
24022.7,-10167.6,100.48
24027,-10169.4,102.247
24031.8,-10171.2,104.216
24036.2,-10173,106.047
24040.7,-10174.8,107.861
24045.1,-10176.6,109.627
24049.5,-10178.4,111.4
24053.9,-10180.2,113.169
24058.3,-10182,114.943
24062.7,-10183.8,116.656
24067.1,-10185.6,118.375
24071.5,-10187.4,120.099
24075.9,-10189.2,121.902
24080.4,-10191,123.738
24084.8,-10192.8,125.577
24089.2,-10194.6,127.387
24093.6,-10196.4,129.202
24097.8,-10198.2,130.963
24102,-10200,132.709
24106.4,-10201.8,134.469
24110.6,-10203.6,136.188
24114.8,-10205.4,137.9
24119,-10207.2,139.613
24123.3,-10209,141.462
24127.6,-10210.8,143.279
24131.8,-10212.6,145.089
24136,-10214.4,146.905
24140.3,-10216.2,148.741
24144.5,-10218,150.556
24148.7,-10219.8,152.371
24152.9,-10221.6,154.147
24157.1,-10223.4,155.926
24161.3,-10225.2,157.703
24165.6,-10227,159.508
24169.8,-10228.8,161.296
24174,-10230.6,163.086
24178.3,-10232.4,164.872
24182.5,-10234.2,166.68
24186.7,-10236,168.463
24191,-10237.8,170.246
24195.2,-10239.6,172.028
24199.4,-10241.4,173.807
24203.6,-10243.2,175.584
24207.8,-10245,177.361
24212,-10246.8,179.162
24216.3,-10248.6,180.963
24220.5,-10250.4,182.769
24224.8,-10252.2,184.658
24229.1,-10254,186.487
24233.3,-10255.8,188.315
24237.5,-10257.6,190.144
24241.7,-10259.4,191.947
24246,-10261.2,193.737
24250.2,-10263,195.528
24254.4,-10264.8,197.317
24258.6,-10266.6,199.117
24262.8,-10268.4,200.917
24267.1,-10270.2,202.719
24271.3,-10272,204.526
24275.8,-10273.8,206.463
24280,-10275.6,208.272
24284.2,-10277.4,210.084
24288.4,-10279.2,211.818
24292.7,-10281,213.551
24296.9,-10282.8,215.284
24301.1,-10284.6,217.08
24305.3,-10286.4,218.877
24309.5,-10288.2,220.675
24313.8,-10290,222.471
24318,-10291.8,224.291
24322.2,-10293.6,226.11
24326.4,-10295.4,227.931
24330.8,-10297.2,229.826
24335.1,-10299,231.633
24339.3,-10300.8,233.44
24343.5,-10302.6,235.257
24347.7,-10304.4,237.042
24352,-10306.2,238.823
24356.2,-10308,240.604
24360.4,-10309.8,242.438
24364.6,-10311.6,244.268
24368.8,-10313.4,246.101
24373.1,-10315.2,247.931
24377.3,-10317,249.765
24381.5,-10318.8,251.596
24385.7,-10320.6,253.428
24390.1,-10322.4,255.3
24394.3,-10324.2,257.102
24398.5,-10326,258.906
24402.7,-10327.8,260.706
24407,-10329.6,262.481
24411.2,-10331.4,264.253
24415.4,-10333.2,266.025
24419.6,-10335,267.797
24423.8,-10336.8,269.614
24428.1,-10338.6,271.435
24432.3,-10340.4,273.252
24436.5,-10342.2,275.072
24440.7,-10344,276.89
24444.9,-10345.8,278.717
24449.2,-10347.6,280.536
24453.4,-10349.4,282.35
24457.6,-10351.2,284.169
24461.8,-10353,285.982
24466,-10354.8,287.802
24470.3,-10356.6,289.625
24474.5,-10358.4,291.448
24478.7,-10360.2,293.27
24482.9,-10362,295.088
24487.1,-10363.8,296.908
24491.4,-10365.6,298.726
24495.6,-10367.4,300.56
24499.8,-10369.2,302.395
24504,-10371,304.228
24508.2,-10372.8,306.062
24512.5,-10374.6,307.887
24516.7,-10376.4,309.711
24520.9,-10378.2,311.532
24525.1,-10380,313.355
24529.3,-10381.8,315.168
24533.5,-10383.6,316.979
24537.8,-10385.4,318.79
24542.2,-10387.2,320.665
24546.4,-10389,322.47
24550.6,-10390.8,324.259
24554.8,-10392.6,326.051
24559.1,-10394.4,327.803
24563.3,-10396.2,329.552
24567.5,-10398,331.298
24571.7,-10399.8,333.075
24575.9,-10401.6,334.854
24580.2,-10403.4,336.632
24584.4,-10405.2,338.405
24588.6,-10407,340.191
24592.8,-10408.8,341.983
24597.1,-10410.6,343.761
24601.3,-10412.4,345.525
24605.5,-10414.2,347.282
24609.7,-10416,349.03
24613.9,-10417.8,350.759
24618.2,-10419.6,352.489
24622.4,-10421.4,354.166
24626.6,-10423.2,355.725
24630.8,-10425,356.994
24635.1,-10426.8,357.426
24639.3,-10428.6,356.692
24643.5,-10430.4,355.312
24648,-10432.2,353.602
24652.3,-10434,351.919
24656.5,-10435.8,350.19
24660.7,-10437.6,348.501
24664.9,-10439.4,346.798
24669.4,-10441.2,344.962
24673.7,-10443,343.238
24680.3,-10444.8,340.508
24684.6,-10446.6,338.69
24688.9,-10448.4,336.934
24693.1,-10450.2,335.332
24697.6,-10452,333.619
24702,-10453.8,331.965
24706.2,-10455.6,330.387
24710.5,-10457.4,328.806
24714.7,-10459.2,327.232
24718.9,-10461,325.655
24723.1,-10462.8,323.9
24727.3,-10464.6,322.139
24731.6,-10466.4,320.382
24735.8,-10468.2,318.481
24740.1,-10470,316.527
24744.4,-10471.8,314.627
24748.6,-10473.6,312.707
24752.8,-10475.4,310.951
24757.1,-10477.2,309.19
24761.3,-10479,307.432
24765.7,-10480.8,305.595
24769.9,-10482.6,303.852
24774.2,-10484.4,302.108
24778.4,-10486.2,300.362
24782.6,-10488,298.601
24786.8,-10489.8,296.84
24791,-10491.6,295.082
24795.2,-10493.4,293.324
24799.5,-10495.2,291.532
24803.7,-10497,289.742
24807.9,-10498.8,287.952
24812.2,-10500.6,286.157
24816.4,-10502.4,284.374
24820.6,-10504.2,282.593
24824.8,-10506,280.811
24829,-10507.8,279.04
24833.3,-10509.6,277.271
24837.5,-10511.4,275.498
24841.7,-10513.2,273.704
24845.9,-10515,271.907
24850.2,-10516.8,270.099
24854.4,-10518.6,268.303
24858.6,-10520.4,266.487
24862.8,-10522.2,264.673
24867,-10524,262.858
24871.3,-10525.8,261.045
24875.8,-10527.6,259.117
24880,-10529.4,257.309
24884.2,-10531.2,255.505
24888.4,-10533,253.749
24892.6,-10534.8,251.996
24896.9,-10536.6,250.24
24901.1,-10538.4,248.444
24905.4,-10540.2,246.671
24909.6,-10542,244.899
24913.8,-10543.8,243.129
24918,-10545.6,241.331
24922.2,-10547.4,239.531
24926.5,-10549.2,237.732
24930.8,-10551,235.877
24935.1,-10552.8,234.091
24939.3,-10554.6,232.301
24943.5,-10556.4,230.517
24947.7,-10558.2,228.772
24952,-10560,227.021
24956.2,-10561.8,225.278
24960.4,-10563.6,223.537
24964.6,-10565.4,221.764
24968.8,-10567.2,219.986
24973.1,-10569,218.213
24977.3,-10570.8,216.394
24981.5,-10572.6,214.577
24985.7,-10574.4,212.762
24990.1,-10576.2,210.874
24994.3,-10578,209.057
24998.5,-10579.8,207.238
25002.7,-10581.6,205.423
25007,-10583.4,203.644
25011.2,-10585.2,201.867
25015.4,-10587,200.093
25019.6,-10588.8,198.317
25023.8,-10590.6,196.511
25028.1,-10592.4,194.703
25032.3,-10594.2,192.896
25036.5,-10596,191.079
25040.7,-10597.8,189.264
25044.9,-10599.6,187.45
25049.1,-10601.4,185.634
25053.4,-10603.2,183.835
25057.6,-10605,182.03
25061.8,-10606.8,180.231
25066,-10608.6,178.444
25070.2,-10610.4,176.654
25074.4,-10612.2,174.865
25078.7,-10614,173.077
25082.9,-10615.8,171.269
25087.1,-10617.6,169.474
25091.4,-10619.4,167.68
25095.6,-10621.2,165.889
25099.8,-10623,164.1
25104,-10624.8,162.313
25108.2,-10626.6,160.524
25112.4,-10628.4,158.709
25116.7,-10630.2,156.893
25120.9,-10632,155.08
25125.1,-10633.8,153.268
25129.3,-10635.6,151.436
25133.5,-10637.4,149.604
25137.8,-10639.2,147.772
25142,-10641,145.957
25146.2,-10642.8,144.141
25150.4,-10644.6,142.313
25154.7,-10646.4,140.5
25158.9,-10648.2,138.683
25163.1,-10650,136.865
25167.3,-10651.8,135.048
25171.6,-10653.6,133.219
25175.8,-10655.4,131.417
25180,-10657.2,129.614
25184.2,-10659,127.816
25188.5,-10660.8,126.034
25192.7,-10662.6,124.256
25196.9,-10664.4,122.475
25201.1,-10666.2,120.68
25205.3,-10668,118.883
25209.6,-10669.8,117.084
25213.8,-10671.6,115.289
25218,-10673.4,113.484
25222.2,-10675.2,111.676
25226.4,-10677,109.871
25230.8,-10678.8,107.965
25235.1,-10680.6,106.141
25239.3,-10682.4,104.315
25243.5,-10684.2,102.493
25247.7,-10686,100.69
25252,-10687.8,98.877
25256.2,-10689.6,97.0727
25260.4,-10691.4,95.2702
25264.6,-10693.2,93.4126
25268.8,-10695,91.5525
25273,-10696.8,89.6959
25277.3,-10698.6,87.8389
25281.5,-10700.4,85.9869
25285.7,-10702.2,84.1359
25289.9,-10704,82.2806
25294.1,-10705.8,80.4624
25298.4,-10707.6,78.6417
25302.6,-10709.4,76.8227
25306.8,-10711.2,75.0246
25311,-10713,73.229
25315.2,-10714.8,71.4334
25319.5,-10716.6,69.6355
25323.7,-10718.4,67.8487
25327.9,-10720.2,66.0596
25332.1,-10722,64.2722
25336.4,-10723.8,62.4698
25340.6,-10725.6,60.684
25344.8,-10727.4,58.9016
25349,-10729.2,57.1169
25353.3,-10731,55.3377
25357.5,-10732.8,53.5634
25361.7,-10734.6,51.7942
25365.9,-10736.4,49.9976
25370.1,-10738.2,48.1995
25374.4,-10740,46.4024
25378.6,-10741.8,44.6048
25382.8,-10743.6,42.7949
25387,-10745.4,40.9819
25391.2,-10747.2,39.1718
25395.5,-10749,37.362
25399.7,-10750.8,35.5376
25403.9,-10752.6,33.7146
25408.1,-10754.4,31.8897
25412.3,-10756.2,30.0763
25416.5,-10758,28.2603
25420.8,-10759.8,26.4511
25425,-10761.6,24.6398
25429.2,-10763.4,22.8423
25433.4,-10765.2,21.0474
25437.6,-10767,19.2548
25441.9,-10768.8,17.4827
25446.1,-10770.6,15.7147
25450.3,-10772.4,13.9496
25454.5,-10774.2,12.1859
25458.8,-10776,10.446
25463,-10777.8,8.7234
25467.2,-10779.6,7.03639
25471.6,-10781.4,5.35694
25475.8,-10783.2,3.89324
25480,-10785,2.81417
25484.2,-10786.8,2.64498
25488.5,-10788.6,3.49283
25492.7,-10790.4,4.84635
25496.9,-10792.2,6.39
25501.1,-10794,8.0716
25505.3,-10795.8,9.79426
25509.5,-10797.6,11.5409
25513.8,-10799.4,13.2999
25518.3,-10801.2,15.2029
25522.5,-10803,16.9912
25529.1,-10804.8,19.7982
25533.5,-10806.6,21.6043
25537.7,-10808.4,23.354
25542,-10810.2,25.1069
25546.6,-10812,26.844
25550.9,-10813.8,28.5014
25555.2,-10815.5,30.1226
25559.4,-10817.3,31.7304
25563.6,-10819.1,33.2736
25567.9,-10820.9,34.8203
25572.1,-10822.7,36.3652
25576.4,-10824.5,38.198
25580.6,-10826.3,40.007
25584.8,-10828.1,41.8138
25589,-10829.9,43.6226
25593.4,-10831.7,45.5416
25597.6,-10833.5,47.3817
25601.9,-10835.3,49.2178
25606.1,-10837.1,51.055
25610.3,-10838.9,52.788
25614.5,-10840.7,54.5187
25618.8,-10842.5,56.2744
25623,-10844.3,58.0148
25627.2,-10846.1,59.7562
25631.4,-10847.9,61.4944
25635.7,-10849.7,63.2335
25639.9,-10851.5,65.0582
25644.1,-10853.3,66.8829
25648.3,-10855.1,68.7086
25652.5,-10856.9,70.5417
25656.8,-10858.7,72.3901
25661,-10860.5,74.2233
25665.2,-10862.3,76.0549
25669.4,-10864.1,77.8488
25673.7,-10865.9,79.6411
25677.9,-10867.7,81.4342
25682.1,-10869.5,83.2085
25686.4,-10871.3,85.0018
25690.6,-10873.1,86.7746
25694.8,-10874.9,88.5465
25699.3,-10876.7,90.4599
25703.5,-10878.5,92.2544
25707.7,-10880.3,94.0522
25711.9,-10882.1,95.8264
25716.2,-10883.9,97.6023
25720.4,-10885.7,99.3773
25724.6,-10887.5,101.152
25728.8,-10889.3,102.914
25733,-10891.1,104.675
25737.3,-10892.9,106.436
25741.5,-10894.7,108.249
25745.7,-10896.5,110.061
25749.9,-10898.3,111.875
25754.1,-10900.1,113.686
25758.6,-10901.9,115.593
25762.8,-10903.7,117.416
25767,-10905.5,119.23
25771.2,-10907.3,121.043
25775.5,-10909.1,122.835
25779.7,-10910.9,124.62
25784,-10912.7,126.397
25788.2,-10914.5,128.186
25792.4,-10916.3,129.971
25796.7,-10918.1,131.758
25800.9,-10919.9,133.557
25805.1,-10921.7,135.364
25809.4,-10923.5,137.178
25813.6,-10925.3,138.979
25817.8,-10927.1,140.793
25822,-10928.9,142.603
25826.2,-10930.7,144.418
25830.5,-10932.5,146.239
25834.7,-10934.3,148.041
25838.9,-10936.1,149.839
25843.2,-10937.9,151.641
25847.4,-10939.7,153.414
25851.6,-10941.5,155.186
25855.8,-10943.3,156.959
25860.1,-10945.1,158.752
25864.4,-10946.9,160.546
25868.6,-10948.7,162.334
25872.9,-10950.5,164.137
25877.1,-10952.3,165.928
25881.3,-10954.1,167.719
25885.5,-10955.9,169.504
25889.8,-10957.7,171.287
25894,-10959.5,173.091
25898.2,-10961.3,174.902
25902.5,-10963.1,176.707
25906.7,-10964.9,178.54
25910.9,-10966.7,180.365
25915.2,-10968.5,182.195
25919.4,-10970.3,184.02
25923.6,-10972.1,185.833
25927.8,-10973.9,187.641
25932.1,-10975.7,189.445
25936.3,-10977.5,191.254
25940.5,-10979.3,193.063
25944.7,-10981.1,194.875
25948.9,-10982.9,196.685
25953.2,-10984.7,198.484
25957.4,-10986.5,200.282
25961.7,-10988.3,202.091
25965.9,-10990.1,203.881
25970.1,-10991.9,205.675
25974.4,-10993.7,207.471
25978.6,-10995.5,209.277
25982.9,-10997.3,211.063
25987.1,-10999.1,212.846
25991.3,-11000.9,214.628
25995.5,-11002.7,216.411
25999.8,-11004.5,218.205
26004,-11006.3,219.999
26008.2,-11008.1,221.797
26012.5,-11009.9,223.636
26016.7,-11011.7,225.461
26020.9,-11013.5,227.285
26025.2,-11015.3,229.111
26029.4,-11017.1,230.933
26033.6,-11018.9,232.755
26037.8,-11020.7,234.581
26042.1,-11022.5,236.404
26046.3,-11024.3,238.248
26050.6,-11026.1,240.074
26054.8,-11027.9,241.901
26059,-11029.7,243.708
26063.3,-11031.5,245.534
26067.5,-11033.3,247.346
26071.7,-11035.1,249.163
26076,-11036.9,250.992
26080.2,-11038.7,252.809
26084.5,-11040.5,254.629
26088.7,-11042.3,256.416
26092.9,-11044.1,258.208
26097.2,-11045.9,259.999
26101.4,-11047.7,261.784
26105.6,-11049.5,263.587
26109.8,-11051.3,265.388
26114.1,-11053.1,267.186
26118.3,-11054.9,268.993
26122.5,-11056.7,270.792
26126.7,-11058.5,272.597
26131,-11060.3,274.42
26135.2,-11062.1,276.239
26139.4,-11063.9,278.062
26143.6,-11065.7,279.879
26147.9,-11067.5,281.723
26152.1,-11069.3,283.56
26156.5,-11071.1,285.491
26160.7,-11072.9,287.333
26165,-11074.7,289.19
26169.2,-11076.5,291.033
26173.4,-11078.3,292.879
26177.7,-11080.1,294.704
26181.9,-11081.9,296.51
26186.2,-11083.7,298.324
26190.4,-11085.5,300.13
26194.6,-11087.3,301.942
26198.8,-11089.1,303.75
26203.1,-11090.9,305.555
26207.3,-11092.7,307.343
26211.5,-11094.5,309.122
26215.7,-11096.3,310.909
26220,-11098.1,312.691
26224.2,-11099.9,314.47
26228.4,-11101.7,316.253
26232.7,-11103.5,318.031
26236.9,-11105.3,319.809
26241.3,-11107.1,321.628
26245.5,-11108.9,323.4
26249.7,-11110.7,325.17
26253.9,-11112.5,326.917
26258.2,-11114.3,328.67
26262.4,-11116.1,330.415
26266.7,-11117.9,332.185
26270.9,-11119.7,333.972
26275.1,-11121.5,335.763
26279.4,-11123.3,337.57
26283.6,-11125.1,339.374
26287.9,-11126.9,341.18
26292.1,-11128.7,342.975
26296.4,-11130.5,344.796
26300.6,-11132.3,346.599
26304.8,-11134.1,348.391
26309,-11135.9,350.174
26313.3,-11137.7,351.935
26317.6,-11139.5,353.711
26321.8,-11141.3,355.4
26326,-11143.1,356.959
26330.3,-11144.9,358.046
26334.5,-11146.7,357.794
26338.7,-11148.5,356.49
26342.9,-11150.3,354.893
26347.2,-11152.1,353.203
26351.4,-11153.9,351.48
26355.6,-11155.7,349.734
26359.8,-11157.5,347.981
26364.1,-11159.3,346.22
26368.4,-11161.1,344.417
26372.6,-11162.9,342.647
26376.9,-11164.7,340.846
26381.3,-11166.5,339.017
26385.6,-11168.3,337.192
26389.8,-11170.1,335.435
26399.4,-11171.9,331.451
26403.8,-11173.7,329.611
26408.1,-11175.5,327.841
26412.3,-11177.3,326.072
26416.5,-11179.1,324.309
26420.7,-11180.9,322.926
26425,-11182.7,321.546
26429.2,-11184.5,320.164
26433.4,-11186.3,318.727
26437.6,-11188.1,317.288
26441.8,-11189.9,315.85
26446.1,-11191.7,314.408
26450.3,-11193.5,312.452
26454.5,-11195.3,310.496
26458.8,-11197.1,308.545
26463,-11198.9,306.672
26467.3,-11200.7,304.787
26471.5,-11202.5,302.932
26475.7,-11204.3,301.077
26480,-11206.1,299.362
26484.2,-11207.9,297.659
26488.5,-11209.7,295.956
26492.7,-11211.5,294.219
26496.9,-11213.3,292.489
26501.2,-11215.1,290.753
26505.4,-11216.9,289.024
26509.6,-11218.7,287.145
26513.9,-11220.5,285.285
26518.1,-11222.3,283.414
26522.3,-11224.1,281.548
26526.6,-11225.9,279.718
26530.8,-11227.7,277.895
26535,-11229.5,276.074
26539.2,-11231.3,274.309
26543.5,-11233.1,272.541
26547.7,-11234.9,270.783
26551.9,-11236.7,268.981
26556.2,-11238.5,267.177
26560.4,-11240.3,265.373
26564.6,-11242.1,263.576
26568.9,-11243.9,261.768
26573.1,-11245.7,259.964
26577.4,-11247.5,258.131
26581.6,-11249.3,256.329
26585.8,-11251.1,254.544
26590,-11252.9,252.76
26594.3,-11254.7,250.977
26598.5,-11256.5,249.194
26602.7,-11258.3,247.417
26606.9,-11260.1,245.639
26611.2,-11261.9,243.859
26615.4,-11263.7,242.062
26619.6,-11265.5,240.262
26623.8,-11267.3,238.458
26628,-11269.1,236.658
26632.3,-11270.9,234.861
26636.5,-11272.7,233.052
26640.7,-11274.5,231.251
26644.9,-11276.3,229.441
26649.2,-11278.1,227.621
26653.4,-11279.9,225.805
26657.7,-11281.7,223.993
26661.9,-11283.5,222.174
26666.1,-11285.3,220.359
26670.4,-11287.1,218.517
26674.6,-11288.9,216.703
26678.8,-11290.7,214.879
26683.1,-11292.5,213.062
26687.3,-11294.3,211.268
26691.5,-11296.1,209.476
26695.8,-11297.9,207.69
26700,-11299.7,205.895
26704.2,-11301.5,204.091
26708.5,-11303.3,202.284
26712.7,-11305.1,200.486
26716.9,-11306.9,198.681
26721.2,-11308.7,196.884
26725.4,-11310.5,195.091
26729.6,-11312.3,193.291
26733.8,-11314.1,191.523
26738,-11315.9,189.753
26742.3,-11317.7,187.979
26746.5,-11319.5,186.209
26750.7,-11321.3,184.43
26754.9,-11323.1,182.648
26759.2,-11324.9,180.866
26763.4,-11326.7,179.053
26767.6,-11328.5,177.243
26771.9,-11330.3,175.42
26776.1,-11332.1,173.612
26780.4,-11333.9,171.767
26784.6,-11335.7,169.946
26788.8,-11337.5,168.122
26793,-11339.3,166.324
26797.3,-11341.1,164.521
26801.5,-11342.9,162.725
26805.7,-11344.7,160.922
26810,-11346.5,159.103
26814.2,-11348.3,157.281
26818.4,-11350.1,155.457
26822.7,-11351.9,153.65
26826.9,-11353.7,151.848
26831.1,-11355.5,150.041
26835.4,-11357.3,148.232
26839.6,-11359.1,146.444
26843.8,-11360.9,144.663
26848,-11362.7,142.877
26852.3,-11364.5,141.089
26856.5,-11366.3,139.305
26860.7,-11368.1,137.52
26864.9,-11369.9,135.74
26869.2,-11371.7,133.943
26873.4,-11373.5,132.146
26877.7,-11375.3,130.342
26881.9,-11377.1,128.554
26886.1,-11378.9,126.726
26890.4,-11380.7,124.903
26894.6,-11382.5,123.085
26898.8,-11384.3,121.269
26903.1,-11386.1,119.459
26907.3,-11387.9,117.642
26911.5,-11389.7,115.833
26915.7,-11391.5,113.994
26920,-11393.3,112.149
26924.2,-11395.1,110.31
26928.4,-11396.9,108.48
26932.6,-11398.7,106.654
26936.9,-11400.5,104.82
26941.1,-11402.3,102.996
26945.3,-11404.1,101.169
26949.5,-11405.9,99.3502
26953.8,-11407.7,97.5323
26958,-11409.5,95.7189
26962.2,-11411.3,93.9037
26966.5,-11413.1,92.0886
26970.7,-11414.9,90.2828
26974.9,-11416.7,88.479
26979.2,-11418.5,86.6553
26983.4,-11420.3,84.8499
26987.6,-11422.1,83.0422
26991.8,-11423.9,81.233
26996.1,-11425.7,79.4289
27000.3,-11427.5,77.6166
27004.5,-11429.3,75.8077
27008.7,-11431.1,73.9947
27013,-11432.9,72.1858
27017.2,-11434.7,70.3678
27021.4,-11436.5,68.5521
27025.7,-11438.3,66.718
27029.9,-11440.1,64.9084
27034.2,-11441.9,63.0875
27038.4,-11443.7,61.2676
27042.6,-11445.5,59.447
27046.8,-11447.3,57.629
27051.1,-11449.1,55.7967
27055.3,-11450.9,53.9645
27059.5,-11452.7,52.1359
27063.7,-11454.5,50.2968
27068,-11456.3,48.4562
27072.2,-11458.1,46.6236
27076.4,-11459.9,44.7793
27080.7,-11461.7,42.948
27084.9,-11463.5,41.1238
27089.2,-11465.3,39.2982
27093.4,-11467.1,37.509
27097.6,-11468.9,35.7137
27101.8,-11470.7,33.923
27106.1,-11472.5,32.1353
27110.3,-11474.3,30.3399
27114.5,-11476.1,28.5541
27118.7,-11477.9,26.7692
27123,-11479.7,24.9851
27127.2,-11481.5,23.2055
27131.4,-11483.3,21.4232
27135.6,-11485.1,19.6503
27139.9,-11486.9,17.8754
27144.1,-11488.7,16.1087
27148.4,-11490.5,14.3294
27152.6,-11492.3,12.5742
27156.8,-11494.1,10.8126
27161,-11495.9,9.07088
27165.2,-11497.7,7.35156
27169.5,-11499.5,5.67532
27173.7,-11501.3,4.11381
27177.9,-11503.1,2.83606
27182.2,-11504.9,2.38871
27186.4,-11506.7,3.15884
27190.6,-11508.5,4.57306
27194.8,-11510.3,6.21531
27199,-11512.1,7.91886
27203.3,-11513.9,9.6637
27207.5,-11515.7,11.4251
27211.7,-11517.5,13.2034
27215.9,-11519.3,14.991
27220.2,-11521.1,16.8133
27224.5,-11522.9,18.6147
27228.7,-11524.7,20.4266
27233.2,-11526.5,22.2959
27237.5,-11528.3,24.1171
27241.8,-11530.1,25.8865
27251.3,-11531.9,29.8268
27255.7,-11533.7,31.6442
27260.1,-11535.5,33.3658
27264.3,-11537.3,35.0432
27268.6,-11539.1,36.7094
27272.8,-11540.9,38.3952
27277.1,-11542.7,39.7412
27281.4,-11544.5,41.0998
27285.6,-11546.3,42.4412
27289.8,-11548.1,44.0944
27294.1,-11549.9,45.7462
27298.3,-11551.7,47.4028
27302.5,-11553.5,49.3588
27306.7,-11555.3,51.3177
27311,-11557.1,53.2804
27315.2,-11558.9,55.2369
27319.4,-11560.7,57.018
27323.7,-11562.5,58.7935
27327.9,-11564.3,60.5699
27332.4,-11566.1,62.4138
27336.7,-11567.9,64.1265
27340.9,-11569.7,65.836
27345.1,-11571.5,67.5527
27349.6,-11573.3,69.395
27353.8,-11575.1,71.1477
27358,-11576.9,72.8948
27362.2,-11578.7,74.6403
27366.8,-11580.5,76.5462
27371,-11582.3,78.3124
27375.3,-11584.1,80.0991
27379.8,-11585.9,81.9381
27384,-11587.7,83.6592
27388.3,-11589.5,85.3796
27392.5,-11591.3,87.1056
27397.1,-11593.1,88.9983
27401.3,-11594.9,90.7542
27405.5,-11596.7,92.5029
27410.1,-11598.5,94.3976
27414.3,-11600.3,96.1621
27418.5,-11602.1,97.9217
27422.7,-11603.9,99.6814
27427.3,-11605.7,101.582
27431.5,-11607.5,103.34
27435.8,-11609.3,105.092
27440.3,-11611.1,106.941
27444.5,-11612.9,108.65
27448.8,-11614.7,110.362
27453,-11616.5,112.073
27457.6,-11618.3,113.975
27461.8,-11620.1,115.725
27466,-11621.9,117.47
27470.6,-11623.7,119.314
27474.8,-11625.5,121.026
27479.1,-11627.3,122.762
27483.3,-11629.1,124.524
27487.5,-11630.9,126.278
27491.8,-11632.7,128.03
27496,-11634.5,129.784
27500.2,-11636.3,131.577
27504.4,-11638.1,133.375
27508.7,-11639.9,135.169
27512.9,-11641.7,137.002
27517.1,-11643.5,138.839
27521.4,-11645.3,140.685
27525.6,-11647.1,142.519
27529.8,-11648.9,144.329
27534,-11650.7,146.136
27538.3,-11652.5,147.942
27542.5,-11654.3,149.756
27547.1,-11656.1,151.711
27551.3,-11657.9,153.524
27555.5,-11659.7,155.329
27560.1,-11661.5,157.209
27564.3,-11663.3,158.96
27568.5,-11665.1,160.701
27573.1,-11666.9,162.439
27577.4,-11668.7,164.338
27581.6,-11670.5,166.089
27585.8,-11672.3,167.837
27590.3,-11674.1,169.635
27594.6,-11675.9,171.337
27598.8,-11677.7,173.033
27603,-11679.5,174.727
27607.6,-11681.3,176.66
27611.8,-11683.1,178.443
27616,-11684.9,180.225
27620.2,-11686.7,181.984
27624.5,-11688.5,183.746
27628.7,-11690.3,185.511
27632.9,-11692.1,187.334
27637.2,-11693.9,189.165
27641.4,-11695.7,190.987
27645.6,-11697.5,192.808
27649.9,-11699.3,194.643
27654.1,-11701.1,196.473
27658.3,-11702.9,198.308
27662.6,-11704.7,200.138
27666.8,-11706.5,201.944
27671.1,-11708.3,203.741
27675.3,-11710.1,205.545
27679.8,-11711.9,207.449
27684.1,-11713.7,209.23
27688.3,-11715.5,211.011
27692.9,-11717.3,212.875
27697.1,-11719.1,214.612
27701.3,-11720.9,216.348
27705.5,-11722.7,218.081
27709.8,-11724.5,219.781
27714,-11726.3,221.481
27718.2,-11728.1,223.194
27722.5,-11729.9,224.907
27726.7,-11731.7,226.752
27730.9,-11733.5,228.591
27735.2,-11735.2,230.445
27739.7,-11737,232.354
27744,-11738.8,234.203
27748.2,-11740.6,236.019
27752.4,-11742.4,237.83
27756.7,-11744.2,239.586
27760.9,-11746,241.339
27765.1,-11747.8,243.094
27769.4,-11749.6,244.944
27773.6,-11751.4,246.787
27777.9,-11753.2,248.651
27782.2,-11755,250.543
27786.5,-11756.8,252.36
27790.7,-11758.6,254.164
27794.9,-11760.4,255.968
27799.1,-11762.2,257.724
27803.4,-11764,259.48
27807.6,-11765.8,261.24
27811.8,-11767.6,262.996
27816,-11769.4,264.809
27820.2,-11771.2,266.625
27824.5,-11773,268.439
27828.7,-11774.8,270.24
27832.9,-11776.6,272.04
27837.1,-11778.4,273.841
27841.3,-11780.2,275.64
27845.5,-11782,277.448
27849.8,-11783.8,279.259
27854,-11785.6,281.067
27858.2,-11787.4,282.9
27862.4,-11789.2,284.728
27866.6,-11791,286.559
27870.9,-11792.8,288.386
27875.1,-11794.6,290.21
27879.3,-11796.4,292.049
27883.5,-11798.2,293.873
27887.8,-11800,295.698
27892,-11801.8,297.527
27896.2,-11803.6,299.359
27900.4,-11805.4,301.191
27904.6,-11807.2,303.005
27908.9,-11809,304.823
27913.1,-11810.8,306.637
27917.3,-11812.6,308.454
27921.5,-11814.4,310.268
27925.7,-11816.2,312.082
27929.9,-11818,313.898
27934.2,-11819.8,315.682
27938.4,-11821.6,317.469
27942.6,-11823.4,319.256
27946.8,-11825.2,321.043
27951,-11827,322.825
27955.3,-11828.8,324.607
27959.5,-11830.6,326.393
27963.7,-11832.4,328.181
27967.9,-11834.2,329.97
27972.2,-11836,331.755
27976.4,-11837.8,333.555
27980.6,-11839.6,335.344
27984.8,-11841.4,337.119
27989.1,-11843.2,338.893
27993.3,-11845,340.667
27997.5,-11846.8,342.439
28001.7,-11848.6,344.206
28005.9,-11850.4,345.968
28010.2,-11852.2,347.75
28014.4,-11854,349.52
28018.6,-11855.8,351.278
28022.8,-11857.6,353.006
28027,-11859.4,354.699
28031.3,-11861.2,356.261
28035.5,-11863,357.455
28039.7,-11864.8,357.633
28043.9,-11866.6,356.642
28048.1,-11868.4,355.151
28052.3,-11870.2,353.497
28056.6,-11872,351.784
28060.8,-11873.8,350.043
28065,-11875.6,348.283
28069.2,-11877.4,346.51
28073.4,-11879.2,344.746
28077.7,-11881,342.96
28081.9,-11882.8,341.176
28088.7,-11884.6,338.362
28093.1,-11886.4,336.529
28097.3,-11888.2,334.762
28101.6,-11890,333.092
28106.1,-11891.8,331.319
28110.4,-11893.6,329.593
28114.7,-11895.4,328.13
28118.9,-11897.2,326.668
28123.1,-11899,325.208
28127.3,-11900.8,323.746
28131.5,-11902.6,321.952
28135.8,-11904.4,320.157
28140,-11906.2,318.363
28144.2,-11908,316.42
28148.4,-11909.8,314.479
28152.7,-11911.6,312.54
28156.9,-11913.4,310.598
28161.1,-11915.2,308.832
28165.3,-11917,307.067
28169.5,-11918.8,305.3
28173.8,-11920.6,303.574
28178,-11922.4,301.844
28182.2,-11924.2,300.1
28186.5,-11926,298.369
28190.7,-11927.8,296.553
28194.9,-11929.6,294.739
28199.1,-11931.4,292.924
28203.3,-11933.2,291.11
28207.6,-11935,289.296
28211.8,-11936.8,287.483
28216,-11938.6,285.672
28220.2,-11940.4,283.916
28224.4,-11942.2,282.163
28228.6,-11944,280.41
28232.9,-11945.8,278.658
28237.1,-11947.6,276.867
28241.3,-11949.4,275.076
28245.5,-11951.2,273.287
28249.7,-11953,271.446
28254,-11954.8,269.603
28258.2,-11956.6,267.759
28262.4,-11958.4,265.918
28266.6,-11960.2,264.119
28270.8,-11962,262.322
28275,-11963.8,260.525
28279.3,-11965.6,258.733
28283.5,-11967.4,256.93
28287.7,-11969.2,255.137
28292,-11971,253.346
28296.2,-11972.8,251.529
28300.4,-11974.6,249.714
28304.6,-11976.4,247.9
28308.8,-11978.2,246.084
28313,-11980,244.296
28317.3,-11981.8,242.505
28321.5,-11983.6,240.719
28325.7,-11985.4,238.934
28329.9,-11987.2,237.148
28334.1,-11989,235.364
28338.4,-11990.8,233.581
28342.6,-11992.6,231.796
28346.8,-11994.4,230.01
28351,-11996.2,228.229
28355.2,-11998,226.448
28359.4,-11999.8,224.665
28363.7,-12001.6,222.884
28367.9,-12003.4,221.101
28372.1,-12005.2,219.31
28376.4,-12007,217.481
28380.6,-12008.8,215.689
28384.9,-12010.6,213.869
28389.1,-12012.4,212.06
28393.3,-12014.2,210.252
28397.5,-12016,208.445
28401.7,-12017.8,206.643
28405.9,-12019.6,204.841
28410.2,-12021.4,203.037
28414.4,-12023.2,201.214
28418.6,-12025,199.388
28422.8,-12026.8,197.564
28427,-12028.6,195.737
28431.3,-12030.4,193.927
28435.5,-12032.2,192.114
28439.7,-12034,190.3
28443.9,-12035.8,188.489
28448.1,-12037.6,186.682
28452.3,-12039.4,184.877
28456.6,-12041.2,183.045
28460.8,-12043,181.252
28465,-12044.8,179.458
28469.3,-12046.6,177.662
28473.5,-12048.4,175.889
28477.7,-12050.2,174.114
28481.9,-12052,172.34
28486.2,-12053.8,170.558
28490.4,-12055.6,168.76
28494.6,-12057.4,166.962
28498.8,-12059.2,165.165
28503,-12061,163.368
28507.3,-12062.8,161.578
28511.5,-12064.6,159.787
28515.7,-12066.4,157.999
28519.9,-12068.2,156.175
28524.1,-12070,154.352
28528.3,-12071.8,152.528
28532.6,-12073.6,150.706
28536.8,-12075.4,148.877
28541,-12077.2,147.05
28545.2,-12079,145.223
28549.4,-12080.8,143.393
28553.6,-12082.6,141.574
28557.9,-12084.4,139.755
28562.1,-12086.2,137.936
28566.3,-12088,136.11
28570.6,-12089.8,134.297
28574.8,-12091.6,132.486
28579,-12093.4,130.689
28583.2,-12095.2,128.894
28587.4,-12097,127.086
28591.7,-12098.8,125.292
28595.9,-12100.6,123.492
28600.1,-12102.4,121.691
28604.3,-12104.2,119.889
28608.5,-12106,118.088
28612.8,-12107.8,116.295
28617,-12109.6,114.499
28621.2,-12111.4,112.707
28625.4,-12113.2,110.929
28629.6,-12115,109.149
28633.8,-12116.8,107.369
28638.1,-12118.6,105.589
28642.3,-12120.4,103.797
28646.5,-12122.2,102.004
28650.7,-12124,100.213
28654.9,-12125.8,98.3686
28659.1,-12127.6,96.5227
28663.4,-12129.4,94.6759
28667.6,-12131.2,92.8291
28671.8,-12133,91.0089
28676,-12134.8,89.187
28680.2,-12136.6,87.3609
28684.4,-12138.4,85.5365
28688.7,-12140.2,83.6986
28692.9,-12142,81.8717
28697.1,-12143.8,80.0457
28701.3,-12145.6,78.2262
28705.6,-12147.4,76.4058
28709.8,-12149.2,74.5864
28714,-12151,72.7744
28718.2,-12152.8,70.9592
28722.4,-12154.6,69.1465
28726.7,-12156.4,67.3324
28730.9,-12158.2,65.5207
28735.1,-12160,63.7082
28739.3,-12161.8,61.8934
28743.5,-12163.6,60.0804
28747.7,-12165.4,58.2777
28752,-12167.2,56.4752
28756.2,-12169,54.6726
28760.4,-12170.8,52.8855
28764.6,-12172.6,51.1009
28768.8,-12174.4,49.3172
28773.1,-12176.2,47.5328
28777.3,-12178,45.7316
28781.5,-12179.8,43.9338
28785.7,-12181.6,42.1353
28789.9,-12183.4,40.3238
28794.1,-12185.2,38.5142
28798.4,-12187,36.7039
28802.6,-12188.8,34.8957
28806.8,-12190.6,33.0727
28811,-12192.4,31.2525
28815.2,-12194.2,29.4302
28819.5,-12196,27.6095
28823.7,-12197.8,25.7903
28827.9,-12199.6,23.9716
28832.1,-12201.4,22.1571
28836.4,-12203.2,20.3237
28840.6,-12205,18.5128
28844.8,-12206.8,16.703
28849,-12208.6,14.8925
28853.2,-12210.4,13.1306
28857.5,-12212.2,11.3719
28861.7,-12214,9.62714
28865.9,-12215.8,7.89151
28870.1,-12217.6,6.18247
28874.3,-12219.4,4.53714
28878.5,-12221.2,3.05247
28882.7,-12223,2.09472
28887,-12224.8,2.41964
28891.2,-12226.6,3.71081
28895.4,-12228.4,5.28424
28899.6,-12230.2,6.95906
28903.8,-12232,8.67369
28908.1,-12233.8,10.4121
28912.3,-12235.6,12.162
28916.5,-12237.4,13.9197
28920.7,-12239.2,15.6805
28925,-12241,17.4823
28929.2,-12242.8,19.2719
28936,-12244.6,22.17
28940.4,-12246.4,24.0353
28944.7,-12248.2,25.8344
28948.9,-12250,27.6486
28953.4,-12251.8,29.5674
28957.8,-12253.6,31.1411
28962,-12255.4,32.6623
28966.2,-12257.2,34.1846
28970.4,-12259,35.7578
28974.7,-12260.8,37.3285
28978.9,-12262.6,38.9031
28983.1,-12264.4,40.4801
28987.3,-12266.2,42.3984
28991.6,-12268,44.3302
28995.8,-12269.8,46.2471
29004.1,-12271.6,49.7182
29008.3,-12273.4,51.5004
29012.5,-12275.2,53.2745
29016.7,-12277,54.6347
29021,-12278.8,55.9944
29025.2,-12280.6,57.3528
29029.4,-12282.4,58.7163
29033.7,-12284.2,60.1621
29038.2,-12286,61.6936
29042.6,-12287.8,63.1875
29047,-12289.6,65.2895
29051.4,-12291.4,67.3955
29055.8,-12293.2,69.5071
29060.2,-12295,71.3229
29064.6,-12296.8,73.1363
29068.9,-12298.6,74.9457
29073.4,-12300.4,76.7979
29077.8,-12302.2,78.4555
29082.4,-12304,80.1669
29087.1,-12305.8,81.9534
29091.5,-12307.6,83.743
29095.8,-12309.4,85.5087
29100.1,-12311.2,87.2618
29104.4,-12313,88.9532
29108.6,-12314.8,90.65
29112.8,-12316.6,92.3422
29117,-12318.4,94.0329
29121.2,-12320.2,95.8489
29125.4,-12322,97.6674
29129.7,-12323.8,99.4893
29133.9,-12325.6,101.329
29138.1,-12327.4,103.173
29142.3,-12329.2,105.013
29146.5,-12331,106.856
29150.8,-12332.8,108.659
29155,-12334.6,110.464
29159.2,-12336.4,112.269
29163.4,-12338.2,114.071
29167.6,-12340,115.863
29171.8,-12341.8,117.654
29176.1,-12343.6,119.469
29180.3,-12345.4,121.268
29184.6,-12347.2,123.062
29188.8,-12349,124.854
29193,-12350.8,126.663
29197.3,-12352.6,128.457
29201.5,-12354.4,130.251
29205.7,-12356.2,132.043
29209.9,-12358,133.837
29214.1,-12359.8,135.601
29218.4,-12361.6,137.369
29222.6,-12363.4,139.134
29226.8,-12365.2,140.917
29231,-12367,142.699
29235.2,-12368.8,144.481
29239.5,-12370.6,146.278
29243.8,-12372.4,148.145
29248,-12374.2,149.965
29252.3,-12376,151.779
29256.5,-12377.8,153.548
29260.7,-12379.6,155.314
29264.9,-12381.4,157.081
29269.1,-12383.2,158.851
29273.3,-12385,160.673
29277.6,-12386.8,162.496
29281.8,-12388.6,164.316
29286,-12390.4,166.144
29290.2,-12392.2,167.975
29294.5,-12394,169.817
29298.7,-12395.8,171.647
29302.9,-12397.6,173.441
29307.1,-12399.4,175.235
29311.3,-12401.2,177.03
29315.6,-12403,178.827
29319.8,-12404.8,180.624
29324,-12406.6,182.419
29328.2,-12408.4,184.217
29332.4,-12410.2,186.018
29336.6,-12412,187.819
29340.9,-12413.8,189.619
29345.1,-12415.6,191.413
29349.3,-12417.4,193.207
29353.5,-12419.2,195
29357.7,-12421,196.795
29361.9,-12422.8,198.592
29366.2,-12424.6,200.389
29370.4,-12426.4,202.187
29374.6,-12428.2,204.003
29378.8,-12430,205.819
29383,-12431.8,207.634
29387.3,-12433.6,209.449
29391.5,-12435.4,211.28
29395.7,-12437.2,213.121
29399.9,-12439,214.952
29404.2,-12440.8,216.78
29408.4,-12442.6,218.597
29412.6,-12444.4,220.414
29416.8,-12446.2,222.232
29421,-12448,224.045
29425.2,-12449.8,225.857
29429.5,-12451.6,227.673
29433.7,-12453.4,229.487
29437.9,-12455.2,231.29
29442.2,-12457,233.091
29446.4,-12458.8,234.911
29450.6,-12460.6,236.699
29454.8,-12462.4,238.485
29459,-12464.2,240.275
29463.2,-12466,242.061
29467.5,-12467.8,243.864
29471.7,-12469.6,245.665
29475.9,-12471.4,247.465
29480.1,-12473.2,249.267
29484.3,-12475,251.072
29488.6,-12476.8,252.874
29492.8,-12478.6,254.674
29497,-12480.4,256.469
29501.2,-12482.2,258.251
29505.5,-12484,260.036
29509.7,-12485.8,261.821
29513.9,-12487.6,263.604
29518.1,-12489.4,265.389
29522.3,-12491.2,267.175
29526.6,-12493,268.959
29530.8,-12494.8,270.743
29535,-12496.6,272.524
29539.2,-12498.4,274.31
29543.4,-12500.2,276.094
29547.6,-12502,277.878
29551.9,-12503.8,279.657
29556.1,-12505.6,281.439
29560.3,-12507.4,283.225
29564.5,-12509.2,285.007
29568.7,-12511,286.79
29572.9,-12512.8,288.579
29577.2,-12514.6,290.428
29581.4,-12516.4,292.257
29585.6,-12518.2,294.079
29589.8,-12520,295.903
29594.1,-12521.8,297.732
29598.3,-12523.6,299.574
29602.6,-12525.4,301.395
29606.8,-12527.2,303.221
29611,-12529,305.043
29615.2,-12530.8,306.83
29619.4,-12532.6,308.619
29623.6,-12534.4,310.404
29627.9,-12536.2,312.19
29632.1,-12538,313.977
29636.3,-12539.8,315.776
29640.5,-12541.6,317.566
29644.8,-12543.4,319.368
29649,-12545.2,321.172
29653.2,-12547,322.977
29657.4,-12548.8,324.781
29661.6,-12550.6,326.603
29665.9,-12552.4,328.425
29670.1,-12554.2,330.248
29674.3,-12556,332.069
29678.5,-12557.8,333.896
29682.7,-12559.6,335.72
29686.9,-12561.4,337.545
29691.2,-12563.2,339.345
29695.4,-12565,341.141
29699.6,-12566.8,342.949
29703.8,-12568.6,344.738
29708.1,-12570.4,346.506
29712.3,-12572.2,348.263
29716.5,-12574,350.006
29720.7,-12575.8,351.733
29724.9,-12577.6,353.429
29729.2,-12579.4,355.061
29733.4,-12581.2,356.532
29737.6,-12583,357.55
29741.8,-12584.8,357.461
29746,-12586.6,356.346
29750.2,-12588.4,354.837
29754.5,-12590.2,353.189
29758.7,-12592,351.483
29762.9,-12593.8,349.749
29767.1,-12595.6,348.003
29771.3,-12597.4,346.247
29775.5,-12599.2,344.485
29779.8,-12601,342.689
29784,-12602.8,340.903
29792.4,-12604.6,337.382
29796.7,-12606.4,335.537
29801,-12608.2,333.727
29810.7,-12610,329.613
29815,-12611.8,328.137
29819.3,-12613.6,326.712
29823.5,-12615.4,325.289
29827.7,-12617.2,324.38
29831.9,-12619,323.473
29836.1,-12620.8,322.564
29840.4,-12622.6,320.806
29844.6,-12624.4,319.052
29848.8,-12626.2,317.295
29853,-12628,315.54
29857.2,-12629.8,313.547
29861.5,-12631.6,311.555
29865.7,-12633.4,309.562
29869.9,-12635.2,307.568
29874.1,-12637,305.818
29878.3,-12638.8,304.064
29882.6,-12640.6,302.312
29886.8,-12642.4,300.572
29891,-12644.2,298.837
29895.2,-12646,297.1
29899.5,-12647.8,295.339
29903.8,-12649.6,293.496
29908,-12651.4,291.671
29912.2,-12653.2,289.85
29916.4,-12655,288.053
29920.6,-12656.8,286.263
29924.9,-12658.5,284.473
29929.1,-12660.3,282.678
29933.3,-12662.1,280.925
29937.5,-12663.9,279.17
29941.7,-12665.7,277.418
29946,-12667.5,275.624
29950.2,-12669.3,273.829
29954.4,-12671.1,272.035
29958.6,-12672.9,270.24
29962.8,-12674.7,268.437
29967.1,-12676.5,266.63
29971.3,-12678.3,264.829
29975.5,-12680.1,263.061
29979.7,-12681.9,261.29
29983.9,-12683.7,259.522
29988.1,-12685.5,257.75
29992.4,-12687.3,255.928
29996.6,-12689.1,254.104
30000.8,-12690.9,252.283
30005,-12692.7,250.442
30009.3,-12694.5,248.608
30013.5,-12696.3,246.778
30017.7,-12698.1,244.944
30021.9,-12699.9,243.163
30026.1,-12701.7,241.38
30030.4,-12703.5,239.595
30034.6,-12705.3,237.812
30038.8,-12707.1,236
30043,-12708.9,234.189
30047.2,-12710.7,232.378
30051.4,-12712.5,230.571
30055.7,-12714.3,228.765
30059.9,-12716.1,226.957
30064.1,-12717.9,225.151
30068.3,-12719.7,223.37
30072.5,-12721.5,221.59
30076.8,-12723.3,219.81
30081,-12725.1,218.033
30085.2,-12726.9,216.253
30089.4,-12728.7,214.471
30093.6,-12730.5,212.692
30097.9,-12732.3,210.889
30102.1,-12734.1,209.09
30106.3,-12735.9,207.26
30110.6,-12737.7,205.456
30114.8,-12739.5,203.656
30119,-12741.3,201.856
30123.2,-12743.1,200.057
30127.5,-12744.9,198.241
30131.7,-12746.7,196.429
30135.9,-12748.5,194.618
30140.1,-12750.3,192.775
30144.3,-12752.1,190.936
30148.5,-12753.9,189.096
30152.8,-12755.7,187.257
30157,-12757.5,185.446
30161.2,-12759.3,183.636
30165.4,-12761.1,181.827
30169.6,-12762.9,180.017
30173.8,-12764.7,178.215
30178.1,-12766.5,176.41
30182.3,-12768.3,174.608
30186.5,-12770.1,172.808
30190.7,-12771.9,171.014
30194.9,-12773.7,169.218
30199.1,-12775.5,167.42
30203.3,-12777.3,165.63
30207.6,-12779.1,163.826
30211.8,-12780.9,162.038
30216,-12782.7,160.261
30220.2,-12784.5,158.483
30224.5,-12786.3,156.707
30228.7,-12788.1,154.929
30232.9,-12789.9,153.142
30237.1,-12791.7,151.352
30241.3,-12793.5,149.562
30245.5,-12795.3,147.773
30249.8,-12797.1,145.98
30254,-12798.9,144.189
30258.2,-12800.7,142.394
30262.4,-12802.5,140.552
30266.6,-12804.3,138.71
30270.9,-12806.1,136.87
30275.1,-12807.9,135.015
30279.3,-12809.7,133.158
30283.5,-12811.5,131.304
30287.7,-12813.3,129.444
30291.9,-12815.1,127.628
30296.2,-12816.9,125.81
30300.4,-12818.7,123.993
30304.6,-12820.5,122.176
30308.8,-12822.3,120.384
30313,-12824.1,118.593
30317.3,-12825.9,116.801
30321.5,-12827.7,115.009
30325.7,-12829.5,113.218
30329.9,-12831.3,111.425
30334.1,-12833.1,109.634
30338.3,-12834.9,107.836
30342.5,-12836.7,106.04
30346.8,-12838.5,104.243
30351,-12840.3,102.449
30355.2,-12842.1,100.634
30359.4,-12843.9,98.8187
30363.6,-12845.7,97.0057
30367.8,-12847.5,95.1699
30372.1,-12849.3,93.3367
30376.3,-12851.1,91.4789
30380.6,-12852.9,89.6232
30384.8,-12854.7,87.771
30389,-12856.5,85.9205
30393.2,-12858.3,84.0701
30397.4,-12860.1,82.2623
30401.7,-12861.9,80.458
30405.9,-12863.7,78.643
30410.1,-12865.5,76.8355
30414.3,-12867.3,74.9922
30418.6,-12869.1,73.1473
30422.8,-12870.9,71.307
30427,-12872.7,69.5022
30431.2,-12874.5,67.6991
30435.4,-12876.3,65.8952
30439.6,-12878.1,64.0906
30443.9,-12879.9,62.2869
30448.1,-12881.7,60.4826
30452.3,-12883.5,58.6783
30456.5,-12885.3,56.8982
30460.7,-12887.1,55.1215
30464.9,-12888.9,53.3433
30469.2,-12890.7,51.5636
30473.4,-12892.5,49.811
30477.6,-12894.3,48.0555
30481.8,-12896.1,46.3019
30486,-12897.9,44.547
30490.3,-12899.7,42.7682
30494.5,-12901.5,40.9889
30498.7,-12903.3,39.2109
30502.9,-12905.1,37.4323
30507.2,-12906.9,35.643
30511.4,-12908.7,33.8687
30515.6,-12910.5,32.0632
30519.8,-12912.3,30.2545
30524,-12914.1,28.4526
30528.2,-12915.9,26.6504
30532.5,-12917.7,24.8478
30536.7,-12919.5,23.047
30540.9,-12921.3,21.2501
30545.1,-12923.1,19.4569
30549.3,-12924.9,17.6392
30553.5,-12926.7,15.8295
30557.8,-12928.5,14.0249
30562,-12930.3,12.2446
30566.2,-12932.1,10.4765
30570.4,-12933.9,8.72843
30574.6,-12935.7,7.02492
30578.8,-12937.5,5.40481
30583.1,-12939.3,3.95211
30587.3,-12941.1,2.92305
30591.5,-12942.9,2.82223
30595.7,-12944.7,3.70617
30599.9,-12946.5,5.08752
30604.2,-12948.3,6.67871
30608.4,-12950.1,8.35731
30612.6,-12951.9,10.0668
30616.9,-12953.7,11.8015
30621.1,-12955.5,13.5487
30625.3,-12957.3,15.2828
30629.5,-12959.1,17.025
30633.8,-12960.9,18.7864
30638,-12962.7,20.5492
30646.4,-12964.5,24.0473
30650.7,-12966.3,25.8924
30655,-12968.1,27.6757
30664.6,-12969.9,31.7332
30669,-12971.7,33.2308
30673.2,-12973.5,34.6743
30677.4,-12975.3,36.1188
30681.6,-12977.1,37.1288
30685.9,-12978.9,38.141
30690.1,-12980.7,39.1548
30694.3,-12982.5,40.1688
30698.5,-12984.3,42.0016
30702.7,-12986.1,43.8291
30707,-12987.9,45.6602
30711.2,-12989.7,47.6513
30715.5,-12991.5,49.6235
30719.7,-12993.3,51.5969
30723.9,-12995.1,53.5677
30728.1,-12996.9,55.2808
30732.3,-12998.7,56.9972
30736.6,-13000.5,58.7129
30741.9,-13002.3,60.9149
30746.3,-13004.1,62.7172
30750.5,-13005.9,64.4545
30754.8,-13007.7,66.1847
30759,-13009.5,67.8474
30763.2,-13011.3,69.5101
30767.4,-13013.1,71.1775
30771.6,-13014.9,72.8948
30775.8,-13016.7,74.6099
30780.1,-13018.5,76.3267
30784.3,-13020.3,78.0405
30788.5,-13022.1,79.8752
30792.7,-13023.9,81.7082
30796.9,-13025.7,83.543
30801.1,-13027.5,85.3752
30805.4,-13029.3,87.1646
30809.6,-13031.1,88.9764
30813.8,-13032.9,90.7667
30818.1,-13034.7,92.5421
30822.3,-13036.5,94.3168
30826.5,-13038.3,96.0915
30830.7,-13040.1,97.8662
30834.9,-13041.9,99.6409
30839.1,-13043.7,101.417
30843.3,-13045.5,103.193
30847.6,-13047.3,105.025
30851.8,-13049.1,106.855
30856,-13050.9,108.685
30860.2,-13052.7,110.517
30864.4,-13054.5,112.343
30868.6,-13056.3,114.17
30872.9,-13058.1,115.993
30877.1,-13059.9,117.785
30881.3,-13061.7,119.573
30885.5,-13063.5,121.359
30889.7,-13065.3,123.151
30893.9,-13067.1,124.971
30898.2,-13068.9,126.794
30902.4,-13070.7,128.614
30906.6,-13072.5,130.407
30910.8,-13074.3,132.208
30915,-13076.1,133.999
30919.3,-13077.9,135.792
30923.5,-13079.7,137.573
30927.7,-13081.5,139.358
30931.9,-13083.3,141.139
30936.1,-13085.1,142.926
30940.3,-13086.9,144.721
30944.6,-13088.7,146.509
30948.8,-13090.5,148.301
30953,-13092.3,150.076
30957.2,-13094.1,151.856
30961.4,-13095.9,153.631
30965.6,-13097.7,155.41
30969.9,-13099.5,157.192
30974.1,-13101.3,158.971
30978.3,-13103.1,160.752
30982.5,-13104.9,162.578
30986.7,-13106.7,164.409
30990.9,-13108.5,166.236
30995.1,-13110.3,168.063
30999.4,-13112.1,169.911
31003.6,-13113.9,171.757
31007.8,-13115.7,173.606
31012,-13117.5,175.42
31016.2,-13119.3,177.236
31020.4,-13121.1,179.053
31024.6,-13122.9,180.867
31028.9,-13124.7,182.661
31033.1,-13126.5,184.456
31037.3,-13128.3,186.252
31041.5,-13130.1,188.048
31045.7,-13131.9,189.843
31049.9,-13133.7,191.642
31054.2,-13135.5,193.439
31058.4,-13137.3,195.238
31062.6,-13139.1,197.037
31066.8,-13140.9,198.837
31071,-13142.7,200.635
31075.2,-13144.5,202.393
31079.4,-13146.3,204.156
31083.7,-13148.1,205.913
31087.9,-13149.9,207.723
31092.1,-13151.7,209.527
31096.3,-13153.5,211.35
31100.6,-13155.3,213.156
31104.8,-13157.1,214.975
31109,-13158.9,216.793
31113.2,-13160.7,218.623
31117.5,-13162.5,220.469
31121.7,-13164.3,222.314
31125.9,-13166.1,224.158
31130.1,-13167.9,226.003
31134.3,-13169.7,227.839
31138.5,-13171.5,229.678
31142.8,-13173.3,231.512
31147,-13175.1,233.344
31151.2,-13176.9,235.173
31155.4,-13178.7,237.002
31159.6,-13180.5,238.833
31163.8,-13182.3,240.631
31168,-13184.1,242.432
31172.3,-13185.9,244.232
31176.5,-13187.7,246.032
31180.7,-13189.5,247.829
31184.9,-13191.3,249.626
31189.1,-13193.1,251.427
31193.3,-13194.9,253.219
31197.6,-13196.7,255.014
31201.8,-13198.5,256.804
31206,-13200.3,258.594
31210.2,-13202.1,260.377
31214.4,-13203.9,262.169
31218.7,-13205.7,263.951
31222.9,-13207.5,265.747
31227.1,-13209.3,267.546
31231.3,-13211.1,269.342
31235.5,-13212.9,271.139
31239.7,-13214.7,272.949
31244,-13216.5,274.761
31248.2,-13218.3,276.572
31252.4,-13220.1,278.411
31256.6,-13221.9,280.254
31260.8,-13223.7,282.091
31265,-13225.5,283.931
31269.3,-13227.3,285.776
31273.5,-13229.1,287.621
31277.7,-13230.9,289.465
31281.9,-13232.7,291.297
31286.1,-13234.5,293.133
31290.3,-13236.3,294.973
31294.6,-13238.1,296.811
31298.8,-13239.9,298.641
31303,-13241.7,300.467
31307.2,-13243.5,302.297
31311.5,-13245.3,304.152
31315.7,-13247.1,305.977
31320,-13248.9,307.794
31324.2,-13250.7,309.608
31328.4,-13252.5,311.379
31332.6,-13254.3,313.149
31336.8,-13256.1,314.921
31341.1,-13257.9,316.725
31345.3,-13259.7,318.507
31349.5,-13261.5,320.287
31353.8,-13263.3,322.064
31358,-13265.1,323.855
31362.2,-13266.9,325.645
31366.4,-13268.7,327.438
31370.6,-13270.5,329.224
31374.9,-13272.3,331.033
31379.1,-13274.1,332.846
31383.3,-13275.9,334.655
31387.5,-13277.7,336.489
31391.7,-13279.5,338.319
31395.9,-13281.3,340.151
31400.2,-13283.1,341.985
31404.4,-13284.9,343.818
31408.6,-13286.7,345.653
31412.8,-13288.5,347.488
31417.1,-13290.3,349.315
31421.3,-13292.1,351.127
31425.5,-13293.9,352.938
31429.7,-13295.7,354.746
31433.9,-13297.5,356.505
31438.2,-13299.3,358.213
31442.4,-13301.1,359.247
31446.6,-13302.9,357.92
31450.8,-13304.7,356.184
31455,-13306.5,354.408
31459.2,-13308.3,352.619
31463.5,-13310.1,350.837
31467.7,-13311.9,349.05
31471.9,-13313.7,347.266
31476.1,-13315.5,345.475
31480.3,-13317.3,343.682
31484.5,-13319.1,341.889
31488.8,-13320.9,340.072
31493,-13322.7,338.285
31501.4,-13324.5,334.747
31505.8,-13326.3,332.897
31510,-13328.1,331.105
31519.8,-13329.9,326.98
31524.2,-13331.7,325.56
31528.4,-13333.5,324.191
31532.6,-13335.3,322.826
31536.8,-13337.1,321.862
31541,-13338.9,320.901
31545.3,-13340.7,319.94
31549.5,-13342.5,318.976
31553.7,-13344.3,317.065
31557.9,-13346.1,315.152
31562.2,-13347.9,313.24
31566.4,-13349.7,311.325
31570.6,-13351.5,309.399
31574.8,-13353.3,307.474
31579,-13355.1,305.545
31583.3,-13356.9,303.833
31587.5,-13358.7,302.116
31591.7,-13360.5,300.405
31595.9,-13362.3,298.597
31600.1,-13364.1,296.788
31604.4,-13365.9,294.977
31608.6,-13367.7,293.167
31612.8,-13369.5,291.334
31617,-13371.3,289.497
31621.3,-13373.1,287.649
31625.5,-13374.9,285.816
31629.7,-13376.7,284.029
31633.9,-13378.5,282.244
31638.1,-13380.3,280.457
31642.4,-13382.1,278.71
31646.6,-13383.9,276.957
31650.8,-13385.7,275.21
31655,-13387.5,273.462
31659.2,-13389.3,271.632
31663.4,-13391.1,269.805
31667.7,-13392.9,267.977
31671.9,-13394.7,266.15
31676.1,-13396.5,264.341
31680.3,-13398.3,262.53
31684.5,-13400.1,260.721
31688.8,-13401.9,258.983
31693,-13403.7,257.246
31697.2,-13405.5,255.512
31701.4,-13407.3,253.775
31705.6,-13409.1,251.971
31709.8,-13410.9,250.164
31714.1,-13412.7,248.357
31718.3,-13414.5,246.532
31722.5,-13416.3,244.695
31726.7,-13418.1,242.87
31731,-13419.9,241.047
31735.2,-13421.7,239.242
31739.4,-13423.5,237.435
31743.6,-13425.3,235.628
31747.8,-13427.1,233.815
31752,-13428.9,232.002
31756.3,-13430.7,230.191
31760.5,-13432.5,228.379
31764.7,-13434.3,226.575
31768.9,-13436.1,224.771
31773.1,-13437.9,222.968
31777.4,-13439.7,221.175
31781.6,-13441.5,219.386
31785.8,-13443.3,217.597
31790,-13445.1,215.804
31794.2,-13446.9,214.015
31798.5,-13448.7,212.224
31802.7,-13450.5,210.435
31806.9,-13452.3,208.658
31811.1,-13454.1,206.883
31815.3,-13455.9,205.108
31819.5,-13457.7,203.332
31823.8,-13459.5,201.566
31828,-13461.3,199.799
31832.2,-13463.1,198.031
31836.4,-13464.9,196.259
31840.6,-13466.7,194.471
31844.9,-13468.5,192.685
31849.1,-13470.3,190.892
31853.3,-13472.1,189.088
31857.5,-13473.9,187.279
31861.7,-13475.7,185.473
31865.9,-13477.5,183.668
31870.2,-13479.3,181.854
31874.4,-13481.1,180.041
31878.6,-13482.9,178.227
31882.8,-13484.7,176.413
31887,-13486.5,174.596
31891.2,-13488.3,172.782
31895.5,-13490.1,170.966
31899.7,-13491.9,169.152
31903.9,-13493.7,167.342
31908.1,-13495.5,165.533
31912.3,-13497.3,163.746
31916.5,-13499.1,161.953
31920.8,-13500.9,160.158
31925,-13502.7,158.352
31929.3,-13504.5,156.574
31933.5,-13506.3,154.799
31937.7,-13508.1,153.021
31941.9,-13509.9,151.246
31946.1,-13511.7,149.476
31950.4,-13513.5,147.705
31954.6,-13515.3,145.934
31958.8,-13517.1,144.143
31963,-13518.9,142.351
31967.2,-13520.7,140.558
31971.5,-13522.5,138.738
31975.7,-13524.3,136.919
31979.9,-13526.1,135.098
31984.1,-13527.9,133.279
31988.3,-13529.7,131.426
31992.6,-13531.5,129.58
31996.8,-13533.3,127.731
32001,-13535.1,125.885
32005.2,-13536.9,124.044
32009.4,-13538.7,122.198
32013.7,-13540.5,120.355
32017.9,-13542.3,118.518
32022.2,-13544.1,116.658
32026.4,-13545.9,114.804
32030.6,-13547.7,112.971
32034.8,-13549.5,111.178
32039.1,-13551.3,109.382
32043.3,-13553.1,107.589
32047.5,-13554.9,105.805
32051.7,-13556.7,104.025
32055.9,-13558.5,102.242
32060.1,-13560.3,100.458
32064.3,-13562.1,98.6742
32068.6,-13563.9,96.8883
32072.8,-13565.7,95.1058
32077,-13567.5,93.3251
32081.2,-13569.3,91.5462
32085.4,-13571.1,89.7672
32089.7,-13572.9,87.9849
32093.9,-13574.7,86.1941
32098.1,-13576.5,84.4
32102.3,-13578.2,82.6076
32106.5,-13580,80.7853
32110.7,-13581.8,78.9665
32114.9,-13583.6,77.1459
32119.2,-13585.4,75.3237
32123.4,-13587.2,73.4838
32127.6,-13589,71.6268
32131.8,-13590.8,69.7852
32136.1,-13592.6,67.9437
32140.3,-13594.4,66.096
32144.5,-13596.2,64.2535
32148.7,-13598,62.4078
32152.9,-13599.8,60.5544
32157.1,-13601.6,58.7011
32161.3,-13603.4,56.8497
32165.6,-13605.2,54.9983
32169.8,-13607,53.1559
32174,-13608.8,51.3169
32178.2,-13610.6,49.4745
32182.4,-13612.4,47.6711
32186.7,-13614.2,45.8694
32190.9,-13616,44.0677
32195.1,-13617.8,42.2661
32199.3,-13619.6,40.4816
32203.5,-13621.4,38.6989
32207.7,-13623.2,36.9162
32211.9,-13625,35.1336
32216.2,-13626.8,33.353
32220.4,-13628.6,31.5726
32224.6,-13630.4,29.7941
32228.8,-13632.2,27.9813
32233.1,-13634,26.1804
32240.5,-13635.8,23.0269
32244.8,-13637.6,21.1624
32249.1,-13639.4,19.3521
32253.3,-13641.2,17.5561
32257.5,-13643,16.3025
32261.7,-13644.8,15.0505
32265.9,-13646.6,13.8029
32270.1,-13648.4,12.5556
32274.3,-13650.2,10.7328
32278.5,-13652,8.92021
32282.8,-13653.8,7.1218
32287,-13655.6,5.34303
32291.2,-13657.4,3.63041
32295.4,-13659.2,2.12403
32299.6,-13661,1.5826
32303.8,-13662.8,2.65561
32308,-13664.6,4.24898
32312.3,-13666.4,5.95841
32316.5,-13668.2,7.70713
32320.7,-13670,9.4608
32324.9,-13671.8,11.2225
32329.2,-13673.6,13.0099
32333.4,-13675.4,14.7815
32337.6,-13677.2,16.5577
32341.8,-13679,18.3327
32346.1,-13680.8,20.1305
32350.3,-13682.6,21.9125
32358.7,-13684.4,25.4417
32363.1,-13686.2,27.2873
32367.3,-13688,29.0791
32376.6,-13689.8,33.0134
32381,-13691.6,34.5057
32385.2,-13693.4,35.9437
32389.5,-13695.2,37.3806
32393.7,-13697,38.3096
32397.9,-13698.8,39.2378
32402.2,-13700.6,40.1643
32406.4,-13702.4,41.1011
32410.6,-13704.2,43.0139
32414.8,-13706,44.9233
32419,-13707.8,46.8362
32423.2,-13709.6,48.7496
32427.5,-13711.4,50.6861
32431.7,-13713.2,52.6032
32435.9,-13715,54.5169
32440.2,-13716.8,56.2915
32444.4,-13718.6,58.0579
32448.6,-13720.4,59.8275
32452.8,-13722.2,61.5957
32457,-13724,63.3487
32461.2,-13725.8,65.0969
32465.5,-13727.6,66.8499
32469.7,-13729.4,68.6856
32473.9,-13731.2,70.5179
32478.1,-13733,72.3553
32482.3,-13734.8,74.1475
32486.6,-13736.6,75.9396
32490.8,-13738.4,77.7301
32495,-13740.2,79.5206
32499.2,-13742,81.2517
32503.4,-13743.8,82.9812
32507.6,-13745.6,84.709
32511.9,-13747.4,86.4353
32516.1,-13749.2,88.2353
32520.3,-13751,90.0352
32524.5,-13752.8,91.8334
32528.8,-13754.6,93.6355
32533,-13756.4,95.4308
32537.2,-13758.2,97.2246
32541.4,-13760,99.0167
32545.6,-13761.8,100.777
32549.8,-13763.6,102.541
32554.1,-13765.4,104.301
32558.3,-13767.2,106.111
32562.5,-13769,107.919
32566.7,-13770.8,109.73
32570.9,-13772.6,111.537
32575.1,-13774.4,113.354
32579.3,-13776.2,115.176
32583.6,-13778,116.996
32587.8,-13779.8,118.789
32592,-13781.6,120.579
32596.2,-13783.4,122.37
32600.4,-13785.2,124.162
32604.6,-13787,125.946
32608.9,-13788.8,127.73
32613.1,-13790.6,129.516
32617.3,-13792.4,131.333
32621.5,-13794.2,133.147
32625.7,-13796,134.964
32630,-13797.8,136.791
32634.2,-13799.6,138.606
32638.4,-13801.4,140.422
32642.6,-13803.2,142.235
32646.8,-13805,144.05
32651.1,-13806.8,145.829
32655.3,-13808.6,147.609
32659.5,-13810.4,149.389
32663.7,-13812.2,151.162
32667.9,-13814,152.934
32672.2,-13815.8,154.717
32676.4,-13817.6,156.49
32680.6,-13819.4,158.253
32684.8,-13821.2,160.022
32689,-13823,161.789
32693.3,-13824.8,163.58
32697.5,-13826.6,165.371
32701.7,-13828.4,167.158
32705.9,-13830.2,168.947
32710.1,-13832,170.78
32714.3,-13833.8,172.616
32718.6,-13835.6,174.451
32722.8,-13837.4,176.277
32727,-13839.2,178.105
32731.2,-13841,179.942
32735.4,-13842.8,181.768
32739.7,-13844.6,183.574
32743.9,-13846.4,185.4
32748.2,-13848.2,187.204
32752.4,-13850,189.006
32756.6,-13851.8,190.803
32760.8,-13853.6,192.594
32765,-13855.4,194.388
32769.2,-13857.2,196.177
32773.5,-13859,197.969
32777.7,-13860.8,199.76
32781.9,-13862.6,201.542
32786.1,-13864.4,203.326
32790.3,-13866.2,205.111
32794.5,-13868,206.895
32798.8,-13869.8,208.684
32803,-13871.6,210.468
32807.2,-13873.4,212.256
32811.4,-13875.2,214.041
32815.6,-13877,215.845
32819.8,-13878.8,217.653
32824,-13880.6,219.458
32828.3,-13882.4,221.285
32832.5,-13884.2,223.12
32836.7,-13886,224.947
32840.9,-13887.8,226.771
32845.1,-13889.6,228.637
32849.4,-13891.4,230.506
32853.6,-13893.2,232.372
32857.8,-13895,234.22
32862,-13896.8,236.065
32866.2,-13898.6,237.909
32870.4,-13900.4,239.757
32874.7,-13902.2,241.557
32878.9,-13904,243.359
32883.1,-13905.8,245.161
32887.3,-13907.6,246.964
32891.5,-13909.4,248.76
32895.7,-13911.2,250.553
32900,-13913,252.348
32904.2,-13914.8,254.132
32908.4,-13916.6,255.917
32912.6,-13918.4,257.699
32916.8,-13920.2,259.49
32921,-13922,261.278
32925.2,-13923.8,263.066
32929.5,-13925.6,264.858
32933.7,-13927.4,266.643
32937.9,-13929.2,268.428
32942.1,-13931,270.21
32946.4,-13932.8,272.01
32950.6,-13934.6,273.792
32954.8,-13936.4,275.575
32959,-13938.2,277.359
32963.2,-13940,279.174
32967.4,-13941.8,280.992
32971.6,-13943.6,282.805
32975.9,-13945.4,284.619
32980.1,-13947.2,286.442
32984.3,-13949,288.266
32988.5,-13950.8,290.088
32992.7,-13952.6,291.909
32997,-13954.4,293.745
33001.2,-13956.2,295.577
33005.4,-13958,297.408
33009.6,-13959.8,299.252
33013.8,-13961.6,301.095
33018,-13963.4,302.938
33022.2,-13965.2,304.781
33026.5,-13967,306.608
33030.7,-13968.8,308.429
33034.9,-13970.6,310.26
33039.1,-13972.4,312.059
33043.4,-13974.2,313.854
33047.6,-13976,315.651
33051.8,-13977.8,317.445
33056,-13979.6,319.225
33060.2,-13981.4,321.005
33064.4,-13983.2,322.785
33068.6,-13985,324.564
33072.9,-13986.8,326.339
33077.1,-13988.6,328.118
33081.3,-13990.4,329.896
33085.5,-13992.2,331.679
33089.7,-13994,333.463
33093.9,-13995.8,335.247
33098.2,-13997.6,337.045
33102.4,-13999.4,338.841
33106.6,-14001.2,340.636
33110.8,-14003,342.427
33115,-14004.8,344.243
33119.2,-14006.6,346.055
33123.5,-14008.4,347.868
33127.7,-14010.2,349.674
33131.9,-14012,351.479
33136.1,-14013.8,353.28
33140.3,-14015.6,355.042
33144.6,-14017.4,356.717
33148.8,-14019.2,358.082
33153,-14021,358.185
33157.2,-14022.8,356.901
33161.4,-14024.6,355.257
33165.6,-14026.4,353.521
33169.9,-14028.2,351.751
33174.1,-14030,349.99
33178.3,-14031.8,348.22
33182.5,-14033.6,346.447
33186.7,-14035.4,344.667
33190.9,-14037.2,342.881
33195.2,-14039,341.094
33199.4,-14040.8,339.286
33203.6,-14042.6,337.498
33212,-14044.4,333.975
33216.4,-14046.2,332.102
33220.6,-14048,330.315
33230.3,-14049.8,326.238
33234.7,-14051.6,324.78
33238.9,-14053.4,323.389
33243.2,-14055.2,322.003
33247.4,-14057,321.046
33251.6,-14058.8,320.09
33255.8,-14060.6,319.134
33260,-14062.4,318.177
33264.3,-14064.2,316.17
33268.5,-14066,314.16
33272.7,-14067.8,312.153
33276.9,-14069.6,310.146
33281.1,-14071.4,308.25
33285.3,-14073.2,306.352
33289.6,-14075,304.45
33293.8,-14076.8,302.708
33298,-14078.6,300.967
33302.2,-14080.4,299.228
33306.5,-14082.2,297.484
33310.7,-14084,295.671
33314.9,-14085.8,293.857
33319.1,-14087.6,292.045
33323.3,-14089.4,290.169
33327.5,-14091.2,288.29
33331.7,-14093,286.416
33336,-14094.8,284.527
33340.2,-14096.6,282.726
33344.4,-14098.4,280.929
33348.6,-14100.2,279.129
33352.9,-14102,277.332
33357.1,-14103.8,275.566
33361.3,-14105.6,273.803
33365.5,-14107.4,272.042
33369.7,-14109.2,270.213
33373.9,-14111,268.384
33378.2,-14112.8,266.555
33382.4,-14114.6,264.729
33386.6,-14116.4,262.93
33390.8,-14118.2,261.133
33395,-14120,259.336
33399.2,-14121.8,257.584
33403.5,-14123.6,255.83
33407.7,-14125.4,254.076
33411.9,-14127.2,252.324
33416.1,-14129,250.52
33420.3,-14130.8,248.709
33424.6,-14132.6,246.905
33428.8,-14134.4,245.102
33433,-14136.2,243.302
33437.2,-14138,241.487
33441.4,-14139.8,239.684
33445.7,-14141.6,237.89
33449.9,-14143.4,236.095
33457.7,-14145.2,232.73
33462,-14147,230.869
33466.3,-14148.8,229.023
33470.7,-14150.6,227.106
33475.1,-14152.4,225.72
33479.3,-14154.2,224.361
33483.5,-14156,223.013
33487.9,-14157.8,221.563
33492.2,-14159.6,220.127
33496.4,-14161.4,218.709
33500.6,-14163.2,217.3
33505.1,-14165,215.252
33509.3,-14166.8,213.281
33513.5,-14168.6,211.325
33517.7,-14170.4,209.363
33522.3,-14172.2,207.449
33526.5,-14174,205.675
33530.8,-14175.8,203.908
33535.3,-14177.6,202.135
33539.6,-14179.4,200.468
33543.8,-14181.2,198.825
33548.4,-14183,196.893
33552.6,-14184.8,195.09
33556.8,-14186.6,193.293
33561.1,-14188.4,191.493
33565.3,-14190.2,189.735
33569.5,-14192,187.976
33573.7,-14193.8,186.226
33578,-14195.6,184.433
33582.2,-14197.4,182.642
33586.4,-14199.2,180.843
33590.7,-14201,179.05
33594.9,-14202.8,177.252
33599.2,-14204.6,175.466
33603.4,-14206.4,173.682
33607.6,-14208.2,171.892
33611.8,-14210,170.097
33616.1,-14211.8,168.311
33620.3,-14213.6,166.518
33624.8,-14215.4,164.638
33629,-14217.2,162.868
33633.3,-14219,161.101
33637.8,-14220.8,159.24
33642.1,-14222.6,157.523
33646.3,-14224.4,155.785
33650.6,-14226.2,154.061
33655,-14228,152.228
33659.3,-14229.8,150.488
33663.5,-14231.6,148.758
33667.7,-14233.4,147.027
33672.3,-14235.2,145.097
33676.5,-14237,143.305
33680.8,-14238.8,141.526
33685.3,-14240.6,139.674
33689.6,-14242.4,137.947
33693.8,-14244.2,136.221
33698.4,-14246,134.314
33702.6,-14247.8,132.542
33706.8,-14249.6,130.772
33711.1,-14251.4,129.003
33715.6,-14253.2,127.211
33719.8,-14255,125.521
33724,-14256.8,123.838
33728.2,-14258.6,122.154
33732.8,-14260.4,120.269
33737,-14262.2,118.514
33741.3,-14264,116.755
33745.7,-14265.8,115.001
33749.9,-14267.6,113.299
33754.1,-14269.4,111.603
33758.4,-14271.2,109.83
33762.6,-14273,108.069
33766.8,-14274.8,106.309
33771,-14276.6,104.552
33775.3,-14278.4,102.722
33779.5,-14280.2,100.895
33783.7,-14282,99.0708
33788,-14283.8,97.2491
33792.2,-14285.6,95.4107
33796.5,-14287.4,93.5874
33800.7,-14289.2,91.7741
33805.1,-14291,89.9203
33809.3,-14292.8,88.1162
33813.5,-14294.6,86.3221
33818.1,-14296.4,84.4156
33822.3,-14298.2,82.6335
33826.6,-14300,80.8628
33830.8,-14301.8,79.0905
33835.3,-14303.6,77.2953
33839.6,-14305.4,75.586
33843.8,-14307.2,73.9015
33848.4,-14309,72.0142
33852.6,-14310.8,70.2642
33856.8,-14312.6,68.516
33861.1,-14314.4,66.763
33865.5,-14316.2,64.9732
33869.8,-14318,63.2836
33874,-14319.8,61.5941
33878.2,-14321.6,59.8985
33882.8,-14323.4,57.979
33887,-14325.2,56.1992
33891.2,-14327,54.4262
33895.8,-14328.8,52.5655
33900,-14330.6,50.8401
33904.3,-14332.4,49.1149
33908.8,-14334.2,47.1995
33913.1,-14336,45.4224
33917.3,-14337.8,43.6391
33921.5,-14339.6,41.8659
33925.7,-14341.4,40.1418
33930,-14343.2,38.4182
33934.2,-14345,36.6936
33938.4,-14346.8,34.8471
33942.7,-14348.6,32.9947
33946.9,-14350.4,31.1549
33951.1,-14352.2,29.316
33955.4,-14354,27.5732
33959.6,-14355.8,25.827
33963.8,-14357.6,24.0857
33968.1,-14359.4,22.2826
33972.4,-14361.2,20.4961
33976.6,-14363,18.7236
33980.8,-14364.8,16.9551
33985.3,-14366.6,15.1364
33989.5,-14368.4,13.4297
33993.8,-14370.2,11.7354
33998.4,-14372,9.93653
34006.8,-14373.8,6.7714
34011,-14375.6,5.32233
34015.6,-14377.4,4.4179
34019.8,-14379.2,3.77378
34024,-14381,3.42973
34028.6,-14382.8,3.55723
34032.8,-14384.6,4.36907
34037.1,-14386.4,5.57426
34041.6,-14388.2,7.06239
34046,-14390,8.76086
34050.5,-14391.8,10.5462
34054.9,-14393.6,12.3254
34059.9,-14395.4,14.2089
34064.3,-14397.2,15.8971
34068.8,-14399,17.6004
