4.33692,-1.8,0.223812
8.79863,-3.6,0.220287
13.0637,-5.4,0.220287
17.4268,-7.2,0.220287
21.6793,-9,0.426125
25.8908,-10.8,1.0017
30.1889,-12.6,1.59492
34.6862,-14.4,2.21919
39.0098,-16.2,3.94616
43.3127,-18,5.62724
47.5272,-19.8,7.33856
51.7454,-21.6,9.46899
55.9573,-23.4,11.5991
60.1749,-25.2,13.7313
64.3859,-27,15.8605
68.6005,-28.8,17.9085
72.8188,-30.6,19.9586
77.0738,-32.4,22.0264
81.2945,-34.2,24.0381
85.5112,-36,26.0483
89.7291,-37.8,28.0588
93.9413,-39.6,30.0662
98.1549,-41.4,32.0512
102.374,-43.2,34.0376
106.588,-45,36.0231
110.806,-46.8,38.0301
115.024,-48.6,40.0368
119.238,-50.4,42.0417
123.458,-52.2,44.0481
127.672,-54,46.0224
131.89,-55.8,47.9982
136.106,-57.6,49.9727
140.324,-59.4,51.9483
144.536,-61.2,53.9043
148.75,-63,55.8608
152.969,-64.8,57.8199
157.183,-66.6,59.7518
161.402,-68.4,61.6856
165.615,-70.2,63.6168
169.834,-72,65.5196
174.046,-73.8,67.4201
178.285,-75.6,69.3323
182.506,-77.4,71.2359
186.721,-79.2,73.1065
190.938,-81,74.979
195.149,-82.8,76.848
199.364,-84.6,78.7182
203.581,-86.4,80.5572
207.795,-88.2,82.3942
212.012,-90,84.2329
216.229,-91.8,86.0467
220.448,-93.6,87.8615
224.66,-95.4,89.6727
228.875,-97.2,91.4855
233.094,-99,93.2712
237.307,-100.8,95.054
241.524,-102.6,96.8383
245.738,-104.4,98.6135
249.955,-106.2,100.39
254.166,-108,102.164
258.378,-109.8,103.938
262.595,-111.6,105.681
266.807,-113.4,107.421
271.024,-115.2,109.164
275.234,-117,110.904
279.513,-118.8,112.656
283.732,-120.6,114.384
287.946,-122.4,116.109
292.163,-124.2,117.803
296.375,-126,119.495
300.592,-127.8,121.188
304.803,-129.6,122.861
309.014,-131.4,124.534
313.23,-133.2,126.209
317.452,-135,127.886
321.67,-136.8,129.543
325.883,-138.6,131.198
330.1,-140.4,132.854
334.311,-142.2,134.508
338.523,-144,136.143
342.74,-145.8,137.78
346.952,-147.6,139.416
351.168,-149.4,141.053
355.384,-151.2,142.689
359.601,-153,144.326
363.812,-154.8,145.961
368.025,-156.6,147.588
372.241,-158.4,149.216
376.454,-160.2,150.843
380.671,-162,152.484
384.882,-163.8,154.123
389.093,-165.6,155.762
393.309,-167.4,157.403
397.521,-169.2,159.031
401.739,-171,160.661
405.951,-172.8,162.289
410.168,-174.6,163.92
414.383,-176.4,165.545
418.595,-178.2,167.169
422.811,-180,168.794
427.023,-181.8,170.442
431.24,-183.6,172.092
435.452,-185.4,173.74
439.668,-187.2,175.39
443.878,-189,177.148
448.09,-190.8,178.907
452.305,-192.6,180.667
456.517,-194.4,182.495
460.733,-196.2,184.326
464.943,-198,186.153
469.155,-199.8,187.982
473.372,-201.6,189.773
477.583,-203.4,191.562
481.825,-205.2,193.363
486.039,-207,195.161
490.257,-208.8,196.961
494.468,-210.6,198.757
498.681,-212.4,200.555
502.897,-214.2,202.357
507.108,-216,204.156
511.325,-217.8,205.957
515.541,-219.6,207.788
519.761,-221.4,209.621
523.971,-223.2,211.45
528.185,-225,213.279
532.403,-226.8,215.085
536.616,-228.6,216.889
540.834,-230.4,218.695
545.044,-232.2,220.497
549.257,-234,222.302
553.474,-235.8,224.108
557.687,-237.6,225.913
561.905,-239.4,227.714
566.119,-241.2,229.514
570.336,-243,231.315
574.547,-244.8,233.113
578.76,-246.6,234.907
583.003,-248.4,236.714
587.218,-250.2,238.509
591.437,-252,240.318
595.65,-253.8,242.126
599.868,-255.6,243.935
604.08,-257.4,245.742
608.293,-259.2,247.542
612.512,-261,249.345
616.729,-262.8,251.147
620.947,-264.6,252.975
625.159,-266.4,254.8
629.373,-268.2,256.626
633.591,-270,258.453
637.804,-271.8,260.288
642.021,-273.6,262.124
646.234,-275.4,263.959
650.444,-277.2,265.822
654.648,-279,267.682
658.859,-280.8,269.546
663.08,-282.6,271.414
667.295,-284.4,273.28
671.513,-286.2,275.148
675.726,-288,277.013
679.944,-289.8,278.88
684.179,-291.6,280.709
688.393,-293.4,282.529
692.611,-295.2,284.351
696.826,-297,286.151
701.044,-298.8,287.952
705.255,-300.6,289.75
709.494,-302.4,291.56
713.706,-304.2,293.357
717.923,-306,295.155
722.143,-307.8,296.954
726.359,-309.6,298.766
730.577,-311.4,300.58
734.789,-313.2,302.39
739.002,-315,304.201
743.219,-316.8,306.004
747.436,-318.6,307.807
751.657,-320.4,309.61
755.87,-322.2,311.425
760.087,-324,313.24
764.3,-325.8,315.053
768.514,-327.6,316.867
772.732,-329.4,318.681
776.946,-331.2,320.493
781.164,-333,322.307
785.382,-334.8,324.139
789.664,-336.6,325.996
793.877,-338.4,327.826
798.092,-340.2,329.655
802.311,-342,331.49
806.525,-343.8,333.323
810.744,-345.6,335.158
814.96,-347.4,336.991
819.174,-349.2,338.825
823.391,-351,340.661
827.606,-352.8,342.495
831.823,-354.6,344.34
836.037,-356.4,346.182
840.255,-358.2,348.025
844.466,-360,349.863
848.72,-361.8,351.716
852.94,-363.6,353.549
857.18,-365.4,355.38
861.5,-367.2,357.235
865.786,-369,358.901
870.013,-370.8,358.632
874.337,-372.6,356.891
878.876,-374.4,354.944
883.292,-376.199,353.017
887.564,-377.999,351.156
891.785,-379.799,349.319
896.001,-381.599,347.481
900.22,-383.399,345.641
904.433,-385.199,343.803
908.648,-386.999,341.934
912.867,-388.799,340.063
917.085,-390.599,338.192
921.304,-392.399,336.281
925.518,-394.199,334.372
929.737,-395.999,332.461
933.95,-397.799,330.552
938.164,-399.599,328.634
942.383,-401.399,326.714
946.597,-403.199,324.795
950.852,-404.999,322.852
955.172,-406.799,320.866
959.39,-408.599,318.931
963.614,-410.399,316.996
967.828,-412.199,315.086
972.047,-413.999,313.175
976.261,-415.799,311.265
980.48,-417.599,309.359
984.693,-419.399,307.456
988.944,-421.199,305.535
993.166,-422.999,303.627
997.414,-424.799,301.723
1001.63,-426.599,299.832
1005.85,-428.399,297.943
1010.07,-430.199,296.053
1014.28,-431.999,294.197
1018.5,-433.799,292.339
1022.72,-435.599,290.48
1026.93,-437.399,288.639
1031.15,-439.199,286.797
1035.37,-440.999,284.956
1039.59,-442.799,283.114
1043.8,-444.599,281.306
1048.02,-446.399,279.498
1052.24,-448.199,277.688
1056.45,-449.999,275.88
1060.67,-451.799,274.08
1064.89,-453.599,272.283
1069.1,-455.399,270.484
1073.32,-457.199,268.719
1077.53,-458.999,266.955
1081.75,-460.799,265.19
1085.97,-462.599,263.426
1090.22,-464.399,261.67
1094.43,-466.199,259.929
1098.65,-467.999,258.188
1102.87,-469.799,256.48
1107.08,-471.599,254.775
1111.3,-473.399,253.068
1115.52,-475.199,251.361
1119.74,-476.999,249.678
1123.95,-478.799,247.998
1128.17,-480.599,246.318
1132.39,-482.399,244.655
1136.6,-484.199,242.994
1140.82,-485.999,241.331
1145.03,-487.799,239.671
1149.25,-489.599,238.032
1153.46,-491.399,236.392
1157.68,-493.199,234.753
1161.9,-494.999,233.115
1166.11,-496.799,231.478
1170.33,-498.599,229.841
1174.54,-500.399,228.205
1178.75,-502.199,226.579
1182.97,-503.999,224.952
1187.19,-505.799,223.326
1191.43,-507.599,221.679
1195.65,-509.399,220.042
1199.86,-511.199,218.405
1204.07,-512.999,216.77
1208.29,-514.799,215.137
1212.51,-516.599,213.504
1216.73,-518.399,211.87
1220.95,-520.199,210.2
1225.16,-521.999,208.532
1229.37,-523.799,206.863
1233.59,-525.599,205.193
1237.81,-527.398,203.436
1242.03,-529.198,201.678
1246.24,-530.998,199.921
1250.46,-532.798,198.162
1254.68,-534.598,196.347
1258.89,-536.398,194.53
1263.11,-538.198,192.712
1267.32,-539.998,190.907
1271.54,-541.798,189.101
1275.76,-543.598,187.297
1279.98,-545.398,185.49
1284.19,-547.198,183.717
1288.4,-548.998,181.943
1292.64,-550.798,180.158
1296.86,-552.598,178.354
1301.08,-554.398,176.549
1305.33,-556.198,174.747
1309.55,-557.998,172.926
1313.76,-559.798,171.124
1317.98,-561.598,169.32
1322.2,-563.398,167.516
1326.41,-565.198,165.714
1330.63,-566.998,163.896
1334.84,-568.798,162.08
1339.06,-570.598,160.264
1343.28,-572.398,158.455
1347.49,-574.198,156.647
1351.71,-575.998,154.838
1355.92,-577.798,153.027
1360.14,-579.598,151.214
1364.35,-581.398,149.404
1368.57,-583.198,147.593
1372.79,-584.998,145.792
1377,-586.798,143.992
1381.22,-588.598,142.192
1385.43,-590.398,140.392
1389.65,-592.198,138.592
1393.89,-593.998,136.784
1398.11,-595.798,134.986
1402.33,-597.598,133.179
1406.54,-599.398,131.375
1410.76,-601.198,129.569
1414.97,-602.998,127.764
1419.19,-604.798,125.957
1423.41,-606.598,124.148
1427.62,-608.398,122.342
1431.84,-610.198,120.525
1436.06,-611.998,118.71
1440.28,-613.798,116.893
1444.49,-615.598,115.079
1448.7,-617.398,113.206
1452.92,-619.198,111.331
1457.13,-620.998,109.458
1461.35,-622.798,107.583
1465.57,-624.598,105.717
1469.79,-626.398,103.849
1474,-628.198,101.983
1478.21,-629.998,100.177
1482.43,-631.798,98.3697
1486.65,-633.598,96.5634
1490.87,-635.398,94.7571
1495.1,-637.198,92.9425
1499.37,-638.998,91.1155
1503.59,-640.798,89.3085
1507.81,-642.598,87.5077
1512.03,-644.398,85.7049
1516.25,-646.198,83.9026
1520.47,-647.998,82.1
1524.68,-649.798,80.2988
1528.89,-651.598,78.4975
1533.11,-653.398,76.6937
1537.33,-655.198,74.8854
1541.55,-656.998,73.0753
1545.76,-658.798,71.267
1549.98,-660.598,69.4569
1554.2,-662.398,67.6584
1558.41,-664.198,65.8596
1562.63,-665.998,64.0589
1566.84,-667.798,62.2441
1571.06,-669.598,60.4274
1575.28,-671.398,58.6135
1579.53,-673.198,56.7799
1583.75,-674.997,54.9697
1587.96,-676.797,53.1596
1592.18,-678.597,51.3476
1596.43,-680.397,49.5255
1600.65,-682.197,47.7019
1604.86,-683.997,45.8817
1609.07,-685.797,44.0604
1613.29,-687.597,42.2438
1617.51,-689.397,40.4275
1621.73,-691.197,38.6112
1625.94,-692.997,36.7968
1630.16,-694.797,34.9747
1634.38,-696.597,33.1553
1638.59,-698.397,31.3357
1642.81,-700.197,29.5136
1647.02,-701.997,27.6942
1651.24,-703.797,25.8724
1655.46,-705.597,24.0529
1659.68,-707.397,22.2329
1663.89,-709.197,20.416
1668.1,-710.997,18.5991
1672.32,-712.797,16.7677
1676.54,-714.597,14.9389
1680.75,-716.397,13.1086
1684.97,-718.197,11.2826
1689.18,-719.997,9.45889
1693.44,-721.797,7.61933
1697.68,-723.597,5.79303
1701.91,-725.397,3.98505
1706.24,-727.197,2.16383
1710.55,-728.997,0.810836
1714.76,-730.797,1.90077
1719.09,-732.597,3.69559
1723.72,-734.397,5.70051
1728.07,-736.197,7.6043
1732.3,-737.997,9.46668
1736.52,-739.797,11.3298
1740.74,-741.597,13.1947
1744.95,-743.397,15.0579
1749.17,-745.197,16.9313
1753.39,-746.997,18.8086
1757.6,-748.797,20.6833
1761.82,-750.597,22.5894
1766.04,-752.397,24.4944
1770.26,-754.197,26.4006
1774.47,-755.997,28.3036
1778.93,-757.797,30.3187
1783.15,-759.597,32.2264
1787.37,-761.397,34.1317
1791.59,-763.197,36.0291
1795.85,-764.997,37.9422
1800.07,-766.797,39.8391
1804.29,-768.597,41.7327
1808.5,-770.397,43.6204
1812.79,-772.197,45.5114
1817.01,-773.997,47.4312
1821.23,-775.797,49.3217
1825.45,-777.597,51.2105
1829.67,-779.397,53.1007
1833.88,-781.197,54.9871
1838.17,-782.997,56.8913
1842.4,-784.797,58.7638
1846.61,-786.597,60.6341
1850.83,-788.397,62.5051
1855.05,-790.197,64.349
1859.26,-791.997,66.1944
1863.48,-793.797,68.041
1867.7,-795.597,69.8729
1871.92,-797.397,71.7066
1876.14,-799.197,73.5379
1880.36,-800.997,75.3707
1884.57,-802.797,77.164
1888.79,-804.597,78.9592
1893.01,-806.397,80.7555
1897.25,-808.197,82.5611
1901.47,-809.997,84.3391
1905.69,-811.797,86.1157
1909.91,-813.597,87.8937
1914.12,-815.397,89.6287
1918.34,-817.197,91.3668
1922.56,-818.997,93.1046
1926.85,-820.797,94.861
1931.08,-822.596,96.5887
1935.32,-824.396,98.3129
1939.55,-826.196,100.054
1943.76,-827.996,101.737
1947.98,-829.796,103.421
1952.2,-831.596,105.106
1956.41,-833.396,106.789
1960.63,-835.196,108.458
1964.85,-836.996,110.124
1969.06,-838.796,111.79
1973.28,-840.596,113.445
1977.5,-842.396,115.099
1981.72,-844.196,116.755
1985.93,-845.996,118.409
1990.16,-847.796,120.059
1994.38,-849.596,121.708
1998.62,-851.396,123.365
2002.84,-853.196,125.015
2007.06,-854.996,126.663
2011.28,-856.796,128.312
2015.49,-858.596,129.959
2019.72,-860.396,131.598
2023.93,-862.196,133.235
2028.15,-863.996,134.872
2032.37,-865.796,136.537
2036.58,-867.596,138.2
2040.8,-869.396,139.864
2045.01,-871.196,141.526
2049.23,-872.996,143.232
2053.45,-874.796,144.943
2057.66,-876.596,146.651
2061.88,-878.396,148.447
2066.1,-880.196,150.241
2070.32,-881.996,152.035
2074.53,-883.796,153.827
2078.75,-885.596,155.636
2082.97,-887.396,157.446
2087.19,-889.196,159.253
2091.41,-890.996,161.062
2095.62,-892.796,162.849
2099.87,-894.596,164.649
2104.08,-896.396,166.434
2108.3,-898.196,168.226
2112.52,-899.996,170.021
2116.73,-901.796,171.813
2121.09,-903.596,173.683
2125.31,-905.396,175.493
2129.53,-907.196,177.303
2133.75,-908.996,179.109
2137.96,-910.796,180.91
2142.18,-912.596,182.713
2146.4,-914.396,184.513
2150.62,-916.196,186.316
2154.83,-917.996,188.119
2159.04,-919.796,189.923
2163.26,-921.596,191.728
2167.48,-923.396,193.543
2171.7,-925.196,195.358
2175.92,-926.996,197.171
2180.14,-928.796,198.985
2184.35,-930.596,200.767
2188.57,-932.396,202.55
2192.78,-934.196,204.335
2197.05,-935.996,206.138
2201.29,-937.796,207.942
2205.51,-939.596,209.734
2209.73,-941.396,211.528
2213.94,-943.196,213.305
2218.16,-944.996,215.085
2222.38,-946.796,216.865
2226.6,-948.596,218.643
2230.81,-950.396,220.447
2235.03,-952.196,222.25
2239.25,-953.996,224.053
2243.47,-955.796,225.872
2247.69,-957.596,227.689
2251.91,-959.396,229.508
2256.12,-961.196,231.324
2260.34,-962.996,233.149
2264.56,-964.796,234.973
2268.77,-966.596,236.796
2273.17,-968.396,238.71
2277.39,-970.195,240.55
2281.61,-971.995,242.389
2285.83,-973.795,244.225
2290.05,-975.595,246.029
2294.26,-977.395,247.83
2298.48,-979.195,249.631
2302.7,-980.995,251.469
2306.91,-982.795,253.305
2311.13,-984.595,255.143
2315.35,-986.395,256.98
2319.8,-988.195,258.917
2324.01,-989.995,260.756
2328.23,-991.795,262.594
2332.45,-993.595,264.434
2336.66,-995.395,266.227
2340.88,-997.195,268.023
2345.1,-998.995,269.816
2349.31,-1000.8,271.59
2353.53,-1002.6,273.369
2357.75,-1004.4,275.145
2361.97,-1006.2,276.968
2366.18,-1008,278.789
2370.4,-1009.8,280.612
2374.61,-1011.6,282.431
2378.83,-1013.4,284.252
2383.05,-1015.2,286.075
2387.26,-1017,287.895
2391.48,-1018.8,289.717
2395.7,-1020.6,291.539
2399.92,-1022.4,293.364
2404.16,-1024.2,295.196
2408.38,-1026,297.02
2412.6,-1027.8,298.844
2416.81,-1029.6,300.666
2421.03,-1031.4,302.49
2425.25,-1033.2,304.304
2429.5,-1035,306.136
2433.72,-1036.8,307.953
2437.94,-1038.6,309.774
2442.16,-1040.4,311.597
2446.37,-1042.2,313.417
2450.63,-1044,315.249
2454.96,-1045.8,317.106
2459.24,-1047.6,318.939
2463.46,-1049.4,320.745
2467.75,-1051.2,322.575
2471.97,-1053,324.375
2476.19,-1054.8,326.173
2480.41,-1056.6,327.972
2484.63,-1058.4,329.757
2488.84,-1060.2,331.543
2493.06,-1062,333.33
2497.28,-1063.8,335.138
2501.5,-1065.6,336.95
2505.75,-1067.4,338.776
2509.97,-1069.2,340.586
2514.19,-1071,342.402
2518.41,-1072.8,344.219
2522.62,-1074.6,346.036
2526.98,-1076.4,347.934
2531.2,-1078.2,349.772
2535.42,-1080,351.607
2539.68,-1081.8,353.458
2543.89,-1083.6,355.279
2548.13,-1085.4,357.087
2552.45,-1087.2,358.82
2556.73,-1089,358.846
2560.95,-1090.8,357.148
2565.27,-1092.6,355.302
2569.98,-1094.4,353.255
2574.54,-1096.2,351.265
2578.76,-1098,349.426
2582.99,-1099.8,347.587
2587.46,-1101.6,345.682
2591.69,-1103.4,343.885
2595.9,-1105.2,342.089
2600.12,-1107,340.293
2604.38,-1108.8,338.466
2608.59,-1110.6,336.654
2612.81,-1112.4,334.842
2617.03,-1114.2,333.031
2621.25,-1116,331.177
2625.47,-1117.8,329.325
2629.69,-1119.6,327.472
2633.9,-1121.4,325.597
2638.12,-1123.2,323.72
2642.34,-1125,321.842
2646.55,-1126.8,319.966
2650.77,-1128.6,318.073
2654.99,-1130.4,316.182
2659.2,-1132.2,314.291
2663.43,-1134,312.384
2667.64,-1135.8,310.479
2671.86,-1137.6,308.573
2676.08,-1139.4,306.668
2680.3,-1141.2,304.777
2684.51,-1143,302.888
2688.73,-1144.8,300.998
2692.95,-1146.6,299.119
2697.17,-1148.4,297.242
2701.39,-1150.2,295.362
2705.6,-1152,293.486
2709.82,-1153.8,291.637
2714.04,-1155.6,289.792
2718.25,-1157.4,287.946
2722.48,-1159.2,286.111
2726.69,-1161,284.28
2730.91,-1162.8,282.446
2735.13,-1164.6,280.615
2739.55,-1166.4,278.729
2743.77,-1168.2,276.928
2747.99,-1170,275.131
2752.21,-1171.8,273.332
2756.43,-1173.6,271.572
2760.65,-1175.4,269.81
2764.86,-1177.2,268.052
2769.08,-1179,266.305
2773.3,-1180.8,264.556
2777.51,-1182.6,262.809
2781.73,-1184.4,261.061
2785.95,-1186.2,259.327
2790.17,-1188,257.59
2794.38,-1189.8,255.856
2798.6,-1191.6,254.135
2802.82,-1193.4,252.412
2807.06,-1195.2,250.681
2811.28,-1197,248.959
2815.5,-1198.8,247.267
2819.72,-1200.6,245.573
2823.94,-1202.4,243.882
2828.22,-1204.2,242.179
2832.44,-1206,240.501
2836.66,-1207.8,238.825
2840.88,-1209.6,237.148
2845.09,-1211.4,235.507
2849.31,-1213.2,233.865
2853.53,-1215,232.221
2857.74,-1216.8,230.582
2861.96,-1218.6,228.942
2866.18,-1220.4,227.304
2870.4,-1222.2,225.665
2874.61,-1224,224.038
2878.82,-1225.8,222.41
2883.04,-1227.6,220.78
2887.48,-1229.4,219.028
2891.7,-1231.2,217.36
2895.92,-1233,215.695
2900.13,-1234.8,214.027
2904.35,-1236.6,212.308
2908.59,-1238.4,210.578
2912.81,-1240.2,208.856
2917.02,-1242,207.136
2921.24,-1243.8,205.312
2925.52,-1245.6,203.465
2929.74,-1247.4,201.642
2933.95,-1249.2,199.814
2938.17,-1251,197.984
2942.39,-1252.8,196.154
2946.72,-1254.6,194.308
2950.94,-1256.4,192.51
2955.15,-1258.2,190.716
2959.37,-1260,188.92
2963.59,-1261.8,187.145
2967.8,-1263.6,185.373
2972.02,-1265.4,183.598
2976.24,-1267.2,181.826
2980.46,-1269,180.041
2984.67,-1270.8,178.259
2988.88,-1272.6,176.477
2993.1,-1274.4,174.673
2997.32,-1276.2,172.871
3001.54,-1278,171.068
3005.75,-1279.8,169.268
3009.99,-1281.6,167.474
3014.21,-1283.4,165.693
3018.42,-1285.2,163.912
3022.65,-1287,162.111
3026.87,-1288.8,160.313
3031.08,-1290.6,158.514
3035.36,-1292.4,156.718
3039.58,-1294.2,154.89
3043.8,-1296,153.093
3048.01,-1297.8,151.295
3052.23,-1299.6,149.496
3056.45,-1301.4,147.689
3060.67,-1303.2,145.88
3064.88,-1305,144.073
3069.1,-1306.8,142.259
3073.32,-1308.6,140.441
3077.53,-1310.4,138.628
3081.75,-1312.2,136.812
3085.96,-1314,134.996
3090.18,-1315.8,133.177
3094.39,-1317.6,131.362
3098.61,-1319.4,129.552
3102.83,-1321.2,127.74
3107.04,-1323,125.929
3111.28,-1324.8,124.109
3115.5,-1326.6,122.299
3119.72,-1328.4,120.485
3123.94,-1330.2,118.676
3128.22,-1332,116.819
3132.44,-1333.8,114.99
3136.66,-1335.6,113.164
3140.88,-1337.4,111.336
3145.09,-1339.2,109.525
3149.31,-1341,107.712
3153.52,-1342.8,105.898
3157.74,-1344.6,104.085
3161.96,-1346.4,102.244
3166.17,-1348.2,100.405
3170.39,-1350,98.5639
3174.6,-1351.8,96.7514
3178.82,-1353.6,94.9383
3183.04,-1355.4,93.1229
3187.47,-1357.2,91.2088
3191.69,-1359,89.3854
3195.91,-1360.8,87.5643
3200.13,-1362.6,85.7422
3204.34,-1364.4,83.9604
3208.56,-1366.2,82.1784
3212.8,-1368,80.3842
3217.02,-1369.8,78.6021
3221.24,-1371.6,76.7856
3225.46,-1373.4,74.969
3229.68,-1375.2,73.1531
3233.89,-1377,71.3346
3238.11,-1378.8,69.5154
3242.33,-1380.6,67.6948
3246.54,-1382.4,65.8766
3250.76,-1384.2,64.0738
3254.98,-1386.01,62.2735
3259.19,-1387.81,60.4725
3263.42,-1389.61,58.6662
3267.63,-1391.41,56.8609
3271.85,-1393.21,55.0555
3276.06,-1395.01,53.2515
3280.3,-1396.81,51.454
3284.51,-1398.61,49.6639
3288.73,-1400.41,47.8731
3292.95,-1402.21,46.0612
3297.16,-1404.01,44.2511
3301.38,-1405.81,42.4397
3305.6,-1407.61,40.6307
3309.81,-1409.41,38.825
3314.05,-1411.21,37.0108
3318.27,-1413.01,35.206
3322.49,-1414.81,33.3763
3326.71,-1416.61,31.5516
3330.93,-1418.41,29.7253
3335.14,-1420.21,27.9018
3339.36,-1422.01,26.0829
3343.58,-1423.81,24.2625
3347.79,-1425.61,22.4445
3352.01,-1427.41,20.6247
3356.22,-1429.21,18.8103
3360.45,-1431.01,16.9937
3364.66,-1432.81,15.1813
3368.87,-1434.61,13.372
3373.09,-1436.41,11.5619
3377.31,-1438.21,9.75546
3381.52,-1440.01,7.95035
3385.77,-1441.81,6.14346
3389.99,-1443.61,4.35759
3394.23,-1445.41,2.59388
3398.54,-1447.21,0.975575
3402.84,-1449.01,1.41552
3407.05,-1450.81,3.1046
3411.37,-1452.61,4.91118
3415.86,-1454.41,6.79738
3420.33,-1456.21,8.68596
3424.59,-1458.01,10.4883
3428.81,-1459.81,12.256
3433.04,-1461.61,14.0254
3437.25,-1463.41,15.7913
3441.47,-1465.21,17.5599
3445.69,-1467.01,19.3559
3449.91,-1468.81,21.1554
3454.12,-1470.61,22.9514
3458.48,-1472.41,24.8443
3462.7,-1474.21,26.6775
3466.92,-1476.01,28.5078
3471.14,-1477.81,30.3397
3475.36,-1479.61,32.16
3479.58,-1481.41,33.9812
3483.8,-1483.21,35.7988
3488.01,-1485.01,37.6364
3492.23,-1486.81,39.4766
3496.45,-1488.61,41.314
3500.67,-1490.41,43.1526
3504.88,-1492.21,44.9817
3509.1,-1494.01,46.8133
3513.32,-1495.81,48.6453
3517.57,-1497.61,50.492
3521.79,-1499.41,52.3325
3526.01,-1501.21,54.1697
3530.23,-1503.01,56.0076
3534.45,-1504.81,57.8262
3538.67,-1506.61,59.6467
3542.89,-1508.41,61.4674
3547.1,-1510.21,63.2861
3551.32,-1512.01,65.0909
3555.54,-1513.81,66.8943
3559.76,-1515.61,68.6989
3563.97,-1517.41,70.4821
3568.19,-1519.21,72.2655
3572.41,-1521.01,74.0505
3576.63,-1522.81,75.8327
3580.85,-1524.61,77.6001
3585.06,-1526.41,79.3651
3589.28,-1528.21,81.1304
3593.5,-1530.01,82.8938
3597.72,-1531.81,84.6559
3601.94,-1533.61,86.419
3606.15,-1535.41,88.1795
3610.37,-1537.21,89.917
3614.58,-1539.01,91.6508
3618.82,-1540.81,93.3991
3623.05,-1542.61,95.137
3627.27,-1544.41,96.8709
3631.49,-1546.21,98.6059
3635.7,-1548.01,100.338
3639.92,-1549.81,102.054
3644.2,-1551.61,103.793
3648.41,-1553.41,105.507
3652.73,-1555.21,107.281
3656.94,-1557.01,109.014
3661.16,-1558.81,110.749
3665.38,-1560.61,112.483
3669.6,-1562.41,114.231
3673.82,-1564.21,115.976
3678.03,-1566.01,117.721
3682.25,-1567.81,119.468
3686.46,-1569.61,121.25
3690.69,-1571.41,123.036
3694.9,-1573.21,124.818
3699.35,-1575.01,126.722
3703.57,-1576.81,128.53
3707.79,-1578.61,130.335
3712,-1580.41,132.141
3716.22,-1582.21,133.91
3720.47,-1584.01,135.695
3724.68,-1585.81,137.464
3728.9,-1587.61,139.259
3733.12,-1589.41,141.056
3737.33,-1591.21,142.85
3741.55,-1593.01,144.646
3745.77,-1594.81,146.447
3749.99,-1596.61,148.251
3754.2,-1598.41,150.052
3758.59,-1600.21,151.936
3762.82,-1602.01,153.746
3767.03,-1603.81,155.554
3771.25,-1605.61,157.362
3775.46,-1607.41,159.114
3779.68,-1609.21,160.868
3783.9,-1611.01,162.619
3788.11,-1612.81,164.371
3792.33,-1614.61,166.155
3796.55,-1616.41,167.938
3800.77,-1618.21,169.722
3804.98,-1620.01,171.51
3809.19,-1621.81,173.3
3813.41,-1623.61,175.091
3817.84,-1625.41,176.971
3822.09,-1627.21,178.774
3826.31,-1629.01,180.563
3830.53,-1630.81,182.354
3834.74,-1632.61,184.112
3838.96,-1634.41,185.871
3843.18,-1636.21,187.631
3847.4,-1638.01,189.391
3851.61,-1639.81,191.191
3855.83,-1641.61,192.99
3860.05,-1643.41,194.79
3864.26,-1645.21,196.623
3868.48,-1647.01,198.457
3872.7,-1648.81,200.292
3876.91,-1650.61,202.124
3881.13,-1652.41,203.928
3885.35,-1654.21,205.734
3889.57,-1656.01,207.54
3893.78,-1657.81,209.345
3898,-1659.61,211.151
3902.22,-1661.41,212.958
3906.43,-1663.21,214.764
3910.67,-1665.01,216.558
3914.88,-1666.81,218.342
3919.1,-1668.61,220.126
3923.34,-1670.41,221.923
3927.56,-1672.21,223.725
3931.78,-1674.01,225.528
3936,-1675.81,227.329
3940.22,-1677.61,229.119
3944.43,-1679.41,230.907
3948.65,-1681.21,232.695
3952.92,-1683.01,234.53
3957.24,-1684.81,236.398
3961.47,-1686.61,238.222
3965.7,-1688.41,240.04
3969.92,-1690.21,241.843
3974.13,-1692.01,243.642
3978.35,-1693.81,245.441
3982.57,-1695.61,247.242
3986.79,-1697.41,249.094
3991.02,-1699.21,250.951
3995.97,-1701.01,253.126
4000.2,-1702.81,254.986
4004.41,-1704.61,256.844
4008.67,-1706.41,258.712
4013.43,-1708.21,260.677
4017.84,-1710.01,262.495
4022.32,-1711.81,264.347
4026.74,-1713.61,266.166
4031.13,-1715.41,267.902
4035.53,-1717.21,269.642
4045.54,-1719.01,273.682
4050.13,-1720.81,275.544
4054.7,-1722.61,277.39
4059.31,-1724.41,278.745
4064,-1726.21,280.128
4068.46,-1728.01,281.439
4072.92,-1729.81,282.903
4077.21,-1731.61,284.315
4081.46,-1733.41,285.708
4085.69,-1735.21,287.095
4090,-1737.01,288.847
4094.24,-1738.81,290.571
4098.46,-1740.61,292.289
4102.68,-1742.41,294.008
4106.91,-1744.21,295.892
4111.13,-1746.01,297.778
4115.36,-1747.81,299.664
4119.59,-1749.61,301.486
4123.85,-1751.41,303.322
4128.09,-1753.21,305.145
4132.31,-1755.02,306.965
4136.55,-1756.82,308.722
4140.78,-1758.62,310.483
4145,-1760.42,312.236
4149.23,-1762.22,314.04
4153.48,-1764.02,315.852
4157.7,-1765.82,317.656
4161.94,-1767.62,319.466
4166.16,-1769.42,321.283
4170.39,-1771.22,323.102
4174.61,-1773.02,324.918
4178.86,-1774.82,326.75
4183.1,-1776.62,328.581
4187.34,-1778.42,330.406
4191.57,-1780.22,332.229
4195.83,-1782.02,334.049
4200.06,-1783.82,335.858
4204.27,-1785.62,337.657
4208.49,-1787.42,339.458
4213.11,-1789.22,341.43
4217.34,-1791.02,343.233
4221.58,-1792.82,345.043
4225.88,-1794.62,346.813
4230.11,-1796.42,348.553
4234.33,-1798.22,350.288
4238.55,-1800.02,352.019
4242.88,-1801.82,353.816
4247.13,-1803.62,355.566
4251.4,-1805.42,357.28
4255.78,-1807.22,358.833
4260.07,-1809.02,358.584
4264.31,-1810.82,357.002
4268.61,-1812.62,355.269
4273.23,-1814.42,353.357
4277.6,-1816.22,351.54
4281.86,-1818.02,349.764
4286.09,-1819.82,348.028
4290.31,-1821.62,346.289
4294.53,-1823.42,344.553
4298.77,-1825.22,342.773
4302.99,-1827.02,340.986
4307.23,-1828.82,339.199
4311.46,-1830.62,337.417
4315.68,-1832.42,335.621
4319.91,-1834.22,333.822
4324.19,-1836.02,332.005
4328.62,-1837.82,330.097
4332.88,-1839.62,328.264
4337.1,-1841.42,326.446
4341.34,-1843.22,324.619
4345.84,-1845.02,322.723
4350.08,-1846.82,320.931
4354.3,-1848.62,319.149
4358.87,-1850.42,317.226
4363.12,-1852.22,315.443
4367.34,-1854.02,313.668
4371.58,-1855.82,311.886
4376.08,-1857.62,310.016
4380.32,-1859.42,308.253
4384.54,-1861.22,306.5
4388.78,-1863.02,304.739
4393.01,-1864.82,302.97
4397.24,-1866.62,301.204
4401.47,-1868.42,299.441
4405.69,-1870.22,297.673
4409.93,-1872.02,295.897
4414.15,-1873.82,294.131
4418.37,-1875.62,292.364
4422.6,-1877.42,290.571
4426.91,-1879.22,288.749
4431.14,-1881.02,286.957
4435.36,-1882.82,285.17
4439.61,-1884.62,283.376
4443.86,-1886.42,281.576
4448.08,-1888.22,279.791
4452.3,-1890.02,278.018
4456.52,-1891.82,276.245
4460.75,-1893.62,274.468
4464.99,-1895.42,272.687
4469.22,-1897.22,270.913
4473.45,-1899.02,269.136
4477.68,-1900.82,267.363
4481.91,-1902.62,265.576
4486.14,-1904.42,263.794
4490.37,-1906.22,262.009
4494.58,-1908.02,260.227
4498.82,-1909.82,258.434
4503.06,-1911.62,256.64
4507.29,-1913.42,254.851
4511.52,-1915.22,253.068
4515.76,-1917.02,251.283
4520.01,-1918.82,249.488
4524.26,-1920.62,247.684
4528.48,-1922.42,245.891
4532.74,-1924.22,244.086
4536.99,-1926.02,242.282
4541.22,-1927.82,240.495
4545.45,-1929.62,238.703
4549.68,-1931.42,236.915
4553.92,-1933.22,235.108
4558.14,-1935.02,233.307
4562.38,-1936.82,231.498
4566.6,-1938.62,229.696
4570.85,-1940.42,227.883
4575.08,-1942.22,226.082
4579.3,-1944.02,224.278
4583.53,-1945.82,222.478
4587.75,-1947.62,220.677
4592,-1949.42,218.863
4596.24,-1951.22,217.057
4600.47,-1953.02,215.262
4604.7,-1954.82,213.466
4608.93,-1956.62,211.669
4613.17,-1958.42,209.871
4617.39,-1960.22,208.087
4621.65,-1962.02,206.294
4625.93,-1963.82,204.479
4630.16,-1965.62,202.692
4634.39,-1967.42,200.909
4638.61,-1969.22,199.123
4642.87,-1971.02,197.326
4647.1,-1972.82,195.547
4651.34,-1974.62,193.77
4655.56,-1976.42,192.002
4660.1,-1978.22,190.078
4664.32,-1980.02,188.293
4668.55,-1981.82,186.505
4672.79,-1983.62,184.713
4677.01,-1985.42,182.959
4681.24,-1987.22,181.199
4685.48,-1989.02,179.438
4689.71,-1990.82,177.625
4693.94,-1992.62,175.807
4698.16,-1994.42,173.997
4702.39,-1996.22,172.188
4706.61,-1998.02,170.374
4710.86,-1999.82,168.547
4715.08,-2001.62,166.735
4719.36,-2003.42,164.906
4723.61,-2005.22,163.092
4727.92,-2007.02,161.246
4732.15,-2008.82,159.44
4736.38,-2010.62,157.669
4740.61,-2012.42,155.9
4744.85,-2014.22,154.127
4749.07,-2016.02,152.361
4753.31,-2017.82,150.575
4757.53,-2019.62,148.798
4761.77,-2021.42,147.019
4765.99,-2023.22,145.229
4770.23,-2025.02,143.435
4774.45,-2026.82,141.651
4778.69,-2028.62,139.842
4782.93,-2030.42,138.03
4787.16,-2032.22,136.222
4791.39,-2034.02,134.418
4795.6,-2035.82,132.619
4799.86,-2037.62,130.807
4804.08,-2039.42,129.008
4808.3,-2041.22,127.211
4812.52,-2043.02,125.381
4816.75,-2044.82,123.551
4821.02,-2046.62,121.71
4825.27,-2048.42,119.854
4829.57,-2050.22,117.981
4833.8,-2052.02,116.136
4838.03,-2053.82,114.298
4842.44,-2055.62,112.408
4846.68,-2057.42,110.593
4850.92,-2059.22,108.78
4855.15,-2061.02,106.985
4859.37,-2062.82,105.182
4863.61,-2064.62,103.377
4867.86,-2066.42,101.571
4872.08,-2068.22,99.7496
4876.3,-2070.02,97.9291
4880.53,-2071.82,96.1089
4884.75,-2073.62,94.2867
4888.99,-2075.42,92.458
4893.23,-2077.22,90.6318
4897.45,-2079.02,88.8086
4901.69,-2080.82,87.0093
4905.91,-2082.62,85.2145
4910.14,-2084.42,83.4191
4914.36,-2086.22,81.6076
4918.59,-2088.02,79.7884
4922.83,-2089.82,77.9689
4927.09,-2091.62,76.1444
4931.34,-2093.42,74.3232
4935.57,-2095.22,72.5153
4939.81,-2097.02,70.6991
4944.03,-2098.82,68.8795
4948.25,-2100.62,67.0604
4952.48,-2102.42,65.2365
4956.7,-2104.22,63.4169
4961.05,-2106.02,61.5485
4965.27,-2107.82,59.7348
4969.53,-2109.62,57.9052
4973.75,-2111.42,56.0917
4978.31,-2113.22,54.1431
4982.55,-2115.02,52.3347
4986.78,-2116.82,50.5293
4991.31,-2118.62,48.6608
4995.53,-2120.42,46.9193
4999.78,-2122.22,45.1754
5003.99,-2124.02,43.4274
5008.55,-2125.82,41.541
5012.79,-2127.62,39.7857
5017.02,-2129.43,38.0392
5021.56,-2131.23,36.1656
5025.84,-2133.03,34.407
5030.06,-2134.83,32.6668
5034.31,-2136.63,30.9069
5038.53,-2138.43,29.1568
5042.77,-2140.23,27.4055
5046.99,-2142.03,25.6504
5051.22,-2143.83,23.8689
5055.44,-2145.63,22.0877
5059.74,-2147.43,20.2734
5063.99,-2149.23,18.4818
5068.22,-2151.03,16.6543
5072.46,-2152.83,14.8195
5076.69,-2154.63,12.9953
5080.93,-2156.43,11.1891
5085.15,-2158.23,9.39481
5089.38,-2160.03,7.60049
5093.9,-2161.83,5.69763
5098.13,-2163.63,3.92209
5102.41,-2165.43,2.20681
5106.79,-2167.23,0.959395
5111.05,-2169.03,1.92451
5115.28,-2170.83,3.56052
5119.72,-2172.63,5.35387
5124.69,-2174.43,7.40813
5129.06,-2176.23,9.22106
5133.34,-2178.03,10.9929
5137.56,-2179.83,12.7458
5141.81,-2181.63,14.4407
5146.03,-2183.43,16.1274
5150.28,-2185.23,17.8161
5154.5,-2187.03,19.5698
5158.74,-2188.83,21.3294
5162.98,-2190.63,23.0865
5167.21,-2192.43,24.8356
5171.57,-2194.23,26.6893
5175.81,-2196.03,28.4945
5180.04,-2197.83,30.2933
5184.59,-2199.63,32.0879
5188.83,-2201.43,34.0537
5193.06,-2203.23,35.872
5197.28,-2205.03,37.6872
5201.81,-2206.83,39.5904
5206.03,-2208.63,41.3641
5210.25,-2210.43,43.1404
5214.47,-2212.23,44.9078
5218.71,-2214.03,46.6817
5222.95,-2215.83,48.4576
5227.2,-2217.63,50.239
5231.43,-2219.43,52.0178
5235.68,-2221.23,53.8066
5239.91,-2223.03,55.5836
5244.12,-2224.83,57.3574
5248.34,-2226.63,59.1515
5252.58,-2228.43,60.9509
5256.81,-2230.23,62.7493
5261.06,-2232.03,64.5488
5265.33,-2233.83,66.3406
5269.56,-2235.63,68.1416
5274.1,-2237.43,70.0577
5278.33,-2239.23,71.838
5282.56,-2241.03,73.6209
5286.79,-2242.83,75.4041
5291.32,-2244.63,77.2617
5295.55,-2246.43,79.0037
5299.79,-2248.23,80.7441
5304.34,-2250.03,82.4775
5308.56,-2251.83,84.3571
5312.8,-2253.63,86.1059
5317.02,-2255.43,87.8458
5321.56,-2257.23,89.7091
5325.83,-2259.03,91.4628
5330.07,-2260.83,93.2063
5334.65,-2262.63,95.0912
5338.88,-2264.43,96.8435
5343.11,-2266.23,98.5883
5347.34,-2268.03,100.338
5351.83,-2269.83,102.178
5356.06,-2271.63,103.917
5360.29,-2273.43,105.651
5364.52,-2275.23,107.402
5368.75,-2277.03,109.162
5373,-2278.83,110.927
5377.22,-2280.63,112.681
5381.45,-2282.43,114.458
5385.67,-2284.23,116.235
5389.91,-2286.03,118.016
5394.13,-2287.83,119.818
5398.35,-2289.63,121.621
5402.59,-2291.43,123.431
5406.82,-2293.23,125.237
5411.08,-2295.03,127.049
5415.32,-2296.83,128.849
5419.55,-2298.63,130.643
5424.1,-2300.43,132.579
5428.37,-2302.23,134.394
5432.6,-2304.03,136.193
5436.87,-2305.83,138.012
5441.31,-2307.63,139.848
5445.53,-2309.43,141.596
5450.82,-2311.23,143.785
5456.93,-2313.03,146.312
5461.22,-2314.83,148.095
5465.44,-2316.63,149.841
5469.68,-2318.43,151.387
5473.89,-2320.23,152.925
5478.1,-2322.03,154.46
5482.32,-2323.83,155.999
5486.69,-2325.63,157.701
5490.93,-2327.43,159.355
5495.15,-2329.23,160.999
5499.37,-2331.03,162.642
5503.96,-2332.83,164.617
5508.18,-2334.63,166.435
5512.4,-2336.43,168.252
5516.94,-2338.23,170.133
5521.18,-2340.03,171.89
5525.44,-2341.83,173.652
5529.99,-2343.63,175.547
5534.22,-2345.43,177.31
5538.49,-2347.23,179.084
5542.74,-2349.03,180.854
5547.18,-2350.83,182.68
5551.42,-2352.63,184.422
5555.65,-2354.43,186.16
5560.21,-2356.23,187.895
5564.43,-2358.03,189.817
5568.67,-2359.83,191.608
5572.9,-2361.63,193.392
5577.13,-2363.43,195.117
5581.35,-2365.23,196.842
5585.59,-2367.03,198.572
5589.83,-2368.83,200.301
5594.06,-2370.63,202.096
5598.28,-2372.43,203.886
5602.51,-2374.23,205.677
5606.74,-2376.03,207.479
5610.99,-2377.83,209.286
5615.21,-2379.63,211.08
5619.49,-2381.43,212.897
5623.74,-2383.23,214.703
5628.03,-2385.03,216.517
5632.25,-2386.83,218.319
5636.72,-2388.63,220.207
5640.96,-2390.43,222.003
5645.19,-2392.23,223.787
5649.74,-2394.03,225.705
5654,-2395.83,227.497
5658.22,-2397.63,229.276
5662.47,-2399.43,231.062
5666.96,-2401.23,232.928
5671.2,-2403.03,234.69
5675.43,-2404.83,236.443
5679.98,-2406.63,238.354
5684.21,-2408.43,240.127
5688.43,-2410.23,241.899
5692.66,-2412.03,243.674
5697.17,-2413.83,245.542
5701.4,-2415.63,247.288
5705.62,-2417.43,249.034
5709.87,-2419.23,250.791
5714.43,-2421.03,252.727
5718.67,-2422.83,254.525
5722.89,-2424.63,256.318
5727.14,-2426.43,258.09
5731.37,-2428.23,259.852
5735.61,-2430.03,261.618
5739.9,-2431.83,263.406
5744.11,-2433.63,265.232
5748.35,-2435.43,267.063
5752.57,-2437.23,268.892
5756.81,-2439.03,270.699
5761.04,-2440.83,272.502
5765.27,-2442.63,274.3
5769.61,-2444.43,276.179
5773.86,-2446.23,278.016
5778.1,-2448.03,279.849
5782.33,-2449.83,281.675
5786.69,-2451.63,283.53
5790.93,-2453.43,285.335
5795.15,-2455.23,287.128
5799.37,-2457.03,288.922
5803.61,-2458.83,290.72
5807.86,-2460.63,292.522
5812.15,-2462.43,294.337
5816.45,-2464.23,296.171
5820.7,-2466.03,297.984
5824.92,-2467.83,299.781
5829.14,-2469.63,301.582
5833.36,-2471.43,303.361
5837.57,-2473.23,305.137
5841.83,-2475.03,306.93
5846.05,-2476.83,308.727
5850.27,-2478.63,310.525
5854.48,-2480.43,312.319
5858.69,-2482.23,314.112
5862.91,-2484.03,315.906
5867.13,-2485.83,317.697
5871.35,-2487.63,319.49
5875.56,-2489.43,321.292
5879.78,-2491.23,323.096
5883.99,-2493.03,324.897
5888.21,-2494.83,326.699
5892.43,-2496.64,328.508
5896.64,-2498.44,330.317
5900.86,-2500.24,332.125
5905.08,-2502.04,333.954
5909.29,-2503.84,335.783
5913.51,-2505.64,337.612
5917.72,-2507.44,339.44
5921.94,-2509.24,341.25
5926.16,-2511.04,343.06
5930.38,-2512.84,344.869
5934.59,-2514.64,346.673
5938.8,-2516.44,348.47
5943.05,-2518.24,350.276
5947.27,-2520.04,352.063
5951.53,-2521.84,353.837
5955.75,-2523.64,355.567
5959.99,-2525.44,357.229
5964.3,-2527.24,358.547
5968.58,-2529.04,358.216
5972.8,-2530.84,356.733
5977.12,-2532.64,355.018
5981.68,-2534.44,353.161
5986.06,-2536.24,351.343
5990.29,-2538.04,349.592
5994.5,-2539.84,347.841
5998.71,-2541.64,346.129
6002.93,-2543.44,344.413
6007.14,-2545.24,342.698
6011.36,-2547.04,340.935
6015.57,-2548.84,339.173
6019.79,-2550.64,337.408
6024,-2552.44,335.646
6028.22,-2554.24,333.822
6032.44,-2556.04,331.999
6036.65,-2557.84,330.179
6040.87,-2559.64,328.355
6045.12,-2561.44,326.518
6049.34,-2563.24,324.697
6053.56,-2565.04,322.874
6057.77,-2566.84,321.068
6061.99,-2568.64,319.259
6066.2,-2570.44,317.453
6070.42,-2572.24,315.645
6074.64,-2574.04,313.852
6078.85,-2575.84,312.056
6083.07,-2577.64,310.259
6087.29,-2579.44,308.463
6091.54,-2581.24,306.653
6095.76,-2583.04,304.857
6099.98,-2584.84,303.053
6104.19,-2586.64,301.255
6108.4,-2588.44,299.455
6112.62,-2590.24,297.651
6116.84,-2592.04,295.867
6121.06,-2593.84,294.081
6125.27,-2595.64,292.298
6129.57,-2597.44,290.482
6133.78,-2599.24,288.696
6138,-2601.04,286.909
6142.22,-2602.84,285.119
6146.47,-2604.64,283.335
6150.69,-2606.44,281.562
6154.91,-2608.24,279.79
6159.12,-2610.04,278.019
6163.34,-2611.84,276.219
6167.56,-2613.64,274.421
6171.78,-2615.44,272.62
6175.99,-2617.24,270.811
6180.21,-2619.04,268.998
6184.42,-2620.84,267.189
6188.64,-2622.64,265.379
6192.86,-2624.44,263.575
6197.07,-2626.24,261.773
6201.29,-2628.04,259.969
6205.5,-2629.84,258.168
6209.72,-2631.64,256.371
6213.93,-2633.44,254.576
6218.14,-2635.24,252.782
6222.36,-2637.04,250.988
6226.58,-2638.84,249.196
6230.8,-2640.64,247.4
6235.01,-2642.44,245.608
6239.23,-2644.24,243.816
6243.44,-2646.04,242.021
6247.69,-2647.84,240.216
6251.91,-2649.64,238.433
6256.12,-2651.44,236.654
6260.34,-2653.24,234.873
6264.55,-2655.04,233.095
6268.77,-2656.84,231.31
6272.99,-2658.64,229.522
6277.2,-2660.44,227.736
6281.42,-2662.24,225.949
6285.63,-2664.04,224.163
6289.85,-2665.84,222.375
6294.06,-2667.64,220.59
6298.27,-2669.44,218.78
6302.49,-2671.24,216.968
6306.71,-2673.04,215.159
6310.93,-2674.84,213.337
6315.14,-2676.64,211.518
6319.35,-2678.44,209.699
6323.57,-2680.24,207.877
6327.79,-2682.04,206.07
6332,-2683.84,204.262
6336.22,-2685.64,202.458
6340.43,-2687.44,200.651
6344.65,-2689.24,198.863
6348.89,-2691.04,197.063
6353.1,-2692.84,195.271
6357.32,-2694.64,193.488
6361.54,-2696.44,191.703
6365.75,-2698.24,189.92
6369.97,-2700.04,188.127
6374.18,-2701.84,186.337
6378.39,-2703.64,184.545
6382.6,-2705.44,182.752
6386.82,-2707.24,180.964
6391.03,-2709.04,179.174
6395.25,-2710.84,177.385
6399.49,-2712.64,175.584
6403.71,-2714.44,173.792
6407.92,-2716.24,172.003
6412.14,-2718.04,170.212
6416.35,-2719.84,168.422
6420.57,-2721.64,166.631
6424.78,-2723.44,164.843
6429,-2725.24,163.052
6433.21,-2727.04,161.238
6437.43,-2728.84,159.424
6441.65,-2730.64,157.61
6445.86,-2732.44,155.784
6450.11,-2734.24,153.945
6454.32,-2736.04,152.118
6458.53,-2737.84,150.292
6462.75,-2739.64,148.482
6466.96,-2741.44,146.674
6471.23,-2743.24,144.842
6475.45,-2745.04,143.035
6479.67,-2746.84,141.225
6483.88,-2748.64,139.417
6488.09,-2750.44,137.609
6492.31,-2752.24,135.825
6496.53,-2754.04,134.042
6500.75,-2755.84,132.259
6504.96,-2757.64,130.479
6509.17,-2759.44,128.673
6513.39,-2761.24,126.864
6517.6,-2763.04,125.058
6521.82,-2764.84,123.254
6526.03,-2766.64,121.452
6530.25,-2768.44,119.645
6534.46,-2770.24,117.843
6538.68,-2772.04,116.036
6542.9,-2773.84,114.228
6547.11,-2775.64,112.421
6551.35,-2777.44,110.591
6555.57,-2779.24,108.775
6559.79,-2781.04,106.956
6564,-2782.84,105.142
6568.21,-2784.64,103.305
6572.43,-2786.44,101.467
6576.64,-2788.24,99.631
6580.86,-2790.04,97.7656
6585.07,-2791.84,95.9026
6589.29,-2793.64,94.0396
6593.53,-2795.44,92.1637
6597.75,-2797.24,90.3312
6601.97,-2799.04,88.4975
6606.18,-2800.84,86.6667
6610.4,-2802.64,84.8531
6614.61,-2804.44,83.0424
6618.82,-2806.24,81.2308
6623.04,-2808.04,79.417
6627.25,-2809.84,77.6211
6631.48,-2811.64,75.8184
6635.7,-2813.44,74.0204
6639.92,-2815.24,72.221
6644.13,-2817.04,70.415
6648.34,-2818.84,68.6097
6652.57,-2820.64,66.7973
6656.79,-2822.44,65.0027
6661.01,-2824.24,63.2063
6665.22,-2826.04,61.4144
6669.44,-2827.84,59.6234
6673.66,-2829.64,57.826
6677.88,-2831.44,56.0301
6682.1,-2833.24,54.234
6686.31,-2835.04,52.4239
6690.53,-2836.84,50.6105
6694.74,-2838.64,48.7995
6698.96,-2840.44,46.9875
6703.18,-2842.24,45.1749
6707.41,-2844.04,43.3573
6711.63,-2845.84,41.5459
6715.84,-2847.64,39.7132
6720.06,-2849.44,37.8806
6724.27,-2851.24,36.0504
6728.49,-2853.04,34.2183
6732.71,-2854.84,32.4036
6736.92,-2856.64,30.5924
6741.14,-2858.44,28.7794
6745.36,-2860.24,26.968
6749.57,-2862.04,25.1569
6753.81,-2863.84,23.3362
6758.03,-2865.65,21.5278
6762.25,-2867.45,19.7427
6766.46,-2869.25,17.9606
6770.68,-2871.05,16.1779
6774.89,-2872.85,14.4
6779.11,-2874.65,12.6135
6783.32,-2876.45,10.8292
6787.54,-2878.25,9.0516
6791.75,-2880.05,7.28736
6796.01,-2881.85,5.52473
6800.22,-2883.65,3.82037
6804.45,-2885.45,2.25383
6808.76,-2887.25,1.41993
6813.04,-2889.05,2.36202
6817.26,-2890.85,3.93902
6821.52,-2892.65,5.63489
6826.06,-2894.45,7.49328
6830.52,-2896.25,9.34991
6834.74,-2898.05,11.1063
6838.95,-2899.85,12.8401
6843.17,-2901.65,14.5798
6847.39,-2903.45,16.3216
6851.61,-2905.25,18.081
6855.87,-2907.05,19.8558
6860.08,-2908.85,21.6176
6864.3,-2910.65,23.376
6868.51,-2912.45,25.1898
6872.73,-2914.25,27.0061
6876.94,-2916.05,28.8204
6881.16,-2917.85,30.6375
6885.38,-2919.65,32.4488
6889.59,-2921.45,34.2606
6893.8,-2923.25,36.0693
6898.02,-2925.05,37.8578
6902.23,-2926.85,39.6486
6906.45,-2928.65,41.4367
6910.66,-2930.45,43.2267
6914.87,-2932.25,45.0149
6919.09,-2934.05,46.8034
6923.3,-2935.85,48.594
6927.52,-2937.65,50.3806
6931.74,-2939.45,52.1727
6935.96,-2941.25,53.9618
6940.18,-2943.05,55.751
6944.39,-2944.85,57.545
6948.6,-2946.65,59.3389
6952.84,-2948.45,61.1382
6957.16,-2950.25,62.9772
6961.46,-2952.05,64.811
6965.68,-2953.85,66.6048
6969.89,-2955.65,68.3983
6974.1,-2957.45,70.1807
6978.31,-2959.25,71.9659
6982.53,-2961.05,73.7546
6986.75,-2962.85,75.5553
6990.96,-2964.65,77.3542
6995.17,-2966.45,79.1507
6999.38,-2968.25,80.9495
7003.6,-2970.05,82.7559
7007.82,-2971.85,84.5601
7012.04,-2973.65,86.3655
7016.25,-2975.45,88.161
7020.47,-2977.25,89.9582
7024.68,-2979.05,91.7526
7028.9,-2980.85,93.5498
7033.12,-2982.65,95.3434
7037.34,-2984.45,97.1346
7041.55,-2986.25,98.9288
7045.77,-2988.05,100.723
7049.99,-2989.85,102.519
7054.23,-2991.65,104.326
7058.44,-2993.45,106.121
7062.66,-2995.25,107.907
7066.88,-2997.05,109.691
7071.09,-2998.85,111.476
7075.33,-3000.65,113.272
7079.55,-3002.45,115.063
7083.76,-3004.25,116.851
7087.98,-3006.05,118.64
7092.19,-3007.85,120.433
7096.41,-3009.65,122.226
7100.62,-3011.45,124.019
7104.83,-3013.25,125.811
7109.04,-3015.05,127.618
7113.26,-3016.85,129.427
7117.48,-3018.65,131.236
7121.7,-3020.45,133.046
7125.91,-3022.25,134.861
7130.13,-3024.05,136.681
7134.34,-3025.85,138.495
7138.56,-3027.65,140.298
7142.78,-3029.45,142.103
7146.99,-3031.25,143.906
7151.21,-3033.05,145.707
7155.45,-3034.85,147.516
7159.66,-3036.65,149.316
7163.88,-3038.45,151.114
7168.16,-3040.25,152.925
7172.37,-3042.05,154.71
7176.59,-3043.85,156.493
7180.8,-3045.65,158.278
7185.02,-3047.45,160.069
7189.23,-3049.25,161.862
7193.45,-3051.05,163.656
7197.67,-3052.85,165.446
7201.89,-3054.65,167.238
7206.1,-3056.45,169.029
7210.32,-3058.25,170.821
7214.53,-3060.05,172.602
7218.75,-3061.85,174.384
7222.97,-3063.65,176.167
7227.18,-3065.45,177.952
7231.4,-3067.25,179.743
7235.62,-3069.05,181.528
7239.83,-3070.85,183.315
7244.04,-3072.65,185.127
7248.25,-3074.45,186.94
7252.47,-3076.25,188.755
7256.68,-3078.05,190.569
7260.9,-3079.85,192.404
7265.11,-3081.65,194.236
7269.33,-3083.45,196.069
7273.54,-3085.25,197.883
7277.76,-3087.05,199.695
7281.97,-3088.85,201.508
7286.19,-3090.65,203.313
7290.4,-3092.45,205.121
7294.61,-3094.25,206.925
7298.83,-3096.05,208.73
7303.04,-3097.85,210.519
7307.25,-3099.65,212.307
7311.47,-3101.45,214.096
7315.69,-3103.25,215.885
7319.91,-3105.05,217.689
7324.12,-3106.85,219.491
7328.33,-3108.65,221.292
7332.55,-3110.45,223.089
7336.77,-3112.25,224.879
7340.98,-3114.05,226.673
7345.19,-3115.85,228.463
7349.41,-3117.65,230.258
7353.62,-3119.45,232.055
7357.86,-3121.25,233.862
7362.08,-3123.05,235.666
7366.3,-3124.85,237.469
7370.51,-3126.65,239.273
7374.73,-3128.45,241.074
7378.94,-3130.25,242.904
7383.16,-3132.05,244.734
7387.37,-3133.85,246.563
7391.59,-3135.65,248.395
7395.8,-3137.45,250.254
7400.02,-3139.25,252.115
7404.23,-3141.05,253.972
7408.44,-3142.85,255.803
7412.66,-3144.65,257.635
7416.87,-3146.45,259.466
7421.09,-3148.25,261.299
7425.33,-3150.05,263.139
7429.55,-3151.85,264.975
7433.76,-3153.65,266.806
7437.98,-3155.45,268.613
7442.2,-3157.25,270.422
7446.41,-3159.05,272.229
7450.63,-3160.85,274.038
7454.84,-3162.65,275.846
7459.08,-3164.45,277.667
7463.3,-3166.25,279.479
7467.51,-3168.05,281.277
7471.73,-3169.85,283.078
7475.95,-3171.65,284.877
7480.16,-3173.45,286.678
7484.38,-3175.25,288.477
7488.59,-3177.05,290.277
7492.81,-3178.85,292.079
7497.02,-3180.65,293.888
7501.24,-3182.45,295.699
7505.45,-3184.25,297.508
7509.67,-3186.05,299.318
7513.88,-3187.85,301.135
7518.1,-3189.65,302.951
7522.31,-3191.45,304.768
7526.52,-3193.25,306.584
7530.75,-3195.05,308.417
7534.96,-3196.85,310.246
7539.17,-3198.65,312.075
7543.39,-3200.45,313.892
7547.6,-3202.25,315.707
7551.82,-3204.05,317.524
7556.03,-3205.85,319.334
7560.27,-3207.65,321.156
7564.48,-3209.45,322.966
7568.7,-3211.25,324.776
7572.92,-3213.05,326.567
7577.13,-3214.85,328.357
7581.35,-3216.65,330.148
7585.56,-3218.45,331.937
7589.78,-3220.25,333.743
7593.99,-3222.05,335.546
7598.21,-3223.85,337.348
7602.42,-3225.65,339.142
7606.64,-3227.45,340.932
7610.85,-3229.25,342.723
7615.06,-3231.05,344.51
7619.27,-3232.85,346.287
7623.5,-3234.66,348.068
7627.71,-3236.46,349.84
7631.94,-3238.26,351.612
7636.15,-3240.06,353.369
7640.41,-3241.86,355.122
7644.62,-3243.66,356.797
7648.86,-3245.46,358.243
7653.18,-3247.26,358.412
7657.5,-3249.06,357.036
7661.73,-3250.86,355.36
7666.02,-3252.66,353.598
7670.65,-3254.46,351.662
7675.1,-3256.26,349.767
7679.32,-3258.06,348.01
7683.55,-3259.86,346.249
7687.76,-3261.66,344.489
7691.98,-3263.46,342.774
7696.19,-3265.26,341.059
7700.41,-3267.06,339.342
7704.62,-3268.86,337.628
7708.84,-3270.66,335.835
7713.05,-3272.46,334.04
7717.27,-3274.26,332.247
7721.48,-3276.06,330.451
7725.7,-3277.86,328.636
7729.92,-3279.66,326.819
7734.13,-3281.46,325.004
7738.34,-3283.26,323.22
7742.56,-3285.06,321.434
7746.77,-3286.86,319.648
7750.99,-3288.66,317.861
7755.2,-3290.46,316.077
7759.42,-3292.26,314.293
7763.67,-3294.06,312.489
7767.89,-3295.86,310.693
7772.11,-3297.66,308.896
7776.32,-3299.46,307.102
7780.54,-3301.26,305.306
7784.75,-3303.06,303.494
7788.96,-3304.86,301.682
7793.18,-3306.66,299.868
7797.4,-3308.46,298.057
7801.62,-3310.26,296.246
7805.83,-3312.06,294.437
7810.05,-3313.86,292.627
7814.26,-3315.66,290.826
7818.47,-3317.46,289.025
7822.69,-3319.26,287.221
7826.91,-3321.06,285.43
7831.13,-3322.86,283.636
7835.36,-3324.66,281.841
7839.58,-3326.46,280.049
7843.79,-3328.26,278.258
7848.01,-3330.06,276.468
7852.23,-3331.86,274.675
7856.44,-3333.66,272.871
7860.66,-3335.46,271.065
7864.96,-3337.26,269.223
7869.18,-3339.06,267.417
7873.4,-3340.86,265.629
7877.61,-3342.66,263.842
7881.83,-3344.46,262.055
7886.04,-3346.26,260.281
7890.26,-3348.06,258.505
7894.47,-3349.86,256.733
7898.69,-3351.66,254.958
7902.9,-3353.46,253.162
7907.12,-3355.26,251.368
7911.34,-3357.06,249.572
7915.55,-3358.86,247.779
7919.77,-3360.66,245.954
7923.98,-3362.46,244.133
7928.2,-3364.26,242.312
7932.42,-3366.06,240.497
7936.64,-3367.86,238.686
7940.86,-3369.66,236.872
7945.07,-3371.46,235.062
7949.28,-3373.26,233.259
7953.5,-3375.06,231.452
7957.71,-3376.86,229.649
7961.93,-3378.66,227.849
7966.17,-3380.46,226.041
7970.39,-3382.26,224.24
7974.6,-3384.06,222.443
7978.81,-3385.86,220.651
7983.03,-3387.66,218.857
7987.25,-3389.46,217.066
7991.46,-3391.26,215.272
7995.68,-3393.06,213.469
7999.9,-3394.86,211.664
8004.11,-3396.66,209.861
8008.32,-3398.46,208.076
8012.54,-3400.26,206.289
8016.75,-3402.06,204.504
8020.97,-3403.86,202.717
8025.18,-3405.66,200.943
8029.39,-3407.46,199.168
8033.61,-3409.26,197.389
8037.83,-3411.06,195.604
8042.05,-3412.86,193.818
8046.26,-3414.66,192.035
8050.48,-3416.46,190.249
8054.69,-3418.26,188.429
8058.9,-3420.06,186.608
8063.12,-3421.86,184.785
8067.35,-3423.66,182.938
8071.57,-3425.46,181.098
8075.78,-3427.26,179.262
8080,-3429.06,177.423
8084.21,-3430.86,175.618
8088.42,-3432.66,173.813
8092.64,-3434.46,172.006
8096.85,-3436.26,170.2
8101.07,-3438.06,168.393
8105.28,-3439.86,166.589
8109.53,-3441.66,164.763
8113.75,-3443.46,162.978
8117.96,-3445.26,161.191
8122.18,-3447.06,159.404
8126.39,-3448.86,157.618
8130.61,-3450.66,155.828
8134.83,-3452.46,154.037
8139.05,-3454.26,152.249
8143.26,-3456.06,150.458
8147.47,-3457.86,148.671
8151.69,-3459.66,146.881
8155.9,-3461.46,145.093
8160.12,-3463.26,143.292
8164.33,-3465.06,141.495
8168.54,-3466.86,139.697
8172.76,-3468.66,137.887
8176.98,-3470.46,136.079
8181.2,-3472.26,134.269
8185.41,-3474.06,132.462
8189.63,-3475.86,130.637
8193.84,-3477.66,128.814
8198.06,-3479.46,126.991
8202.27,-3481.26,125.166
8206.49,-3483.06,123.325
8210.7,-3484.86,121.482
8214.92,-3486.66,119.642
8219.13,-3488.46,117.82
8223.34,-3490.26,115.998
8227.56,-3492.06,114.177
8231.78,-3493.86,112.363
8235.99,-3495.66,110.555
8240.21,-3497.46,108.743
8244.42,-3499.26,106.935
8248.64,-3501.06,105.132
8252.86,-3502.86,103.327
8257.07,-3504.66,101.526
8261.29,-3506.46,99.7223
8265.52,-3508.26,97.8842
8269.74,-3510.06,96.0528
8273.95,-3511.86,94.2258
8278.17,-3513.66,92.4067
8282.39,-3515.46,90.5869
8286.6,-3517.26,88.7683
8290.82,-3519.06,86.9484
8295.03,-3520.86,85.1429
8299.24,-3522.66,83.3374
8303.46,-3524.46,81.5303
8307.67,-3526.26,79.7219
8311.89,-3528.06,77.9115
8316.1,-3529.86,76.1032
8320.32,-3531.66,74.2941
8324.53,-3533.46,72.4797
8328.75,-3535.26,70.6641
8332.97,-3537.06,68.8451
8337.18,-3538.86,67.014
8341.4,-3540.66,65.1808
8345.61,-3542.46,63.3489
8349.83,-3544.26,61.5161
8354.04,-3546.06,59.7025
8358.25,-3547.86,57.8881
8362.47,-3549.66,56.0716
8366.68,-3551.46,54.2534
8370.9,-3553.26,52.4319
8375.11,-3555.06,50.6143
8379.32,-3556.86,48.795
8383.54,-3558.66,46.9962
8387.75,-3560.46,45.1995
8391.97,-3562.26,43.4004
8396.18,-3564.06,41.6042
8400.4,-3565.86,39.7977
8404.61,-3567.66,37.9941
8408.82,-3569.46,36.1894
8413.04,-3571.26,34.3927
8417.25,-3573.06,32.5969
8421.47,-3574.86,30.8001
8425.68,-3576.66,29.0051
8429.9,-3578.46,27.2155
8434.12,-3580.26,25.4262
8438.33,-3582.06,23.6385
8442.55,-3583.86,21.8491
8446.76,-3585.66,20.0583
8450.98,-3587.46,18.2647
8455.22,-3589.26,16.468
8459.66,-3591.06,14.5686
8463.88,-3592.86,12.7632
8468.12,-3594.66,10.952
8472.34,-3596.46,9.1725
8476.55,-3598.26,7.40358
8480.77,-3600.06,5.64475
8485.02,-3601.86,3.90609
8489.23,-3603.67,2.2763
8493.46,-3605.47,1.26978
8497.75,-3607.27,2.16888
8502.04,-3609.07,3.8136
8506.25,-3610.87,5.53719
8510.56,-3612.67,7.32702
8515.11,-3614.47,9.24058
8519.6,-3616.27,11.1243
8523.83,-3618.07,12.8918
8528.05,-3619.87,14.6547
8532.27,-3621.67,16.4241
8536.49,-3623.47,18.1282
8540.71,-3625.27,19.8354
8544.92,-3627.07,21.5404
8549.13,-3628.87,23.3018
8553.35,-3630.67,25.0656
8557.57,-3632.47,26.8294
8561.85,-3634.27,28.6697
8566.07,-3636.07,30.4813
8570.32,-3637.87,32.3124
8574.53,-3639.67,34.1235
8578.75,-3641.47,35.9193
8582.97,-3643.27,37.7171
8587.18,-3645.07,39.5131
8591.4,-3646.87,41.3104
8595.61,-3648.67,43.1167
8599.83,-3650.47,44.9255
8604.04,-3652.27,46.7311
8608.25,-3654.07,48.5355
8612.47,-3655.87,50.3424
8616.68,-3657.67,52.1473
8620.9,-3659.47,53.9551
8625.12,-3661.27,55.7646
8629.33,-3663.07,57.5767
8633.55,-3664.87,59.3921
8637.77,-3666.67,61.1906
8641.99,-3668.47,62.9917
8646.21,-3670.27,64.7927
8650.42,-3672.07,66.5937
8654.64,-3673.87,68.38
8658.85,-3675.67,70.1662
8663.07,-3677.47,71.9545
8667.28,-3679.27,73.742
8671.53,-3681.07,75.5404
8675.77,-3682.87,77.3342
8679.99,-3684.67,79.1206
8684.21,-3686.47,80.9017
8688.42,-3688.27,82.6816
8692.64,-3690.07,84.4653
8696.85,-3691.87,86.2556
8701.07,-3693.67,88.0483
8705.28,-3695.47,89.8386
8709.6,-3697.27,91.6745
8713.81,-3699.07,93.4818
8718.03,-3700.87,95.2911
8722.25,-3702.67,97.1005
8726.46,-3704.47,98.909
8730.68,-3706.27,100.713
8734.9,-3708.07,102.517
8739.11,-3709.87,104.32
8743.33,-3711.67,106.136
8747.55,-3713.47,107.949
8751.77,-3715.27,109.763
8755.98,-3717.07,111.575
8760.2,-3718.87,113.384
8764.41,-3720.67,115.191
8768.62,-3722.47,116.997
8772.87,-3724.27,118.8
8777.08,-3726.07,120.588
8781.3,-3727.87,122.38
8785.51,-3729.67,124.168
8789.73,-3731.47,125.944
8793.95,-3733.27,127.718
8798.16,-3735.07,129.494
8802.38,-3736.87,131.27
8806.59,-3738.67,133.047
8810.81,-3740.47,134.825
8815.02,-3742.27,136.6
8819.23,-3744.07,138.38
8823.45,-3745.87,140.161
8827.66,-3747.67,141.942
8831.88,-3749.47,143.74
8836.1,-3751.27,145.539
8840.32,-3753.07,147.338
8844.53,-3754.87,149.135
8848.74,-3756.67,150.926
8852.96,-3758.47,152.719
8857.17,-3760.27,154.511
8861.39,-3762.07,156.304
8865.6,-3763.87,158.123
8869.82,-3765.67,159.944
8874.06,-3767.47,161.774
8878.27,-3769.27,163.6
8882.49,-3771.07,165.429
8886.7,-3772.87,167.255
8890.92,-3774.67,169.083
8895.13,-3776.47,170.857
8899.34,-3778.27,172.633
8903.56,-3780.07,174.41
8907.77,-3781.87,176.191
8911.99,-3783.67,177.975
8916.2,-3785.47,179.756
8920.42,-3787.27,181.54
8924.62,-3789.07,183.356
8928.84,-3790.87,185.174
8933.06,-3792.67,186.994
8937.27,-3794.47,188.812
8941.49,-3796.27,190.657
8945.7,-3798.07,192.501
8949.92,-3799.87,194.347
8954.13,-3801.67,196.145
8958.34,-3803.47,197.945
8962.56,-3805.27,199.746
8966.77,-3807.07,201.546
8970.99,-3808.87,203.316
8975.22,-3810.67,205.093
8979.43,-3812.47,206.862
8983.65,-3814.27,208.655
8987.86,-3816.07,210.446
8992.09,-3817.87,212.243
8996.43,-3819.67,214.087
9000.65,-3821.47,215.921
9004.86,-3823.27,217.75
9010.71,-3825.07,220.285
9015.21,-3826.87,222.224
9019.82,-3828.67,224.213
9024.23,-3830.47,226.117
9028.68,-3832.27,227.673
9033.15,-3834.07,229.242
9037.58,-3835.87,230.792
9042.51,-3837.67,232.732
9047.07,-3839.47,234.533
9051.57,-3841.27,236.302
9056.41,-3843.07,238.219
9060.82,-3844.87,239.935
9065.17,-3846.67,241.632
9069.41,-3848.47,243.282
9073.69,-3850.27,244.954
9077.93,-3852.07,246.609
9082.17,-3853.87,248.264
9086.39,-3855.67,249.913
9090.64,-3857.47,251.815
9094.87,-3859.27,253.724
9099.1,-3861.07,255.628
9103.32,-3862.87,257.53
9107.56,-3864.67,259.37
9111.8,-3866.47,261.212
9116.03,-3868.27,263.052
9120.26,-3870.07,264.877
9124.49,-3871.87,266.703
9128.72,-3873.67,268.531
9132.97,-3875.47,270.342
9137.23,-3877.27,272.155
9141.46,-3879.07,273.959
9145.68,-3880.87,275.761
9150.06,-3882.67,277.635
9154.3,-3884.47,279.451
9158.52,-3886.27,281.259
9162.74,-3888.07,283.069
9167.3,-3889.87,285.008
9171.54,-3891.67,286.811
9175.8,-3893.47,288.621
9180.03,-3895.27,290.351
9184.26,-3897.07,292.078
9188.48,-3898.87,293.812
9192.72,-3900.67,295.548
9196.96,-3902.47,297.371
9201.18,-3904.27,299.188
9205.41,-3906.07,301.007
9209.64,-3907.87,302.829
9213.87,-3909.67,304.646
9218.1,-3911.47,306.47
9222.35,-3913.27,308.3
9226.57,-3915.07,310.121
9230.81,-3916.87,311.947
9235.06,-3918.67,313.776
9239.55,-3920.47,315.708
9243.8,-3922.27,317.534
9248.02,-3924.07,319.347
9252.58,-3925.87,321.163
9256.82,-3927.67,323.05
9261.04,-3929.47,324.796
9265.36,-3931.27,326.578
9269.83,-3933.07,328.404
9274.1,-3934.87,330.147
9278.32,-3936.67,331.871
9282.87,-3938.47,333.77
9287.11,-3940.27,335.543
9291.34,-3942.07,337.308
9295.58,-3943.87,339.076
9300.05,-3945.67,340.912
9304.27,-3947.47,342.643
9308.49,-3949.27,344.373
9312.73,-3951.07,346.109
9317.3,-3952.87,347.981
9321.54,-3954.67,349.716
9325.77,-3956.47,351.444
9330,-3958.27,353.166
9334.26,-3960.07,354.882
9338.57,-3961.87,356.584
9342.81,-3963.67,358.098
9347.08,-3965.47,358.67
9351.44,-3967.27,357.368
9355.74,-3969.07,355.635
9360,-3970.88,353.878
9364.36,-3972.68,352.059
9369.02,-3974.48,350.1
9373.48,-3976.28,348.246
9377.74,-3978.08,346.482
9381.98,-3979.88,344.726
9386.21,-3981.68,342.972
9390.43,-3983.48,341.285
9394.67,-3985.28,339.593
9398.89,-3987.08,337.905
9403.3,-3988.88,336.137
9407.54,-3990.68,334.334
9411.78,-3992.48,332.532
9416,-3994.28,330.738
9420.23,-3996.08,328.961
9424.47,-3997.88,327.182
9428.69,-3999.68,325.409
9433.12,-4001.48,323.555
9437.37,-4003.28,321.772
9441.6,-4005.08,319.997
9445.85,-4006.88,318.213
9450.3,-4008.68,316.349
9454.51,-4010.48,314.581
9458.76,-4012.28,312.804
9462.99,-4014.08,311.027
9467.55,-4015.88,309.104
9471.79,-4017.68,307.315
9476.04,-4019.48,305.524
9480.27,-4021.28,303.786
9484.49,-4023.08,302.049
9488.74,-4024.88,300.302
9492.99,-4026.68,298.554
9497.22,-4028.48,296.77
9501.45,-4030.28,294.987
9505.67,-4032.08,293.207
9509.91,-4033.88,291.407
9514.13,-4035.68,289.61
9518.34,-4037.48,287.817
9522.6,-4039.28,286.013
9526.85,-4041.08,284.212
9531.08,-4042.88,282.423
9535.34,-4044.68,280.617
9539.81,-4046.48,278.747
9544.03,-4048.28,276.977
9548.26,-4050.08,275.21
9552.48,-4051.88,273.439
9557.1,-4053.68,271.505
9561.32,-4055.48,269.732
9565.56,-4057.28,267.956
9570.06,-4059.08,266.114
9574.3,-4060.88,264.376
9578.74,-4062.68,262.562
9583.29,-4064.48,260.643
9590.65,-4066.28,257.557
9596.77,-4068.08,254.975
9601.03,-4069.88,253.277
9605.25,-4071.68,251.604
9609.58,-4073.48,249.885
9613.81,-4075.28,248.521
9618.03,-4077.08,247.155
9622.25,-4078.88,245.793
9626.48,-4080.68,244.428
9630.7,-4082.48,242.644
9634.98,-4084.28,240.834
9639.2,-4086.08,239.054
9643.6,-4087.88,237.013
9647.85,-4089.68,235.048
9652.07,-4091.48,233.092
9656.3,-4093.28,231.131
9660.53,-4095.08,229.392
9664.78,-4096.88,227.655
9669,-4098.68,225.908
9673.23,-4100.48,224.168
9677.51,-4102.28,222.363
9681.74,-4104.08,220.579
9685.97,-4105.88,218.792
9690.22,-4107.68,216.926
9694.44,-4109.48,215.069
9698.67,-4111.28,213.207
9702.89,-4113.08,211.437
9707.11,-4114.88,209.665
9711.34,-4116.68,207.891
9715.58,-4118.48,206.114
9720.08,-4120.28,204.178
9724.31,-4122.08,202.356
9728.53,-4123.88,200.54
9733.09,-4125.68,198.77
9737.35,-4127.48,196.842
9741.58,-4129.27,195.07
9745.83,-4131.07,193.293
9750.3,-4132.87,191.471
9754.52,-4134.67,189.753
9758.76,-4136.47,188.033
9762.99,-4138.27,186.303
9767.55,-4140.07,184.489
9771.79,-4141.87,182.798
9776.01,-4143.67,181.117
9780.57,-4145.47,179.238
9784.81,-4147.27,177.492
9789.03,-4149.07,175.752
9793.58,-4150.87,174.011
9797.82,-4152.67,172.048
9802.06,-4154.47,170.224
9806.29,-4156.27,168.403
9810.81,-4158.07,166.569
9815.05,-4159.87,164.852
9819.27,-4161.67,163.142
9823.49,-4163.47,161.431
9828.06,-4165.27,159.563
9832.29,-4167.07,157.831
9836.56,-4168.87,156.086
9840.8,-4170.67,154.353
9845.03,-4172.47,152.622
9849.25,-4174.27,150.898
9853.47,-4176.07,149.17
9857.7,-4177.87,147.354
9861.94,-4179.67,145.529
9866.17,-4181.47,143.715
9870.39,-4183.27,141.92
9874.61,-4185.07,140.126
9878.9,-4186.87,138.302
9883.13,-4188.67,136.519
9887.36,-4190.47,134.729
9891.59,-4192.27,132.944
9895.84,-4194.07,131.148
9900.31,-4195.87,129.254
9904.54,-4197.67,127.457
9908.78,-4199.47,125.66
9913.34,-4201.27,123.867
9917.56,-4203.07,121.935
9921.8,-4204.87,120.136
9926.02,-4206.67,118.35
9930.55,-4208.47,116.474
9934.78,-4210.27,114.719
9939.03,-4212.07,112.957
9943.58,-4213.87,111.201
9947.84,-4215.67,109.298
9953.83,-4217.47,106.815
9960.12,-4219.27,104.238
9964.36,-4221.06,102.497
9968.58,-4222.86,100.77
9972.82,-4224.66,99.4226
9977.03,-4226.46,98.0823
9981.3,-4228.26,96.7281
9985.59,-4230.06,95.3658
9989.82,-4231.86,93.4896
9994.05,-4233.66,91.6139
9998.28,-4235.46,89.7426
10002.9,-4237.26,87.7524
10007.1,-4239.06,85.9007
10011.3,-4240.86,84.0614
10015.6,-4242.66,82.2192
10020.1,-4244.46,80.3457
10024.3,-4246.26,78.5826
10028.5,-4248.06,76.8175
10032.7,-4249.86,75.0442
10037.3,-4251.66,73.1251
10041.6,-4253.46,71.3677
10045.8,-4255.26,69.6058
10050.3,-4257.06,67.7574
10054.5,-4258.86,66.0242
10058.8,-4260.66,64.2903
10063,-4262.46,62.5499
10067.5,-4264.26,60.6511
10071.8,-4266.06,58.8834
10076,-4267.86,57.1267
10080.6,-4269.66,55.2554
10084.8,-4271.46,53.5214
10089,-4273.26,51.7963
10093.6,-4275.06,49.9372
10097.8,-4276.86,48.196
10102.1,-4278.66,46.4669
10106.3,-4280.46,44.7348
10110.8,-4282.26,42.8725
10115,-4284.06,41.1213
10119.3,-4285.86,39.3761
10123.5,-4287.66,37.629
10128.1,-4289.46,35.6983
10132.3,-4291.26,33.9116
10136.6,-4293.06,32.1113
10140.8,-4294.86,30.3543
10145,-4296.66,28.5993
10149.3,-4298.46,26.85
10153.5,-4300.26,25.0594
10157.7,-4302.06,23.264
10162,-4303.86,21.4641
10166.2,-4305.66,19.6774
10170.4,-4307.46,17.8937
10174.7,-4309.26,16.1177
10178.9,-4311.06,14.3386
10183.2,-4312.85,12.5269
10187.4,-4314.65,10.7208
10191.6,-4316.45,8.93144
10195.9,-4318.25,7.16762
10200.3,-4320.05,5.37809
10204.6,-4321.85,3.71882
10208.9,-4323.65,2.34139
10213.5,-4325.45,1.89665
10217.9,-4327.25,2.87444
10222.1,-4329.05,4.32423
10226.4,-4330.85,5.90322
10230.8,-4332.65,7.58553
10235.4,-4334.45,9.36758
10239.8,-4336.25,11.1239
10244,-4338.05,12.8864
10248.2,-4339.85,14.6529
10252.4,-4341.65,16.4248
10256.6,-4343.45,18.1961
10260.9,-4345.25,19.9599
10265.1,-4347.05,21.7252
10269.3,-4348.85,23.4896
10273.5,-4350.65,25.3087
10277.7,-4352.45,27.1268
10282,-4354.25,28.967
10286.2,-4356.05,30.7883
10290.4,-4357.85,32.5829
10294.7,-4359.65,34.3748
10298.9,-4361.45,36.1658
10303.1,-4363.25,37.9616
10307.3,-4365.05,39.7187
10311.5,-4366.85,41.4785
10315.7,-4368.65,43.2348
10320,-4370.45,45.0221
10324.2,-4372.25,46.8034
10328.4,-4374.05,48.586
10332.6,-4375.85,50.3695
10336.8,-4377.65,52.1703
10341.1,-4379.45,53.9703
10345.3,-4381.25,55.7659
10349.5,-4383.05,57.5845
10353.7,-4384.85,59.3829
10358,-4386.65,61.1837
10362.2,-4388.45,62.9863
10366.4,-4390.25,64.7928
10370.6,-4392.05,66.601
10374.8,-4393.85,68.4092
10379.1,-4395.65,70.2297
10383.3,-4397.45,72.0636
10387.5,-4399.25,73.8845
10391.7,-4401.05,75.7075
10396,-4402.85,77.5093
10400.2,-4404.65,79.3133
10404.4,-4406.44,81.1122
10408.6,-4408.24,82.9116
10412.8,-4410.04,84.7038
10417.1,-4411.84,86.4926
10421.3,-4413.64,88.2844
10425.5,-4415.44,90.0844
10429.7,-4417.24,91.8862
10433.9,-4419.04,93.6875
10438.1,-4420.84,95.4781
10442.4,-4422.64,97.2679
10446.6,-4424.44,99.0569
10450.8,-4426.24,100.847
10455,-4428.04,102.635
10459.2,-4429.84,104.423
10463.4,-4431.64,106.213
10467.7,-4433.44,108.001
10471.9,-4435.24,109.807
10476.1,-4437.04,111.614
10480.3,-4438.84,113.421
10484.6,-4440.64,115.241
10488.8,-4442.44,117.051
10493,-4444.24,118.862
10497.2,-4446.04,120.673
10501.4,-4447.84,122.491
10505.6,-4449.64,124.307
10509.9,-4451.44,126.125
10514.1,-4453.24,127.952
10518.3,-4455.04,129.778
10522.5,-4456.84,131.607
10526.7,-4458.64,133.433
10531,-4460.44,135.255
10535.2,-4462.24,137.074
10539.4,-4464.04,138.895
10543.6,-4465.84,140.715
10547.8,-4467.64,142.519
10552,-4469.44,144.324
10556.3,-4471.24,146.126
10560.5,-4473.04,147.92
10564.7,-4474.84,149.709
10568.9,-4476.64,151.5
10573.1,-4478.44,153.292
10577.3,-4480.24,155.083
10581.6,-4482.04,156.877
10585.8,-4483.84,158.678
10590,-4485.64,160.457
10594.2,-4487.44,162.232
10598.5,-4489.24,164.008
10602.7,-4491.04,165.785
10606.9,-4492.84,167.521
10611.1,-4494.64,169.259
10615.3,-4496.44,170.997
10619.5,-4498.23,172.772
10623.8,-4500.03,174.544
10628,-4501.83,176.316
10632.2,-4503.63,178.09
10636.4,-4505.43,179.927
10640.6,-4507.23,181.768
10644.8,-4509.03,183.607
10649.1,-4510.83,185.473
10653.3,-4512.63,187.34
10657.5,-4514.43,189.205
10661.7,-4516.23,191.073
10665.9,-4518.03,192.887
10670.1,-4519.83,194.7
10674.4,-4521.63,196.511
10678.6,-4523.43,198.284
10682.8,-4525.23,200.059
10687,-4527.03,201.844
10691.3,-4528.83,203.642
10695.5,-4530.63,205.422
10699.8,-4532.43,207.204
10704,-4534.23,208.985
10708.2,-4536.03,210.765
10712.4,-4537.83,212.556
10716.6,-4539.63,214.344
10720.8,-4541.43,216.137
10725.1,-4543.23,217.926
10729.3,-4545.03,219.727
10733.5,-4546.83,221.531
10737.7,-4548.63,223.334
10741.9,-4550.43,225.124
10746.1,-4552.23,226.913
10750.4,-4554.03,228.702
10754.6,-4555.83,230.491
10758.8,-4557.63,232.282
10763,-4559.43,234.074
10767.2,-4561.23,235.863
10771.4,-4563.03,237.689
10775.7,-4564.83,239.514
10779.9,-4566.63,241.34
10784.1,-4568.43,243.163
10788.3,-4570.23,245.029
10792.6,-4572.03,246.884
10796.8,-4573.83,248.736
10801,-4575.63,250.56
10805.2,-4577.43,252.381
10809.4,-4579.23,254.201
10813.7,-4581.03,256.025
10817.9,-4582.83,257.84
10822.1,-4584.63,259.657
10826.3,-4586.43,261.471
10830.5,-4588.23,263.275
10834.7,-4590.02,265.076
10839,-4591.82,266.882
10843.2,-4593.62,268.684
10847.4,-4595.42,270.509
10851.6,-4597.22,272.333
10855.8,-4599.02,274.158
10860.1,-4600.82,275.99
10864.3,-4602.62,277.818
10868.5,-4604.42,279.647
10872.7,-4606.22,281.479
10876.9,-4608.02,283.275
10881.1,-4609.82,285.074
10885.4,-4611.62,286.871
10889.6,-4613.42,288.677
10893.8,-4615.22,290.48
10898,-4617.02,292.282
10902.2,-4618.82,294.086
10906.5,-4620.62,295.903
10910.7,-4622.42,297.723
10914.9,-4624.22,299.539
10919.1,-4626.02,301.369
10923.3,-4627.82,303.202
10927.5,-4629.62,305.032
10931.8,-4631.42,306.864
10936,-4633.22,308.678
10940.2,-4635.02,310.496
10944.4,-4636.82,312.308
10948.6,-4638.62,314.121
10952.8,-4640.42,315.935
10957.1,-4642.22,317.746
10961.3,-4644.02,319.558
10965.5,-4645.82,321.355
10969.7,-4647.62,323.154
10973.9,-4649.42,324.95
10978.1,-4651.22,326.746
10982.4,-4653.02,328.548
10986.6,-4654.82,330.35
10990.8,-4656.62,332.163
10995,-4658.42,333.959
10999.3,-4660.22,335.753
11003.5,-4662.02,337.548
11007.7,-4663.82,339.342
11011.9,-4665.62,341.12
11016.1,-4667.42,342.894
11020.4,-4669.22,344.668
11024.6,-4671.02,346.441
11028.8,-4672.82,348.211
11033,-4674.62,349.977
11037.2,-4676.42,351.73
11041.4,-4678.22,353.492
11045.7,-4680.02,355.212
11049.9,-4681.81,356.846
11054.1,-4683.61,358.069
11060.9,-4685.41,357.215
11065.4,-4687.21,355.516
11069.7,-4689.01,353.852
11075.4,-4690.81,351.53
11080.2,-4692.61,349.586
11084.7,-4694.41,347.963
11089,-4696.21,346.432
11093.3,-4698.01,344.899
11097.5,-4699.81,343.383
11101.7,-4701.61,341.966
11105.9,-4703.41,340.547
11110.1,-4705.21,339.126
11114.4,-4707.01,337.245
11118.6,-4708.81,335.36
11122.8,-4710.61,333.474
11127,-4712.41,331.59
11131.2,-4714.21,329.705
11135.4,-4716.01,327.822
11139.7,-4717.81,325.934
11143.9,-4719.61,324.145
11148.1,-4721.41,322.357
11152.3,-4723.21,320.567
11156.5,-4725.01,318.778
11160.8,-4726.81,317.016
11165,-4728.61,315.258
11169.2,-4730.41,313.498
11173.4,-4732.21,311.737
11177.6,-4734.01,309.934
11181.8,-4735.81,308.127
11186.1,-4737.61,306.323
11190.3,-4739.41,304.527
11194.5,-4741.21,302.723
11198.7,-4743.01,300.929
11203,-4744.81,299.133
11207.2,-4746.61,297.366
11211.4,-4748.41,295.598
11215.6,-4750.21,293.831
11219.8,-4752.01,292.043
11224,-4753.81,290.257
11228.3,-4755.61,288.472
11232.5,-4757.41,286.684
11236.7,-4759.21,284.892
11240.9,-4761.01,283.094
11245.1,-4762.81,281.303
11249.3,-4764.61,279.514
11253.6,-4766.41,277.722
11257.8,-4768.21,275.932
11262,-4770.01,274.139
11266.2,-4771.81,272.331
11270.4,-4773.6,270.52
11274.7,-4775.4,268.712
11278.9,-4777.2,266.897
11283.1,-4779,265.079
11287.3,-4780.8,263.264
11291.5,-4782.6,261.447
11295.7,-4784.4,259.643
11300,-4786.2,257.835
11304.2,-4788,256.032
11308.4,-4789.8,254.227
11312.6,-4791.6,252.425
11316.8,-4793.4,250.621
11321.1,-4795.2,248.817
11325.3,-4797,247.016
11329.5,-4798.8,245.207
11333.7,-4800.6,243.415
11338,-4802.4,241.622
11342.2,-4804.2,239.849
11346.4,-4806,238.078
11350.6,-4807.8,236.308
11354.8,-4809.6,234.533
11359,-4811.4,232.76
11363.3,-4813.2,230.985
11367.5,-4815,229.211
11371.7,-4816.8,227.427
11375.9,-4818.6,225.643
11380.1,-4820.4,223.858
11384.3,-4822.2,222.077
11388.6,-4824,220.274
11392.8,-4825.8,218.469
11397,-4827.6,216.656
11401.2,-4829.4,214.833
11405.5,-4831.2,212.985
11409.7,-4833,211.164
11414,-4834.8,209.346
11418.2,-4836.6,207.53
11422.4,-4838.4,205.712
11426.6,-4840.2,203.896
11430.8,-4842,202.072
11435,-4843.8,200.252
11439.3,-4845.6,198.431
11443.5,-4847.4,196.609
11447.7,-4849.2,194.798
11451.9,-4851,192.983
11456.2,-4852.8,191.165
11460.5,-4854.6,189.308
11464.8,-4856.4,187.48
11469,-4858.2,185.68
11473.2,-4860,183.877
11477.4,-4861.8,182.103
11481.7,-4863.6,180.331
11485.9,-4865.4,178.562
11490.1,-4867.19,176.771
11494.3,-4868.99,174.98
11498.5,-4870.79,173.188
11502.7,-4872.59,171.393
11507,-4874.39,169.635
11511.2,-4876.19,167.878
11515.4,-4877.99,166.122
11519.6,-4879.79,164.368
11523.8,-4881.59,162.615
11528,-4883.39,160.863
11532.3,-4885.19,159.109
11536.5,-4886.99,157.286
11540.7,-4888.79,155.457
11544.9,-4890.59,153.633
11549.1,-4892.39,151.81
11553.4,-4894.19,149.932
11557.6,-4895.99,148.056
11561.8,-4897.79,146.176
11566,-4899.59,144.335
11570.2,-4901.39,142.494
11574.4,-4903.19,140.654
11578.7,-4904.99,138.813
11582.9,-4906.79,137.037
11587.1,-4908.59,135.263
11591.3,-4910.39,133.486
11595.6,-4912.19,131.703
11599.8,-4913.99,129.928
11604,-4915.79,128.156
11608.2,-4917.59,126.383
11612.4,-4919.39,124.583
11616.6,-4921.19,122.783
11620.9,-4922.99,120.983
11625.1,-4924.79,119.184
11629.3,-4926.59,117.355
11633.5,-4928.39,115.524
11637.7,-4930.19,113.696
11642,-4931.99,111.894
11646.2,-4933.79,110.097
11650.4,-4935.59,108.3
11654.6,-4937.39,106.52
11658.8,-4939.19,104.738
11663,-4940.99,102.954
11667.2,-4942.79,101.173
11671.5,-4944.59,99.3574
11675.7,-4946.39,97.543
11679.9,-4948.19,95.7258
11684.1,-4949.99,93.9127
11688.3,-4951.79,92.0502
11692.6,-4953.59,90.1865
11696.8,-4955.39,88.3128
11701,-4957.19,86.463
11705.2,-4958.98,84.6193
11709.5,-4960.78,82.7619
11713.7,-4962.58,80.9135
11717.9,-4964.38,79.0983
11722.1,-4966.18,77.2811
11726.4,-4967.98,75.4669
11730.6,-4969.78,73.6597
11734.8,-4971.58,71.855
11739,-4973.38,70.0488
11743.2,-4975.18,68.2438
11747.5,-4976.98,66.4369
11751.7,-4978.78,64.6301
11755.9,-4980.58,62.8251
11760.1,-4982.38,61.0189
11764.3,-4984.18,59.2153
11768.5,-4985.98,57.4113
11772.8,-4987.78,55.6044
11777,-4989.58,53.8142
11781.2,-4991.38,52.0208
11785.4,-4993.18,50.2303
11789.6,-4994.98,48.4347
11793.9,-4996.78,46.6413
11798.1,-4998.58,44.8347
11802.3,-5000.38,43.039
11806.5,-5002.18,41.2359
11810.8,-5003.98,39.43
11815,-5005.78,37.6289
11819.2,-5007.58,35.8259
11823.4,-5009.38,33.9906
11827.6,-5011.18,32.1566
11831.8,-5012.98,30.3203
11836.1,-5014.78,28.4819
11840.3,-5016.58,26.6406
11844.5,-5018.38,24.805
11848.7,-5020.18,22.9698
11852.9,-5021.98,21.1848
11857.2,-5023.78,19.4032
11861.4,-5025.58,17.6208
11865.6,-5027.38,15.8417
11869.8,-5029.18,14.0792
11874,-5030.98,12.3223
11878.2,-5032.78,10.5719
11882.5,-5034.58,8.79897
11886.7,-5036.38,7.04651
11890.9,-5038.18,5.3216
11895.1,-5039.98,3.66304
11899.4,-5041.78,2.24618
11903.6,-5043.58,1.86964
11910.4,-5045.38,3.74964
11914.7,-5047.18,5.4161
11919,-5048.98,7.09966
11923.2,-5050.77,8.8299
11927.7,-5052.57,10.3829
11932.3,-5054.37,11.9811
11936.6,-5056.17,13.5074
11940.8,-5057.97,15.0392
11945,-5059.77,16.562
11949.3,-5061.57,18.0863
11953.5,-5063.37,19.6139
11957.7,-5065.17,21.427
11962,-5066.97,23.2405
11966.2,-5068.77,25.0491
11970.4,-5070.57,26.9151
11974.6,-5072.37,28.7787
11978.8,-5074.17,30.6431
11983,-5075.97,32.51
11987.3,-5077.77,34.2836
11991.5,-5079.57,36.0588
11995.7,-5081.37,37.8332
11999.9,-5083.17,39.5809
12004.1,-5084.97,41.3259
12008.3,-5086.77,43.0722
12012.6,-5088.57,44.8194
12016.8,-5090.37,46.6183
12021,-5092.17,48.4168
12025.2,-5093.97,50.2138
12029.4,-5095.77,52.0113
12033.6,-5097.57,53.8169
12037.9,-5099.37,55.6201
12042.1,-5101.17,57.4297
12046.3,-5102.97,59.2209
12050.5,-5104.77,61.0138
12054.7,-5106.57,62.8033
12059,-5108.37,64.5963
12063.2,-5110.17,66.4167
12067.4,-5111.97,68.2384
12071.6,-5113.77,70.0589
12075.8,-5115.57,71.8825
12080.1,-5117.37,73.7054
12084.3,-5119.17,75.5266
12088.5,-5120.97,77.347
12092.7,-5122.77,79.1421
12096.9,-5124.57,80.9365
12101.2,-5126.37,82.7433
12105.4,-5128.17,84.5377
12109.6,-5129.97,86.3348
12113.9,-5131.77,88.1565
12118.1,-5133.57,89.9524
12122.3,-5135.37,91.7387
12126.5,-5137.17,93.5226
12130.8,-5138.97,95.3097
12135,-5140.77,97.0932
12139.2,-5142.56,98.8703
12143.4,-5144.36,100.652
12147.6,-5146.16,102.43
12151.8,-5147.96,104.222
12156.1,-5149.76,106.014
12160.3,-5151.56,107.807
12164.5,-5153.36,109.598
12168.7,-5155.16,111.398
12172.9,-5156.96,113.201
12177.2,-5158.76,114.999
12181.4,-5160.56,116.809
12185.6,-5162.36,118.619
12189.8,-5164.16,120.429
12194,-5165.96,122.237
12198.2,-5167.76,124.056
12202.5,-5169.56,125.888
12206.7,-5171.36,127.709
12210.9,-5173.16,129.534
12215.1,-5174.96,131.356
12219.4,-5176.76,133.178
12223.6,-5178.56,135.003
12227.8,-5180.36,136.809
12232,-5182.16,138.615
12236.2,-5183.96,140.418
12240.5,-5185.76,142.218
12244.7,-5187.56,144.012
12248.9,-5189.36,145.807
12253.1,-5191.16,147.605
12257.3,-5192.96,149.388
12261.5,-5194.76,151.174
12265.8,-5196.56,152.957
12270,-5198.36,154.741
12274.2,-5200.16,156.514
12278.4,-5201.96,158.287
12282.6,-5203.76,160.061
12286.8,-5205.56,161.839
12291.1,-5207.36,163.619
12295.3,-5209.16,165.395
12299.5,-5210.96,167.191
12303.8,-5212.76,169.004
12308,-5214.56,170.807
12312.2,-5216.36,172.612
12316.4,-5218.16,174.427
12320.6,-5219.96,176.244
12324.9,-5221.76,178.058
12329.1,-5223.56,179.873
12333.3,-5225.36,181.714
12337.5,-5227.16,183.553
12341.7,-5228.96,185.396
12345.9,-5230.76,187.241
12350.2,-5232.56,189.087
12354.4,-5234.35,190.929
12358.6,-5236.15,192.772
12362.8,-5237.95,194.578
12367,-5239.75,196.382
12371.2,-5241.55,198.185
12375.5,-5243.35,199.984
12379.7,-5245.15,201.784
12383.9,-5246.95,203.582
12388.1,-5248.75,205.38
12392.3,-5250.55,207.192
12396.6,-5252.35,209.001
12400.8,-5254.15,210.812
12405,-5255.95,212.629
12409.2,-5257.75,214.456
12413.4,-5259.55,216.288
12417.7,-5261.35,218.115
12421.9,-5263.15,219.886
12426.1,-5264.95,221.653
12430.3,-5266.75,223.423
12434.5,-5268.55,225.19
12438.8,-5270.35,226.947
12443,-5272.15,228.705
12447.2,-5273.95,230.461
12451.4,-5275.75,232.251
12455.6,-5277.55,234.039
12459.8,-5279.35,235.83
12464.1,-5281.15,237.617
12468.3,-5282.95,239.463
12472.5,-5284.75,241.309
12476.7,-5286.55,243.155
12480.9,-5288.35,245.018
12485.1,-5290.15,246.877
12489.4,-5291.95,248.738
12493.6,-5293.75,250.601
12497.8,-5295.55,252.41
12502,-5297.35,254.22
12506.3,-5299.15,256.04
12510.5,-5300.95,257.822
12514.7,-5302.75,259.602
12518.9,-5304.55,261.384
12523.1,-5306.35,263.166
12527.3,-5308.15,264.961
12531.6,-5309.95,266.756
12535.8,-5311.75,268.55
12540,-5313.55,270.345
12544.2,-5315.35,272.175
12548.4,-5317.15,274.005
12552.6,-5318.95,275.836
12556.9,-5320.75,277.653
12561.1,-5322.55,279.473
12565.3,-5324.35,281.29
12569.6,-5326.15,283.124
12573.8,-5327.94,284.924
12578,-5329.74,286.723
12582.2,-5331.54,288.525
12586.4,-5333.34,290.328
12590.6,-5335.14,292.133
12594.9,-5336.94,293.935
12599.1,-5338.74,295.74
12603.3,-5340.54,297.58
12607.5,-5342.34,299.43
12611.8,-5344.14,301.271
12616,-5345.94,303.109
12620.2,-5347.74,304.95
12624.4,-5349.54,306.785
12628.6,-5351.34,308.622
12632.8,-5353.14,310.434
12637.1,-5354.94,312.245
12641.3,-5356.74,314.059
12645.5,-5358.54,315.864
12649.7,-5360.34,317.672
12653.9,-5362.14,319.477
12658.2,-5363.94,321.282
12662.4,-5365.74,323.076
12666.6,-5367.54,324.868
12670.8,-5369.34,326.662
12675,-5371.14,328.453
12679.2,-5372.94,330.268
12683.5,-5374.74,332.086
12687.7,-5376.54,333.901
12691.9,-5378.34,335.706
12696.1,-5380.14,337.505
12700.3,-5381.94,339.306
12704.5,-5383.74,341.105
12708.8,-5385.54,342.883
12713,-5387.34,344.652
12717.2,-5389.14,346.414
12721.5,-5390.94,348.177
12725.7,-5392.74,349.932
12729.9,-5394.54,351.681
12734.1,-5396.34,353.412
12738.3,-5398.14,355.162
12742.5,-5399.94,356.825
12746.8,-5401.74,358.139
12751,-5403.54,358.067
12757.9,-5405.34,355.653
12762.3,-5407.14,353.823
12766.5,-5408.94,352.113
12770.8,-5410.74,350.368
12775.4,-5412.54,348.495
12779.9,-5414.34,346.595
12784.2,-5416.14,345.06
12788.4,-5417.94,343.563
12792.7,-5419.73,342.063
12796.9,-5421.53,340.419
12801.1,-5423.33,338.77
12805.3,-5425.13,337.12
12809.6,-5426.93,335.455
12813.8,-5428.73,333.594
12818.1,-5430.53,331.705
12822.3,-5432.33,329.841
12826.5,-5434.13,327.98
12830.8,-5435.93,326.203
12835,-5437.73,324.429
12839.2,-5439.53,322.654
12843.4,-5441.33,320.856
12847.6,-5443.13,319.063
12851.9,-5444.93,317.268
12856.1,-5446.73,315.451
12860.3,-5448.53,313.634
12864.5,-5450.33,311.819
12868.7,-5452.13,310.002
12873,-5453.93,308.191
12877.2,-5455.73,306.38
12881.4,-5457.53,304.57
12885.6,-5459.33,302.761
12889.8,-5461.13,300.987
12894,-5462.93,299.219
12898.3,-5464.73,297.451
12902.5,-5466.53,295.673
12906.7,-5468.33,293.897
12911,-5470.13,292.107
12915.2,-5471.93,290.332
12919.4,-5473.73,288.532
12923.6,-5475.53,286.732
12927.8,-5477.33,284.93
12932,-5479.13,283.139
12936.3,-5480.93,281.351
12940.5,-5482.73,279.561
12944.7,-5484.53,277.772
12948.9,-5486.33,275.96
12953.1,-5488.13,274.15
12957.4,-5489.93,272.327
12961.8,-5491.73,270.443
12966,-5493.53,268.622
12970.2,-5495.33,266.806
12974.4,-5497.13,264.993
12978.6,-5498.93,263.203
12982.9,-5500.73,261.411
12987.1,-5502.53,259.621
12991.3,-5504.33,257.804
12995.5,-5506.13,255.989
12999.7,-5507.93,254.168
13003.9,-5509.73,252.349
13008.2,-5511.52,250.524
13012.4,-5513.32,248.681
13016.6,-5515.12,246.855
13020.9,-5516.92,245.052
13025.1,-5518.72,243.25
13029.3,-5520.52,241.449
13033.5,-5522.32,239.646
13037.7,-5524.12,237.867
13042,-5525.92,236.083
13046.2,-5527.72,234.303
13050.4,-5529.52,232.523
13054.6,-5531.32,230.741
13058.8,-5533.12,228.955
13063,-5534.92,227.17
13067.3,-5536.72,225.389
13071.5,-5538.52,223.608
13075.7,-5540.32,221.828
13079.9,-5542.12,220.046
13084.1,-5543.92,218.262
13088.3,-5545.72,216.475
13092.6,-5547.52,214.688
13096.8,-5549.32,212.882
13101,-5551.12,211.074
13105.2,-5552.92,209.271
13109.4,-5554.72,207.465
13113.7,-5556.52,205.637
13117.9,-5558.32,203.82
13122.1,-5560.12,202.001
13126.3,-5561.92,200.185
13130.5,-5563.72,198.367
13134.8,-5565.52,196.552
13139,-5567.32,194.737
13143.2,-5569.12,192.918
13147.4,-5570.92,191.102
13151.6,-5572.72,189.287
13155.9,-5574.52,187.485
13160.1,-5576.32,185.678
13164.3,-5578.12,183.876
13168.5,-5579.92,182.073
13172.7,-5581.72,180.294
13176.9,-5583.52,178.518
13181.2,-5585.32,176.74
13185.4,-5587.12,174.963
13189.6,-5588.92,173.177
13193.8,-5590.72,171.394
13198,-5592.52,169.61
13202.2,-5594.32,167.829
13206.5,-5596.12,166.048
13210.7,-5597.92,164.267
13214.9,-5599.72,162.475
13219.1,-5601.52,160.731
13223.4,-5603.31,158.986
13227.6,-5605.11,157.242
13231.8,-5606.91,155.454
13236,-5608.71,153.668
13240.2,-5610.51,151.882
13244.5,-5612.31,150.094
13248.7,-5614.11,148.256
13252.9,-5615.91,146.417
13257.1,-5617.71,144.58
13261.3,-5619.51,142.731
13265.5,-5621.31,140.885
13269.8,-5623.11,139.036
13274,-5624.91,137.191
13278.2,-5626.71,135.396
13282.4,-5628.51,133.601
13286.6,-5630.31,131.808
13290.8,-5632.11,130.052
13295.1,-5633.91,128.298
13299.3,-5635.71,126.543
13303.5,-5637.51,124.786
13307.7,-5639.31,123.008
13311.9,-5641.11,121.227
13316.2,-5642.91,119.439
13320.4,-5644.71,117.657
13324.6,-5646.51,115.831
13328.8,-5648.31,114.003
13333,-5650.11,112.174
13337.3,-5651.91,110.358
13341.5,-5653.71,108.541
13345.7,-5655.51,106.724
13349.9,-5657.31,104.905
13354.1,-5659.11,103.133
13358.3,-5660.91,101.36
13362.6,-5662.71,99.5855
13366.8,-5664.51,97.8126
13371,-5666.31,96.0344
13375.2,-5668.11,94.2575
13379.4,-5669.91,92.481
13383.6,-5671.71,90.6468
13387.9,-5673.51,88.8152
13392.1,-5675.31,86.9815
13396.3,-5677.11,85.1508
13400.5,-5678.91,83.2791
13404.7,-5680.71,81.4108
13408.9,-5682.51,79.5391
13413.2,-5684.31,77.7135
13417.4,-5686.11,75.8765
13421.6,-5687.91,74.0497
13425.9,-5689.71,72.2245
13430.1,-5691.51,70.4264
13434.3,-5693.31,68.6303
13438.5,-5695.1,66.8351
13442.7,-5696.9,65.0287
13447,-5698.7,63.2232
13451.2,-5700.5,61.4182
13455.4,-5702.3,59.6157
13459.6,-5704.1,57.7873
13463.8,-5705.9,55.9619
13468,-5707.7,54.1349
13472.2,-5709.5,52.3212
13476.5,-5711.3,50.5071
13480.7,-5713.1,48.6923
13484.9,-5714.9,46.8806
13489.1,-5716.7,45.1022
13493.3,-5718.5,43.3215
13497.5,-5720.3,41.5433
13501.8,-5722.1,39.7593
13506,-5723.9,37.9796
13510.2,-5725.7,36.1975
13514.4,-5727.5,34.4185
13518.7,-5729.3,32.5554
13523,-5731.1,30.7269
13527.2,-5732.9,28.9046
13531.4,-5734.7,27.0574
13535.6,-5736.5,25.2126
13539.8,-5738.3,23.3669
13544,-5740.1,21.5225
13548.3,-5741.9,19.7042
13552.5,-5743.7,17.8868
13556.7,-5745.5,16.0705
13560.9,-5747.3,14.2562
13565.1,-5749.1,12.5048
13569.3,-5750.9,10.7572
13573.6,-5752.7,9.01456
13577.8,-5754.5,7.27844
13582,-5756.3,5.56456
13586.2,-5758.1,3.90669
13590.4,-5759.9,2.41964
13594.7,-5761.7,1.68419
13598.9,-5763.5,2.56841
13605.7,-5765.3,5.17359
13610.1,-5767.1,6.95016
13614.3,-5768.9,8.68993
13618.6,-5770.7,10.4538
13623.1,-5772.5,12.0243
13627.5,-5774.3,13.5785
13631.8,-5776.1,15.107
13636.1,-5777.9,16.5924
13640.3,-5779.7,18.1426
13644.5,-5781.5,19.6946
13648.7,-5783.3,21.2451
13653,-5785.1,23.1141
13657.2,-5786.9,24.9757
13661.4,-5788.69,26.8392
13665.6,-5790.49,28.7012
13669.8,-5792.29,30.532
13674.1,-5794.09,32.3615
13678.3,-5795.89,34.1908
13682.5,-5797.69,35.9416
13686.7,-5799.49,37.6917
13690.9,-5801.29,39.4445
13695.1,-5803.09,41.1934
13699.4,-5804.89,42.9533
13703.6,-5806.69,44.7169
13707.8,-5808.49,46.4791
13712,-5810.29,48.2706
13716.2,-5812.09,50.0593
13720.5,-5813.89,51.853
13724.7,-5815.69,53.6618
13728.9,-5817.49,55.4438
13733.2,-5819.29,57.2272
13737.4,-5821.09,59.0069
13741.6,-5822.89,60.7839
13745.8,-5824.69,62.5626
13750,-5826.49,64.3393
13754.3,-5828.29,66.1135
13758.5,-5830.09,67.9285
13762.7,-5831.89,69.7442
13766.9,-5833.69,71.5601
13771.1,-5835.49,73.3737
13775.3,-5837.29,75.1873
13779.6,-5839.09,77.001
13783.8,-5840.89,78.8125
13788,-5842.69,80.6024
13792.2,-5844.49,82.3948
13796.4,-5846.29,84.1855
13800.7,-5848.09,85.9787
13804.9,-5849.89,87.7799
13809.1,-5851.69,89.5841
13813.3,-5853.49,91.3883
13817.5,-5855.29,93.1803
13821.7,-5857.09,94.9724
13826,-5858.89,96.7765
13830.2,-5860.69,98.5715
13834.4,-5862.49,100.351
13838.6,-5864.29,102.132
13842.9,-5866.09,103.916
13847.1,-5867.89,105.697
13851.3,-5869.69,107.477
13855.5,-5871.49,109.255
13859.7,-5873.29,111.034
13864,-5875.09,112.822
13868.2,-5876.89,114.61
13872.4,-5878.69,116.399
13876.6,-5880.48,118.186
13880.8,-5882.28,119.992
13885,-5884.08,121.792
13889.3,-5885.88,123.594
13893.5,-5887.68,125.41
13897.7,-5889.48,127.225
13901.9,-5891.28,129.042
13906.1,-5893.08,130.856
13910.3,-5894.88,132.681
13914.6,-5896.68,134.505
13918.8,-5898.48,136.329
13923,-5900.28,138.149
13927.2,-5902.08,139.98
13931.5,-5903.88,141.803
13935.7,-5905.68,143.622
13939.9,-5907.48,145.435
13944.1,-5909.28,147.245
13948.3,-5911.08,149.056
13952.5,-5912.88,150.847
13956.8,-5914.68,152.637
13961,-5916.48,154.427
13965.2,-5918.28,156.216
13969.4,-5920.08,157.983
13973.6,-5921.88,159.751
13977.8,-5923.68,161.518
13982.1,-5925.48,163.29
13986.3,-5927.28,165.059
13990.5,-5929.08,166.833
13994.7,-5930.88,168.61
13999,-5932.68,170.393
14003.2,-5934.48,172.178
14007.4,-5936.28,173.962
14011.6,-5938.08,175.746
14015.9,-5939.88,177.559
14020.3,-5941.68,179.451
14024.7,-5943.48,181.338
14029.1,-5945.28,183.234
14033.5,-5947.08,185.143
14037.8,-5948.88,187.037
14042.2,-5950.68,188.841
14046.7,-5952.48,190.668
14051.2,-5954.28,192.516
14055.6,-5956.08,194.317
14060.2,-5957.88,196.234
14064.8,-5959.68,198.115
14069.1,-5961.48,199.922
14073.4,-5963.28,201.618
14077.7,-5965.08,203.27
14081.9,-5966.88,204.923
14086.1,-5968.68,206.572
14090.3,-5970.48,208.335
14094.5,-5972.27,210.094
14098.8,-5974.07,211.855
14103,-5975.87,213.663
14107.2,-5977.67,215.469
14111.4,-5979.47,217.277
14115.6,-5981.27,219.083
14119.9,-5983.07,220.892
14124.1,-5984.87,222.7
14128.3,-5986.67,224.527
14132.5,-5988.47,226.364
14136.8,-5990.27,228.199
14141,-5992.07,230.035
14145.2,-5993.87,231.868
14149.4,-5995.67,233.705
14153.6,-5997.47,235.541
14157.9,-5999.27,237.375
14162.1,-6001.07,239.227
14166.3,-6002.87,241.076
14170.5,-6004.67,242.926
14174.7,-6006.47,244.772
14179,-6008.27,246.571
14183.2,-6010.07,248.37
14187.4,-6011.87,250.168
14191.6,-6013.67,251.967
14195.8,-6015.47,253.769
14200.1,-6017.27,255.571
14204.3,-6019.07,257.37
14208.5,-6020.87,259.165
14212.7,-6022.67,260.965
14216.9,-6024.47,262.761
14221.2,-6026.27,264.556
14225.4,-6028.07,266.35
14229.7,-6029.87,268.184
14233.9,-6031.67,269.978
14238.1,-6033.47,271.775
14242.3,-6035.27,273.573
14246.6,-6037.07,275.37
14250.8,-6038.87,277.171
14255,-6040.67,278.963
14259.2,-6042.47,280.758
14263.4,-6044.27,282.553
14267.6,-6046.07,284.374
14271.9,-6047.87,286.195
14276.1,-6049.67,288.015
14280.3,-6051.47,289.838
14284.5,-6053.27,291.695
14288.7,-6055.07,293.552
14293,-6056.87,295.413
14297.2,-6058.67,297.29
14301.4,-6060.47,299.17
14305.6,-6062.27,301.045
14309.8,-6064.06,302.925
14314.1,-6065.86,304.741
14318.3,-6067.66,306.556
14322.5,-6069.46,308.371
14326.7,-6071.26,310.187
14330.9,-6073.06,311.976
14335.1,-6074.86,313.76
14339.4,-6076.66,315.546
14343.6,-6078.46,317.343
14347.8,-6080.26,319.14
14352,-6082.06,320.936
14356.2,-6083.86,322.729
14360.5,-6085.66,324.56
14364.7,-6087.46,326.39
14368.9,-6089.26,328.219
14373.1,-6091.06,330.04
14377.3,-6092.86,331.859
14381.5,-6094.66,333.68
14385.8,-6096.46,335.498
14390,-6098.26,337.263
14394.2,-6100.06,339.026
14398.4,-6101.86,340.785
14402.6,-6103.66,342.533
14406.9,-6105.46,344.275
14411.1,-6107.26,346.013
14415.3,-6109.06,347.742
14419.6,-6110.86,349.545
14423.8,-6112.66,351.281
14428,-6114.46,352.943
14432.2,-6116.26,354.553
14436.4,-6118.06,355.948
14440.7,-6119.86,356.831
14444.9,-6121.66,356.747
14449.2,-6123.46,355.775
14457.2,-6125.26,352.945
14461.6,-6127.06,351.19
14465.9,-6128.86,349.485
14479.3,-6130.66,344.798
14483.7,-6132.46,343.245
14488,-6134.26,341.736
14492.2,-6136.06,341.18
14496.4,-6137.86,340.625
14500.7,-6139.66,340.068
14504.9,-6141.46,339.512
14509.1,-6143.26,338.066
14513.3,-6145.06,336.614
14517.6,-6146.86,335.165
14521.8,-6148.66,333.707
14526.4,-6150.46,331.638
14530.7,-6152.26,329.687
14534.9,-6154.06,327.768
14539.4,-6155.85,325.873
14543.7,-6157.65,324.099
14547.9,-6159.45,322.315
14552.5,-6161.25,320.502
14556.7,-6163.05,318.815
14560.9,-6164.85,317.122
14565.2,-6166.65,315.431
14569.7,-6168.45,313.597
14573.9,-6170.25,311.866
14578.1,-6172.05,310.146
14582.4,-6173.85,308.358
14586.6,-6175.65,306.564
14590.8,-6177.45,304.764
14595.1,-6179.25,302.977
14599.3,-6181.05,301.184
14603.5,-6182.85,299.388
14607.8,-6184.65,297.595
14612,-6186.45,295.824
14616.2,-6188.25,294.056
14620.4,-6190.05,292.285
14624.7,-6191.85,290.521
14629,-6193.65,288.708
14633.2,-6195.45,286.922
14637.4,-6197.25,285.144
14642,-6199.05,283.27
14646.2,-6200.85,281.516
14650.5,-6202.65,279.754
14654.7,-6204.45,277.995
14659.2,-6206.25,276.189
14663.4,-6208.05,274.469
14667.7,-6209.85,272.755
14672.2,-6211.65,270.859
14676.4,-6213.45,269.1
14680.7,-6215.25,267.339
14684.9,-6217.05,265.582
14689.4,-6218.85,263.715
14693.7,-6220.65,261.968
14697.9,-6222.45,260.232
14702.1,-6224.25,258.496
14706.7,-6226.05,256.563
14710.9,-6227.85,254.768
14715.1,-6229.65,252.983
14719.4,-6231.45,251.25
14723.6,-6233.25,249.52
14727.8,-6235.05,247.78
14732.1,-6236.85,246.037
14736.3,-6238.65,244.244
14740.5,-6240.45,242.454
14744.8,-6242.25,240.661
14749,-6244.05,238.864
14753.3,-6245.85,237.083
14757.5,-6247.65,235.298
14761.8,-6249.44,233.541
14766,-6251.24,231.775
14770.2,-6253.04,230.017
14774.4,-6254.84,228.254
14778.7,-6256.64,226.491
14782.9,-6258.44,224.72
14787.1,-6260.24,222.959
14791.4,-6262.04,221.196
14795.6,-6263.84,219.406
14799.8,-6265.64,217.605
14804.1,-6267.44,215.818
14808.3,-6269.24,214.005
14812.5,-6271.04,212.197
14816.7,-6272.84,210.393
14821,-6274.64,208.573
14825.2,-6276.44,206.746
14829.4,-6278.24,204.922
14833.7,-6280.04,203.074
14838,-6281.84,201.242
14842.2,-6283.64,199.414
14846.4,-6285.44,197.586
14850.7,-6287.24,195.745
14854.9,-6289.04,193.94
14859.1,-6290.84,192.136
14863.3,-6292.64,190.331
14867.6,-6294.44,188.523
14871.9,-6296.24,186.721
14876.1,-6298.04,184.932
14880.3,-6299.84,183.137
14884.5,-6301.64,181.384
14888.8,-6303.44,179.626
14893,-6305.24,177.876
14897.2,-6307.04,176.124
14901.4,-6308.84,174.347
14905.7,-6310.64,172.575
14909.9,-6312.44,170.798
14914.1,-6314.24,169.03
14918.3,-6316.04,167.256
14922.6,-6317.84,165.485
14926.8,-6319.64,163.709
14931,-6321.44,161.901
14935.3,-6323.24,160.081
14939.6,-6325.04,158.252
14944.1,-6326.84,156.275
14948.4,-6328.64,154.389
14952.6,-6330.44,152.524
14957.1,-6332.24,150.636
14961.3,-6334.04,148.848
14965.6,-6335.84,147.069
14969.8,-6337.64,145.279
14974.3,-6339.44,143.408
14978.5,-6341.23,141.648
14982.7,-6343.03,139.886
14987,-6344.83,138.12
14991.2,-6346.63,136.329
14995.4,-6348.43,134.544
14999.7,-6350.23,132.758
15003.9,-6352.03,130.982
15008.1,-6353.83,129.2
15012.3,-6355.63,127.421
15016.6,-6357.43,125.643
15020.8,-6359.23,123.857
15025,-6361.03,122.077
15029.2,-6362.83,120.297
15033.5,-6364.63,118.498
15037.7,-6366.43,116.702
15042,-6368.23,114.902
15046.2,-6370.03,113.113
15050.5,-6371.83,111.289
15054.7,-6373.63,109.484
15058.9,-6375.43,107.668
15063.1,-6377.23,105.846
15067.4,-6379.03,104.025
15071.6,-6380.83,102.203
15075.8,-6382.63,100.374
15080.2,-6384.43,98.4695
15084.4,-6386.23,96.6149
15088.6,-6388.03,94.7573
15092.9,-6389.83,92.9163
15097.1,-6391.63,91.0839
15101.3,-6393.43,89.2439
15105.6,-6395.23,87.4112
15109.8,-6397.03,85.5933
15114,-6398.83,83.7766
15118.3,-6400.63,81.9663
15122.5,-6402.43,80.1697
15126.7,-6404.23,78.3682
15131,-6406.03,76.5642
15135.2,-6407.83,74.7574
15139.4,-6409.63,72.9424
15143.7,-6411.43,71.1216
15147.9,-6413.23,69.3085
15152.5,-6415.03,67.3174
15156.7,-6416.83,65.4705
15161,-6418.63,63.6259
15165.2,-6420.43,61.784
15169.7,-6422.23,59.9879
15173.9,-6424.03,58.2822
15178.1,-6425.83,56.5877
15182.4,-6427.63,54.8909
15186.9,-6429.43,53.0403
15191.2,-6431.23,51.3303
15195.4,-6433.02,49.6245
15199.9,-6434.82,47.7375
15204.2,-6436.62,45.9803
15208.4,-6438.42,44.2286
15212.6,-6440.22,42.4758
15217.2,-6442.02,40.5284
15221.4,-6443.82,38.7224
15225.6,-6445.62,36.9211
15230.2,-6447.42,35.0886
15234.4,-6449.22,33.3811
15238.6,-6451.02,31.6577
15243.2,-6452.82,29.9506
15247.4,-6454.62,28.057
15251.7,-6456.42,26.2892
15255.9,-6458.22,24.5294
15260.1,-6460.02,22.8389
15264.4,-6461.82,21.156
15268.6,-6463.62,19.4688
15272.8,-6465.42,17.6993
15277.1,-6467.22,15.9446
15281.3,-6469.02,14.1975
15285.5,-6470.82,12.4596
15289.8,-6472.62,10.7355
15294,-6474.42,9.04199
15298.2,-6476.22,7.3877
15302.5,-6478.02,5.77272
15306.7,-6479.82,4.3376
15311,-6481.62,3.26366
15315.2,-6483.42,3.04349
15319.8,-6485.22,3.8751
15324.2,-6487.02,5.26628
15328.4,-6488.82,6.83884
15332.8,-6490.62,8.50385
15337.3,-6492.42,10.2421
15342,-6494.22,12.0982
15346.5,-6496.02,13.9209
15350.9,-6497.82,15.6865
15355.1,-6499.62,17.3966
15359.3,-6501.42,19.1169
15363.6,-6503.22,20.7518
15367.8,-6505.02,22.3935
15372,-6506.82,24.036
15376.2,-6508.62,25.6759
15380.5,-6510.42,27.4831
15384.7,-6512.22,29.3017
15389,-6514.02,31.1154
15393.2,-6515.82,32.8946
15397.4,-6517.62,34.6705
15401.7,-6519.42,36.4512
15405.9,-6521.22,38.2308
15410.1,-6523.02,39.9882
15414.3,-6524.81,41.7444
15418.6,-6526.61,43.5082
15422.8,-6528.41,45.2724
15427,-6530.21,47.0689
15431.3,-6532.01,48.8648
15435.5,-6533.81,50.6626
15439.7,-6535.61,52.4896
15444,-6537.41,54.3151
15448.2,-6539.21,56.1324
15452.6,-6541.01,58.0226
15456.8,-6542.81,59.8452
15461.1,-6544.61,61.6662
15465.3,-6546.41,63.4847
15469.5,-6548.21,65.2385
15473.8,-6550.01,66.9981
15478,-6551.81,68.7488
15482.2,-6553.61,70.5012
15486.5,-6555.41,72.3017
15490.7,-6557.21,74.104
15494.9,-6559.01,75.9072
15499.2,-6560.81,77.7087
15503.4,-6562.61,79.5062
15507.6,-6564.41,81.302
15511.9,-6566.21,83.1112
15516.1,-6568.01,84.8888
15520.3,-6569.81,86.6632
15524.5,-6571.61,88.4392
15528.8,-6573.41,90.2189
15533,-6575.21,92.0027
15537.3,-6577.01,93.7873
15541.5,-6578.81,95.5662
15545.8,-6580.61,97.3585
15550,-6582.41,99.164
15554.2,-6584.21,100.949
15558.5,-6586.01,102.761
15562.7,-6587.81,104.573
15566.9,-6589.61,106.382
15571.2,-6591.41,108.192
15575.4,-6593.21,110.007
15579.6,-6595.01,111.831
15583.9,-6596.81,113.644
15588.1,-6598.61,115.474
15592.3,-6600.41,117.306
15596.5,-6602.21,119.135
15600.8,-6604.01,120.97
15605,-6605.81,122.791
15609.2,-6607.61,124.619
15613.4,-6609.41,126.444
15617.7,-6611.21,128.276
15622,-6613.01,130.095
15626.2,-6614.81,131.903
15630.4,-6616.6,133.717
15634.9,-6618.4,135.599
15639.2,-6620.2,137.385
15643.4,-6622,139.156
15647.7,-6623.8,140.96
15652,-6625.6,142.722
15656.2,-6627.4,144.465
15660.5,-6629.2,146.232
15664.7,-6631,147.972
15669,-6632.8,149.722
15673.2,-6634.6,151.469
15677.5,-6636.4,153.218
15681.7,-6638.2,155.039
15685.9,-6640,156.863
15690.2,-6641.8,158.679
15694.4,-6643.6,160.531
15698.6,-6645.4,162.38
15702.9,-6647.2,164.223
15707.1,-6649,166.067
15711.3,-6650.8,167.857
15715.5,-6652.6,169.647
15719.8,-6654.4,171.442
15724,-6656.2,173.282
15728.2,-6658,175.125
15732.4,-6659.8,176.974
15736.7,-6661.6,178.815
15740.9,-6663.4,180.646
15745.2,-6665.2,182.465
15749.4,-6667,184.276
15753.7,-6668.8,186.081
15757.9,-6670.6,187.871
15762.1,-6672.4,189.659
15766.3,-6674.2,191.447
15770.6,-6676,193.207
15774.8,-6677.8,194.967
15779,-6679.6,196.728
15783.3,-6681.4,198.518
15787.5,-6683.2,200.307
15791.7,-6685,202.102
15796,-6686.8,203.899
15800.2,-6688.6,205.679
15804.4,-6690.4,207.462
15808.7,-6692.2,209.239
15813.1,-6694,211.138
15817.3,-6695.8,212.949
15821.5,-6697.6,214.76
15825.8,-6699.4,216.575
15830.3,-6701.2,218.49
15834.5,-6703,220.277
15838.7,-6704.8,222.065
15843.3,-6706.6,223.996
15847.6,-6708.4,225.769
15851.8,-6710.19,227.568
15856.1,-6711.99,229.347
15860.5,-6713.79,231.18
15864.8,-6715.59,232.919
15869,-6717.39,234.654
15873.2,-6719.19,236.391
15877.8,-6720.99,238.313
15882,-6722.79,240.095
15886.2,-6724.59,241.87
15890.8,-6726.39,243.74
15895,-6728.19,245.478
15899.3,-6729.99,247.208
15903.5,-6731.79,249.015
15907.7,-6733.59,250.828
15912,-6735.39,252.649
15916.2,-6737.19,254.454
15920.4,-6738.99,256.248
15924.7,-6740.79,258.04
15928.9,-6742.59,259.832
15933.1,-6744.39,261.613
15937.3,-6746.19,263.394
15941.6,-6747.99,265.187
15945.8,-6749.79,266.984
15950.1,-6751.59,268.789
15954.3,-6753.39,270.609
15958.6,-6755.19,272.422
15963.2,-6756.99,274.46
15967.5,-6758.79,276.321
15971.7,-6760.59,278.173
15975.9,-6762.39,280.028
15980.3,-6764.19,281.848
15984.5,-6765.99,283.605
15988.8,-6767.79,285.361
15993.3,-6769.59,287.286
15997.6,-6771.39,289.072
16001.8,-6773.19,290.868
16006,-6774.99,292.658
16010.5,-6776.79,294.518
16014.8,-6778.59,296.265
16019,-6780.39,298.008
16023.2,-6782.19,299.753
16027.8,-6783.99,301.647
16032,-6785.79,303.4
16036.2,-6787.59,305.145
16040.5,-6789.39,306.878
16044.8,-6791.19,308.634
16049,-6792.99,310.364
16053.2,-6794.79,312.193
16057.5,-6796.59,314.008
16061.7,-6798.39,315.827
16066,-6800.19,317.645
16070.2,-6801.98,319.453
16074.4,-6803.78,321.252
16078.7,-6805.58,323.054
16082.9,-6807.38,324.91
16087.1,-6809.18,326.757
16091.3,-6810.98,328.6
16095.6,-6812.78,330.448
16100,-6814.58,332.386
16104.3,-6816.38,334.219
16108.5,-6818.18,336.043
16112.7,-6819.98,337.865
16117.3,-6821.78,339.706
16121.5,-6823.58,341.409
16125.8,-6825.38,343.107
16130,-6827.18,344.791
16134.2,-6828.98,346.464
16138.4,-6830.78,348.132
16142.7,-6832.58,349.787
16146.9,-6834.38,351.531
16151.2,-6836.18,353.223
16155.4,-6837.98,354.774
16159.7,-6839.78,356.039
16164,-6841.58,356.728
16168.2,-6843.38,356.458
16172.5,-6845.18,355.405
16176.8,-6846.98,354.038
16181.2,-6848.78,352.514
16185.4,-6850.58,350.952
16189.8,-6852.38,349.219
16194.4,-6854.18,347.357
16198.9,-6855.98,345.543
16203.2,-6857.78,343.772
16207.5,-6859.58,342.038
16211.7,-6861.38,340.289
16216,-6863.18,338.538
16220.2,-6864.98,336.802
16224.4,-6866.78,335.069
16228.7,-6868.58,333.334
16233,-6870.38,331.493
16237.2,-6872.18,329.684
16241.4,-6873.98,327.876
16245.7,-6875.78,326.042
16250.2,-6877.58,324.198
16254.4,-6879.38,322.429
16258.7,-6881.18,320.676
16262.9,-6882.98,318.917
16267.1,-6884.78,317.224
16271.4,-6886.58,315.523
16275.6,-6888.38,313.828
16279.8,-6890.18,312.058
16284.1,-6891.98,310.301
16288.3,-6893.77,308.54
16292.5,-6895.57,306.781
16296.7,-6897.37,304.971
16301,-6899.17,303.156
16305.2,-6900.97,301.348
16309.4,-6902.77,299.542
16313.6,-6904.57,297.729
16317.9,-6906.37,295.924
16322.1,-6908.17,294.111
16326.3,-6909.97,292.297
16330.6,-6911.77,290.483
16334.8,-6913.57,288.668
16339.1,-6915.37,286.858
16343.3,-6917.17,285.044
16347.5,-6918.97,283.221
16351.8,-6920.77,281.392
16356,-6922.57,279.592
16360.3,-6924.37,277.793
16364.5,-6926.17,275.995
16368.7,-6927.97,274.194
16373.3,-6929.77,272.269
16377.6,-6931.57,270.468
16381.8,-6933.37,268.677
16386.3,-6935.17,266.852
16390.5,-6936.97,265.115
16394.8,-6938.77,263.385
16399,-6940.57,261.644
16403.2,-6942.37,259.897
16407.5,-6944.17,258.149
16411.7,-6945.97,256.404
16415.9,-6947.77,254.606
16420.2,-6949.57,252.814
16424.4,-6951.37,251.024
16428.6,-6953.17,249.234
16432.9,-6954.97,247.432
16437.1,-6956.77,245.633
16441.3,-6958.57,243.834
16445.6,-6960.37,242.016
16449.8,-6962.17,240.194
16454.1,-6963.97,238.374
16458.6,-6965.77,236.457
16462.8,-6967.57,234.64
16467.1,-6969.37,232.838
16471.3,-6971.17,231.027
16475.8,-6972.97,229.171
16480,-6974.77,227.419
16484.3,-6976.57,225.676
16488.8,-6978.37,223.934
16493.1,-6980.17,222.024
16497.3,-6981.97,220.26
16501.5,-6983.77,218.495
16506.1,-6985.56,216.656
16510.3,-6987.36,214.94
16514.5,-6989.16,213.234
16518.7,-6990.96,211.526
16523.3,-6992.76,209.647
16527.5,-6994.56,207.901
16531.8,-6996.36,206.156
16536,-6998.16,204.449
16540.2,-6999.96,202.737
16544.5,-7001.76,201.026
16548.7,-7003.56,199.301
16553,-7005.36,197.488
16557.2,-7007.16,195.687
16561.4,-7008.96,193.889
16565.7,-7010.76,192.067
16569.9,-7012.56,190.243
16574.2,-7014.36,188.424
16578.4,-7016.16,186.6
16582.6,-7017.96,184.77
16586.8,-7019.76,182.935
16591.1,-7021.56,181.102
16595.5,-7023.36,179.172
16599.8,-7025.16,177.333
16604,-7026.96,175.506
16608.2,-7028.76,173.679
16612.5,-7030.56,171.914
16616.7,-7032.36,170.149
16620.9,-7034.16,168.384
16625.2,-7035.96,166.602
16629.4,-7037.76,164.819
16633.6,-7039.56,163.034
16637.9,-7041.36,161.243
16642.1,-7043.16,159.47
16646.3,-7044.96,157.701
16650.6,-7046.76,155.932
16654.8,-7048.56,154.139
16659.1,-7050.36,152.361
16663.3,-7052.16,150.588
16667.5,-7053.96,148.813
16671.8,-7055.76,147.027
16676,-7057.56,145.246
16680.2,-7059.36,143.466
16684.4,-7061.16,141.642
16688.7,-7062.96,139.817
16692.9,-7064.76,137.991
16697.1,-7066.56,136.168
16701.4,-7068.36,134.281
16705.6,-7070.16,132.428
16709.9,-7071.96,130.576
16714.1,-7073.76,128.744
16718.3,-7075.56,126.91
16722.6,-7077.35,125.081
16726.8,-7079.15,123.247
16731,-7080.95,121.435
16735.2,-7082.75,119.626
16739.5,-7084.55,117.803
16743.7,-7086.35,115.987
16748,-7088.15,114.181
16752.2,-7089.95,112.364
16756.5,-7091.75,110.56
16760.7,-7093.55,108.752
16764.9,-7095.35,106.945
16769.2,-7097.15,105.145
16773.7,-7098.95,103.139
16778,-7100.75,101.272
16782.2,-7102.55,99.4169
16786.4,-7104.35,97.5573
16790.7,-7106.15,95.8313
16794.9,-7107.95,94.1007
16799.1,-7109.75,92.3781
16803.3,-7111.55,90.6548
16807.6,-7113.35,88.8892
16811.8,-7115.15,87.1122
16816.1,-7116.95,85.3508
16820.3,-7118.75,83.5364
16824.5,-7120.55,81.7312
16828.8,-7122.35,79.9269
16833,-7124.15,78.1136
16837.2,-7125.95,76.2225
16841.4,-7127.75,74.3351
16845.7,-7129.55,72.4444
16849.9,-7131.35,70.5823
16854.2,-7133.15,68.7237
16858.4,-7134.95,66.8703
16862.7,-7136.75,65.023
16866.9,-7138.55,63.2667
16871.1,-7140.35,61.5177
16875.3,-7142.15,59.7695
16879.7,-7143.95,57.9252
16884,-7145.75,56.1328
16888.2,-7147.55,54.3522
16892.4,-7149.35,52.5642
16896.7,-7151.15,50.7693
16900.9,-7152.95,48.9656
16905.1,-7154.75,47.1731
16909.3,-7156.55,45.3881
16913.6,-7158.35,43.601
16917.8,-7160.15,41.8135
16922,-7161.95,40.0231
16926.3,-7163.75,38.2344
16930.5,-7165.55,36.453
16934.7,-7167.35,34.6747
16939,-7169.15,32.8708
16943.2,-7170.94,31.0663
16947.4,-7172.74,29.2714
16951.7,-7174.54,27.4722
16956.2,-7176.34,25.5542
16960.4,-7178.14,23.7484
16964.6,-7179.94,21.9511
16969.2,-7181.74,20.1633
16973.4,-7183.54,18.275
16977.6,-7185.34,16.5257
16981.9,-7187.14,14.7835
16986.4,-7188.94,12.9859
16990.7,-7190.74,11.3174
16994.9,-7192.54,9.67682
16999.4,-7194.34,8.07723
17003.7,-7196.14,6.4119
17007.9,-7197.94,5.00764
17012.1,-7199.74,3.89726
17016.7,-7201.54,3.36893
17020.9,-7203.34,3.71524
17025.2,-7205.14,4.69654
17029.9,-7206.94,6.1912
17034.2,-7208.74,7.7184
17038.4,-7210.54,9.29047
17042.8,-7212.34,10.9812
17047.5,-7214.14,12.7256
17051.9,-7215.94,14.4206
17056.2,-7217.74,16.0514
17060.4,-7219.54,17.6842
17064.6,-7221.34,19.3253
17068.9,-7223.14,20.9656
17073.1,-7224.94,22.6186
17077.3,-7226.74,24.4279
17081.6,-7228.54,26.2491
17085.9,-7230.34,28.0926
17090.1,-7232.14,29.9274
17094.3,-7233.94,31.7646
17098.6,-7235.74,33.5963
17102.8,-7237.54,35.4333
17107,-7239.34,37.2039
17111.3,-7241.14,38.9803
17115.5,-7242.94,40.7507
17119.8,-7244.74,42.5238
17124,-7246.54,44.2925
17128.2,-7248.34,46.0593
17132.4,-7250.14,47.8216
17136.7,-7251.94,49.576
17140.9,-7253.74,51.3364
17145.1,-7255.54,53.0842
17149.6,-7257.34,54.9449
17153.9,-7259.14,56.7393
17158.1,-7260.94,58.5045
17162.4,-7262.73,60.2651
17166.6,-7264.53,61.9801
17170.8,-7266.33,63.6976
17175.1,-7268.13,65.4138
17179.3,-7269.93,67.1944
17183.6,-7271.73,68.9801
17187.8,-7273.53,70.766
17192,-7275.33,72.5545
17196.2,-7277.13,74.3803
17200.5,-7278.93,76.2062
17204.7,-7280.73,78.0288
17208.9,-7282.53,79.8528
17213.1,-7284.33,81.6719
17217.4,-7286.13,83.4877
17221.6,-7287.93,85.312
17226,-7289.73,87.2165
17230.3,-7291.53,89.034
17234.5,-7293.33,90.8423
17238.7,-7295.13,92.6516
17243.3,-7296.93,94.5569
17247.5,-7298.73,96.3245
17251.8,-7300.53,98.093
17256.3,-7302.33,99.9267
17260.6,-7304.13,101.636
17264.8,-7305.93,103.338
17269,-7307.73,105.043
17273.2,-7309.53,106.779
17277.5,-7311.33,108.519
17281.7,-7313.13,110.26
17286,-7314.93,112.047
17290.2,-7316.73,113.825
17294.4,-7318.53,115.604
17298.7,-7320.33,117.387
17302.9,-7322.13,119.186
17307.1,-7323.93,120.979
17311.3,-7325.73,122.78
17315.6,-7327.53,124.58
17319.8,-7329.33,126.394
17324,-7331.13,128.195
17328.3,-7332.93,130
17332.5,-7334.73,131.818
17336.7,-7336.53,133.639
17341,-7338.33,135.464
17345.2,-7340.13,137.283
17349.4,-7341.93,139.105
17353.7,-7343.73,140.942
17357.9,-7345.53,142.779
17362.2,-7347.33,144.594
17366.4,-7349.13,146.41
17370.6,-7350.93,148.227
17374.9,-7352.73,150.009
17379.1,-7354.52,151.8
17383.3,-7356.32,153.591
17387.6,-7358.12,155.375
17391.8,-7359.92,157.163
17396,-7361.72,158.947
17400.2,-7363.52,160.73
17404.5,-7365.32,162.497
17408.7,-7367.12,164.267
17413,-7368.92,166.045
17417.2,-7370.72,167.81
17421.4,-7372.52,169.581
17425.6,-7374.32,171.351
17429.9,-7376.12,173.119
17434.1,-7377.92,174.888
17438.7,-7379.72,176.829
17442.9,-7381.52,178.636
17447.1,-7383.32,180.432
17451.7,-7385.12,182.303
17455.9,-7386.92,184.06
17460.2,-7388.72,185.832
17464.8,-7390.52,187.807
17469.1,-7392.32,189.618
17473.3,-7394.12,191.425
17477.5,-7395.92,193.225
17481.9,-7397.72,195.018
17486.2,-7399.52,196.743
17490.4,-7401.32,198.463
17494.6,-7403.12,200.258
17498.9,-7404.92,202.048
17503.1,-7406.72,203.84
17507.3,-7408.52,205.628
17511.5,-7410.32,207.404
17515.8,-7412.12,209.184
17520,-7413.92,210.962
17524.2,-7415.72,212.73
17528.5,-7417.52,214.5
17532.7,-7419.32,216.281
17537,-7421.12,218.061
17541.2,-7422.92,219.864
17545.4,-7424.72,221.671
17549.7,-7426.52,223.479
17554.2,-7428.32,225.455
17558.5,-7430.12,227.316
17562.7,-7431.92,229.154
17567,-7433.72,230.997
17571.2,-7435.52,232.758
17575.4,-7437.32,234.517
17579.6,-7439.12,236.28
17583.9,-7440.92,238.041
17588.1,-7442.72,239.912
17592.3,-7444.52,241.792
17596.6,-7446.31,243.666
17600.8,-7448.11,245.5
17605,-7449.91,247.329
17609.3,-7451.71,249.159
17613.5,-7453.51,250.983
17617.7,-7455.31,252.783
17622,-7457.11,254.583
17626.2,-7458.91,256.383
17630.4,-7460.71,258.159
17634.7,-7462.51,259.933
17638.9,-7464.31,261.706
17643.1,-7466.11,263.481
17647.3,-7467.91,265.262
17651.6,-7469.71,267.049
17655.8,-7471.51,268.85
17660.1,-7473.31,270.656
17664.3,-7475.11,272.453
17668.6,-7476.91,274.243
17672.8,-7478.71,276.047
17677.1,-7480.51,277.839
17681.3,-7482.31,279.634
17685.5,-7484.11,281.424
17689.7,-7485.91,283.214
17694,-7487.71,285.055
17698.2,-7489.51,286.89
17702.4,-7491.31,288.725
17706.6,-7493.11,290.567
17710.9,-7494.91,292.409
17715.1,-7496.71,294.249
17719.3,-7498.51,296.118
17723.6,-7500.31,297.979
17727.8,-7502.11,299.842
17732.1,-7503.91,301.702
17736.5,-7505.71,303.648
17740.8,-7507.51,305.496
17745,-7509.31,307.332
17749.2,-7511.11,309.167
17753.5,-7512.91,310.951
17757.7,-7514.71,312.742
17762,-7516.51,314.534
17766.2,-7518.31,316.321
17770.5,-7520.11,318.11
17774.7,-7521.91,319.895
17778.9,-7523.71,321.684
17783.1,-7525.51,323.456
17787.4,-7527.31,325.222
17791.7,-7529.11,327.017
17795.9,-7530.91,328.802
17800.1,-7532.71,330.581
17804.4,-7534.51,332.361
17808.6,-7536.31,334.137
17812.8,-7538.1,335.925
17817.1,-7539.9,337.696
17821.3,-7541.7,339.469
17825.5,-7543.5,341.262
17829.7,-7545.3,343.05
17834,-7547.1,344.832
17838.2,-7548.9,346.607
17842.4,-7550.7,348.38
17846.7,-7552.5,350.135
17850.9,-7554.3,351.847
17855.1,-7556.1,353.491
17859.4,-7557.9,354.986
17863.6,-7559.7,356.196
17868,-7561.5,356.744
17872.2,-7563.3,356.333
17876.5,-7565.1,355.231
17880.8,-7566.9,353.754
17885.1,-7568.7,352.141
17889.3,-7570.5,350.501
17893.7,-7572.3,348.766
17898.3,-7574.1,346.914
17902.6,-7575.9,345.164
17906.9,-7577.7,343.453
17911.1,-7579.5,341.741
17915.3,-7581.3,340.101
17919.6,-7583.1,338.454
17923.8,-7584.9,336.804
17928,-7586.7,335.154
17932.2,-7588.5,333.358
17936.5,-7590.3,331.56
17940.7,-7592.1,329.753
17945,-7593.9,327.933
17949.2,-7595.7,326.117
17953.4,-7597.5,324.307
17957.7,-7599.3,322.471
17962.2,-7601.1,320.557
17966.4,-7602.9,318.749
17970.7,-7604.7,316.946
17975.2,-7606.5,315.046
17979.4,-7608.3,313.277
17983.7,-7610.1,311.507
17987.9,-7611.9,309.739
17992.4,-7613.7,307.887
17996.6,-7615.5,306.156
18000.9,-7617.3,304.423
18005.1,-7619.1,302.664
18009.3,-7620.9,300.897
18013.6,-7622.7,299.135
18017.8,-7624.5,297.366
18022,-7626.3,295.598
18026.2,-7628.1,293.834
18030.5,-7629.9,292.067
18034.7,-7631.69,290.276
18038.9,-7633.49,288.481
18043.2,-7635.29,286.688
18047.4,-7637.09,284.902
18051.7,-7638.89,283.113
18055.9,-7640.69,281.316
18060.2,-7642.49,279.538
18064.7,-7644.29,277.603
18069,-7646.09,275.804
18073.2,-7647.89,274.015
18077.4,-7649.69,272.22
18081.9,-7651.49,270.377
18086.2,-7653.29,268.633
18090.4,-7655.09,266.89
18094.9,-7656.89,265.118
18099.2,-7658.69,263.198
18103.4,-7660.49,261.42
18107.6,-7662.29,259.641
18112.2,-7664.09,257.778
18116.4,-7665.89,256.041
18120.6,-7667.69,254.302
18124.8,-7669.49,252.556
18129.4,-7671.29,250.654
18133.7,-7673.09,248.88
18137.9,-7674.89,247.119
18142.4,-7676.69,245.284
18146.6,-7678.49,243.569
18150.9,-7680.29,241.858
18155.5,-7682.09,239.972
18159.7,-7683.89,238.236
18164,-7685.69,236.488
18168.2,-7687.49,234.764
18172.7,-7689.29,232.968
18176.9,-7691.09,231.252
18181.1,-7692.89,229.538
18185.3,-7694.69,227.744
18189.6,-7696.49,225.942
18193.8,-7698.29,224.135
18198.1,-7700.09,222.345
18202.3,-7701.89,220.525
18206.5,-7703.69,218.705
18210.7,-7705.49,216.881
18215,-7707.29,215.023
18219.2,-7709.09,213.172
18223.4,-7710.89,211.318
18227.6,-7712.69,209.47
18231.9,-7714.49,207.638
18236.2,-7716.29,205.824
18240.4,-7718.09,204.013
18244.9,-7719.89,202.208
18249.2,-7721.69,200.272
18253.4,-7723.48,198.473
18257.7,-7725.28,196.663
18262.2,-7727.08,194.868
18266.4,-7728.88,193.172
18270.6,-7730.68,191.48
18275.2,-7732.48,189.797
18279.4,-7734.28,187.939
18283.7,-7736.08,186.216
18287.9,-7737.88,184.498
18292.4,-7739.68,182.663
18296.6,-7741.48,180.952
18300.9,-7743.28,179.244
18305.1,-7745.08,177.537
18309.7,-7746.88,175.584
18313.9,-7748.68,173.791
18318.2,-7750.48,172
18322.4,-7752.28,170.235
18326.6,-7754.08,168.467
18330.9,-7755.88,166.703
18335.1,-7757.68,164.942
18339.3,-7759.48,163.063
18343.5,-7761.28,161.178
18347.8,-7763.08,159.294
18352,-7764.88,157.471
18356.3,-7766.68,155.643
18360.5,-7768.48,153.821
18364.9,-7770.28,151.975
18369.1,-7772.08,150.194
18373.3,-7773.88,148.41
18377.6,-7775.68,146.622
18382,-7777.48,144.805
18386.3,-7779.28,143.089
18390.5,-7781.08,141.372
18394.7,-7782.88,139.653
18399.3,-7784.68,137.785
18403.5,-7786.48,136.048
18407.7,-7788.28,134.319
18412.3,-7790.08,132.487
18416.5,-7791.88,130.788
18420.7,-7793.68,129.085
18425,-7795.48,127.381
18429.6,-7797.28,125.442
18433.8,-7799.08,123.654
18438,-7800.88,121.865
18442.5,-7802.68,119.991
18446.8,-7804.48,118.23
18451,-7806.28,116.473
18455.2,-7808.08,114.707
18459.9,-7809.88,112.697
18464.1,-7811.68,110.865
18468.3,-7813.48,109.016
18472.8,-7815.27,107.209
18477,-7817.07,105.494
18481.3,-7818.87,103.784
18485.5,-7820.67,102.002
18489.7,-7822.47,100.206
18494,-7824.27,98.4142
18498.2,-7826.07,96.6318
18502.4,-7827.87,94.844
18506.6,-7829.67,93.0537
18510.9,-7831.47,91.2353
18515.2,-7833.27,89.4468
18519.4,-7835.07,87.6541
18523.6,-7836.87,85.859
18527.9,-7838.67,84.0688
18532.1,-7840.47,82.2702
18536.3,-7842.27,80.4642
18540.5,-7844.07,78.6649
18545.1,-7845.87,76.7135
18549.3,-7847.67,74.8982
18553.5,-7849.47,73.083
18557.8,-7851.27,71.2511
18562.3,-7853.07,69.4023
18566.5,-7854.87,67.6512
18570.8,-7856.67,65.905
18575.4,-7858.47,64.167
18579.6,-7860.27,62.1934
18583.8,-7862.07,60.378
18588.1,-7863.87,58.5661
18592.5,-7865.67,56.725
18596.8,-7867.47,54.9737
18601,-7869.27,53.2291
18605.6,-7871.07,51.4897
18609.9,-7872.87,49.534
18614.1,-7874.67,47.7495
18618.3,-7876.47,45.9579
18622.8,-7878.27,44.1583
18627,-7880.07,42.4587
18631.3,-7881.87,40.7626
18635.5,-7883.67,39.0701
18640,-7885.47,37.175
18644.3,-7887.27,35.4255
18648.5,-7889.07,33.6791
18653,-7890.87,31.837
18657.3,-7892.67,30.1093
18661.5,-7894.47,28.3986
18665.8,-7896.27,26.6389
18670,-7898.07,24.875
18674.2,-7899.87,23.1294
18678.5,-7901.67,21.3863
18682.7,-7903.47,19.5946
18686.9,-7905.27,17.8094
18691.2,-7907.06,16.0316
18695.4,-7908.86,14.2549
18699.6,-7910.66,12.4894
18703.8,-7912.46,10.7544
18708.1,-7914.26,9.04675
18712.3,-7916.06,7.42102
18716.5,-7917.86,5.89473
18720.8,-7919.66,4.57837
18725.4,-7921.46,3.65577
18729.6,-7923.26,3.61182
18733.9,-7925.06,4.38106
18738.2,-7926.86,5.67711
18742.6,-7928.66,7.13378
18746.9,-7930.46,8.63449
18751.8,-7932.26,10.2361
18756.3,-7934.06,12.1894
18760.6,-7935.86,13.887
18764.8,-7937.66,15.5661
18769.1,-7939.46,17.2636
18773.3,-7941.26,18.825
18777.6,-7943.06,20.3906
18781.8,-7944.86,21.9652
18786.1,-7946.66,23.7858
18790.3,-7948.46,25.6105
18794.5,-7950.26,27.4267
18798.8,-7952.06,29.2491
18803,-7953.86,31.0583
18807.2,-7955.66,32.8672
18811.5,-7957.46,34.6831
18815.7,-7959.26,36.4958
18819.9,-7961.06,38.3152
18824.1,-7962.86,40.1288
18828.4,-7964.66,41.943
18832.6,-7966.46,43.7446
18836.9,-7968.26,45.5541
18841.1,-7970.06,47.3517
18845.3,-7971.86,49.1554
18849.5,-7973.66,50.9414
18853.9,-7975.46,52.7856
18858.2,-7977.26,54.5822
18862.4,-7979.06,56.3715
18866.7,-7980.86,58.1479
18870.9,-7982.66,59.9344
18875.5,-7984.46,61.8288
18879.7,-7986.26,63.5736
18884,-7988.06,65.3209
18888.2,-7989.86,67.0693
18892.4,-7991.66,68.7651
18896.7,-7993.46,70.4641
18900.9,-7995.26,72.1656
18905.1,-7997.06,73.8625
18909.3,-7998.85,75.6596
18913.6,-8000.65,77.4659
18917.8,-8002.45,79.2756
18922.1,-8004.25,81.1019
18926.3,-8006.05,82.9207
18930.5,-8007.85,84.7421
18934.8,-8009.65,86.5635
18939,-8011.45,88.3624
18943.2,-8013.25,90.1639
18947.4,-8015.05,91.9704
18951.7,-8016.85,93.7799
18955.9,-8018.65,95.5945
18960.2,-8020.45,97.4292
18964.5,-8022.25,99.2958
18968.8,-8024.05,101.102
18973,-8025.85,102.923
18977.3,-8027.65,104.727
18981.5,-8029.45,106.487
18985.7,-8031.25,108.255
18994.2,-8033.05,111.79
18998.4,-8034.85,113.565
19002.7,-8036.65,115.347
19006.9,-8038.45,117.123
19011.2,-8040.25,118.493
19015.4,-8042.05,119.863
19019.6,-8043.85,121.245
19024,-8045.65,122.669
19028.4,-8047.45,124.683
19032.9,-8049.25,126.73
19037.3,-8051.05,128.746
19041.8,-8052.85,130.668
19046.2,-8054.65,132.558
19050.6,-8056.45,134.464
19055.1,-8058.25,136.39
19060.5,-8060.05,138.516
19065.2,-8061.85,140.383
19069.9,-8063.65,142.255
19074.3,-8065.45,143.742
19078.6,-8067.25,145.228
19082.9,-8069.05,146.667
19087.1,-8070.85,148.347
19091.3,-8072.65,150.035
19095.6,-8074.45,151.715
19100,-8076.25,153.683
19104.2,-8078.05,155.574
19108.4,-8079.85,157.458
19112.7,-8081.65,159.35
19116.9,-8083.45,161.118
19121.2,-8085.25,162.892
19125.4,-8087.05,164.658
19129.6,-8088.85,166.419
19133.8,-8090.65,168.282
19138.1,-8092.44,170.15
19142.3,-8094.24,172.009
19146.5,-8096.04,173.853
19150.8,-8097.84,175.698
19155,-8099.64,177.541
19159.2,-8101.44,179.378
19163.8,-8103.24,181.34
19168,-8105.04,183.159
19172.3,-8106.84,184.985
19176.5,-8108.64,186.736
19180.8,-8110.44,188.487
19185,-8112.24,190.23
19189.2,-8114.04,191.974
19193.4,-8115.84,193.754
19197.6,-8117.64,195.533
19201.9,-8119.44,197.311
19206.1,-8121.24,199.088
19210.3,-8123.04,200.867
19214.5,-8124.84,202.644
19218.8,-8126.64,204.426
19223,-8128.44,206.249
19227.3,-8130.24,208.075
19231.6,-8132.04,209.874
19236.1,-8133.84,211.817
19240.3,-8135.64,213.638
19244.5,-8137.44,215.448
19248.8,-8139.24,217.266
19253.3,-8141.04,219.153
19257.5,-8142.84,220.921
19261.8,-8144.64,222.707
19266.3,-8146.44,224.677
19270.5,-8148.24,226.51
19274.8,-8150.04,228.361
19279.1,-8151.84,230.197
19283.3,-8153.64,231.935
19287.5,-8155.44,233.679
19291.8,-8157.24,235.423
19296,-8159.04,237.159
19300.2,-8160.84,238.972
19304.4,-8162.64,240.783
19308.7,-8164.44,242.593
19312.9,-8166.24,244.378
19317.1,-8168.04,246.156
19321.4,-8169.84,247.934
19325.6,-8171.64,249.747
19329.9,-8173.44,251.539
19334.1,-8175.24,253.328
19338.3,-8177.04,255.123
19342.5,-8178.84,256.907
19346.8,-8180.64,258.697
19351,-8182.44,260.481
19355.2,-8184.23,262.261
19359.5,-8186.03,264.089
19363.7,-8187.83,265.92
19368,-8189.63,267.747
19372.2,-8191.43,269.583
19376.5,-8193.23,271.431
19380.7,-8195.03,273.267
19385,-8196.83,275.102
19389.2,-8198.63,276.922
19393.4,-8200.43,278.746
19397.6,-8202.23,280.573
19401.9,-8204.03,282.405
19406.1,-8205.83,284.236
19410.3,-8207.63,286.074
19414.6,-8209.43,287.903
19418.8,-8211.23,289.736
19423,-8213.03,291.565
19427.3,-8214.83,293.397
19431.5,-8216.63,295.191
19435.7,-8218.43,296.991
19440,-8220.23,298.796
19444.2,-8222.03,300.593
19448.4,-8223.83,302.356
19452.6,-8225.63,304.122
19456.9,-8227.43,305.919
19461.2,-8229.23,307.71
19465.4,-8231.03,309.491
19469.6,-8232.83,311.271
19473.9,-8234.63,313.051
19478.1,-8236.43,314.827
19482.4,-8238.23,316.596
19486.6,-8240.03,318.36
19490.8,-8241.83,320.138
19495.1,-8243.63,321.945
19499.3,-8245.43,323.74
19503.5,-8247.23,325.535
19507.9,-8249.03,327.405
19512.2,-8250.83,329.21
19516.4,-8252.63,331.005
19521,-8254.43,332.931
19525.2,-8256.23,334.714
19529.4,-8258.03,336.486
19533.7,-8259.83,338.264
19538.2,-8261.63,340.066
19542.4,-8263.43,341.765
19546.6,-8265.23,343.453
19551.2,-8267.03,345.131
19555.4,-8268.83,346.958
19559.7,-8270.63,348.642
19563.9,-8272.43,350.306
19568.4,-8274.23,351.952
19572.6,-8276.03,353.434
19576.9,-8277.83,354.781
19581.4,-8279.62,355.924
19585.8,-8281.42,356.402
19590,-8283.22,356.069
19594.3,-8285.02,355.105
19598.8,-8286.82,353.757
19603.1,-8288.62,352.294
19607.3,-8290.42,350.783
19612.1,-8292.22,348.942
19616.6,-8294.02,347.151
19621,-8295.82,345.392
19625.2,-8297.62,343.686
19630,-8299.42,341.829
19634.2,-8301.22,340.181
19638.4,-8303.02,338.528
19642.8,-8304.82,336.835
19647,-8306.62,335.198
19651.3,-8308.42,333.561
19655.8,-8310.22,331.631
19660.1,-8312.02,329.833
19664.3,-8313.82,328.032
19668.6,-8315.62,326.236
19673,-8317.42,324.478
19677.3,-8319.22,322.79
19681.5,-8321.02,321.12
19686.1,-8322.82,319.273
19690.3,-8324.62,317.548
19694.6,-8326.42,315.832
19698.8,-8328.22,314.108
19703.3,-8330.02,312.321
19707.5,-8331.82,310.639
19711.7,-8333.62,308.952
19716,-8335.42,307.263
19720.5,-8337.22,305.332
19724.8,-8339.02,303.541
19729,-8340.82,301.756
19733.5,-8342.62,299.899
19737.8,-8344.42,298.168
19742,-8346.22,296.441
19746.2,-8348.02,294.714
19750.8,-8349.82,292.788
19755,-8351.62,291.012
19759.2,-8353.42,289.235
19763.8,-8355.22,287.392
19768,-8357.02,285.671
19772.3,-8358.82,283.957
19776.5,-8360.62,282.244
19781.1,-8362.42,280.302
19785.3,-8364.22,278.53
19789.6,-8366.02,276.753
19794,-8367.82,274.97
19798.3,-8369.62,273.277
19802.5,-8371.42,271.583
19806.7,-8373.21,269.801
19811,-8375.01,268.007
19815.2,-8376.81,266.225
19819.4,-8378.61,264.448
19823.7,-8380.41,262.663
19827.9,-8382.21,260.88
19832.1,-8384.01,259.098
19836.3,-8385.81,257.288
19840.6,-8387.61,255.475
19844.8,-8389.41,253.658
19849,-8391.21,251.853
19853.4,-8393.01,249.975
19857.7,-8394.81,248.138
19862,-8396.61,246.294
19866.5,-8398.41,244.383
19870.7,-8400.21,242.58
19875,-8402.01,240.776
19879.2,-8403.81,238.968
19883.7,-8405.61,237.153
19887.9,-8407.41,235.426
19892.1,-8409.21,233.697
19896.3,-8411.01,231.97
19900.9,-8412.81,230.037
19905.1,-8414.61,228.256
19909.4,-8416.41,226.479
19913.9,-8418.21,224.643
19918.2,-8420.01,222.936
19922.4,-8421.81,221.234
19926.6,-8423.61,219.51
19930.9,-8425.41,217.775
19935.1,-8427.21,216.044
19939.4,-8429.01,214.295
19943.6,-8430.81,212.498
19947.8,-8432.61,210.691
19952.1,-8434.41,208.893
19956.3,-8436.21,207.082
19960.5,-8438.01,205.264
19964.8,-8439.81,203.434
19969,-8441.61,201.62
19973.2,-8443.41,199.769
19977.5,-8445.21,197.911
19981.7,-8447.01,196.039
19986,-8448.81,194.183
19990.2,-8450.61,192.341
19994.4,-8452.41,190.5
19998.6,-8454.21,188.654
20002.9,-8456.01,186.83
20007.1,-8457.81,185.014
20011.3,-8459.61,183.193
20015.6,-8461.41,181.377
20019.8,-8463.21,179.575
20024,-8465,177.774
20028.2,-8466.8,175.979
20032.5,-8468.6,174.182
20037.1,-8470.4,172.245
20041.3,-8472.2,170.469
20045.5,-8474,168.689
20049.8,-8475.8,167.008
20054,-8477.6,165.333
20058.2,-8479.4,163.663
20062.5,-8481.2,161.865
20066.7,-8483,160.075
20071,-8484.8,158.285
20075.2,-8486.6,156.503
20079.4,-8488.4,154.702
20083.7,-8490.2,152.892
20087.9,-8492,151.088
20092.1,-8493.8,149.234
20096.3,-8495.6,147.379
20100.6,-8497.4,145.522
20104.8,-8499.2,143.656
20109,-8501,141.795
20113.3,-8502.8,139.928
20117.5,-8504.6,138.065
20121.7,-8506.4,136.201
20126,-8508.2,134.354
20130.2,-8510,132.506
20134.4,-8511.8,130.666
20138.6,-8513.6,128.855
20142.9,-8515.4,127.045
20147.1,-8517.2,125.238
20151.3,-8519,123.452
20155.6,-8520.8,121.674
20159.8,-8522.6,119.89
20164.1,-8524.4,118.096
20168.5,-8526.2,116.232
20172.8,-8528,114.465
20177,-8529.8,112.706
20181.6,-8531.6,110.948
20185.8,-8533.4,109.067
20190.1,-8535.2,107.348
20194.3,-8537,105.625
20198.8,-8538.8,103.836
20203,-8540.6,102.145
20207.2,-8542.4,100.461
20211.5,-8544.2,98.7738
20216,-8546,96.8367
20220.3,-8547.8,95.0426
20224.5,-8549.6,93.2569
20229,-8551.4,91.364
20233.3,-8553.2,89.6057
20237.5,-8555,87.8539
20242.1,-8556.79,85.9139
20246.3,-8558.59,84.1108
20250.5,-8560.39,82.3062
20254.7,-8562.19,80.5099
20259.3,-8563.99,78.6329
20263.6,-8565.79,76.8741
20267.8,-8567.59,75.1291
20272.3,-8569.39,73.2333
20276.6,-8571.19,71.4667
20280.8,-8572.99,69.6929
20285.1,-8574.79,67.912
20289.3,-8576.59,66.2062
20293.5,-8578.39,64.4934
20297.7,-8580.19,62.7878
20302,-8581.99,61.0759
20306.2,-8583.79,59.2865
20310.4,-8585.59,57.4964
20314.6,-8587.39,55.7115
20318.9,-8589.19,53.9311
20323.1,-8590.99,52.1484
20327.3,-8592.79,50.3669
20331.6,-8594.59,48.5461
20335.8,-8596.39,46.7339
20340.1,-8598.19,44.9338
20344.3,-8599.99,43.1307
20348.8,-8601.79,41.2321
20353,-8603.59,39.439
20357.3,-8605.39,37.6572
20361.8,-8607.19,35.873
20366.1,-8608.99,33.944
20370.3,-8610.79,32.1765
20374.6,-8612.59,30.4056
20379,-8614.39,28.6013
20383.3,-8616.19,26.8808
20387.5,-8617.99,25.179
20392.1,-8619.79,23.293
20396.3,-8621.59,21.5474
20400.5,-8623.39,19.8052
20404.8,-8625.19,18.0678
20409.3,-8626.99,16.2978
20413.5,-8628.79,14.6445
20417.8,-8630.59,13.0076
20422,-8632.39,11.3391
20426.2,-8634.19,9.69681
20430.5,-8635.99,8.09921
20434.7,-8637.79,6.59184
20438.9,-8639.59,5.19759
20443.2,-8641.39,4.10752
20447.4,-8643.19,3.65555
20451.7,-8644.99,4.0327
20456,-8646.79,5.10641
20460.4,-8648.58,6.54295
20464.8,-8650.38,8.17555
20469.2,-8652.18,9.84812
20473.6,-8653.98,11.6294
20478,-8655.78,13.3865
20482.2,-8657.58,15.1079
20486.5,-8659.38,16.8169
20490.7,-8661.18,18.5191
20495,-8662.98,20.2296
20499.2,-8664.78,22.0082
20503.4,-8666.58,23.7887
20507.6,-8668.38,25.5743
20511.9,-8670.18,27.3741
20516.1,-8671.98,29.1753
20520.3,-8673.78,30.9799
20524.6,-8675.58,32.7902
20529,-8677.38,34.6708
20533.3,-8679.18,36.4516
20537.5,-8680.98,38.2251
20541.7,-8682.78,39.9993
20546.3,-8684.58,41.8702
20550.5,-8686.38,43.6071
20554.7,-8688.18,45.3421
20559.3,-8689.98,47.1641
20563.5,-8691.78,48.8718
20567.8,-8693.58,50.5758
20572.3,-8695.38,52.4983
20576.5,-8697.18,54.2825
20580.8,-8698.98,56.076
20585.1,-8700.78,57.8771
20589.3,-8702.58,59.6032
20593.5,-8704.38,61.3374
20597.7,-8706.18,63.0654
20602,-8707.98,64.8881
20606.2,-8709.78,66.7066
20610.4,-8711.58,68.5262
20614.6,-8713.38,70.3467
20618.9,-8715.18,72.1643
20623.1,-8716.98,73.9836
20627.3,-8718.78,75.8014
20631.6,-8720.58,77.6277
20635.8,-8722.38,79.4277
20640,-8724.18,81.2245
20644.2,-8725.98,83.0157
20648.8,-8727.78,84.9508
20653,-8729.58,86.7572
20657.3,-8731.38,88.5553
20661.9,-8733.18,90.4354
20666.1,-8734.98,92.1703
20670.3,-8736.78,93.8996
20674.6,-8738.58,95.6322
20679,-8740.38,97.3955
20683.3,-8742.17,99.0666
20687.5,-8743.97,100.74
20692.1,-8745.77,102.643
20696.3,-8747.57,104.411
20700.5,-8749.37,106.176
20704.7,-8751.17,107.938
20709.3,-8752.97,109.81
20713.5,-8754.77,111.555
20717.8,-8756.57,113.295
20722.3,-8758.37,115.033
20726.5,-8760.17,116.948
20730.8,-8761.97,118.732
20735,-8763.77,120.506
20739.5,-8765.57,122.35
20743.8,-8767.37,124.074
20748,-8769.17,125.787
20752.2,-8770.97,127.501
20756.8,-8772.77,129.427
20761,-8774.57,131.21
20765.2,-8776.37,132.987
20769.5,-8778.17,134.708
20773.7,-8779.97,136.419
20778,-8781.77,138.138
20782.2,-8783.57,139.926
20786.4,-8785.37,141.723
20790.7,-8787.17,143.511
20794.9,-8788.97,145.3
20799.1,-8790.77,147.079
20803.3,-8792.57,148.867
20807.6,-8794.37,150.647
20811.8,-8796.17,152.476
20816.1,-8797.97,154.284
20820.3,-8799.77,156.087
20824.5,-8801.57,157.894
20829,-8803.37,159.833
20833.3,-8805.17,161.667
20837.5,-8806.97,163.493
20841.7,-8808.77,165.322
20846.3,-8810.57,167.289
20850.5,-8812.37,169.119
20854.7,-8814.17,170.94
20859.3,-8815.97,172.825
20863.5,-8817.77,174.584
20867.8,-8819.57,176.34
20872,-8821.37,178.093
20876.2,-8823.17,179.861
20880.5,-8824.97,181.632
20884.7,-8826.77,183.395
20888.9,-8828.57,185.193
20893.2,-8830.37,186.976
20897.4,-8832.17,188.76
20901.6,-8833.96,190.546
20905.9,-8835.76,192.299
20910.1,-8837.56,194.05
20914.3,-8839.36,195.805
20918.6,-8841.16,197.589
20922.8,-8842.96,199.38
20927,-8844.76,201.163
20931.3,-8846.56,202.951
20935.5,-8848.36,204.761
20939.7,-8850.16,206.578
20944,-8851.96,208.4
20948.2,-8853.76,210.234
20952.4,-8855.56,212.064
20956.6,-8857.36,213.897
20960.9,-8859.16,215.735
20965.2,-8860.96,217.596
20969.4,-8862.76,219.437
20973.6,-8864.56,221.281
20977.9,-8866.36,223.119
20982.1,-8868.16,224.963
20986.3,-8869.96,226.808
20990.6,-8871.76,228.659
20994.8,-8873.56,230.476
20999.1,-8875.36,232.288
21003.3,-8877.16,234.1
21007.5,-8878.96,235.87
21011.8,-8880.76,237.647
21016,-8882.56,239.418
21020.2,-8884.36,241.197
21024.4,-8886.16,242.963
21028.7,-8887.96,244.737
21032.9,-8889.76,246.513
21037.4,-8891.56,248.418
21041.7,-8893.36,250.195
21045.9,-8895.16,251.974
21050.2,-8896.96,253.755
21054.7,-8898.76,255.565
21058.9,-8900.56,257.268
21063.1,-8902.36,258.967
21067.3,-8904.16,260.665
21071.9,-8905.96,262.601
21076.1,-8907.76,264.385
21080.4,-8909.56,266.169
21084.6,-8911.36,267.925
21088.9,-8913.16,269.707
21093.1,-8914.96,271.467
21097.3,-8916.76,273.341
21101.6,-8918.56,275.218
21105.8,-8920.36,277.099
21110,-8922.16,278.974
21114.2,-8923.96,280.799
21118.5,-8925.75,282.623
21122.7,-8927.55,284.458
21127,-8929.35,286.279
21131.2,-8931.15,288.101
21135.4,-8932.95,289.921
21139.7,-8934.75,291.744
21144.2,-8936.55,293.64
21148.4,-8938.35,295.429
21152.6,-8940.15,297.222
21157.2,-8941.95,298.954
21161.4,-8943.75,300.825
21165.7,-8945.55,302.564
21169.9,-8947.35,304.305
21174.1,-8949.15,306.021
21178.3,-8950.95,307.741
21182.6,-8952.75,309.465
21186.8,-8954.55,311.193
21191.1,-8956.35,313.024
21195.3,-8958.15,314.842
21199.5,-8959.95,316.653
21203.8,-8961.75,318.465
21208,-8963.55,320.274
21212.2,-8965.35,322.083
21216.5,-8967.15,323.895
21220.7,-8968.95,325.726
21224.9,-8970.75,327.552
21229.2,-8972.55,329.377
21233.4,-8974.35,331.178
21237.7,-8976.15,332.984
21241.9,-8977.95,334.787
21246.1,-8979.75,336.581
21250.3,-8981.55,338.361
21254.6,-8983.35,340.139
21258.8,-8985.15,341.917
21263.1,-8986.95,343.66
21267.3,-8988.75,345.382
21271.5,-8990.55,347.09
21275.8,-8992.35,348.78
21280,-8994.15,350.427
21284.2,-8995.95,352.021
21288.4,-8997.75,353.533
21292.7,-8999.55,354.877
21297,-9001.35,355.92
21301.2,-9003.15,356.307
21305.5,-9004.95,355.876
21309.9,-9006.75,354.779
21314.2,-9008.55,353.376
21318.4,-9010.35,351.847
21323,-9012.15,350.135
21327.5,-9013.95,348.391
21331.8,-9015.75,346.655
21336,-9017.54,344.964
21340.3,-9019.34,343.299
21344.5,-9021.14,341.627
21348.7,-9022.94,339.947
21353,-9024.74,338.256
21357.2,-9026.54,336.46
21361.4,-9028.34,334.655
21365.6,-9030.14,332.85
21369.9,-9031.94,331.019
21374.2,-9033.74,329.214
21378.4,-9035.54,327.412
21383,-9037.34,325.527
21387.2,-9039.14,323.769
21391.5,-9040.94,321.997
21395.7,-9042.74,320.233
21400.2,-9044.54,318.468
21404.4,-9046.34,316.784
21408.6,-9048.14,315.099
21413.2,-9049.94,313.376
21417.4,-9051.74,311.516
21421.7,-9053.54,309.789
21425.9,-9055.34,308.066
21430.1,-9057.14,306.339
21434.3,-9058.94,304.615
21438.6,-9060.74,302.885
21442.8,-9062.54,301.154
21447,-9064.34,299.349
21451.3,-9066.14,297.55
21455.5,-9067.94,295.754
21459.7,-9069.74,293.923
21464,-9071.54,292.092
21468.2,-9073.34,290.271
21472.5,-9075.14,288.436
21476.7,-9076.94,286.618
21480.9,-9078.74,284.795
21485.2,-9080.54,282.974
21489.7,-9082.34,281.045
21493.9,-9084.14,279.236
21498.1,-9085.94,277.436
21502.7,-9087.74,275.541
21507,-9089.54,273.772
21511.2,-9091.34,272.015
21515.4,-9093.14,270.257
21519.9,-9094.94,268.443
21524.2,-9096.74,266.739
21528.4,-9098.54,265.041
21532.6,-9100.34,263.342
21536.8,-9102.14,261.554
21541.1,-9103.94,259.766
21545.3,-9105.74,257.989
21549.5,-9107.54,256.186
21553.8,-9109.33,254.381
21558,-9111.13,252.58
21562.2,-9112.93,250.76
21566.5,-9114.73,248.942
21570.7,-9116.53,247.112
21575,-9118.33,245.284
21579.2,-9120.13,243.464
21583.4,-9121.93,241.637
21587.6,-9123.73,239.817
21591.9,-9125.53,237.984
21596.1,-9127.33,236.162
21600.3,-9129.13,234.339
21604.6,-9130.93,232.516
21608.8,-9132.73,230.69
21613,-9134.53,228.867
21617.2,-9136.33,227.049
21621.5,-9138.13,225.229
21625.8,-9139.93,223.383
21630,-9141.73,221.573
21634.3,-9143.53,219.772
21638.5,-9145.33,217.988
21642.7,-9147.13,216.209
21647,-9148.93,214.42
21651.2,-9150.73,212.639
21655.4,-9152.53,210.865
21659.6,-9154.33,209.089
21663.9,-9156.13,207.316
21668.1,-9157.93,205.562
21672.3,-9159.73,203.805
21676.6,-9161.53,202.048
21680.8,-9163.33,200.286
21685,-9165.13,198.48
21689.3,-9166.93,196.684
21693.5,-9168.73,194.88
21698.1,-9170.53,192.933
21702.3,-9172.33,191.119
21706.5,-9174.13,189.307
21710.8,-9175.93,187.488
21715.3,-9177.73,185.621
21719.5,-9179.53,183.857
21723.8,-9181.33,182.108
21728.3,-9183.13,180.16
21732.5,-9184.93,178.345
21736.8,-9186.73,176.53
21741,-9188.53,174.71
21745.2,-9190.33,172.967
21749.5,-9192.13,171.214
21753.7,-9193.93,169.46
21758,-9195.73,167.709
21762.2,-9197.53,165.895
21766.4,-9199.33,164.085
21770.6,-9201.12,162.274
21774.9,-9202.92,160.535
21779.1,-9204.72,158.791
21783.3,-9206.52,157.047
21787.6,-9208.32,155.249
21791.9,-9210.12,153.443
21796.1,-9211.92,151.663
21800.3,-9213.72,149.872
21804.5,-9215.52,148.106
21808.8,-9217.32,146.333
21813,-9219.12,144.559
21817.2,-9220.92,142.788
21821.5,-9222.72,140.95
21825.7,-9224.52,139.107
21829.9,-9226.32,137.262
21834.2,-9228.12,135.402
21838.4,-9229.92,133.546
21842.7,-9231.72,131.682
21846.9,-9233.52,129.828
21851.1,-9235.32,127.976
21855.3,-9237.12,126.123
21859.6,-9238.92,124.261
21863.8,-9240.72,122.411
21868,-9242.52,120.563
21872.2,-9244.32,118.716
21876.5,-9246.12,116.872
21880.7,-9247.92,115.062
21885,-9249.72,113.254
21889.2,-9251.52,111.452
21893.5,-9253.32,109.634
21897.7,-9255.12,107.836
21902,-9256.92,106.042
21906.2,-9258.72,104.25
21910.4,-9260.52,102.484
21914.6,-9262.32,100.721
21918.9,-9264.12,98.9581
21923.1,-9265.92,97.1703
21927.3,-9267.72,95.3809
21931.5,-9269.52,93.5915
21935.8,-9271.32,91.7997
21940,-9273.12,90.0053
21944.2,-9274.92,88.2159
21948.5,-9276.72,86.4291
21952.7,-9278.52,84.6086
21957,-9280.32,82.7892
21961.2,-9282.12,80.9715
21965.6,-9283.92,79.0937
21970,-9285.72,77.1878
21974.2,-9287.52,75.3638
21978.5,-9289.32,73.5399
21983,-9291.12,71.654
21987.2,-9292.92,69.8732
21991.4,-9294.71,68.0975
21995.7,-9296.51,66.2999
22000.2,-9298.31,64.4534
22004.4,-9300.11,62.6956
22008.6,-9301.91,60.938
22012.9,-9303.71,59.1838
22017.1,-9305.51,57.4285
22021.3,-9307.31,55.6734
22025.5,-9309.11,53.9243
22029.8,-9310.91,52.1326
22034,-9312.71,50.3494
22038.2,-9314.51,48.5658
22042.4,-9316.31,46.7785
22046.7,-9318.11,45.0111
22050.9,-9319.91,43.2376
22055.1,-9321.71,41.4722
22059.4,-9323.51,39.7047
22063.6,-9325.31,37.9308
22067.8,-9327.11,36.1497
22072.1,-9328.91,34.3804
22076.4,-9330.71,32.5604
22080.6,-9332.51,30.771
22084.8,-9334.31,28.9771
22089.1,-9336.11,27.1979
22093.3,-9337.91,25.4224
22097.6,-9339.71,23.6366
22101.8,-9341.51,21.8633
22106,-9343.31,20.0457
22110.3,-9345.11,18.2366
22114.5,-9346.91,16.4485
22118.7,-9348.71,14.7008
22123,-9350.51,12.9637
22127.2,-9352.31,11.255
22131.4,-9354.11,9.58823
22135.6,-9355.91,7.99555
22139.9,-9357.71,6.51308
22144.1,-9359.51,5.23437
22148.4,-9361.31,4.33562
22152.6,-9363.11,4.0932
22156.9,-9364.91,4.59083
22161.2,-9366.71,5.66994
22165.6,-9368.51,7.03428
22169.8,-9370.31,8.53961
22179.4,-9372.11,12.0883
22183.8,-9373.91,13.7782
22188,-9375.71,15.4317
22192.2,-9377.51,17.0949
22196.5,-9379.31,18.0441
22200.7,-9381.11,18.9865
22205,-9382.91,19.9264
22209.2,-9384.71,21.5255
22213.4,-9386.5,23.1331
22217.6,-9388.3,24.7454
22221.9,-9390.1,26.3632
22226.1,-9391.9,28.2365
22230.3,-9393.7,30.1192
22234.5,-9395.5,31.9971
22238.8,-9397.3,33.7885
22243,-9399.1,35.5756
22247.3,-9400.9,37.3672
22251.5,-9402.7,39.1575
22256.1,-9404.5,41.0158
22260.3,-9406.3,42.7408
22264.5,-9408.1,44.4577
22268.8,-9409.9,46.1811
22273,-9411.7,47.8993
22277.2,-9413.5,49.6221
22281.4,-9415.3,51.3396
22285.7,-9417.1,53.1297
22289.9,-9418.9,54.9285
22294.1,-9420.7,56.7176
22298.3,-9422.5,58.4883
22302.6,-9424.3,60.2633
22306.8,-9426.1,62.0476
22311.1,-9427.9,63.8345
22315.3,-9429.7,65.6246
22319.6,-9431.5,67.4373
22323.8,-9433.3,69.2386
22328.3,-9435.1,71.1716
22332.5,-9436.9,72.9847
22336.8,-9438.7,74.8014
22341,-9440.5,76.6164
22345.5,-9442.3,78.4576
22349.8,-9444.1,80.183
22354,-9445.9,81.8981
22358.2,-9447.7,83.6125
22362.8,-9449.5,85.5338
22367,-9451.3,87.3118
22371.2,-9453.1,89.085
22375.8,-9454.9,90.9304
22380,-9456.7,92.65
22384.3,-9458.5,94.3617
22388.8,-9460.3,96.2385
22393.1,-9462.1,97.9844
22397.3,-9463.9,99.7224
22401.6,-9465.7,101.477
22406,-9467.5,103.282
22410.3,-9469.3,104.993
22414.5,-9471.1,106.697
22418.7,-9472.9,108.465
22423,-9474.7,110.239
22427.2,-9476.5,112.012
22431.4,-9478.29,113.779
22435.7,-9480.09,115.592
22439.9,-9481.89,117.414
22444.1,-9483.69,119.226
22448.3,-9485.49,121.036
22452.6,-9487.29,122.85
22456.8,-9489.09,124.668
22461,-9490.89,126.484
22465.3,-9492.69,128.313
22469.5,-9494.49,130.142
22473.8,-9496.29,131.956
22478.3,-9498.09,133.878
22482.6,-9499.89,135.673
22486.8,-9501.69,137.473
22491.1,-9503.49,139.269
22495.3,-9505.29,140.959
22499.6,-9507.09,142.674
22503.8,-9508.89,144.37
22508,-9510.69,146.063
22512.2,-9512.49,147.856
22516.5,-9514.29,149.647
22520.7,-9516.09,151.448
22524.9,-9517.89,153.228
22529.2,-9519.69,155.002
22533.4,-9521.49,156.777
22537.6,-9523.29,158.554
22541.8,-9525.09,160.325
22546.1,-9526.89,162.1
22550.3,-9528.69,163.877
22554.5,-9530.49,165.707
22558.8,-9532.29,167.543
22563,-9534.09,169.374
22567.2,-9535.89,171.205
22571.4,-9537.69,173.044
22575.7,-9539.49,174.88
22579.9,-9541.29,176.721
22584.2,-9543.09,178.578
22588.4,-9544.89,180.41
22592.7,-9546.69,182.235
22596.9,-9548.49,184.066
22601.2,-9550.29,185.884
22605.4,-9552.09,187.699
22609.6,-9553.89,189.512
22613.9,-9555.69,191.314
22618.1,-9557.49,193.112
22622.3,-9559.29,194.911
22626.5,-9561.09,196.705
22630.8,-9562.89,198.472
22635,-9564.69,200.231
22639.2,-9566.49,201.993
22643.5,-9568.29,203.753
22647.7,-9570.08,205.523
22652,-9571.88,207.292
22656.2,-9573.68,209.058
22660.6,-9575.48,210.964
22664.9,-9577.28,212.772
22669.1,-9579.08,214.581
22673.3,-9580.88,216.39
22677.6,-9582.68,218.22
22681.8,-9584.48,220.061
22686,-9586.28,221.883
22690.3,-9588.08,223.807
22694.5,-9589.88,225.727
22698.7,-9591.68,227.646
22703,-9593.48,229.585
22707.2,-9595.28,231.448
22711.4,-9597.08,233.321
22715.7,-9598.88,235.186
22719.9,-9600.68,237.005
22724.1,-9602.48,238.819
22728.3,-9604.28,240.636
22732.6,-9606.08,242.45
22736.8,-9607.88,244.233
22741,-9609.68,246.014
22745.3,-9611.48,247.792
22749.5,-9613.28,249.555
22753.8,-9615.08,251.308
22758,-9616.88,253.056
22762.2,-9618.68,254.81
22766.5,-9620.48,256.614
22770.8,-9622.28,258.389
22775,-9624.08,260.15
22779.2,-9625.88,261.89
22783.5,-9627.68,263.639
22787.7,-9629.48,265.38
22791.9,-9631.28,267.127
22796.1,-9633.08,268.937
22800.4,-9634.88,270.776
22804.7,-9636.68,272.595
22808.9,-9638.48,274.419
22813.1,-9640.28,276.239
22817.3,-9642.08,278.055
22821.6,-9643.88,279.877
22825.9,-9645.68,281.805
22830.2,-9647.48,283.687
22834.4,-9649.28,285.561
22838.9,-9651.08,287.529
22843.2,-9652.88,289.357
22847.4,-9654.68,291.185
22851.6,-9656.48,293.014
22856.2,-9658.28,294.865
22860.4,-9660.08,296.599
22864.6,-9661.88,298.329
22869.2,-9663.67,300.079
22873.4,-9665.47,301.968
22877.6,-9667.27,303.718
22881.9,-9669.07,305.475
22886.1,-9670.87,307.154
22890.4,-9672.67,308.835
22894.6,-9674.47,310.519
22898.8,-9676.27,312.207
22903.1,-9678.07,313.984
22907.3,-9679.87,315.767
22911.5,-9681.67,317.537
22915.8,-9683.47,319.281
22920,-9685.27,321.02
22924.2,-9687.07,322.758
22928.5,-9688.87,324.535
22932.7,-9690.67,326.323
22937,-9692.47,328.102
22941.2,-9694.27,329.88
22945.4,-9696.07,331.663
22949.6,-9697.87,333.443
22953.9,-9699.67,335.211
22958.1,-9701.47,336.975
22962.3,-9703.27,338.772
22966.5,-9705.07,340.554
22970.8,-9706.87,342.33
22975,-9708.67,344.066
22979.2,-9710.47,345.781
22983.4,-9712.27,347.468
22987.7,-9714.07,349.118
22991.9,-9715.87,350.677
22996.2,-9717.67,352.114
23000.4,-9719.47,353.374
23004.7,-9721.27,354.33
23009,-9723.07,354.816
23013.2,-9724.87,354.718
23017.6,-9726.67,354.046
23021.9,-9728.47,352.988
23026.1,-9730.27,351.713
23030.5,-9732.07,350.247
23035.1,-9733.87,348.638
23039.4,-9735.67,347.056
23043.7,-9737.47,345.474
23047.9,-9739.27,343.868
23052.2,-9741.07,342.309
23056.4,-9742.87,340.737
23060.6,-9744.67,339.15
23064.9,-9746.47,337.383
23069.1,-9748.27,335.606
23073.3,-9750.07,333.822
23077.5,-9751.87,332.037
23081.8,-9753.67,330.236
23086,-9755.46,328.435
23090.2,-9757.26,326.636
23094.5,-9759.06,324.838
23099,-9760.86,322.931
23103.3,-9762.66,321.169
23107.5,-9764.46,319.393
23111.8,-9766.26,317.706
23116,-9768.06,316.02
23120.2,-9769.86,314.338
23124.4,-9771.66,312.557
23128.7,-9773.46,310.773
23132.9,-9775.26,308.982
23137.1,-9777.06,307.196
23141.4,-9778.86,305.4
23145.6,-9780.66,303.604
23149.8,-9782.46,301.795
23154.1,-9784.26,299.992
23158.3,-9786.06,298.218
23162.5,-9787.86,296.439
23166.8,-9789.66,294.657
23171.3,-9791.46,292.774
23175.5,-9793.26,291.012
23179.7,-9795.06,289.248
23184,-9796.86,287.478
23188.5,-9798.66,285.633
23192.8,-9800.46,283.914
23197,-9802.26,282.203
23201.5,-9804.06,280.372
23205.7,-9805.86,278.662
23210,-9807.66,276.944
23214.2,-9809.46,275.24
23218.8,-9811.26,273.312
23223,-9813.06,271.522
23227.2,-9814.86,269.74
23231.5,-9816.66,268.021
23235.7,-9818.46,266.306
23240,-9820.26,264.581
23244.2,-9822.06,262.87
23248.4,-9823.86,261.065
23252.6,-9825.66,259.257
23256.9,-9827.46,257.454
23261.1,-9829.26,255.674
23265.3,-9831.06,253.888
23269.6,-9832.86,252.104
23273.8,-9834.66,250.286
23278.1,-9836.46,248.49
23282.3,-9838.26,246.697
23286.5,-9840.06,244.901
23291,-9841.86,243.041
23295.2,-9843.66,241.288
23299.5,-9845.46,239.524
23304.1,-9847.25,237.768
23308.3,-9849.05,235.897
23312.5,-9850.85,234.174
23316.8,-9852.65,232.445
23321.3,-9854.45,230.616
23325.5,-9856.25,228.896
23329.7,-9858.05,227.175
23334,-9859.85,225.452
23338.5,-9861.65,223.534
23342.8,-9863.45,221.747
23347,-9865.25,219.971
23351.5,-9867.05,218.114
23355.8,-9868.85,216.384
23360,-9870.65,214.661
23364.5,-9872.45,212.942
23368.8,-9874.25,211.056
23373,-9876.05,209.311
23377.2,-9877.85,207.568
23381.8,-9879.65,205.731
23386,-9881.45,204.022
23390.3,-9883.25,202.318
23394.8,-9885.05,200.619
23399.1,-9886.85,198.726
23403.3,-9888.65,196.988
23407.5,-9890.45,195.246
23411.8,-9892.25,193.549
23416,-9894.05,191.853
23420.2,-9895.85,190.159
23424.5,-9897.65,188.364
23428.7,-9899.45,186.557
23432.9,-9901.25,184.749
23437.2,-9903.05,182.951
23441.4,-9904.85,181.111
23445.6,-9906.65,179.27
23449.9,-9908.45,177.433
23454.1,-9910.25,175.604
23458.3,-9912.05,173.76
23462.6,-9913.85,171.908
23467,-9915.65,169.997
23471.4,-9917.45,168.071
23475.6,-9919.25,166.226
23479.8,-9921.05,164.386
23484.3,-9922.85,162.524
23488.6,-9924.65,160.769
23492.8,-9926.45,159.005
23497.1,-9928.25,157.25
23501.5,-9930.05,155.385
23505.8,-9931.85,153.616
23510.1,-9933.65,151.8
23514.6,-9935.45,149.953
23518.8,-9937.25,148.195
23523.1,-9939.04,146.449
23527.3,-9940.84,144.7
23531.8,-9942.64,142.955
23536,-9944.44,141.31
23540.2,-9946.24,139.672
23544.5,-9948.04,138.034
23549,-9949.84,136.001
23553.3,-9951.64,134.12
23557.5,-9953.44,132.245
23561.7,-9955.24,130.472
23566,-9957.04,128.7
23570.2,-9958.84,126.926
23574.4,-9960.64,125.161
23578.7,-9962.44,123.286
23582.9,-9964.24,121.405
23587.1,-9966.04,119.531
23591.3,-9967.84,117.73
23595.6,-9969.64,115.926
23599.8,-9971.44,114.113
23604.1,-9973.24,112.338
23608.3,-9975.04,110.577
23612.6,-9976.84,108.803
23616.8,-9978.64,107.035
23621.3,-9980.44,105.182
23625.5,-9982.24,103.433
23629.8,-9984.04,101.684
23634,-9985.84,99.9434
23638.2,-9987.64,98.2078
23642.4,-9989.44,96.4691
23646.7,-9991.24,94.7371
23650.9,-9993.04,92.9042
23655.1,-9994.84,91.0799
23659.4,-9996.64,89.2555
23663.6,-9998.44,87.4295
23667.8,-10000.2,85.6422
23672.1,-10002,83.8591
23676.3,-10003.8,82.0828
23680.5,-10005.6,80.2279
23684.7,-10007.4,78.3731
23689,-10009.2,76.5212
23693.2,-10011,74.6679
23697.4,-10012.8,72.826
23701.6,-10014.6,70.9903
23705.9,-10016.4,69.1532
23710.1,-10018.2,67.3097
23714.4,-10020,65.4504
23718.6,-10021.8,63.6067
23722.8,-10023.6,61.7533
23727.1,-10025.4,59.8779
23731.4,-10027.2,58.0419
23735.6,-10029,56.2072
23739.9,-10030.8,54.43
23744.1,-10032.6,52.65
23748.3,-10034.4,50.8746
23752.5,-10036.2,49.0982
23756.8,-10038,47.3142
23761,-10039.8,45.5309
23765.2,-10041.6,43.7526
23769.4,-10043.4,41.9752
23773.6,-10045.2,40.2083
23777.9,-10047,38.445
23782.1,-10048.8,36.6812
23786.4,-10050.6,34.8942
23790.6,-10052.4,33.137
23794.9,-10054.2,31.3881
23799.1,-10056,29.6452
23803.6,-10057.8,27.7677
23807.9,-10059.6,26.028
23812.1,-10061.4,24.298
23816.4,-10063.2,22.5969
23820.6,-10065,20.9157
23824.8,-10066.8,19.2342
23829.1,-10068.6,17.5671
23833.3,-10070.4,15.7798
23837.5,-10072.2,14.0198
23841.8,-10074,12.2898
23846,-10075.8,10.6251
23850.2,-10077.6,9.02039
23854.4,-10079.4,7.53123
23859,-10081.2,6.13377
23863.2,-10083,5.18054
23870.1,-10084.8,4.81816
23874.4,-10086.6,5.46661
23878.7,-10088.4,6.52282
23884.2,-10090.2,8.23769
23889.1,-10092,9.80841
23893.5,-10093.8,11.2555
23897.7,-10095.6,12.6971
23902,-10097.4,14.1672
23906.2,-10099.2,15.6267
23910.4,-10101,17.1077
23914.7,-10102.8,18.6063
23919.2,-10104.6,20.6196
23923.4,-10106.4,22.5254
23927.7,-10108.2,24.4291
23931.9,-10110,26.3483
23936.1,-10111.8,28.0418
23940.4,-10113.6,29.7466
23944.6,-10115.4,31.4464
23948.8,-10117.2,33.1572
23953.1,-10119,34.9141
23957.3,-10120.8,36.6694
23961.5,-10122.6,38.4318
23965.7,-10124.4,40.1989
23970,-10126.2,41.9654
23974.2,-10128,43.7288
23978.4,-10129.8,45.4987
23982.6,-10131.6,47.2684
23986.9,-10133.4,49.0461
23995.6,-10135.2,52.7109
23999.9,-10137,54.4603
24004.1,-10138.8,56.2086
24008.3,-10140.6,57.955
24012.5,-10142.4,59.2564
24016.8,-10144.2,60.5725
24021.1,-10146,61.8761
24025.3,-10147.8,63.7458
24029.8,-10149.6,65.7068
24034.2,-10151.4,67.7097
24038.7,-10153.2,69.6723
24043.1,-10155,71.6493
24047.5,-10156.8,73.6291
24052,-10158.6,75.6267
24056.4,-10160.4,77.3394
24061,-10162.2,79.1235
24065.5,-10164,80.8501
24070,-10165.8,82.6803
24074.5,-10167.6,84.4981
24078.9,-10169.4,86.2611
24083.3,-10171.2,88.0133
24087.8,-10173,89.7799
24092,-10174.8,91.4441
24096.3,-10176.6,93.0984
24100.5,-10178.4,94.8984
24104.7,-10180.2,96.6902
24109,-10182,98.487
24113.2,-10183.8,100.285
24117.5,-10185.6,102.168
24121.7,-10187.4,104.041
24125.9,-10189.2,105.908
24130.2,-10191,107.73
24134.4,-10192.8,109.551
24138.6,-10194.6,111.376
24142.8,-10196.4,113.198
24147.1,-10198.2,115.028
24151.3,-10200,116.868
24155.5,-10201.8,118.698
24160,-10203.6,120.563
24164.2,-10205.4,122.346
24168.4,-10207.2,124.122
24172.6,-10209,125.907
24177.1,-10210.8,127.772
24181.4,-10212.6,129.532
24185.6,-10214.4,131.286
24190.2,-10216.2,133.037
24194.4,-10218,134.909
24198.6,-10219.8,136.65
24202.9,-10221.6,138.383
24207.4,-10223.4,140.207
24211.7,-10225.2,141.9
24215.9,-10227,143.601
24220.4,-10228.8,145.494
24224.7,-10230.6,147.257
24228.9,-10232.4,149.027
24233.1,-10234.2,150.798
24237.7,-10236,152.661
24241.9,-10237.8,154.407
24246.1,-10239.6,156.142
24250.4,-10241.4,157.925
24254.6,-10243.2,159.701
24258.8,-10245,161.489
24263.1,-10246.8,163.274
24267.3,-10248.6,165.095
24271.5,-10250.4,166.92
24275.8,-10252.2,168.744
24280,-10254,170.529
24284.2,-10255.8,172.32
24288.4,-10257.6,174.105
24292.7,-10259.4,175.892
24297,-10261.2,177.736
24301.3,-10263,179.522
24305.5,-10264.8,181.301
24309.7,-10266.6,183.082
24314.3,-10268.4,184.935
24318.5,-10270.2,186.663
24322.7,-10272,188.385
24327.3,-10273.8,190.172
24331.5,-10275.6,191.845
24335.7,-10277.4,193.515
24340,-10279.2,195.181
24344.5,-10281,197.102
24348.8,-10282.8,198.892
24353,-10284.6,200.675
24357.5,-10286.4,202.573
24361.8,-10288.2,204.34
24366,-10290,206.093
24370.3,-10291.8,207.844
24374.5,-10293.6,209.594
24378.7,-10295.4,211.346
24383,-10297.2,213.102
24387.2,-10299,214.913
24391.4,-10300.8,216.727
24395.6,-10302.6,218.542
24399.9,-10304.4,220.341
24404.1,-10306.2,222.137
24408.3,-10308,223.936
24412.5,-10309.8,225.732
24416.8,-10311.6,227.529
24421,-10313.4,229.315
24425.2,-10315.2,231.099
24429.4,-10317,232.885
24434,-10318.8,234.815
24438.3,-10320.6,236.588
24442.5,-10322.4,238.361
24447,-10324.2,240.137
24451.3,-10326,241.795
24455.5,-10327.8,243.443
24459.7,-10329.6,245.099
24464.3,-10331.4,246.914
24468.5,-10333.2,248.6
24472.7,-10335,250.282
24477,-10336.8,252.033
24481.2,-10338.6,253.777
24485.4,-10340.4,255.526
24489.7,-10342.2,257.269
24493.9,-10344,259.149
24498.1,-10345.8,261.025
24502.3,-10347.6,262.902
24506.6,-10349.4,264.712
24510.8,-10351.2,266.525
24515,-10353,268.329
24519.2,-10354.8,270.146
24523.5,-10356.6,271.935
24527.8,-10358.4,273.752
24532,-10360.2,275.541
24536.2,-10362,277.308
24540.4,-10363.8,279.074
24544.7,-10365.6,280.847
24548.9,-10367.4,282.615
24553.1,-10369.2,284.385
24557.4,-10371,286.149
24561.6,-10372.8,287.914
24566,-10374.6,289.737
24570.2,-10376.4,291.502
24574.4,-10378.2,293.258
24578.7,-10380,295.02
24582.9,-10381.8,296.757
24587.1,-10383.6,298.493
24591.4,-10385.4,300.223
24595.6,-10387.2,301.95
24599.8,-10389,303.791
24604.1,-10390.8,305.62
24608.3,-10392.6,307.446
24612.5,-10394.4,309.28
24616.7,-10396.2,311.109
24621,-10398,312.952
24625.2,-10399.8,314.803
24629.5,-10401.6,316.666
24633.7,-10403.4,318.521
24638,-10405.2,320.379
24642.4,-10407,322.293
24646.6,-10408.8,324.114
24650.9,-10410.6,325.933
24655.1,-10412.4,327.748
24659.7,-10414.2,329.67
24663.9,-10416,331.442
24668.1,-10417.8,333.207
24672.6,-10419.6,335.004
24676.9,-10421.4,336.678
24681.1,-10423.2,338.35
24685.3,-10425,340.021
24689.9,-10426.8,341.893
24694.1,-10428.6,343.608
24698.4,-10430.4,345.313
24702.9,-10432.2,347.052
24707.1,-10434,348.654
24711.3,-10435.8,350.245
24715.6,-10437.6,351.809
24720.2,-10439.4,353.555
24724.7,-10441.2,355.156
24729,-10443,356.398
24736.2,-10444.8,356.987
24740.6,-10446.6,356.139
24745,-10448.4,354.803
24750.3,-10450.2,352.983
24754.9,-10452,351.252
24759.2,-10453.8,349.6
24763.5,-10455.6,348.264
24767.7,-10457.4,346.922
24772,-10459.2,345.564
24776.5,-10461,343.705
24780.7,-10462.8,341.942
24784.9,-10464.6,340.177
24789.2,-10466.4,338.411
24793.4,-10468.2,336.606
24797.6,-10470,334.794
24801.9,-10471.8,332.986
24806.1,-10473.6,331.226
24810.3,-10475.4,329.461
24814.5,-10477.2,327.698
24818.8,-10479,325.93
24823,-10480.8,324.104
24827.2,-10482.6,322.279
24831.4,-10484.4,320.448
24835.7,-10486.2,318.571
24840,-10488,316.7
24844.2,-10489.8,314.844
24848.4,-10491.6,312.982
24852.9,-10493.4,311.047
24857.1,-10495.2,309.224
24861.4,-10497,307.405
24865.9,-10498.8,305.591
24870.2,-10500.6,303.699
24874.4,-10502.4,301.947
24878.6,-10504.2,300.194
24882.9,-10506,298.465
24887.1,-10507.8,296.734
24891.3,-10509.6,294.999
24895.5,-10511.4,293.272
24899.8,-10513.2,291.468
24904,-10515,289.667
24908.2,-10516.8,287.87
24912.5,-10518.6,286.091
24916.7,-10520.4,284.31
24921,-10522.2,282.52
24925.2,-10524,280.707
24929.4,-10525.8,278.898
24933.7,-10527.6,277.092
24937.9,-10529.4,275.283
24942.4,-10531.2,273.363
24946.6,-10533,271.55
24950.9,-10534.8,269.747
24955.1,-10536.6,267.947
24959.3,-10538.4,266.171
24963.7,-10540.2,264.346
24968.1,-10542,262.495
24972.7,-10543.8,260.498
24977,-10545.6,258.697
24981.2,-10547.4,256.889
24985.7,-10549.2,255.066
24990,-10551,253.351
24994.2,-10552.8,251.645
24998.4,-10554.6,249.933
25002.9,-10556.4,248.113
25007.1,-10558.2,246.401
25011.4,-10560,244.692
25015.6,-10561.8,242.986
25020.2,-10563.6,241.072
25024.4,-10565.4,239.29
25028.6,-10567.2,237.516
25032.9,-10569,235.785
25037.1,-10570.8,234.054
25041.3,-10572.6,232.328
25045.6,-10574.4,230.602
25049.8,-10576.2,228.766
25054,-10578,226.947
25058.3,-10579.8,225.127
25062.5,-10581.6,223.269
25066.7,-10583.4,221.409
25070.9,-10585.2,219.542
25075.2,-10587,217.678
25079.4,-10588.8,215.801
25083.6,-10590.6,213.914
25087.9,-10592.4,212.037
25092.1,-10594.2,210.184
25096.3,-10596,208.336
25100.5,-10597.8,206.478
25104.8,-10599.6,204.628
25109,-10601.4,202.759
25113.2,-10603.2,200.893
25117.5,-10605,199.027
25121.7,-10606.8,197.123
25126,-10608.6,195.203
25130.2,-10610.4,193.307
25134.4,-10612.2,191.408
25138.7,-10614,189.66
25142.9,-10615.8,187.906
25147.1,-10617.6,186.159
25151.3,-10619.4,184.345
25155.6,-10621.2,182.532
25159.8,-10623,180.707
25164,-10624.8,178.895
25168.3,-10626.6,177.099
25172.5,-10628.4,175.303
25176.7,-10630.2,173.514
25181.1,-10632,171.687
25185.3,-10633.8,169.912
25189.5,-10635.6,168.124
25193.8,-10637.4,166.341
25198.3,-10639.2,164.443
25202.5,-10641,162.656
25206.7,-10642.8,160.866
25210.9,-10644.6,159.05
25215.2,-10646.4,157.235
25219.4,-10648.2,155.427
25223.6,-10650,153.611
25227.9,-10651.8,151.792
25232.1,-10653.6,149.982
25236.3,-10655.4,148.173
25240.6,-10657.2,146.383
25244.8,-10659,144.588
25249,-10660.8,142.8
25253.3,-10662.6,141.013
25257.5,-10664.4,139.224
25261.8,-10666.2,137.454
25266,-10668,135.688
25270.3,-10669.8,133.92
25274.5,-10671.6,132.226
25278.7,-10673.4,130.527
25283,-10675.2,128.821
25287.2,-10677,127.049
25291.4,-10678.8,125.279
25295.6,-10680.6,123.506
25299.9,-10682.4,121.734
25304.1,-10684.2,119.946
25308.3,-10686,118.153
25312.5,-10687.8,116.363
25316.8,-10689.6,114.567
25321,-10691.4,112.764
25325.2,-10693.2,110.963
25329.4,-10695,109.152
25333.7,-10696.8,107.329
25337.9,-10698.6,105.51
25342.2,-10700.4,103.697
25346.4,-10702.2,101.898
25350.6,-10704,100.089
25354.8,-10705.8,98.2895
25359.1,-10707.6,96.4851
25363.4,-10709.4,94.6608
25367.6,-10711.2,92.8751
25371.9,-10713,91.0968
25376.1,-10714.8,89.3186
25380.6,-10716.6,87.4463
25384.9,-10718.4,85.7102
25389.1,-10720.2,83.9798
25393.3,-10722,82.323
25397.6,-10723.8,80.6692
25401.8,-10725.6,78.9995
25406,-10727.4,77.3475
25410.3,-10729.2,75.5759
25414.5,-10731,73.8094
25418.7,-10732.8,72.0389
25423,-10734.6,70.3078
25427.2,-10736.4,68.5729
25431.4,-10738.2,66.8302
25435.7,-10740,65.0216
25440,-10741.8,63.2158
25444.2,-10743.6,61.4261
25448.4,-10745.4,59.6327
25452.9,-10747.2,57.7519
25457.1,-10749,55.9779
25461.4,-10750.8,54.2068
25465.6,-10752.6,52.4403
25470.1,-10754.4,50.5583
25474.4,-10756.2,48.8138
25478.6,-10758,47.0773
25483.1,-10759.8,45.2662
25487.4,-10761.6,43.5879
25491.6,-10763.4,41.9096
25495.8,-10765.2,40.2252
25500.4,-10767,38.3651
25504.6,-10768.8,36.6393
25508.9,-10770.6,34.9227
25513.4,-10772.4,33.1467
25517.6,-10774.2,31.4905
25521.9,-10776,29.8429
25526.1,-10777.8,28.1973
25530.7,-10779.6,26.3628
25534.9,-10781.4,24.6732
25539.1,-10783.2,22.9942
25543.3,-10785,21.3895
25547.6,-10786.8,19.7906
25551.8,-10788.6,18.1874
25556,-10790.4,16.607
25560.3,-10792.2,14.8856
25564.5,-10794,13.193
25568.7,-10795.8,11.5317
25573,-10797.6,9.91924
25577.2,-10799.4,8.39883
