4.39098,-1.8,0.250229
8.89644,-3.6,0.256409
13.1466,-5.4,0.253338
17.4872,-7.2,0.253338
21.7177,-9,2.63014
25.9333,-10.8,5.49503
30.2153,-12.6,8.39099
34.7105,-14.4,10.5554
39.1673,-16.2,12.7017
43.5129,-18,14.8006
47.7838,-19.8,16.8575
51.9983,-21.6,18.868
56.2172,-23.4,20.8802
60.4315,-25.2,22.8904
64.6478,-27,24.8503
68.8599,-28.8,26.8086
73.0734,-30.6,28.7672
77.292,-32.4,30.7281
81.5038,-34.2,32.6605
85.7212,-36,34.5949
89.9349,-37.8,36.5268
94.1529,-39.6,38.5211
98.3637,-41.4,40.5118
102.577,-43.2,42.5031
106.793,-45,44.4964
111.005,-46.8,46.4418
115.228,-48.6,48.3933
119.439,-50.4,50.3391
123.651,-52.2,52.2851
127.867,-54,54.2012
132.08,-55.8,56.1162
136.297,-57.6,58.033
140.511,-59.4,59.954
144.73,-61.2,61.8769
148.973,-63,63.8119
153.187,-64.8,65.7332
157.404,-66.6,67.592
161.618,-68.4,69.4498
165.834,-70.2,71.3085
170.047,-72,73.1436
174.265,-73.8,74.9816
178.477,-75.6,76.8164
182.691,-77.4,78.6519
186.906,-79.2,80.465
191.118,-81,82.2771
195.334,-82.8,84.0903
199.545,-84.6,85.857
203.758,-86.4,87.6257
207.974,-88.2,89.3954
212.186,-90,91.1632
216.405,-91.8,92.9105
220.618,-93.6,94.6551
224.834,-95.4,96.4011
229.044,-97.2,98.1446
233.256,-99,99.883
237.473,-100.8,101.624
241.685,-102.6,103.362
245.899,-104.4,105.068
250.137,-106.2,106.783
254.353,-108,108.489
258.563,-109.8,110.193
262.774,-111.6,111.878
266.991,-113.4,113.566
271.201,-115.2,115.251
275.416,-117,116.919
279.626,-118.8,118.585
283.838,-120.6,120.251
288.052,-122.4,121.919
292.262,-124.2,123.556
296.478,-126,125.196
300.69,-127.8,126.834
304.906,-129.6,128.466
309.117,-131.4,130.096
313.328,-133.2,131.726
317.548,-135,133.359
321.759,-136.8,134.964
325.976,-138.6,136.572
330.188,-140.4,138.178
334.404,-142.2,139.786
338.616,-144,141.417
342.829,-145.8,143.049
347.044,-147.6,144.683
351.279,-149.4,146.43
355.497,-151.2,148.171
359.707,-153,149.907
363.961,-154.8,151.662
368.171,-156.6,153.494
372.383,-158.4,155.327
376.599,-160.2,157.162
380.811,-162,158.98
385.028,-163.8,160.801
389.237,-165.6,162.619
393.448,-167.4,164.438
397.663,-169.2,166.232
401.879,-171,168.028
406.095,-172.8,169.823
410.304,-174.6,171.626
414.524,-176.4,173.434
418.733,-178.2,175.238
422.945,-180,177.042
427.159,-181.8,178.832
431.371,-183.6,180.622
435.586,-185.4,182.413
439.802,-187.2,184.205
444.018,-189,185.996
448.227,-190.8,187.785
452.466,-192.6,189.586
456.682,-194.4,191.377
460.894,-196.2,193.165
465.111,-198,194.955
469.32,-199.8,196.742
473.533,-201.6,198.544
477.749,-203.4,200.346
481.96,-205.2,202.147
486.176,-207,203.953
490.389,-208.8,205.758
494.604,-210.6,207.564
498.815,-212.4,209.367
503.023,-214.2,211.19
507.239,-216,213.016
511.451,-217.8,214.84
515.67,-219.6,216.666
519.883,-221.4,218.49
524.101,-223.2,220.316
528.312,-225,222.138
532.522,-226.8,223.941
536.74,-228.6,225.747
540.953,-230.4,227.551
545.17,-232.2,229.369
549.383,-234,231.186
553.625,-235.8,233.016
557.844,-237.6,234.837
562.056,-239.4,236.643
566.273,-241.2,238.452
570.484,-243,240.258
574.701,-244.8,242.082
578.911,-246.6,243.904
583.123,-248.4,245.726
587.34,-250.2,247.549
591.551,-252,249.382
595.768,-253.8,251.217
599.98,-255.6,253.05
604.197,-257.4,254.884
608.435,-259.2,256.726
612.648,-261,258.557
616.869,-262.8,260.391
621.081,-264.6,262.213
625.298,-266.4,264.036
629.509,-268.2,265.857
633.721,-270,267.678
637.937,-271.8,269.497
642.15,-273.6,271.314
646.367,-275.4,273.133
650.58,-277.2,274.958
654.821,-279,276.796
659.033,-280.8,278.621
663.245,-282.6,280.446
667.461,-284.4,282.268
671.675,-286.2,284.089
675.892,-288,285.912
680.105,-289.8,287.746
684.322,-291.6,289.581
688.532,-293.4,291.414
692.744,-295.2,293.247
696.96,-297,295.073
701.173,-298.8,296.898
705.39,-300.6,298.724
709.601,-302.4,300.547
713.811,-304.2,302.385
718.032,-306,304.229
722.245,-307.8,306.069
726.461,-309.6,307.913
730.675,-311.4,309.756
734.892,-313.2,311.601
739.12,-315,313.45
743.337,-316.8,315.301
747.554,-318.6,317.154
751.766,-320.4,319.004
756.01,-322.2,320.882
760.224,-324,322.747
764.443,-325.8,324.613
768.655,-327.6,326.477
772.867,-329.4,328.352
777.085,-331.2,330.228
781.299,-333,332.102
785.516,-334.8,334.002
789.8,-336.6,335.931
794.019,-338.4,337.831
798.23,-340.2,339.727
802.442,-342,341.618
806.66,-343.8,343.511
810.873,-345.6,345.401
815.095,-347.4,347.31
819.308,-349.2,349.213
823.521,-351,351.113
827.738,-352.8,353.01
831.952,-354.6,354.893
836.171,-356.4,356.752
840.384,-358.2,358.489
844.602,-360,358.87
848.9,-361.8,357.206
853.115,-363.6,355.35
857.359,-365.4,353.451
861.675,-367.2,351.509
865.958,-369,349.571
870.176,-370.8,347.663
874.479,-372.6,345.726
878.965,-374.4,343.689
883.422,-376.199,341.669
887.873,-377.999,339.639
892.101,-379.799,337.722
896.321,-381.599,335.807
900.535,-383.399,333.897
904.752,-385.199,331.974
908.967,-386.999,330.053
913.181,-388.799,328.131
917.404,-390.599,326.205
921.617,-392.399,324.278
925.836,-394.199,322.348
930.05,-395.999,320.42
934.266,-397.799,318.491
938.479,-399.599,316.572
942.693,-401.399,314.651
946.911,-403.199,312.729
951.124,-404.999,310.825
955.384,-406.799,308.899
959.598,-408.599,306.995
963.812,-410.399,305.09
968.029,-412.199,303.218
972.244,-413.999,301.348
976.461,-415.799,299.476
980.674,-417.599,297.63
984.892,-419.399,295.782
989.103,-421.199,293.936
993.317,-422.999,292.09
997.533,-424.799,290.286
1001.75,-426.599,288.482
1005.96,-428.399,286.677
1010.18,-430.199,284.874
1014.39,-431.999,283.094
1018.61,-433.799,281.314
1022.82,-435.599,279.536
1027.04,-437.399,277.791
1031.25,-439.199,276.046
1035.47,-440.999,274.3
1039.68,-442.799,272.576
1043.96,-444.599,270.825
1048.22,-446.399,269.088
1052.54,-448.199,267.313
1056.8,-449.999,265.604
1061.02,-451.799,263.91
1065.24,-453.599,262.218
1069.45,-455.399,260.527
1073.66,-457.199,258.872
1077.88,-458.999,257.215
1082.09,-460.799,255.561
1086.31,-462.599,253.926
1090.53,-464.399,252.292
1094.74,-466.199,250.658
1098.95,-467.999,249.025
1103.16,-469.799,247.419
1107.38,-471.599,245.81
1111.59,-473.399,244.204
1115.82,-475.199,242.605
1120.03,-476.999,241.009
1124.25,-478.799,239.412
1128.46,-480.599,237.818
1132.67,-482.399,236.252
1136.89,-484.199,234.682
1141.1,-485.999,233.115
1145.32,-487.799,231.553
1149.53,-489.599,229.992
1153.75,-491.399,228.431
1157.99,-493.199,226.857
1162.21,-494.999,225.309
1166.43,-496.799,223.759
1170.64,-498.599,222.21
1174.86,-500.399,220.659
1179.07,-502.199,219.109
1183.28,-503.999,217.559
1187.5,-505.799,216.007
1191.71,-507.599,214.382
1195.93,-509.399,212.755
1200.14,-511.199,211.13
1204.36,-512.999,209.503
1208.57,-514.799,207.658
1212.78,-516.599,205.813
1217,-518.399,203.965
1221.22,-520.199,202.121
1225.44,-521.999,200.275
1229.65,-523.799,198.432
1233.86,-525.599,196.589
1238.08,-527.398,194.824
1242.29,-529.198,193.059
1246.51,-530.998,191.293
1250.72,-532.798,189.51
1254.94,-534.598,187.726
1259.18,-536.398,185.933
1263.39,-538.198,184.149
1267.61,-539.998,182.352
1271.85,-541.798,180.545
1276.07,-543.598,178.747
1280.28,-545.398,176.946
1284.5,-547.198,175.141
1288.71,-548.998,173.34
1292.92,-550.798,171.538
1297.14,-552.598,169.749
1301.35,-554.398,167.959
1305.57,-556.198,166.169
1309.79,-557.998,164.378
1314,-559.798,162.551
1318.22,-561.598,160.725
1322.43,-563.398,158.9
1326.65,-565.198,157.081
1330.87,-566.998,155.264
1335.08,-568.798,153.445
1339.3,-570.598,151.63
1343.51,-572.398,149.825
1347.73,-574.198,148.02
1351.94,-575.998,146.217
1356.16,-577.798,144.408
1360.4,-579.598,142.591
1364.62,-581.398,140.782
1368.83,-583.198,138.976
1373.04,-584.998,137.177
1377.26,-586.798,135.373
1381.47,-588.598,133.572
1385.69,-590.398,131.752
1389.9,-592.198,129.934
1394.12,-593.998,128.115
1398.33,-595.798,126.298
1402.54,-597.598,124.478
1406.76,-599.398,122.656
1410.97,-601.198,120.836
1415.19,-602.998,118.994
1419.41,-604.798,117.151
1423.62,-606.598,115.311
1427.84,-608.398,113.469
1432.05,-610.198,111.628
1436.27,-611.998,109.785
1440.48,-613.798,107.944
1444.69,-615.598,106.101
1448.9,-617.398,104.273
1453.12,-619.198,102.443
1457.33,-620.998,100.611
1461.57,-622.798,98.7888
1465.79,-624.598,96.9728
1470,-626.398,95.1594
1474.22,-628.198,93.345
1478.43,-629.998,91.5366
1482.65,-631.798,89.7253
1486.88,-633.598,87.9053
1491.1,-635.398,86.0839
1495.37,-637.198,84.2397
1499.58,-638.998,82.4199
1503.8,-640.798,80.5996
1508.01,-642.598,78.8054
1512.23,-644.398,77.0124
1516.45,-646.198,75.2155
1520.66,-647.998,73.4116
1524.88,-649.798,71.6062
1529.09,-651.598,69.8034
1533.31,-653.398,68
1537.52,-655.198,66.2009
1541.74,-656.998,64.4031
1545.96,-658.798,62.6038
1550.17,-660.598,60.7946
1554.39,-662.398,58.983
1558.6,-664.198,57.174
1562.84,-665.998,55.3522
1567.06,-667.798,53.5382
1571.28,-669.598,51.7265
1575.5,-671.398,49.9137
1579.71,-673.198,48.1037
1583.96,-674.997,46.2681
1588.17,-676.797,44.4494
1592.39,-678.597,42.6307
1596.6,-680.397,40.7979
1600.82,-682.197,38.967
1605.03,-683.997,37.1343
1609.25,-685.797,35.3045
1613.46,-687.597,33.4738
1617.68,-689.397,31.6376
1621.9,-691.197,29.8036
1626.12,-692.997,27.9623
1630.33,-694.797,26.1215
1634.55,-696.597,24.2811
1638.76,-698.397,22.4435
1642.97,-700.197,20.6102
1647.19,-701.997,18.7745
1651.4,-703.797,16.9414
1655.62,-705.597,15.1071
1659.83,-707.397,13.2598
1664.08,-709.197,11.4013
1668.29,-710.997,9.55795
1672.5,-712.797,7.7184
1676.72,-714.597,5.88276
1680.93,-716.397,4.0621
1685.14,-718.197,2.26768
1689.35,-719.997,0.875804
1693.65,-721.797,1.86586
1697.87,-723.597,3.63343
1702.11,-725.397,5.48362
1706.43,-727.197,7.39374
1710.7,-728.997,9.29376
1714.92,-730.797,11.1694
1719.23,-732.597,13.0851
1723.74,-734.397,15.1104
1728.22,-736.197,17.113
1732.64,-737.997,19.1095
1736.88,-739.797,21.0159
1741.1,-741.597,22.912
1745.32,-743.397,24.7887
1749.53,-745.197,26.6644
1753.74,-746.997,28.5397
1757.96,-748.797,30.4167
1762.23,-750.597,32.3255
1766.45,-752.397,34.2115
1770.67,-754.197,36.095
1774.88,-755.997,37.9802
1779.1,-757.797,39.8531
1783.31,-759.597,41.7277
1787.53,-761.397,43.6036
1791.74,-763.197,45.4651
1795.96,-764.997,47.3289
1800.17,-766.797,49.1906
1804.39,-768.597,51.0542
1808.6,-770.397,52.8891
1812.81,-772.197,54.725
1817.03,-773.997,56.5656
1821.25,-775.797,58.3813
1825.47,-777.597,60.2
1829.68,-779.397,62.0148
1833.89,-781.197,63.83
1838.11,-782.997,65.6164
1842.32,-784.797,67.4012
1846.54,-786.597,69.1876
1850.75,-788.397,70.9721
1854.97,-790.197,72.7426
1859.19,-791.997,74.512
1863.43,-793.797,76.2934
1867.65,-795.597,78.0277
1871.87,-797.397,79.7625
1876.09,-799.197,81.4969
1880.3,-800.997,83.2288
1884.52,-802.797,84.9301
1888.73,-804.597,86.6297
1892.94,-806.397,88.3297
1897.16,-808.197,89.988
1901.37,-809.997,91.6457
1905.59,-811.797,93.3044
1909.8,-813.597,94.9629
1914.02,-815.397,96.587
1918.24,-817.197,98.2118
1922.45,-818.997,99.8349
1926.67,-820.797,101.421
1930.88,-822.596,103.006
1935.1,-824.396,104.592
1939.31,-826.196,106.176
1943.52,-827.996,107.725
1947.74,-829.796,109.278
1951.96,-831.596,110.829
1956.17,-833.396,112.391
1960.39,-835.196,113.951
1964.63,-836.996,115.523
1968.85,-838.796,117.083
1973.06,-840.596,118.844
1977.28,-842.396,120.607
1981.49,-844.196,122.367
1985.73,-845.996,124.139
1989.95,-847.796,126.039
1994.17,-849.596,127.941
1998.38,-851.396,129.84
2002.59,-853.196,131.637
2006.81,-854.996,133.436
2011.02,-856.796,135.233
2015.24,-858.596,137.003
2019.46,-860.396,138.772
2023.67,-862.196,140.541
2027.89,-863.996,142.311
2032.1,-865.796,144.102
2036.32,-867.596,145.897
2040.53,-869.396,147.69
2044.75,-871.196,149.485
2048.96,-872.996,151.293
2053.17,-874.796,153.103
2057.39,-876.596,154.913
2061.6,-878.396,156.703
2065.85,-880.196,158.504
2070.06,-881.996,160.294
2074.28,-883.796,162.086
2078.49,-885.596,163.867
2082.7,-887.396,165.649
2086.92,-889.196,167.432
2091.13,-890.996,169.214
2095.35,-892.796,171.023
2099.56,-894.596,172.829
2103.77,-896.396,174.637
2107.99,-898.196,176.447
2112.2,-899.996,178.257
2116.42,-901.796,180.068
2120.63,-903.596,181.878
2124.86,-905.396,183.704
2129.07,-907.196,185.523
2133.29,-908.996,187.343
2137.51,-910.796,189.157
2141.72,-912.596,190.969
2145.94,-914.396,192.783
2150.15,-916.196,194.595
2154.37,-917.996,196.413
2158.58,-919.796,198.229
2162.8,-921.596,200.045
2167.04,-923.396,201.862
2171.26,-925.196,203.668
2175.47,-926.996,205.475
2179.69,-928.796,207.279
2183.94,-930.596,209.096
2188.15,-932.396,210.902
2192.37,-934.196,212.705
2196.65,-935.996,214.543
2200.86,-937.796,216.355
2205.08,-939.596,218.168
2209.29,-941.396,219.977
2213.5,-943.196,221.777
2217.72,-944.996,223.582
2221.94,-946.796,225.383
2226.16,-948.596,227.205
2230.37,-950.396,229.025
2234.59,-952.196,230.845
2238.8,-953.996,232.664
2243.01,-955.796,234.476
2247.23,-957.596,236.293
2251.45,-959.396,238.107
2255.67,-961.196,239.923
2259.88,-962.996,241.758
2264.1,-964.796,243.596
2268.34,-966.596,245.441
2272.56,-968.396,247.263
2276.77,-970.195,249.086
2280.99,-971.995,250.906
2285.21,-973.795,252.729
2289.42,-975.595,254.539
2293.64,-977.395,256.35
2297.85,-979.195,258.163
2302.07,-980.995,259.968
2306.29,-982.795,261.775
2310.5,-984.595,263.579
2314.72,-986.395,265.385
2318.93,-988.195,267.188
2323.15,-989.995,268.992
2327.37,-991.795,270.796
2331.58,-993.595,272.603
2335.8,-995.395,274.412
2340.02,-997.195,276.219
2344.24,-998.995,278.027
2348.45,-1000.8,279.82
2352.66,-1002.6,281.614
2356.88,-1004.4,283.409
2361.09,-1006.2,285.203
2365.31,-1008,287.017
2369.55,-1009.8,288.839
2373.76,-1011.6,290.652
2377.98,-1013.4,292.464
2382.2,-1015.2,294.273
2386.42,-1017,296.085
2390.63,-1018.8,297.894
2394.84,-1020.6,299.715
2399.06,-1022.4,301.533
2403.27,-1024.2,303.352
2407.49,-1026,305.172
2411.7,-1027.8,306.99
2415.92,-1029.6,308.809
2420.14,-1031.4,310.629
2424.36,-1033.2,312.449
2428.57,-1035,314.267
2432.78,-1036.8,316.086
2437,-1038.6,317.901
2441.22,-1040.4,319.715
2445.44,-1042.2,321.531
2449.65,-1044,323.344
2453.86,-1045.8,325.148
2458.08,-1047.6,326.956
2462.3,-1049.4,328.761
2466.51,-1051.2,330.578
2470.75,-1053,332.403
2474.97,-1054.8,334.22
2479.18,-1056.6,336.034
2483.39,-1058.4,337.835
2487.61,-1060.2,339.638
2491.86,-1062,341.453
2496.08,-1063.8,343.256
2500.29,-1065.6,345.066
2504.51,-1067.4,346.877
2508.72,-1069.2,348.683
2512.99,-1071,350.489
2517.21,-1072.8,352.316
2521.43,-1074.6,354.116
2525.65,-1076.4,355.911
2529.86,-1078.2,357.661
2534.08,-1080,359.065
2538.37,-1081.8,358.262
2542.59,-1083.6,356.555
2546.86,-1085.4,354.749
2551.24,-1087.2,352.87
2555.56,-1089,351.002
2559.82,-1090.8,349.163
2564.13,-1092.6,347.311
2568.64,-1094.4,345.365
2573.07,-1096.2,343.461
2577.43,-1098,341.58
2581.66,-1099.8,339.764
2585.91,-1101.6,337.933
2590.12,-1103.4,336.152
2594.34,-1105.2,334.369
2598.54,-1107,332.591
2602.75,-1108.8,330.8
2606.96,-1110.6,329.007
2611.17,-1112.4,327.216
2615.38,-1114.2,325.423
2619.59,-1116,323.625
2623.81,-1117.8,321.823
2628.03,-1119.6,320.02
2632.25,-1121.4,318.219
2636.47,-1123.2,316.421
2640.69,-1125,314.624
2644.91,-1126.8,312.826
2649.12,-1128.6,311.045
2653.34,-1130.4,309.264
2657.56,-1132.2,307.48
2661.77,-1134,305.706
2665.99,-1135.8,303.928
2670.21,-1137.6,302.153
2674.42,-1139.4,300.378
2678.63,-1141.2,298.636
2682.84,-1143,296.888
2687.07,-1144.8,295.138
2691.28,-1146.6,293.391
2695.5,-1148.4,291.658
2699.71,-1150.2,289.927
2703.97,-1152,288.179
2708.18,-1153.8,286.474
2712.4,-1155.6,284.768
2716.62,-1157.4,283.061
2720.84,-1159.2,281.354
2725.06,-1161,279.625
2729.27,-1162.8,277.9
2733.48,-1164.6,276.173
2737.7,-1166.4,274.409
2741.92,-1168.2,272.645
2746.14,-1170,270.88
2750.35,-1171.8,269.117
2754.57,-1173.6,267.311
2758.78,-1175.4,265.506
2763,-1177.2,263.701
2767.22,-1179,261.892
2771.47,-1180.8,260.072
2775.69,-1182.6,258.265
2779.9,-1184.4,256.459
2784.12,-1186.2,254.664
2788.34,-1188,252.871
2792.55,-1189.8,251.077
2796.77,-1191.6,249.274
2800.99,-1193.4,247.472
2805.21,-1195.2,245.668
2809.42,-1197,243.867
2813.63,-1198.8,242.065
2817.85,-1200.6,240.26
2822.07,-1202.4,238.456
2826.29,-1204.2,236.647
2830.5,-1206,234.84
2834.72,-1207.8,233.032
2838.93,-1209.6,231.227
2843.15,-1211.4,229.44
2847.37,-1213.2,227.652
2851.58,-1215,225.864
2855.8,-1216.8,224.076
2860.02,-1218.6,222.284
2864.23,-1220.4,220.491
2868.45,-1222.2,218.701
2872.69,-1224,216.906
2876.91,-1225.8,215.118
2881.12,-1227.6,213.333
2885.34,-1229.4,211.547
2889.55,-1231.2,209.763
2893.76,-1233,207.978
2897.98,-1234.8,206.191
2902.2,-1236.6,204.4
2906.42,-1238.4,202.607
2910.63,-1240.2,200.816
2914.85,-1242,199.024
2919.06,-1243.8,197.218
2923.28,-1245.6,195.413
2927.56,-1247.4,193.579
2931.77,-1249.2,191.756
2935.99,-1251,189.929
2940.2,-1252.8,188.105
2944.42,-1254.6,186.28
2948.63,-1256.4,184.484
2952.84,-1258.2,182.685
2957.06,-1260,180.886
2961.27,-1261.8,179.088
2965.49,-1263.6,177.271
2969.7,-1265.4,175.456
2973.98,-1267.2,173.61
2978.2,-1269,171.816
2982.41,-1270.8,170.022
2986.63,-1272.6,168.226
2990.84,-1274.4,166.432
2995.06,-1276.2,164.644
2999.27,-1278,162.858
3003.49,-1279.8,161.071
3007.7,-1281.6,159.276
3011.92,-1283.4,157.482
3016.13,-1285.2,155.687
3020.35,-1287,153.891
3024.57,-1288.8,152.081
3028.78,-1290.6,150.273
3032.99,-1292.4,148.464
3037.21,-1294.2,146.647
3041.43,-1296,144.832
3045.64,-1297.8,143.015
3049.86,-1299.6,141.2
3054.07,-1301.4,139.374
3058.29,-1303.2,137.552
3062.5,-1305,135.729
3066.72,-1306.8,133.886
3070.93,-1308.6,132.044
3075.17,-1310.4,130.191
3079.39,-1312.2,128.351
3083.6,-1314,126.523
3087.82,-1315.8,124.692
3092.03,-1317.6,122.864
3096.25,-1319.4,121.034
3100.46,-1321.2,119.21
3104.68,-1323,117.383
3108.89,-1324.8,115.56
3113.1,-1326.6,113.758
3117.32,-1328.4,111.954
3121.54,-1330.2,110.15
3125.76,-1332,108.347
3129.97,-1333.8,106.536
3134.19,-1335.6,104.723
3138.4,-1337.4,102.914
3142.62,-1339.2,101.105
3146.83,-1341,99.2935
3151.05,-1342.8,97.4848
3155.26,-1344.6,95.674
3159.48,-1346.4,93.8691
3163.69,-1348.2,92.0624
3167.91,-1350,90.2537
3172.12,-1351.8,88.4471
3176.37,-1353.6,86.6202
3180.58,-1355.4,84.8058
3184.8,-1357.2,82.9901
3189.01,-1359,81.1812
3193.23,-1360.8,79.3712
3197.44,-1362.6,77.5598
3201.66,-1364.4,75.7379
3205.87,-1366.2,73.913
3210.09,-1368,72.0898
3214.31,-1369.8,70.2641
3218.52,-1371.6,68.451
3222.74,-1373.4,66.6342
3226.96,-1375.2,64.8174
3231.17,-1377,63.0024
3235.39,-1378.8,61.181
3239.6,-1380.6,59.3613
3243.81,-1382.4,57.5413
3248.03,-1384.2,55.7342
3252.25,-1386.01,53.9284
3256.46,-1387.81,52.121
3260.68,-1389.61,50.3161
3264.9,-1391.41,48.5096
3269.11,-1393.21,46.7053
3273.32,-1395.01,44.9001
3277.6,-1396.81,43.0913
3281.82,-1398.61,41.2571
3286.04,-1400.41,39.4481
3290.25,-1402.21,37.6414
3294.47,-1404.01,35.8531
3298.68,-1405.81,34.0667
3302.9,-1407.61,32.2805
3307.12,-1409.41,30.4778
3311.33,-1411.21,28.6769
3315.55,-1413.01,26.8736
3319.78,-1414.81,25.0699
3324,-1416.61,23.2675
3328.21,-1418.41,21.4677
3332.42,-1420.21,19.6677
3336.64,-1422.01,17.8463
3340.86,-1423.81,16.0266
3345.08,-1425.61,14.2062
3349.29,-1427.41,12.39
3353.5,-1429.21,10.5794
3357.72,-1431.01,8.76909
3361.93,-1432.81,6.96581
3366.15,-1434.61,5.16905
3370.36,-1436.41,3.39578
3374.58,-1438.21,1.70818
3378.81,-1440.01,0.947905
3383.11,-1441.81,2.36996
3387.33,-1443.61,4.10847
3391.56,-1445.41,5.89233
3395.87,-1447.21,7.72459
3400.16,-1449.01,9.54646
3404.38,-1450.81,11.3426
3408.68,-1452.61,13.1625
3413.19,-1454.41,15.0752
3417.63,-1456.21,16.9591
3422.05,-1458.01,18.8396
3426.28,-1459.81,20.634
3430.5,-1461.61,22.3904
3434.71,-1463.41,24.1485
3438.93,-1465.21,25.9034
3443.14,-1467.01,27.6736
3447.36,-1468.81,29.4462
3451.57,-1470.61,31.2165
3455.79,-1472.41,32.9884
3460,-1474.21,34.7726
3464.22,-1476.01,36.5596
3468.43,-1477.81,38.3435
3472.65,-1479.61,40.1385
3476.91,-1481.41,41.9516
3481.12,-1483.21,43.7477
3485.34,-1485.01,45.5459
3489.56,-1486.81,47.3293
3493.77,-1488.61,49.1145
3497.99,-1490.41,50.9006
3502.2,-1492.21,52.6847
3506.42,-1494.01,54.4666
3510.63,-1495.81,56.2473
3514.85,-1497.61,58.0296
3519.06,-1499.41,59.7998
3523.31,-1501.21,61.5843
3527.53,-1503.01,63.3569
3531.74,-1504.81,65.1278
3535.96,-1506.61,66.9017
3540.18,-1508.41,68.673
3544.39,-1510.21,70.4455
3548.6,-1512.01,72.2098
3552.82,-1513.81,73.9756
3557.04,-1515.61,75.743
3561.25,-1517.41,77.5088
3565.47,-1519.21,79.2903
3569.68,-1521.01,81.0705
3573.94,-1522.81,82.8681
3578.18,-1524.61,84.6761
3582.4,-1526.41,86.4705
3586.62,-1528.21,88.2667
3590.83,-1530.01,90.0605
3595.05,-1531.81,91.8538
3599.26,-1533.61,93.6458
3603.48,-1535.41,95.438
3607.69,-1537.21,97.24
3611.91,-1539.01,99.0402
3616.13,-1540.81,100.843
3620.37,-1542.61,102.655
3624.59,-1544.41,104.461
3628.8,-1546.21,106.265
3633.02,-1548.01,108.069
3637.24,-1549.81,109.878
3641.46,-1551.61,111.678
3645.73,-1553.41,113.503
3649.94,-1555.21,115.304
3654.16,-1557.01,117.09
3658.37,-1558.81,118.874
3662.59,-1560.61,120.658
3666.8,-1562.41,122.448
3671.02,-1564.21,124.235
3675.23,-1566.01,126.024
3679.47,-1567.81,127.821
3683.68,-1569.61,129.607
3687.9,-1571.41,131.394
3692.12,-1573.21,133.179
3696.34,-1575.01,134.965
3700.55,-1576.81,136.751
3704.77,-1578.61,138.539
3708.98,-1580.41,140.323
3713.19,-1582.21,142.113
3717.42,-1584.01,143.906
3721.66,-1585.81,145.708
3725.88,-1587.61,147.501
3730.09,-1589.41,149.307
3734.31,-1591.21,151.115
3738.52,-1593.01,152.92
3742.74,-1594.81,154.737
3746.96,-1596.61,156.556
3751.17,-1598.41,158.374
3755.39,-1600.21,160.193
3759.6,-1602.01,162.002
3763.81,-1603.81,163.812
3768.03,-1605.61,165.624
3772.24,-1607.41,167.434
3776.46,-1609.21,169.24
3780.7,-1611.01,171.054
3784.92,-1612.81,172.859
3789.13,-1614.61,174.645
3793.35,-1616.41,176.432
3797.56,-1618.21,178.22
3801.78,-1620.01,180.01
3805.99,-1621.81,181.802
3810.21,-1623.61,183.592
3814.42,-1625.41,185.383
3818.64,-1627.21,187.17
3822.88,-1629.01,188.97
3827.1,-1630.81,190.76
3831.31,-1632.61,192.547
3835.53,-1634.41,194.345
3839.81,-1636.21,196.141
3844.03,-1638.01,197.969
3848.24,-1639.81,199.776
3852.46,-1641.61,201.584
3856.67,-1643.41,203.393
3860.89,-1645.21,205.2
3865.1,-1647.01,207.014
3869.32,-1648.81,208.827
3873.53,-1650.61,210.639
3877.75,-1652.41,212.476
3881.98,-1654.21,214.322
3886.2,-1656.01,216.16
3890.42,-1657.81,217.995
3894.64,-1659.61,219.816
3898.85,-1661.41,221.635
3903.06,-1663.21,223.454
3907.28,-1665.01,225.271
3911.49,-1666.81,227.088
3915.71,-1668.61,228.906
3919.93,-1670.41,230.722
3924.19,-1672.21,232.554
3928.4,-1674.01,234.366
3932.62,-1675.81,236.178
3936.84,-1677.61,237.991
3941.05,-1679.41,239.802
3945.27,-1681.21,241.616
3949.48,-1683.01,243.427
3953.7,-1684.81,245.23
3957.92,-1686.61,247.035
3962.13,-1688.41,248.838
3966.35,-1690.21,250.642
3970.56,-1692.01,252.45
3974.78,-1693.81,254.259
3978.99,-1695.61,256.065
3983.23,-1697.41,257.884
3987.45,-1699.21,259.696
3991.66,-1701.01,261.505
3995.89,-1702.81,263.32
4000.58,-1704.61,265.337
4004.8,-1706.41,267.155
4009.07,-1708.21,268.987
4013.48,-1710.01,270.826
4017.92,-1711.81,272.682
4022.49,-1713.61,274.586
4026.95,-1715.41,276.452
4031.35,-1717.21,278.265
4035.75,-1719.01,280.085
4040.12,-1720.81,281.887
4048.05,-1722.61,285.061
4052.54,-1724.41,286.862
4057.32,-1726.21,288.779
4061.98,-1728.01,290.507
4066.43,-1729.81,292.156
4070.78,-1731.61,293.774
4075.03,-1733.41,295.31
4079.27,-1735.21,296.844
4083.58,-1737.01,298.402
4087.81,-1738.81,300.039
4092.03,-1740.61,301.684
4096.25,-1742.41,303.322
4100.47,-1744.21,304.959
4104.7,-1746.01,306.773
4108.93,-1747.81,308.582
4113.15,-1749.61,310.398
4117.38,-1751.41,312.21
4121.62,-1753.21,314.083
4125.85,-1755.02,315.955
4130.09,-1756.82,317.828
4134.31,-1758.62,319.631
4138.53,-1760.42,321.432
4142.75,-1762.22,323.234
4147.01,-1764.02,325.036
4151.23,-1765.82,326.826
4155.46,-1767.62,328.617
4159.68,-1769.42,330.405
4163.95,-1771.22,332.211
4168.18,-1773.02,334.001
4172.4,-1774.82,335.791
4176.63,-1776.62,337.581
4180.87,-1778.42,339.378
4185.11,-1780.22,341.177
4189.33,-1782.02,342.967
4193.55,-1783.82,344.758
4197.77,-1785.62,346.55
4202.03,-1787.42,348.354
4206.27,-1789.22,350.153
4210.51,-1791.02,351.958
4214.74,-1792.82,353.754
4218.97,-1794.62,355.542
4223.21,-1796.42,357.308
4227.43,-1798.22,358.894
4231.65,-1800.02,358.682
4235.94,-1801.82,357.015
4240.16,-1803.62,355.247
4244.43,-1805.42,353.446
4248.76,-1807.22,351.611
4253.07,-1809.02,349.778
4257.31,-1810.82,347.973
4261.63,-1812.62,346.143
4266.31,-1814.42,344.156
4270.72,-1816.22,342.299
4275.09,-1818.02,340.459
4279.31,-1819.82,338.687
4283.58,-1821.62,336.94
4287.82,-1823.42,335.207
4292.04,-1825.22,333.483
4296.27,-1827.02,331.755
4300.5,-1828.82,330.009
4304.74,-1830.62,328.262
4308.97,-1832.42,326.517
4313.19,-1834.22,324.775
4317.42,-1836.02,323
4321.64,-1837.82,321.225
4325.9,-1839.62,319.435
4330.17,-1841.42,317.619
4334.4,-1843.22,315.826
4338.63,-1845.02,314.028
4342.86,-1846.82,312.223
4347.1,-1848.62,310.41
4351.39,-1850.42,308.576
4355.62,-1852.22,306.769
4359.85,-1854.02,304.976
4364.1,-1855.82,303.179
4368.33,-1857.62,301.388
4372.55,-1859.42,299.602
4376.78,-1861.22,297.818
4381.03,-1863.02,296.025
4385.27,-1864.82,294.237
4389.51,-1866.62,292.457
4393.73,-1868.42,290.682
4397.97,-1870.22,288.901
4402.2,-1872.02,287.124
4406.43,-1873.82,285.335
4410.65,-1875.62,283.548
4414.89,-1877.42,281.753
4419.13,-1879.22,279.959
4423.36,-1881.02,278.169
4427.59,-1882.82,276.377
4431.82,-1884.62,274.586
4436.05,-1886.42,272.795
4440.28,-1888.22,271.007
4444.52,-1890.02,269.21
4448.74,-1891.82,267.42
4452.97,-1893.62,265.626
4457.2,-1895.42,263.833
4461.43,-1897.22,262.044
4465.65,-1899.02,260.243
4469.89,-1900.82,258.442
4474.12,-1902.62,256.641
4478.35,-1904.42,254.828
4482.57,-1906.22,253.016
4486.81,-1908.02,251.198
4491.03,-1909.82,249.388
4495.31,-1911.62,247.564
4499.53,-1913.42,245.763
4503.76,-1915.22,243.955
4508.02,-1917.02,242.137
4512.25,-1918.82,240.337
4516.48,-1920.62,238.538
4520.7,-1922.42,236.741
4524.94,-1924.22,234.956
4529.17,-1926.02,233.179
4533.39,-1927.82,231.401
4537.63,-1929.62,229.598
4541.85,-1931.42,227.803
4546.09,-1933.22,226
4550.31,-1935.02,224.206
4554.54,-1936.82,222.424
4558.76,-1938.62,220.645
4563.01,-1940.42,218.854
4567.23,-1942.22,217.072
4571.46,-1944.02,215.28
4575.69,-1945.82,213.491
4579.91,-1947.62,211.703
4584.16,-1949.42,209.905
4588.39,-1951.22,208.117
4592.61,-1953.02,206.331
4596.85,-1954.82,204.538
4601.08,-1956.62,202.723
4605.32,-1958.42,200.906
4609.54,-1960.22,199.097
4613.77,-1962.02,197.272
4618.03,-1963.82,195.437
4622.27,-1965.62,193.611
4626.5,-1967.42,191.788
4630.72,-1969.22,189.986
4634.96,-1971.02,188.181
4639.19,-1972.82,186.38
4643.41,-1974.62,184.582
4647.65,-1976.42,182.781
4651.88,-1978.22,180.979
4656.14,-1980.02,179.17
4660.36,-1981.82,177.381
4664.58,-1983.62,175.59
4668.81,-1985.42,173.799
4673.04,-1987.22,172.01
4677.26,-1989.02,170.221
4681.5,-1990.82,168.428
4685.72,-1992.62,166.639
4689.96,-1994.42,164.846
4694.19,-1996.22,163.059
4698.4,-1998.02,161.274
4702.63,-1999.82,159.485
4706.86,-2001.62,157.678
4711.09,-2003.42,155.868
4715.33,-2005.22,154.056
4719.55,-2007.02,152.247
4723.77,-2008.82,150.438
4728.02,-2010.62,148.617
4732.23,-2012.42,146.809
4736.46,-2014.22,144.976
4740.68,-2016.02,143.146
4744.91,-2017.82,141.312
4749.15,-2019.62,139.476
4753.38,-2021.42,137.643
4757.61,-2023.22,135.815
4761.84,-2025.02,133.985
4766.07,-2026.82,132.167
4770.3,-2028.62,130.355
4774.52,-2030.42,128.539
4778.76,-2032.22,126.727
4783.01,-2034.02,124.906
4787.25,-2035.82,123.091
4791.57,-2037.62,121.241
4795.81,-2039.42,119.432
4800.03,-2041.22,117.632
4804.25,-2043.02,115.83
4808.48,-2044.82,114.031
4812.7,-2046.62,112.234
4816.93,-2048.42,110.432
4821.15,-2050.22,108.637
4825.4,-2052.02,106.828
4829.61,-2053.82,105.031
4833.85,-2055.62,103.227
4838.09,-2057.42,101.408
4842.32,-2059.22,99.5908
4846.54,-2061.02,97.778
4850.77,-2062.82,95.9616
4855.02,-2064.62,94.1427
4859.26,-2066.42,92.3292
4863.48,-2068.22,90.5205
4867.71,-2070.02,88.7076
4871.95,-2071.82,86.8816
4876.18,-2073.62,85.0575
4880.4,-2075.42,83.2384
4884.64,-2077.22,81.4147
4888.86,-2079.02,79.6
4893.13,-2080.82,77.7599
4897.47,-2082.62,75.8956
4901.71,-2084.42,74.0659
4905.95,-2086.22,72.2394
4910.18,-2088.02,70.417
4914.41,-2089.82,68.6316
4918.64,-2091.62,66.8444
4922.86,-2093.42,65.0601
4927.1,-2095.22,63.2654
4931.33,-2097.02,61.4684
4935.57,-2098.82,59.6639
4939.8,-2100.62,57.8664
4944.03,-2102.42,56.0533
4948.25,-2104.22,54.2507
4952.49,-2106.02,52.4416
4956.72,-2107.82,50.6363
4960.95,-2109.62,48.837
4965.18,-2111.42,47.043
4969.41,-2113.22,45.2467
4973.63,-2115.02,43.454
4977.86,-2116.82,41.6491
4982.09,-2118.62,39.8448
4986.33,-2120.42,38.0396
4990.55,-2122.22,36.2388
4994.82,-2124.02,34.4201
4999.04,-2125.82,32.6192
5003.27,-2127.62,30.8119
5007.5,-2129.43,28.9874
5011.73,-2131.23,27.1588
5015.97,-2133.03,25.329
5020.21,-2134.83,23.5167
5024.44,-2136.63,21.7078
5028.66,-2138.43,19.9021
5032.9,-2140.23,18.0917
5037.16,-2142.03,16.2715
5041.38,-2143.83,14.4691
5045.61,-2145.63,12.6625
5049.84,-2147.43,10.8756
5054.12,-2149.23,9.06397
5058.35,-2151.03,7.27984
5062.57,-2152.83,5.50614
5066.81,-2154.63,3.74274
5071.03,-2156.43,2.01976
5075.27,-2158.23,0.777324
5079.49,-2160.03,1.88174
5083.76,-2161.83,3.60683
5088.01,-2163.63,5.37736
5092.27,-2165.43,7.16248
5096.6,-2167.23,8.98558
5100.93,-2169.03,10.8105
5105.15,-2170.83,12.6047
5109.49,-2172.63,14.4061
5114.19,-2174.43,16.3871
5118.66,-2176.23,18.2681
5123.04,-2178.03,20.0776
5127.28,-2179.83,21.8289
5131.51,-2181.63,23.5771
5135.74,-2183.43,25.3221
5139.97,-2185.23,27.0527
5144.21,-2187.03,28.7867
5148.43,-2188.83,30.5114
5152.65,-2190.63,32.2372
5156.9,-2192.43,34.0152
5161.14,-2194.23,35.7866
5165.37,-2196.03,37.5593
5169.6,-2197.83,39.3497
5173.84,-2199.63,41.1476
5178.06,-2201.43,42.9402
5182.28,-2203.23,44.7309
5186.51,-2205.03,46.5393
5190.75,-2206.83,48.3531
5195.05,-2208.63,50.1896
5199.27,-2210.43,51.9897
5203.51,-2212.23,53.7919
5207.74,-2214.03,55.5888
5211.98,-2215.83,57.3916
5216.2,-2217.63,59.1636
5220.43,-2219.43,60.9357
5224.65,-2221.23,62.7051
5228.88,-2223.03,64.4848
5233.11,-2224.83,66.2623
5237.34,-2226.63,68.0418
5241.56,-2228.43,69.8144
5245.81,-2230.23,71.607
5250.04,-2232.03,73.4073
5254.27,-2233.83,75.2049
5258.5,-2235.63,76.9959
5262.73,-2237.43,78.813
5266.97,-2239.23,80.6297
5271.19,-2241.03,82.4393
5275.42,-2242.83,84.2371
5279.64,-2244.63,86.033
5283.88,-2246.43,87.8371
5288.14,-2248.23,89.6517
5292.36,-2250.03,91.4508
5296.62,-2251.83,93.2679
5300.85,-2253.63,95.067
5305.09,-2255.43,96.8576
5309.31,-2257.23,98.6389
5313.53,-2259.03,100.422
5317.75,-2260.83,102.204
5322.01,-2262.63,104.004
5326.24,-2264.43,105.793
5330.47,-2266.23,107.579
5334.7,-2268.03,109.361
5338.93,-2269.83,111.139
5343.15,-2271.63,112.924
5347.39,-2273.43,114.712
5351.61,-2275.23,116.499
5355.85,-2277.03,118.294
5360.09,-2278.83,120.085
5364.33,-2280.63,121.882
5368.55,-2282.43,123.671
5372.78,-2284.23,125.466
5377.03,-2286.03,127.267
5381.26,-2287.83,129.069
5385.48,-2289.63,130.872
5389.71,-2291.43,132.675
5393.99,-2293.23,134.514
5398.23,-2295.03,136.339
5402.47,-2296.83,138.159
5406.69,-2298.63,139.977
5410.93,-2300.43,141.771
5415.16,-2302.23,143.574
5419.39,-2304.03,145.374
5423.61,-2305.83,147.169
5427.86,-2307.63,148.968
5432.09,-2309.43,150.764
5436.33,-2311.23,152.56
5440.55,-2313.03,154.341
5444.77,-2314.83,156.123
5449.02,-2316.63,157.913
5453.27,-2318.43,159.708
5457.49,-2320.23,161.508
5461.73,-2322.03,163.31
5465.97,-2323.83,165.117
5470.21,-2325.63,166.901
5474.43,-2327.43,168.678
5478.65,-2329.23,170.456
5482.88,-2331.03,172.241
5487.13,-2332.83,174.037
5491.35,-2334.63,175.823
5495.58,-2336.43,177.612
5499.96,-2338.23,179.476
5504.2,-2340.03,181.282
5508.42,-2341.83,183.076
5512.65,-2343.63,184.877
5516.89,-2345.43,186.673
5521.13,-2347.23,188.466
5525.36,-2349.03,190.255
5529.59,-2350.83,192.062
5533.82,-2352.63,193.874
5538.05,-2354.43,195.683
5542.27,-2356.23,197.486
5546.5,-2358.03,199.31
5551.13,-2359.83,201.295
5555.53,-2361.63,203.198
5559.82,-2363.43,205.001
5564.04,-2365.23,206.829
5568.25,-2367.03,208.626
5572.47,-2368.83,210.425
5576.69,-2370.63,212.131
5580.92,-2372.43,213.835
5585.14,-2374.23,215.548
5589.37,-2376.03,217.379
5593.59,-2377.83,219.211
5597.87,-2379.63,221.069
5602.11,-2381.43,222.907
5606.33,-2383.23,224.718
5610.56,-2385.03,226.527
5614.78,-2386.83,228.338
5619.02,-2388.63,230.141
5623.26,-2390.43,231.941
5627.5,-2392.23,233.74
5631.72,-2394.03,235.537
5635.96,-2395.83,237.356
5640.19,-2397.63,239.171
5644.42,-2399.43,240.983
5648.65,-2401.23,242.8
5652.89,-2403.03,244.643
5657.13,-2404.83,246.491
5661.35,-2406.63,248.329
5665.58,-2408.43,250.153
5669.82,-2410.23,251.984
5674.05,-2412.03,253.808
5678.27,-2413.83,255.63
5682.51,-2415.63,257.448
5686.73,-2417.43,259.262
5690.97,-2419.23,261.079
5695.21,-2421.03,262.882
5699.46,-2422.83,264.69
5703.68,-2424.63,266.483
5707.92,-2426.43,268.279
5712.17,-2428.23,270.097
5716.4,-2430.03,271.911
5720.63,-2431.83,273.723
5724.85,-2433.63,275.514
5729.09,-2435.43,277.311
5733.31,-2437.23,279.101
5737.53,-2439.03,280.894
5741.76,-2440.83,282.697
5746.01,-2442.63,284.513
5750.31,-2444.43,286.344
5754.53,-2446.23,288.16
5758.75,-2448.03,289.974
5763,-2449.83,291.802
5767.23,-2451.63,293.618
5771.46,-2453.43,295.423
5775.68,-2455.23,297.228
5779.92,-2457.03,299.034
5784.17,-2458.83,300.85
5788.39,-2460.63,302.678
5792.62,-2462.43,304.503
5796.85,-2464.23,306.33
5801.11,-2466.03,308.158
5805.34,-2467.83,309.972
5809.56,-2469.63,311.782
5813.78,-2471.43,313.594
5818.05,-2473.23,315.412
5822.27,-2475.03,317.223
5826.51,-2476.83,319.038
5830.74,-2478.63,320.827
5834.98,-2480.43,322.625
5839.21,-2482.23,324.419
5843.45,-2484.03,326.213
5847.67,-2485.83,328.012
5851.92,-2487.63,329.814
5856.16,-2489.43,331.622
5860.4,-2491.23,333.424
5864.62,-2493.03,335.22
5868.86,-2494.83,337.019
5873.09,-2496.64,338.819
5877.33,-2498.44,340.613
5881.55,-2500.24,342.401
5885.8,-2502.04,344.192
5890.03,-2503.84,345.994
5894.27,-2505.64,347.791
5898.49,-2507.44,349.578
5902.74,-2509.24,351.377
5906.98,-2511.04,353.178
5911.2,-2512.84,354.965
5915.43,-2514.64,356.732
5919.65,-2516.44,358.415
5923.89,-2518.24,359.059
5928.15,-2520.04,357.572
5932.42,-2521.84,355.808
5936.64,-2523.64,354.026
5940.94,-2525.44,352.214
5945.28,-2527.24,350.361
5949.6,-2529.04,348.533
5953.83,-2530.84,346.743
5958.2,-2532.64,344.901
5962.74,-2534.44,342.977
5967.21,-2536.24,341.113
5971.55,-2538.04,339.297
5975.78,-2539.84,337.537
5980.02,-2541.64,335.822
5984.25,-2543.44,334.115
5988.48,-2545.24,332.408
5992.7,-2547.04,330.703
5996.94,-2548.84,328.954
6001.15,-2550.64,327.212
6005.43,-2552.44,325.445
6009.65,-2554.24,323.638
6013.9,-2556.04,321.818
6018.15,-2557.84,319.997
6022.37,-2559.64,318.189
6026.6,-2561.44,316.368
6030.83,-2563.24,314.547
6035.06,-2565.04,312.728
6039.27,-2566.84,310.922
6043.49,-2568.64,309.114
6047.73,-2570.44,307.302
6051.96,-2572.24,305.49
6056.19,-2574.04,303.688
6060.41,-2575.84,301.894
6064.65,-2577.64,300.091
6068.88,-2579.44,298.293
6073.14,-2581.24,296.48
6077.38,-2583.04,294.679
6081.6,-2584.84,292.885
6085.83,-2586.64,291.101
6090.05,-2588.44,289.323
6094.27,-2590.24,287.543
6098.57,-2592.04,285.731
6102.81,-2593.84,283.932
6107.08,-2595.64,282.118
6111.31,-2597.44,280.324
6115.52,-2599.24,278.546
6119.88,-2601.04,276.708
6124.13,-2602.84,274.916
6128.37,-2604.64,273.13
6132.59,-2606.44,271.352
6136.83,-2608.24,269.566
6141.06,-2610.04,267.789
6145.28,-2611.84,266.011
6149.5,-2613.64,264.236
6153.74,-2615.44,262.452
6157.98,-2617.24,260.669
6162.21,-2619.04,258.851
6166.45,-2620.84,257.031
6170.67,-2622.64,255.22
6174.9,-2624.44,253.414
6179.14,-2626.24,251.602
6183.37,-2628.04,249.797
6187.6,-2629.84,247.988
6191.83,-2631.64,246.188
6196.06,-2633.44,244.385
6200.29,-2635.24,242.588
6204.53,-2637.04,240.779
6208.77,-2638.84,238.968
6213.02,-2640.64,237.155
6217.26,-2642.44,235.347
6221.49,-2644.24,233.559
6225.72,-2646.04,231.767
6229.95,-2647.84,229.977
6234.19,-2649.64,228.183
6238.42,-2651.44,226.4
6242.64,-2653.24,224.615
6246.88,-2655.04,222.82
6251.14,-2656.84,221.022
6255.37,-2658.64,219.236
6259.6,-2660.44,217.449
6263.83,-2662.24,215.661
6268.08,-2664.04,213.876
6272.29,-2665.84,212.101
6276.52,-2667.64,210.322
6280.74,-2669.44,208.538
6285.01,-2671.24,206.736
6289.23,-2673.04,204.953
6293.46,-2674.84,203.165
6297.68,-2676.64,201.348
6301.92,-2678.44,199.53
6306.14,-2680.24,197.707
6310.4,-2682.04,195.869
6314.63,-2683.84,194.045
6318.88,-2685.64,192.212
6323.11,-2687.44,190.385
6327.34,-2689.24,188.585
6331.56,-2691.04,186.789
6335.8,-2692.84,184.991
6340.03,-2694.64,183.191
6344.27,-2696.44,181.393
6348.49,-2698.24,179.602
6352.71,-2700.04,177.808
6356.95,-2701.84,176.012
6361.18,-2703.64,174.221
6365.4,-2705.44,172.432
6369.64,-2707.24,170.635
6373.86,-2709.04,168.842
6378.1,-2710.84,167.041
6382.32,-2712.64,165.249
6386.56,-2714.44,163.458
6390.79,-2716.24,161.674
6395.03,-2718.04,159.879
6399.27,-2719.84,158.088
6403.51,-2721.64,156.274
6407.73,-2723.44,154.465
6412.01,-2725.24,152.635
6416.23,-2727.04,150.825
6420.46,-2728.84,149.017
6424.68,-2730.64,147.209
6428.92,-2732.44,145.398
6433.15,-2734.24,143.565
6437.39,-2736.04,141.73
6441.61,-2737.84,139.902
6445.84,-2739.64,138.078
6450.16,-2741.44,136.214
6454.4,-2743.24,134.385
6458.62,-2745.04,132.566
6462.86,-2746.84,130.766
6467.1,-2748.64,128.967
6471.33,-2750.44,127.172
6475.55,-2752.24,125.379
6479.8,-2754.04,123.576
6484.02,-2755.84,121.774
6488.26,-2757.64,119.974
6492.48,-2759.44,118.164
6496.72,-2761.24,116.347
6500.95,-2763.04,114.533
6505.18,-2764.84,112.72
6509.4,-2766.64,110.916
6513.66,-2768.44,109.095
6517.89,-2770.24,107.281
6522.13,-2772.04,105.477
6526.35,-2773.84,103.675
6530.58,-2775.64,101.87
6534.82,-2777.44,100.059
6539.05,-2779.24,98.2566
6543.27,-2781.04,96.4478
6547.51,-2782.84,94.6358
6551.73,-2784.64,92.8243
6555.97,-2786.44,91.0022
6560.19,-2788.24,89.1898
6564.46,-2790.04,87.3771
6568.67,-2791.84,85.5381
6572.92,-2793.64,83.707
6577.14,-2795.44,81.8764
6581.37,-2797.24,80.0616
6585.59,-2799.04,78.2462
6589.83,-2800.84,76.4239
6594.06,-2802.64,74.6095
6598.27,-2804.44,72.7946
6602.5,-2806.24,70.9747
6606.72,-2808.04,69.1564
6610.95,-2809.84,67.3509
6615.2,-2811.64,65.539
6619.42,-2813.44,63.7383
6623.64,-2815.24,61.9363
6627.93,-2817.04,60.1129
6632.16,-2818.84,58.3014
6636.39,-2820.64,56.4979
6640.61,-2822.44,54.7089
6644.84,-2824.24,52.9174
6649.07,-2826.04,51.1249
6653.29,-2827.84,49.3367
6657.52,-2829.64,47.5417
6661.74,-2831.44,45.7475
6665.98,-2833.24,43.9479
6670.21,-2835.04,42.1463
6674.43,-2836.84,40.3441
6678.65,-2838.64,38.5431
6682.89,-2840.44,36.7344
6687.13,-2842.24,34.9196
6691.35,-2844.04,33.1145
6695.58,-2845.84,31.3055
6699.82,-2847.64,29.4809
6704.05,-2849.44,27.6587
6708.27,-2851.24,25.8415
6712.5,-2853.04,24.0204
6716.73,-2854.84,22.2098
6720.96,-2856.64,20.397
6725.17,-2858.44,18.5912
6729.39,-2860.24,16.7873
6733.63,-2862.04,14.979
6737.85,-2863.84,13.1758
6742.09,-2865.65,11.371
6746.32,-2867.45,9.58292
6750.54,-2869.25,7.80288
6754.76,-2871.05,6.02532
6759.01,-2872.85,4.24714
6763.23,-2874.65,2.51824
6767.46,-2876.45,1.03172
6771.67,-2878.25,1.49302
6775.92,-2880.05,3.12746
6780.18,-2881.85,4.88945
6784.4,-2883.65,6.6531
6788.65,-2885.45,8.43215
6793.05,-2887.25,10.2791
6797.35,-2889.05,12.1012
6801.58,-2890.85,13.8858
6806.01,-2892.65,15.7165
6810.67,-2894.45,17.663
6815.33,-2896.25,19.6128
6819.67,-2898.05,21.3809
6823.92,-2899.85,23.1035
6828.16,-2901.65,24.8317
6832.39,-2903.45,26.5554
6836.63,-2905.25,28.2514
6840.88,-2907.05,29.9564
6845.14,-2908.85,31.664
6849.36,-2910.65,33.3579
6853.6,-2912.45,35.1489
6857.83,-2914.25,36.9355
6862.06,-2916.05,38.7254
6866.29,-2917.85,40.548
6870.51,-2919.65,42.3693
6874.74,-2921.45,44.1966
6878.98,-2923.25,46.0249
6883.2,-2925.05,47.8303
6887.42,-2926.85,49.6371
6891.65,-2928.65,51.445
6895.9,-2930.45,53.2344
6900.13,-2932.25,55.0206
6904.36,-2934.05,56.8018
6908.58,-2935.85,58.5812
6912.81,-2937.65,60.3651
6917.07,-2939.45,62.1582
6921.29,-2941.25,63.9378
6925.52,-2943.05,65.734
6929.78,-2944.85,67.5268
6934.03,-2946.65,69.3425
6938.27,-2948.45,71.1455
6942.5,-2950.25,72.9422
6946.74,-2952.05,74.7467
6950.97,-2953.85,76.5482
6955.23,-2955.65,78.3602
6959.46,-2957.45,80.1692
6963.68,-2959.25,81.9715
6967.92,-2961.05,83.7755
6972.15,-2962.85,85.5823
6976.37,-2964.65,87.3811
6980.59,-2966.45,89.1812
6984.83,-2968.25,90.9839
6989.06,-2970.05,92.7807
6993.27,-2971.85,94.5742
6997.51,-2973.65,96.3775
7001.74,-2975.45,98.1696
7005.98,-2977.25,99.9697
7010.21,-2979.05,101.767
7014.44,-2980.85,103.564
7018.69,-2982.65,105.358
7022.9,-2984.45,107.143
7027.14,-2986.25,108.935
7031.37,-2988.05,110.718
7035.6,-2989.85,112.497
7039.83,-2991.65,114.28
7044.05,-2993.45,116.058
7049.72,-2995.25,118.452
7055.94,-2997.05,121.079
7060.17,-2998.85,122.811
7064.39,-3000.65,124.526
7068.6,-3002.45,126.238
7072.83,-3004.25,127.956
7077.05,-3006.05,129.445
7081.27,-3007.85,130.933
7085.51,-3009.65,132.43
7089.73,-3011.45,134.183
7094.01,-3013.25,135.962
7098.26,-3015.05,137.723
7102.48,-3016.85,139.476
7106.72,-3018.65,141.351
7110.96,-3020.45,143.223
7115.19,-3022.25,145.098
7119.42,-3024.05,146.882
7123.65,-3025.85,148.675
7127.9,-3027.65,150.472
7132.14,-3029.45,152.268
7136.38,-3031.25,154.044
7140.61,-3033.05,155.812
7144.83,-3034.85,157.582
7149.06,-3036.65,159.351
7153.36,-3038.45,161.165
7157.59,-3040.25,162.948
7161.82,-3042.05,164.736
7166.06,-3043.85,166.535
7170.28,-3045.65,168.326
7174.51,-3047.45,170.12
7178.74,-3049.25,171.918
7182.98,-3051.05,173.728
7187.21,-3052.85,175.533
7191.42,-3054.65,177.335
7195.65,-3056.45,179.139
7199.9,-3058.25,180.976
7204.14,-3060.05,182.814
7208.36,-3061.85,184.639
7212.6,-3063.65,186.462
7216.82,-3065.45,188.282
7221.09,-3067.25,190.117
7225.32,-3069.05,191.913
7229.54,-3070.85,193.699
7233.75,-3072.65,195.487
7238.01,-3074.45,197.291
7242.26,-3076.25,199.09
7246.49,-3078.05,200.881
7250.71,-3079.85,202.668
7254.94,-3081.65,204.461
7259.16,-3083.45,206.25
7263.39,-3085.25,208.044
7267.61,-3087.05,209.838
7271.85,-3088.85,211.632
7276.1,-3090.65,213.428
7280.33,-3092.45,215.219
7284.55,-3094.25,217.007
7288.77,-3096.05,218.803
7293.03,-3097.85,220.611
7297.26,-3099.65,222.414
7301.49,-3101.45,224.221
7305.72,-3103.25,226.033
7309.95,-3105.05,227.846
7314.18,-3106.85,229.655
7318.39,-3108.65,231.477
7322.63,-3110.45,233.312
7326.88,-3112.25,235.146
7331.12,-3114.05,236.995
7335.35,-3115.85,238.836
7339.58,-3117.65,240.676
7343.81,-3119.45,242.519
7348.04,-3121.25,244.335
7352.26,-3123.05,246.15
7356.5,-3124.85,247.974
7360.72,-3126.65,249.786
7364.96,-3128.45,251.604
7369.18,-3130.25,253.414
7373.4,-3132.05,255.225
7377.63,-3133.85,257.038
7381.86,-3135.65,258.848
7386.1,-3137.45,260.663
7390.34,-3139.25,262.485
7394.57,-3141.05,264.304
7398.8,-3142.85,266.119
7403.03,-3144.65,267.944
7407.3,-3146.45,269.76
7411.52,-3148.25,271.552
7415.76,-3150.05,273.355
7420.02,-3151.85,275.168
7424.27,-3153.65,276.981
7428.5,-3155.45,278.785
7432.73,-3157.25,280.587
7436.98,-3159.05,282.401
7441.2,-3160.85,284.205
7445.44,-3162.65,286.015
7449.66,-3164.45,287.838
7453.9,-3166.25,289.669
7458.14,-3168.05,291.5
7462.38,-3169.85,293.33
7466.6,-3171.65,295.148
7470.83,-3173.45,296.965
7475.05,-3175.25,298.778
7479.26,-3177.05,300.588
7483.49,-3178.85,302.407
7487.72,-3180.65,304.224
7491.95,-3182.45,306.043
7496.18,-3184.25,307.859
7500.4,-3186.05,309.664
7504.62,-3187.85,311.472
7508.86,-3189.65,313.283
7513.09,-3191.45,315.088
7517.33,-3193.25,316.891
7521.55,-3195.05,318.69
7525.8,-3196.85,320.492
7530.04,-3198.65,322.3
7534.27,-3200.45,324.104
7538.49,-3202.25,325.9
7542.72,-3204.05,327.69
7546.96,-3205.85,329.482
7551.19,-3207.65,331.27
7555.42,-3209.45,333.056
7559.64,-3211.25,334.847
7563.87,-3213.05,336.64
7568.13,-3214.85,338.441
7572.35,-3216.65,340.244
7576.58,-3218.45,342.049
7580.81,-3220.25,343.855
7585.04,-3222.05,345.657
7589.25,-3223.85,347.467
7593.49,-3225.65,349.284
7597.72,-3227.45,351.092
7601.96,-3229.25,352.898
7606.19,-3231.05,354.693
7610.42,-3232.85,356.466
7614.64,-3234.66,358.174
7618.87,-3236.46,359.119
7623.11,-3238.26,357.819
7627.35,-3240.06,356.09
7631.64,-3241.86,354.305
7635.88,-3243.66,352.523
7640.16,-3245.46,350.723
7644.5,-3247.26,348.886
7648.82,-3249.06,347.07
7653.04,-3250.86,345.294
7657.4,-3252.66,343.471
7662.11,-3254.46,341.527
7666.65,-3256.26,339.646
7671.02,-3258.06,337.836
7675.27,-3259.86,336.08
7679.5,-3261.66,334.388
7683.72,-3263.46,332.699
7687.96,-3265.26,331.002
7692.18,-3267.06,329.279
7696.42,-3268.86,327.555
7700.64,-3270.66,325.827
7704.89,-3272.46,324.095
7709.14,-3274.26,322.243
7713.38,-3276.06,320.396
7717.6,-3277.86,318.554
7721.92,-3279.66,316.691
7726.14,-3281.46,314.858
7730.36,-3283.26,313.029
7734.6,-3285.06,311.194
7738.83,-3286.86,309.426
7743.06,-3288.66,307.654
7747.29,-3290.46,305.887
7751.55,-3292.26,304.097
7755.77,-3294.06,302.325
7760.03,-3295.86,300.541
7764.25,-3297.66,298.768
7768.48,-3299.46,296.959
7772.7,-3301.26,295.153
7776.94,-3303.06,293.341
7781.16,-3304.86,291.535
7785.39,-3306.66,289.723
7789.61,-3308.46,287.916
7793.85,-3310.26,286.104
7798.09,-3312.06,284.319
7802.32,-3313.86,282.536
7806.55,-3315.66,280.758
7810.79,-3317.46,278.987
7815.02,-3319.26,277.212
7819.26,-3321.06,275.441
7823.48,-3322.86,273.675
7827.71,-3324.66,271.869
7831.95,-3326.46,270.062
7836.18,-3328.26,268.257
7840.4,-3330.06,266.457
7844.63,-3331.86,264.621
7848.85,-3333.66,262.791
7853.09,-3335.46,260.953
7857.41,-3337.26,259.102
7861.63,-3339.06,257.294
7865.89,-3340.86,255.469
7870.13,-3342.66,253.655
7874.36,-3344.46,251.872
7878.58,-3346.26,250.096
7882.82,-3348.06,248.313
7887.05,-3349.86,246.531
7891.27,-3351.66,244.751
7895.5,-3353.46,242.969
7899.73,-3355.26,241.158
7904.05,-3357.06,239.31
7908.27,-3358.86,237.505
7912.51,-3360.66,235.693
7916.74,-3362.46,233.917
7920.97,-3364.26,232.139
7925.22,-3366.06,230.354
7929.45,-3367.86,228.579
7933.69,-3369.66,226.808
7937.93,-3371.46,225.041
7942.15,-3373.26,223.269
7946.38,-3375.06,221.492
7950.61,-3376.86,219.719
7954.83,-3378.66,217.946
7959.05,-3380.46,216.175
7963.27,-3382.26,214.363
7967.5,-3384.06,212.548
7971.74,-3385.86,210.729
7975.97,-3387.66,208.914
7980.2,-3389.46,207.066
7984.43,-3391.26,205.22
7988.66,-3393.06,203.374
7992.89,-3394.86,201.563
7997.15,-3396.66,199.743
8001.37,-3398.46,197.938
8005.61,-3400.26,196.129
8009.83,-3402.06,194.348
8014.07,-3403.86,192.561
8018.29,-3405.66,190.783
8022.52,-3407.46,188.997
8026.75,-3409.26,187.213
8031.01,-3411.06,185.416
8035.23,-3412.86,183.634
8039.45,-3414.66,181.836
8043.67,-3416.46,180.037
8047.92,-3418.26,178.235
8052.14,-3420.06,176.446
8056.38,-3421.86,174.653
8060.6,-3423.66,172.869
8064.83,-3425.46,171.081
8069.05,-3427.26,169.295
8073.27,-3429.06,167.508
8077.5,-3430.86,165.717
8081.73,-3432.66,163.911
8085.96,-3434.46,162.099
8090.18,-3436.26,160.294
8094.41,-3438.06,158.489
8098.62,-3439.86,156.67
8102.86,-3441.66,154.845
8107.1,-3443.46,153.018
8111.35,-3445.26,151.185
8115.59,-3447.06,149.353
8119.83,-3448.86,147.52
8124.07,-3450.66,145.688
8128.32,-3452.46,143.881
8132.55,-3454.26,142.077
8136.77,-3456.06,140.278
8141.03,-3457.86,138.474
8145.25,-3459.66,136.682
8149.49,-3461.46,134.887
8153.71,-3463.26,133.097
8157.95,-3465.06,131.3
8162.17,-3466.86,129.513
8166.4,-3468.66,127.723
8170.62,-3470.46,125.936
8174.88,-3472.26,124.107
8179.11,-3474.06,122.285
8183.34,-3475.86,120.466
8187.57,-3477.66,118.663
8191.8,-3479.46,116.858
8196.02,-3481.26,115.06
8200.23,-3483.06,113.262
8204.46,-3484.86,111.458
8208.68,-3486.66,109.658
8212.9,-3488.46,107.856
8217.14,-3490.26,106.035
8221.38,-3492.06,104.215
8225.6,-3493.86,102.402
8229.85,-3495.66,100.573
8234.11,-3497.46,98.7333
8238.33,-3499.26,96.9074
8242.54,-3501.06,95.0823
8246.77,-3502.86,93.2543
8251.02,-3504.66,91.4165
8255.26,-3506.46,89.5804
8259.48,-3508.26,87.7549
8263.7,-3510.06,85.9397
8267.94,-3511.86,84.1185
8272.16,-3513.66,82.3037
8276.39,-3515.46,80.4876
8280.62,-3517.26,78.6674
8284.85,-3519.06,76.8513
8289.08,-3520.86,75.0327
8293.3,-3522.66,73.2355
8297.53,-3524.46,71.4362
8301.75,-3526.26,69.6373
8306.01,-3528.06,67.8197
8310.23,-3529.86,66.0171
8314.47,-3531.66,64.2096
8318.69,-3533.46,62.407
8322.92,-3535.26,60.619
8327.15,-3537.06,58.8244
8331.42,-3538.86,57.0154
8335.64,-3540.66,55.2259
8339.89,-3542.46,53.4153
8344.15,-3544.26,51.6009
8348.37,-3546.06,49.8025
8352.59,-3547.86,48.0106
8356.82,-3549.66,46.2155
8361.05,-3551.46,44.4253
8365.28,-3553.26,42.6249
8369.5,-3555.06,40.7997
8373.73,-3556.86,38.9712
8377.97,-3558.66,37.136
8382.2,-3560.46,35.3145
8386.42,-3562.26,33.4914
8390.65,-3564.06,31.6679
8394.89,-3565.86,29.8382
8399.13,-3567.66,28.0244
8403.35,-3569.46,26.2163
8407.58,-3571.26,24.407
8411.81,-3573.06,22.6146
8416.04,-3574.86,20.8241
8420.26,-3576.66,19.0372
8424.49,-3578.46,17.2444
8428.71,-3580.26,15.4558
8432.98,-3582.06,13.6506
8437.21,-3583.86,11.8589
8441.43,-3585.66,10.0663
8445.66,-3587.46,8.27952
8449.9,-3589.26,6.49189
8454.14,-3591.06,4.71401
8458.37,-3592.86,2.97481
8462.59,-3594.66,1.38081
8466.83,-3596.46,1.15486
8471.04,-3598.26,2.67031
8475.27,-3600.06,4.39498
8479.52,-3601.86,6.16471
8483.73,-3603.67,7.93349
8487.99,-3605.47,9.73858
8492.36,-3607.27,11.5938
8496.66,-3609.07,13.4244
8501.04,-3610.87,15.2934
8505.41,-3612.67,17.1297
8510.1,-3614.47,19.1231
8514.62,-3616.27,21.0465
8519,-3618.07,22.8509
8523.22,-3619.87,24.5881
8527.45,-3621.67,26.3259
8531.68,-3623.47,27.9967
8535.92,-3625.27,29.6661
8540.14,-3627.07,31.3414
8544.38,-3628.87,33.0148
8549.94,-3630.67,35.3668
8554.29,-3632.47,37.2104
8558.66,-3634.27,39.0682
8562.88,-3636.07,40.8117
8567.1,-3637.87,42.5572
8571.31,-3639.67,44.2999
8575.53,-3641.47,46.0459
8579.77,-3643.27,47.721
8583.98,-3645.07,49.4065
8588.19,-3646.87,51.0789
8592.4,-3648.67,52.8211
8596.62,-3650.47,54.5681
8600.84,-3652.27,56.3111
8605.06,-3654.07,58.0553
8609.27,-3655.87,59.9252
8613.49,-3657.67,61.7965
8617.71,-3659.47,63.6703
8621.92,-3661.27,65.5126
8626.14,-3663.07,67.3566
8630.36,-3664.87,69.1998
8634.62,-3666.67,71.0652
8638.84,-3668.47,72.8273
8643.06,-3670.27,74.5894
8647.28,-3672.07,76.3528
8651.49,-3673.87,78.1207
8655.71,-3675.67,79.8907
8659.92,-3677.47,81.6583
8664.14,-3679.27,83.4275
8668.44,-3681.07,85.2723
8672.65,-3682.87,87.0827
8676.87,-3684.67,88.8949
8681.09,-3686.47,90.7062
8685.3,-3688.27,92.5182
8689.52,-3690.07,94.3285
8693.73,-3691.87,96.1388
8697.95,-3693.67,97.9175
8702.17,-3695.47,99.6957
8706.39,-3697.27,101.474
8710.6,-3699.07,103.247
8714.82,-3700.87,105.023
8719.03,-3702.67,106.795
8723.24,-3704.47,108.568
8727.46,-3706.27,110.354
8731.68,-3708.07,112.142
8735.93,-3709.87,113.939
8740.14,-3711.67,115.724
8744.36,-3713.47,117.553
8748.57,-3715.27,119.381
8752.79,-3717.07,121.208
8757.11,-3718.87,123.08
8761.32,-3720.67,124.905
8765.54,-3722.47,126.732
8769.78,-3724.27,128.568
8774,-3726.07,130.347
8778.22,-3727.87,132.123
8782.43,-3729.67,133.899
8786.65,-3731.47,135.671
8790.87,-3733.27,137.44
8795.08,-3735.07,139.211
8799.3,-3736.87,140.979
8803.51,-3738.67,142.773
8807.73,-3740.47,144.571
8811.94,-3742.27,146.366
8816.36,-3744.07,148.271
8820.58,-3745.87,150.09
8824.8,-3747.67,151.909
8829.01,-3749.47,153.726
8833.23,-3751.27,155.478
8837.47,-3753.07,157.24
8841.69,-3754.87,158.99
8845.9,-3756.67,160.741
8850.12,-3758.47,162.504
8854.34,-3760.27,164.27
8858.55,-3762.07,166.033
8862.76,-3763.87,167.829
8866.98,-3765.67,169.627
8871.2,-3767.47,171.422
8875.41,-3769.27,173.218
8879.62,-3771.07,175.048
8883.84,-3772.87,176.879
8888.05,-3774.67,178.711
8892.27,-3776.47,180.542
8896.49,-3778.27,182.375
8900.7,-3780.07,184.205
8904.92,-3781.87,186.037
8909.13,-3783.67,187.842
8913.34,-3785.47,189.647
8917.56,-3787.27,191.454
8921.77,-3789.07,193.256
8925.99,-3790.87,195.061
8930.2,-3792.67,196.864
8934.42,-3794.47,198.67
8938.66,-3796.27,200.468
8942.88,-3798.07,202.258
8947.1,-3799.87,204.048
8951.31,-3801.67,205.837
8955.53,-3803.47,207.628
8959.77,-3805.27,209.417
8963.99,-3807.07,211.22
8968.43,-3808.87,213.106
8972.65,-3810.67,214.894
8976.87,-3812.47,216.684
8981.08,-3814.27,218.47
8985.3,-3816.07,220.216
8989.51,-3817.87,221.959
8993.72,-3819.67,223.701
9002.43,-3821.47,227.428
9006.66,-3823.27,229.244
9010.88,-3825.07,231.051
9015.23,-3826.87,232.36
9019.66,-3828.67,233.699
9024.19,-3830.47,235.065
9028.58,-3832.27,236.714
9032.98,-3834.07,238.36
9037.42,-3835.87,240.028
9041.81,-3837.67,241.885
9046.24,-3839.47,243.763
9050.66,-3841.27,245.633
9055.12,-3843.07,247.52
9059.73,-3844.87,249.402
9064.34,-3846.67,251.292
9068.69,-3848.47,253.074
9072.92,-3850.27,254.735
9077.14,-3852.07,256.39
9081.36,-3853.87,258.042
9085.58,-3855.67,259.697
9089.8,-3857.47,261.522
9094.02,-3859.27,263.349
9098.23,-3861.07,265.171
9102.45,-3862.87,267.038
9106.67,-3864.67,268.908
9110.89,-3866.47,270.773
9115.1,-3868.27,272.641
9119.32,-3870.07,274.443
9123.54,-3871.87,276.244
9127.76,-3873.67,278.047
9131.97,-3875.47,279.852
9136.2,-3877.27,281.662
9140.46,-3879.07,283.484
9144.68,-3880.87,285.291
9148.89,-3882.67,287.093
9153.11,-3884.47,288.897
9157.33,-3886.27,290.702
9161.75,-3888.07,292.581
9165.97,-3889.87,294.376
9170.19,-3891.67,296.17
9174.41,-3893.47,297.963
9178.62,-3895.27,299.718
9182.84,-3897.07,301.476
9187.06,-3898.87,303.233
9191.27,-3900.67,304.988
9195.49,-3902.47,306.798
9199.71,-3904.27,308.608
9204.01,-3906.07,310.454
9208.23,-3907.87,312.262
9212.45,-3909.67,314.071
9216.67,-3911.47,315.88
9220.98,-3913.27,317.729
9225.2,-3915.07,319.537
9229.42,-3916.87,321.341
9233.64,-3918.67,323.147
9237.86,-3920.47,324.964
9242.1,-3922.27,326.788
9246.32,-3924.07,328.604
9250.53,-3925.87,330.417
9254.75,-3927.67,332.229
9258.97,-3929.47,334.039
9263.25,-3931.27,335.876
9267.47,-3933.07,337.664
9271.68,-3934.87,339.449
9275.9,-3936.67,341.234
9280.12,-3938.47,343.017
9284.33,-3940.27,344.798
9288.55,-3942.07,346.577
9292.76,-3943.87,348.354
9296.98,-3945.67,350.129
9301.2,-3947.47,351.909
9305.42,-3949.27,353.681
9309.63,-3951.07,355.425
9313.84,-3952.87,357.097
9318.06,-3954.67,358.476
9322.28,-3956.47,358.374
9326.5,-3958.27,356.936
9330.71,-3960.07,355.255
9334.98,-3961.87,353.495
9339.19,-3963.67,351.734
9343.44,-3965.47,349.948
9347.77,-3967.27,348.115
9352.05,-3969.07,346.295
9356.27,-3970.88,344.501
9360.57,-3972.68,342.687
9365.13,-3974.48,340.748
9369.64,-3976.28,338.826
9374.05,-3978.08,336.974
9378.28,-3979.88,335.199
9382.49,-3981.68,333.431
9386.71,-3983.48,331.66
9390.93,-3985.28,329.964
9395.15,-3987.08,328.265
9399.36,-3988.88,326.569
9403.57,-3990.68,324.778
9407.8,-3992.48,322.983
9412.01,-3994.28,321.19
9416.23,-3996.08,319.396
9420.45,-3997.88,317.58
9424.67,-3999.68,315.76
9428.89,-4001.48,313.945
9433.1,-4003.28,312.167
9437.33,-4005.08,310.385
9441.58,-4006.88,308.592
9445.8,-4008.68,306.811
9450.02,-4010.48,305.036
9454.24,-4012.28,303.258
9458.45,-4014.08,301.482
9462.67,-4015.88,299.672
9466.89,-4017.68,297.859
9471.1,-4019.48,296.048
9475.32,-4021.28,294.236
9479.54,-4023.08,292.416
9483.75,-4024.88,290.593
9487.97,-4026.68,288.771
9492.18,-4028.48,286.967
9496.41,-4030.28,285.161
9500.62,-4032.08,283.359
9504.84,-4033.88,281.554
9509.3,-4035.68,279.642
9513.81,-4037.48,277.714
9518.03,-4039.28,275.905
9522.36,-4041.08,274.088
9526.58,-4042.88,272.319
9530.79,-4044.68,270.555
9535,-4046.48,268.787
9539.21,-4048.28,267.081
9543.45,-4050.08,265.363
9547.66,-4051.88,263.654
9551.86,-4053.68,261.841
9556.07,-4055.48,260.02
9560.28,-4057.28,258.2
9564.49,-4059.08,256.378
9568.7,-4060.88,254.584
9572.91,-4062.68,252.791
9577.12,-4064.48,250.994
9581.59,-4066.28,249.199
9585.81,-4068.08,247.301
9590.03,-4069.88,245.515
9594.25,-4071.68,243.728
9598.46,-4073.48,241.979
9602.68,-4075.28,240.229
9606.9,-4077.08,238.478
9611.11,-4078.88,236.729
9615.33,-4080.68,234.909
9619.54,-4082.48,233.091
9623.76,-4084.28,231.272
9627.98,-4086.08,229.448
9632.19,-4087.88,227.627
9636.41,-4089.68,225.802
9640.63,-4091.48,223.981
9644.87,-4093.28,222.175
9649.08,-4095.08,220.379
9653.3,-4096.88,218.585
9657.52,-4098.68,216.819
9661.73,-4100.48,215.055
9665.95,-4102.28,213.291
9670.17,-4104.08,211.527
9674.43,-4105.88,209.697
9678.65,-4107.68,207.888
9682.86,-4109.48,206.081
9687.08,-4111.28,204.247
9691.3,-4113.08,202.415
9695.52,-4114.88,200.583
9699.73,-4116.68,198.752
9703.99,-4118.48,196.944
9708.2,-4120.28,195.157
9712.41,-4122.08,193.37
9716.63,-4123.88,191.58
9720.85,-4125.68,189.833
9725.07,-4127.48,188.083
9729.28,-4129.27,186.336
9733.68,-4131.07,184.471
9737.9,-4132.87,182.68
9742.12,-4134.67,180.895
9746.36,-4136.47,179.096
9750.57,-4138.27,177.296
9754.79,-4140.07,175.492
9759.01,-4141.87,173.691
9763.22,-4143.67,171.879
9767.44,-4145.47,170.063
9771.65,-4147.27,168.252
9775.87,-4149.07,166.438
9780.08,-4150.87,164.612
9784.3,-4152.67,162.785
9788.51,-4154.47,160.96
9792.73,-4156.27,159.168
9796.95,-4158.07,157.373
9801.16,-4159.87,155.579
9805.38,-4161.67,153.784
9809.59,-4163.47,151.994
9813.8,-4165.27,150.202
9818.02,-4167.07,148.409
9822.36,-4168.87,146.559
9826.58,-4170.67,144.76
9830.79,-4172.47,142.963
9835.01,-4174.27,141.163
9839.22,-4176.07,139.396
9843.44,-4177.87,137.626
9847.68,-4179.67,135.845
9851.9,-4181.47,134.044
9856.12,-4183.27,132.24
9860.34,-4185.07,130.439
9864.55,-4186.87,128.637
9868.77,-4188.67,126.831
9872.98,-4190.47,125.024
9877.2,-4192.27,123.215
9881.6,-4194.07,121.295
9885.82,-4195.87,119.456
9890.04,-4197.67,117.618
9894.26,-4199.47,115.78
9898.47,-4201.27,113.977
9902.68,-4203.07,112.173
9906.9,-4204.87,110.368
9911.11,-4206.67,108.565
9915.33,-4208.47,106.736
9919.54,-4210.27,104.909
9923.76,-4212.07,103.081
9927.98,-4213.87,101.275
9932.19,-4215.67,99.4698
9936.42,-4217.47,97.6613
9940.63,-4219.27,95.8575
9944.85,-4221.06,94.0609
9949.08,-4222.86,92.2564
9953.3,-4224.66,90.4616
9957.52,-4226.46,88.665
9961.73,-4228.26,86.8627
9966.01,-4230.06,85.0323
9970.22,-4231.86,83.2309
9974.44,-4233.66,81.4387
9978.65,-4235.46,79.6474
9982.87,-4237.26,77.8565
9987.08,-4239.06,76.0628
9991.3,-4240.86,74.2596
9995.52,-4242.66,72.4539
9999.73,-4244.46,70.6508
10004,-4246.26,68.8181
10008.2,-4248.06,67.0022
10012.4,-4249.86,65.1876
10016.6,-4251.66,63.3705
10020.8,-4253.46,61.5484
10025.1,-4255.26,59.7239
10029.3,-4257.06,57.9023
10033.7,-4258.86,55.9928
10037.9,-4260.66,54.165
10042.1,-4262.46,52.3426
10046.3,-4264.26,50.5181
10050.6,-4266.06,48.7481
10054.9,-4267.86,46.9309
10059.2,-4269.66,45.1265
10063.4,-4271.46,43.3426
10067.6,-4273.26,41.5584
10071.9,-4275.06,39.7535
10076.1,-4276.86,37.9673
10080.3,-4278.66,36.1772
10084.5,-4280.46,34.3862
10088.7,-4282.26,32.5997
10092.9,-4284.06,30.8102
10097.2,-4285.86,29.009
10101.4,-4287.66,27.2093
10105.6,-4289.46,25.4115
10109.8,-4291.26,23.6214
10114,-4293.06,21.8267
10118.2,-4294.86,20.0355
10122.5,-4296.66,18.2654
10126.7,-4298.46,16.4965
10130.9,-4300.26,14.7286
10135.1,-4302.06,12.9577
10139.6,-4303.86,11.0596
10143.8,-4305.66,9.26615
10148,-4307.46,7.47958
10152.2,-4309.26,5.68965
10156.5,-4311.06,3.93385
10160.7,-4312.85,2.28625
10164.9,-4314.65,1.27347
10169.1,-4316.45,2.1085
10173.3,-4318.25,3.69348
10177.5,-4320.05,5.40568
10181.8,-4321.85,7.16882
10186,-4323.65,8.95885
10190.2,-4325.45,10.7607
10194.5,-4327.25,12.6051
10198.8,-4329.05,14.4192
10203,-4330.85,16.2121
10207.3,-4332.65,18.0296
10212,-4334.45,19.9991
10216.5,-4336.25,21.8694
10220.8,-4338.05,23.6804
10225,-4339.85,25.4386
10229.2,-4341.65,27.0944
10233.4,-4343.45,28.7505
10237.7,-4345.25,30.4111
10242.1,-4347.05,32.2825
10246.3,-4348.85,34.0545
10250.6,-4350.65,35.8393
10254.8,-4352.45,37.6111
10259,-4354.25,39.4127
10263.2,-4356.05,41.2148
10267.5,-4357.85,43.0181
10271.7,-4359.65,44.8199
10275.9,-4361.45,46.6245
10280.1,-4363.25,48.4286
10284.3,-4365.05,50.2328
10288.5,-4366.85,52.0428
10292.7,-4368.65,53.8537
10297,-4370.45,55.666
10301.2,-4372.25,57.4769
10305.4,-4374.05,59.277
10309.6,-4375.85,61.0749
10313.8,-4377.65,62.8733
10318,-4379.45,64.6692
10322.3,-4381.25,66.4642
10326.5,-4383.05,68.2606
10330.7,-4384.85,70.054
10334.9,-4386.65,71.8585
10339.1,-4388.45,73.6497
10343.4,-4390.25,75.4398
10347.6,-4392.05,77.2306
10351.8,-4393.85,79.0259
10356,-4395.65,80.8137
10360.2,-4397.45,82.599
10364.5,-4399.25,84.389
10368.7,-4401.05,86.1772
10372.9,-4402.85,87.965
10377.1,-4404.65,89.7554
10381.3,-4406.44,91.5527
10385.5,-4408.24,93.3518
10389.8,-4410.04,95.1483
10394,-4411.84,96.9818
10398.2,-4413.64,98.795
10402.4,-4415.44,100.607
10406.6,-4417.24,102.421
10410.9,-4419.04,104.228
10415.1,-4420.84,106.037
10419.3,-4422.64,107.842
10423.5,-4424.44,109.664
10427.7,-4426.24,111.488
10431.9,-4428.04,113.309
10436.2,-4429.84,115.134
10440.4,-4431.64,116.945
10444.6,-4433.44,118.757
10448.8,-4435.24,120.566
10453,-4437.04,122.358
10457.2,-4438.84,124.152
10461.4,-4440.64,125.945
10465.7,-4442.44,127.738
10469.9,-4444.24,129.519
10474.1,-4446.04,131.303
10478.3,-4447.84,133.083
10482.5,-4449.64,134.864
10487,-4451.44,136.755
10491.2,-4453.24,138.537
10495.4,-4455.04,140.32
10499.6,-4456.84,142.03
10503.8,-4458.64,143.74
10508.1,-4460.44,145.451
10512.3,-4462.24,147.161
10516.5,-4464.04,148.95
10520.7,-4465.84,150.738
10524.9,-4467.64,152.528
10529.1,-4469.44,154.34
10533.3,-4471.24,156.153
10537.6,-4473.04,157.968
10541.8,-4474.84,159.779
10546.3,-4476.64,161.726
10550.5,-4478.44,163.559
10554.7,-4480.24,165.403
10558.9,-4482.04,167.158
10563.1,-4483.84,168.913
10567.4,-4485.64,170.669
10571.6,-4487.44,172.424
10575.8,-4489.24,174.223
10580,-4491.04,176.02
10584.2,-4492.84,177.819
10588.4,-4494.64,179.606
10592.6,-4496.44,181.395
10596.9,-4498.23,183.184
10601.1,-4500.03,184.972
10605.3,-4501.83,186.78
10609.5,-4503.63,188.587
10613.7,-4505.43,190.394
10617.9,-4507.23,192.202
10622.1,-4509.03,194.026
10626.4,-4510.83,195.852
10630.6,-4512.63,197.677
10634.9,-4514.43,199.523
10639.1,-4516.23,201.31
10643.4,-4518.03,203.096
10647.6,-4519.83,204.883
10651.8,-4521.63,206.609
10656,-4523.43,208.347
10660.2,-4525.23,210.075
10664.5,-4527.03,211.882
10668.7,-4528.83,213.706
10672.9,-4530.63,215.511
10677.2,-4532.43,217.317
10681.4,-4534.23,219.176
10685.6,-4536.03,221.038
10689.8,-4537.83,222.899
10694.2,-4539.63,224.815
10698.4,-4541.43,226.664
10702.6,-4543.23,228.512
10706.8,-4545.03,230.362
10711,-4546.83,232.103
10715.2,-4548.63,233.846
10719.5,-4550.43,235.586
10723.7,-4552.23,237.36
10727.9,-4554.03,239.137
10732.1,-4555.83,240.91
10736.3,-4557.63,242.687
10740.5,-4559.43,244.5
10744.8,-4561.23,246.316
10749,-4563.03,248.128
10753.2,-4564.83,249.941
10757.4,-4566.63,251.787
10761.6,-4568.43,253.62
10765.9,-4570.23,255.455
10770.1,-4572.03,257.259
10774.3,-4573.83,259.066
10778.5,-4575.63,260.871
10782.9,-4577.43,262.717
10787.1,-4579.23,264.505
10791.3,-4581.03,266.29
10795.5,-4582.83,268.077
10799.7,-4584.63,269.859
10804,-4586.43,271.674
10808.2,-4588.23,273.456
10812.4,-4590.02,275.238
10816.6,-4591.82,277.063
10820.9,-4593.62,278.888
10825.1,-4595.42,280.714
10829.3,-4597.22,282.541
10833.5,-4599.02,284.368
10837.7,-4600.82,286.199
10841.9,-4602.62,288.025
10846.1,-4604.42,289.846
10850.4,-4606.22,291.665
10854.6,-4608.02,293.485
10858.8,-4609.82,295.296
10863,-4611.62,297.098
10867.2,-4613.42,298.902
10871.5,-4615.22,300.703
10875.7,-4617.02,302.5
10879.9,-4618.82,304.296
10884.1,-4620.62,306.094
10888.3,-4622.42,307.889
10892.5,-4624.22,309.694
10896.7,-4626.02,311.501
10901,-4627.82,313.306
10905.2,-4629.62,315.093
10909.4,-4631.42,316.88
10913.6,-4633.22,318.665
10917.9,-4635.02,320.443
10922.1,-4636.82,322.207
10926.3,-4638.62,323.972
10930.5,-4640.42,325.734
10934.7,-4642.22,327.543
10938.9,-4644.02,329.352
10943.2,-4645.82,331.158
10947.4,-4647.62,332.966
10951.6,-4649.42,334.811
10955.8,-4651.22,336.657
10960,-4653.02,338.511
10964.3,-4654.82,340.333
10968.5,-4656.62,342.15
10972.7,-4658.42,343.968
10976.9,-4660.22,345.786
10981.1,-4662.02,347.576
10985.3,-4663.82,349.367
10989.5,-4665.62,351.151
10993.8,-4667.42,352.928
10998,-4669.22,354.692
11002.2,-4671.02,356.42
11006.4,-4672.82,358.021
11010.6,-4674.62,358.784
11014.8,-4676.42,357.673
11019,-4678.22,356.036
11023.3,-4680.02,354.313
11027.5,-4681.81,352.548
11031.7,-4683.61,350.786
11036,-4685.41,349.013
11040.3,-4687.21,347.196
11044.6,-4689.01,345.39
11048.8,-4690.81,343.62
11053.1,-4692.61,341.85
11057.6,-4694.41,339.96
11062,-4696.21,338.086
11066.4,-4698.01,336.269
11070.6,-4699.81,334.513
11074.8,-4701.61,332.756
11079,-4703.41,331.004
11083.2,-4705.21,329.25
11087.5,-4707.01,327.493
11091.7,-4708.81,325.738
11095.9,-4710.61,323.982
11100.1,-4712.41,322.143
11104.3,-4714.21,320.302
11108.5,-4716.01,318.464
11112.7,-4717.81,316.625
11117,-4719.61,314.827
11121.2,-4721.41,313.029
11125.4,-4723.21,311.229
11129.6,-4725.01,309.456
11133.8,-4726.81,307.682
11138,-4728.61,305.905
11142.2,-4730.41,304.132
11146.5,-4732.21,302.341
11150.7,-4734.01,300.554
11154.9,-4735.81,298.764
11159.1,-4737.61,296.975
11163.4,-4739.41,295.168
11167.6,-4741.21,293.375
11171.8,-4743.01,291.586
11176,-4744.81,289.795
11180.2,-4746.61,288.006
11184.4,-4748.41,286.215
11188.9,-4750.21,284.336
11193.1,-4752.01,282.542
11197.3,-4753.81,280.746
11201.5,-4755.61,278.954
11205.7,-4757.41,277.169
11209.9,-4759.21,275.384
11214.2,-4761.01,273.599
11218.4,-4762.81,271.787
11222.6,-4764.61,269.975
11226.8,-4766.41,268.161
11231,-4768.21,266.349
11235.2,-4770.01,264.53
11239.4,-4771.81,262.711
11243.7,-4773.6,260.894
11248.1,-4775.4,258.997
11252.3,-4777.2,257.196
11256.5,-4779,255.395
11260.7,-4780.8,253.596
11265,-4782.6,251.853
11269.2,-4784.4,250.122
11273.4,-4786.2,248.39
11277.6,-4788,246.658
11281.8,-4789.8,244.879
11286.1,-4791.6,243.1
11290.3,-4793.4,241.324
11294.5,-4795.2,239.535
11298.7,-4797,237.75
11302.9,-4798.8,235.965
11307.1,-4800.6,234.178
11311.3,-4802.4,232.393
11315.6,-4804.2,230.604
11319.8,-4806,228.817
11324,-4807.8,227.008
11328.2,-4809.6,225.201
11332.4,-4811.4,223.394
11336.6,-4813.2,221.586
11340.9,-4815,219.724
11345.1,-4816.8,217.896
11349.4,-4818.6,216.071
11353.6,-4820.4,214.245
11357.8,-4822.2,212.427
11362,-4824,210.609
11366.2,-4825.8,208.781
11370.5,-4827.6,206.973
11374.7,-4829.4,205.138
11378.9,-4831.2,203.331
11383.2,-4833,201.548
11387.4,-4834.8,199.762
11391.6,-4836.6,197.978
11395.8,-4838.4,196.193
11400,-4840.2,194.401
11404.2,-4842,192.606
11408.4,-4843.8,190.814
11412.7,-4845.6,189.021
11416.9,-4847.4,187.212
11421.1,-4849.2,185.403
11425.3,-4851,183.595
11429.5,-4852.8,181.805
11433.7,-4854.6,180.014
11437.9,-4856.4,178.221
11442.2,-4858.2,176.431
11446.4,-4860,174.667
11450.6,-4861.8,172.904
11454.8,-4863.6,171.141
11459,-4865.4,169.359
11463.2,-4867.19,167.578
11467.5,-4868.99,165.783
11471.7,-4870.79,164.001
11475.9,-4872.59,162.155
11480.1,-4874.39,160.311
11484.3,-4876.19,158.467
11488.5,-4877.99,156.625
11492.8,-4879.79,154.754
11497,-4881.59,152.882
11501.2,-4883.39,151.011
11505.4,-4885.19,149.198
11509.6,-4886.99,147.388
11513.8,-4888.79,145.577
11518,-4890.59,143.764
11522.3,-4892.39,142.007
11526.5,-4894.19,140.248
11530.7,-4895.99,138.491
11534.9,-4897.79,136.713
11539.1,-4899.59,134.935
11543.3,-4901.39,133.157
11547.6,-4903.19,131.378
11551.8,-4904.99,129.54
11556.1,-4906.79,127.646
11560.4,-4908.59,125.77
11564.7,-4910.39,123.944
11568.9,-4912.19,122.106
11573.1,-4913.99,120.282
11577.3,-4915.79,118.455
11581.5,-4917.59,116.69
11585.8,-4919.39,114.926
11590,-4921.19,113.163
11594.2,-4922.99,111.384
11598.4,-4924.79,109.608
11602.6,-4926.59,107.833
11606.8,-4928.39,106.058
11611,-4930.19,104.226
11615.3,-4931.99,102.391
11619.5,-4933.79,100.558
11623.7,-4935.59,98.7254
11627.9,-4937.39,96.8534
11632.1,-4939.19,94.9841
11636.3,-4940.99,93.1125
11640.5,-4942.79,91.2902
11644.8,-4944.59,89.4678
11649,-4946.39,87.6488
11653.2,-4948.19,85.8294
11657.4,-4949.99,84.0594
11661.6,-4951.79,82.2914
11665.8,-4953.59,80.5218
11670.1,-4955.39,78.7189
11674.3,-4957.19,76.9267
11678.5,-4958.98,75.137
11682.7,-4960.78,73.3474
11687,-4962.58,71.5202
11691.2,-4964.38,69.6957
11695.4,-4966.18,67.8695
11699.6,-4967.98,66.0696
11703.8,-4969.78,64.2697
11708,-4971.58,62.4673
11712.2,-4973.38,60.6679
11716.5,-4975.18,58.8926
11720.7,-4976.98,57.1185
11724.9,-4978.78,55.3437
11729.1,-4980.58,53.5462
11733.3,-4982.38,51.7486
11737.5,-4984.18,49.949
11741.8,-4985.98,48.1495
11746,-4987.78,46.3248
11750.2,-4989.58,44.5014
11754.4,-4991.38,42.6776
11758.6,-4993.18,40.8556
11762.8,-4994.98,39.037
11767,-4996.78,37.2162
11771.3,-4998.58,35.3872
11775.5,-5000.38,33.5697
11779.7,-5002.18,31.7561
11784,-5003.98,29.9262
11788.2,-5005.78,28.1116
11792.4,-5007.58,26.3111
11796.6,-5009.38,24.509
11800.8,-5011.18,22.7101
11805,-5012.98,20.9227
11809.3,-5014.78,19.1392
11813.5,-5016.58,17.3546
11817.7,-5018.38,15.5692
11821.9,-5020.18,13.7897
11826.1,-5021.98,12.0108
11830.3,-5023.78,10.2361
11834.5,-5025.58,8.47182
11838.8,-5027.38,6.71706
11843,-5029.18,4.97989
11847.2,-5030.98,3.28636
11851.4,-5032.78,1.76497
11855.6,-5034.58,1.34404
11859.8,-5036.38,2.62239
11864,-5038.18,4.29935
11868.2,-5039.98,6.04569
11872.5,-5041.78,7.84742
11876.7,-5043.58,9.63332
11881,-5045.38,11.439
11885.3,-5047.18,13.2918
11889.6,-5048.98,15.1384
11893.8,-5050.77,16.9497
11906.2,-5052.57,22.2193
11910.6,-5054.37,24.0641
11914.8,-5056.17,25.8391
11919,-5057.97,27.6082
11923.3,-5059.77,29.3775
11927.5,-5061.57,30.5232
11931.7,-5063.37,31.667
11935.9,-5065.17,32.8122
11940.1,-5066.97,34.2403
11944.3,-5068.77,35.6672
11948.6,-5070.57,37.0916
11952.8,-5072.37,38.5172
11957,-5074.17,40.553
11961.2,-5075.97,42.5873
11965.4,-5077.77,44.6231
11969.6,-5079.57,46.5085
11973.9,-5081.37,48.4128
11978.1,-5083.17,50.3022
11982.3,-5084.97,52.1894
11986.5,-5086.77,53.9094
11990.8,-5088.57,55.628
11995,-5090.37,57.3477
11999.2,-5092.17,59.0655
12003.4,-5093.97,60.8294
12007.6,-5095.77,62.5942
12011.9,-5097.57,64.3708
12016.1,-5099.37,66.215
12020.3,-5101.17,68.0574
12024.5,-5102.97,69.9008
12028.7,-5104.77,71.7412
12032.9,-5106.57,73.5012
12037.2,-5108.37,75.2625
12041.4,-5110.17,77.0251
12045.6,-5111.97,78.8048
12049.8,-5113.77,80.5811
12054,-5115.57,82.3596
12058.2,-5117.37,84.1348
12062.4,-5119.17,85.9554
12066.7,-5120.97,87.7765
12070.9,-5122.77,89.5963
12075.1,-5124.57,91.4093
12079.3,-5126.37,93.2095
12083.6,-5128.17,95.0104
12087.8,-5129.97,96.8377
12092,-5131.77,98.6458
12096.3,-5133.57,100.455
12100.5,-5135.37,102.262
12104.7,-5137.17,104.085
12108.9,-5138.97,105.906
12113.1,-5140.77,107.727
12117.3,-5142.56,109.55
12121.5,-5144.36,111.359
12125.8,-5146.16,113.171
12130,-5147.96,114.981
12134.2,-5149.76,116.776
12138.4,-5151.56,118.568
12142.6,-5153.36,120.363
12146.8,-5155.16,122.158
12151.1,-5156.96,123.948
12155.3,-5158.76,125.74
12159.5,-5160.56,127.53
12163.7,-5162.36,129.319
12167.9,-5164.16,131.099
12172.1,-5165.96,132.875
12176.4,-5167.76,134.664
12180.6,-5169.56,136.444
12184.8,-5171.36,138.224
12189,-5173.16,140.002
12193.2,-5174.96,141.78
12197.4,-5176.76,143.572
12201.7,-5178.56,145.364
12205.9,-5180.36,147.158
12210.1,-5182.16,148.977
12214.3,-5183.96,150.798
12218.5,-5185.76,152.617
12222.7,-5187.56,154.437
12227,-5189.36,156.267
12231.2,-5191.16,158.096
12235.4,-5192.96,159.926
12239.6,-5194.76,161.756
12243.8,-5196.56,163.586
12248,-5198.36,165.417
12252.2,-5200.16,167.247
12256.5,-5201.96,169.065
12260.7,-5203.76,170.882
12264.9,-5205.56,172.701
12269.1,-5207.36,174.497
12273.3,-5209.16,176.292
12277.6,-5210.96,178.1
12281.8,-5212.76,179.897
12286,-5214.56,181.693
12290.2,-5216.36,183.487
12294.4,-5218.16,185.282
12298.6,-5219.96,187.075
12302.8,-5221.76,188.867
12307.1,-5223.56,190.661
12311.3,-5225.36,192.452
12315.5,-5227.16,194.243
12319.7,-5228.96,196.03
12323.9,-5230.76,197.833
12328.2,-5232.56,199.625
12332.4,-5234.35,201.417
12336.6,-5236.15,203.21
12340.8,-5237.95,205.004
12345,-5239.75,206.802
12349.2,-5241.55,208.597
12353.5,-5243.35,210.394
12357.7,-5245.15,212.192
12361.9,-5246.95,214.032
12366.1,-5248.75,215.874
12370.3,-5250.55,217.714
12374.5,-5252.35,219.557
12378.8,-5254.15,221.422
12383,-5255.95,223.278
12387.2,-5257.75,225.136
12391.4,-5259.55,226.932
12395.6,-5261.35,228.729
12399.8,-5263.15,230.525
12404.1,-5264.95,232.276
12408.3,-5266.75,234.024
12412.5,-5268.55,235.773
12416.7,-5270.35,237.523
12420.9,-5272.15,239.316
12425.1,-5273.95,241.11
12429.3,-5275.75,242.902
12433.6,-5277.55,244.695
12437.8,-5279.35,246.53
12442,-5281.15,248.366
12446.2,-5282.95,250.201
12450.4,-5284.75,252.025
12454.6,-5286.55,253.852
12458.9,-5288.35,255.675
12463.1,-5290.15,257.5
12467.3,-5291.95,259.283
12471.5,-5293.75,261.066
12475.7,-5295.55,262.849
12480,-5297.35,264.645
12484.2,-5299.15,266.432
12488.4,-5300.95,268.217
12492.6,-5302.75,270.002
12496.8,-5304.55,271.825
12501,-5306.35,273.647
12505.2,-5308.15,275.469
12509.5,-5309.95,277.323
12513.7,-5311.75,279.177
12517.9,-5313.55,281.033
12522.1,-5315.35,282.887
12526.3,-5317.15,284.71
12530.5,-5318.95,286.53
12534.8,-5320.75,288.351
12539,-5322.55,290.171
12543.2,-5324.35,291.962
12547.4,-5326.15,293.753
12551.6,-5327.94,295.544
12555.8,-5329.74,297.333
12560.1,-5331.54,299.122
12564.3,-5333.34,300.912
12568.5,-5335.14,302.699
12572.7,-5336.94,304.525
12576.9,-5338.74,306.353
12581.2,-5340.54,308.19
12585.4,-5342.34,309.988
12589.6,-5344.14,311.782
12593.8,-5345.94,313.577
12598,-5347.74,315.374
12602.2,-5349.54,317.136
12606.4,-5351.34,318.9
12610.7,-5353.14,320.661
12614.9,-5354.94,322.449
12619.1,-5356.74,324.234
12623.3,-5358.54,326.019
12627.5,-5360.34,327.807
12631.7,-5362.14,329.626
12636,-5363.94,331.446
12640.2,-5365.74,333.265
12644.4,-5367.54,335.084
12648.6,-5369.34,336.908
12652.8,-5371.14,338.733
12657,-5372.94,340.558
12661.2,-5374.74,342.374
12665.5,-5376.54,344.19
12669.7,-5378.34,346.002
12673.9,-5380.14,347.812
12678.1,-5381.94,349.605
12682.3,-5383.74,351.401
12686.6,-5385.54,353.181
12690.8,-5387.34,354.921
12695,-5389.14,356.615
12699.2,-5390.94,358.119
12703.4,-5392.74,358.587
12707.6,-5394.54,357.391
12711.9,-5396.34,355.765
12716.1,-5398.14,354.052
12720.3,-5399.94,352.311
12724.5,-5401.74,350.537
12728.8,-5403.54,348.774
12733,-5405.34,347.001
12737.3,-5407.14,345.177
12741.6,-5408.94,343.356
12745.9,-5410.74,341.573
12758.1,-5412.54,336.477
12762.5,-5414.34,334.632
12766.7,-5416.14,333.111
12770.9,-5417.94,331.594
12775.2,-5419.73,330.075
12779.4,-5421.53,328.558
12783.6,-5423.33,327.389
12787.8,-5425.13,326.229
12792.1,-5426.93,325.072
12796.3,-5428.73,323.449
12800.5,-5430.53,321.849
12804.8,-5432.33,320.249
12809,-5434.13,318.649
12813.2,-5435.93,316.635
12817.4,-5437.73,314.617
12821.6,-5439.53,312.603
12825.8,-5441.33,310.783
12830.1,-5443.13,308.963
12834.3,-5444.93,307.143
12838.5,-5446.73,305.325
12842.7,-5448.53,303.606
12846.9,-5450.33,301.888
12851.1,-5452.13,300.17
12855.4,-5453.93,298.342
12859.6,-5455.73,296.518
12863.8,-5457.53,294.692
12868,-5459.33,292.865
12872.2,-5461.13,291.023
12876.4,-5462.93,289.181
12880.6,-5464.73,287.339
12884.9,-5466.53,285.575
12889.1,-5468.33,283.823
12893.3,-5470.13,282.071
12897.5,-5471.93,280.317
12901.8,-5473.73,278.529
12906,-5475.53,276.74
12910.2,-5477.33,274.953
12914.4,-5479.13,273.164
12918.6,-5480.93,271.362
12922.8,-5482.73,269.56
12927,-5484.53,267.756
12931.3,-5486.33,265.988
12935.5,-5488.13,264.219
12939.7,-5489.93,262.451
12943.9,-5491.73,260.666
12948.2,-5493.53,258.861
12952.4,-5495.33,257.057
12956.6,-5497.13,255.254
12960.8,-5498.93,253.44
12965,-5500.73,251.625
12969.2,-5502.53,249.814
12973.5,-5504.33,248.001
12977.7,-5506.13,246.181
12981.9,-5507.93,244.363
12986.1,-5509.73,242.534
12990.3,-5511.52,240.707
12994.6,-5513.32,238.881
12998.8,-5515.12,237.057
13003,-5516.92,235.232
13007.2,-5518.72,233.422
13011.4,-5520.52,231.613
13015.6,-5522.32,229.802
13019.9,-5524.12,227.994
13024.1,-5525.92,226.196
13028.3,-5527.72,224.401
13032.5,-5529.52,222.606
13036.7,-5531.32,220.823
13040.9,-5533.12,219.04
13045.1,-5534.92,217.256
13049.4,-5536.72,215.475
13053.6,-5538.52,213.682
13057.9,-5540.32,211.838
13062.2,-5542.12,210.026
13066.4,-5543.92,208.249
13070.7,-5545.72,206.477
13074.9,-5547.52,204.705
13079.1,-5549.32,202.937
13083.3,-5551.12,201.149
13087.6,-5552.92,199.341
13091.8,-5554.72,197.552
13096,-5556.52,195.706
13100.2,-5558.32,193.861
13104.4,-5560.12,192.011
13108.6,-5561.92,190.165
13112.8,-5563.72,188.339
13117,-5565.52,186.512
13121.2,-5567.32,184.686
13125.5,-5569.12,182.849
13129.7,-5570.92,181.014
13133.9,-5572.72,179.184
13138.1,-5574.52,177.35
13142.3,-5576.32,175.528
13146.5,-5578.12,173.707
13150.7,-5579.92,171.888
13155,-5581.72,170.066
13159.2,-5583.52,168.265
13163.4,-5585.32,166.464
13167.6,-5587.12,164.66
13171.8,-5588.92,162.866
13176,-5590.72,161.068
13180.3,-5592.52,159.274
13184.5,-5594.32,157.449
13188.7,-5596.12,155.614
13192.9,-5597.92,153.791
13197.1,-5599.72,151.966
13201.4,-5601.52,150.155
13205.6,-5603.31,148.343
13209.8,-5605.11,146.531
13214,-5606.91,144.718
13218.2,-5608.71,142.935
13222.4,-5610.51,141.15
13226.7,-5612.31,139.364
13230.9,-5614.11,137.544
13235.1,-5615.91,135.722
13239.3,-5617.71,133.902
13243.5,-5619.51,132.081
13247.7,-5621.31,130.232
13251.9,-5623.11,128.385
13256.2,-5624.91,126.535
13260.4,-5626.71,124.688
13264.6,-5628.51,122.852
13268.8,-5630.31,121.018
13273,-5632.11,119.185
13277.2,-5633.91,117.372
13281.5,-5635.71,115.561
13285.7,-5637.51,113.748
13289.9,-5639.31,111.927
13294.1,-5641.11,110.127
13298.3,-5642.91,108.332
13302.6,-5644.71,106.535
13306.8,-5646.51,104.748
13311,-5648.31,102.962
13315.2,-5650.11,101.173
13319.4,-5651.91,99.3882
13323.6,-5653.71,97.5741
13327.8,-5655.51,95.7596
13332.1,-5657.31,93.9456
13336.3,-5659.11,92.1451
13340.5,-5660.91,90.3455
13344.7,-5662.71,88.5434
13348.9,-5664.51,86.746
13353.1,-5666.31,84.9427
13357.4,-5668.11,83.1373
13361.6,-5669.91,81.3345
13365.8,-5671.71,79.5152
13370,-5673.51,77.6994
13374.2,-5675.31,75.8807
13378.4,-5677.11,74.0649
13382.6,-5678.91,72.2415
13386.9,-5680.71,70.416
13391.1,-5682.51,68.583
13395.3,-5684.31,66.7488
13399.5,-5686.11,64.9168
13403.7,-5687.91,63.0843
13408,-5689.71,61.2507
13412.2,-5691.51,59.4335
13416.4,-5693.31,57.6143
13420.6,-5695.1,55.7977
13424.8,-5696.9,53.9781
13429,-5698.7,52.1699
13433.2,-5700.5,50.3597
13437.5,-5702.3,48.5487
13441.7,-5704.1,46.75
13445.9,-5705.9,44.9493
13450.1,-5707.7,43.152
13454.3,-5709.5,41.3523
13458.5,-5711.3,39.5458
13462.8,-5713.1,37.7381
13467,-5714.9,35.9289
13471.2,-5716.7,34.1333
13475.4,-5718.5,32.3372
13479.6,-5720.3,30.5433
13483.8,-5722.1,28.7495
13488,-5723.9,26.9598
13492.3,-5725.7,25.1611
13496.5,-5727.5,23.3716
13500.8,-5729.3,21.5505
13505,-5731.1,19.7544
13509.2,-5732.9,17.9628
13513.4,-5734.7,16.1713
13517.6,-5736.5,14.3805
13521.8,-5738.3,12.5908
13526.1,-5740.1,10.8056
13530.3,-5741.9,9.00047
13534.5,-5743.7,7.20663
13538.7,-5745.5,5.44047
13542.9,-5747.3,3.73248
13547.1,-5749.1,2.23605
13551.3,-5750.9,1.63992
13555.5,-5752.7,2.64439
13559.8,-5754.5,4.24124
13564,-5756.3,5.96077
13568.2,-5758.1,7.72063
13572.4,-5759.9,9.49981
13576.7,-5761.7,11.2875
13580.9,-5763.5,13.0637
13585.1,-5765.3,14.8505
13589.4,-5767.1,16.6747
13593.7,-5768.9,18.4927
13598,-5770.7,20.2807
13602.4,-5772.5,22.1346
13607,-5774.3,24.0661
13611.5,-5776.1,25.936
13615.8,-5777.9,27.7443
13620,-5779.7,29.5025
13624.3,-5781.5,31.2058
13628.5,-5783.3,32.9085
13632.7,-5785.1,34.6107
13636.9,-5786.9,36.3632
13641.2,-5788.69,38.1095
13645.4,-5790.49,39.8599
13649.6,-5792.29,41.6065
13653.8,-5794.09,43.4457
13658,-5795.89,45.2868
13662.2,-5797.69,47.1267
13666.5,-5799.49,48.9553
13670.7,-5801.29,50.7831
13674.9,-5803.09,52.6115
13679.1,-5804.89,54.4391
13683.3,-5806.69,56.2352
13687.6,-5808.49,58.0322
13691.8,-5810.29,59.8454
13696,-5812.09,61.634
13700.2,-5813.89,63.419
13704.5,-5815.69,65.2068
13708.7,-5817.49,66.994
13712.9,-5819.29,68.7798
13717.1,-5821.09,70.569
13721.3,-5822.89,72.3573
13725.6,-5824.69,74.1454
13729.8,-5826.49,75.9406
13734,-5828.29,77.7388
13738.2,-5830.09,79.5329
13742.4,-5831.89,81.3228
13746.7,-5833.69,83.1129
13750.9,-5835.49,84.9013
13755.1,-5837.29,86.6927
13759.3,-5839.09,88.4964
13763.5,-5840.89,90.3001
13767.7,-5842.69,92.1055
13772,-5844.49,93.9034
13776.2,-5846.29,95.7021
13780.4,-5848.09,97.4983
13784.6,-5849.89,99.2979
13788.8,-5851.69,101.1
13793.1,-5853.49,102.915
13797.3,-5855.29,104.72
13801.5,-5857.09,106.524
13805.7,-5858.89,108.33
13809.9,-5860.69,110.135
13814.2,-5862.49,111.941
13818.4,-5864.29,113.745
13822.6,-5866.09,115.551
13826.8,-5867.89,117.357
13831,-5869.69,119.162
13835.2,-5871.49,120.97
13839.5,-5873.29,122.775
13843.7,-5875.09,124.583
13847.9,-5876.89,126.378
13852.1,-5878.69,128.17
13856.3,-5880.48,129.965
13860.6,-5882.28,131.757
13864.8,-5884.08,133.556
13869,-5885.88,135.352
13873.2,-5887.68,137.148
13877.4,-5889.48,138.924
13881.6,-5891.28,140.696
13885.9,-5893.08,142.472
13890.1,-5894.88,144.246
13894.3,-5896.68,146.037
13898.5,-5898.48,147.815
13902.8,-5900.28,149.593
13907,-5902.08,151.374
13911.2,-5903.88,153.153
13915.4,-5905.68,154.932
13919.6,-5907.48,156.71
13923.9,-5909.28,158.531
13928.1,-5911.08,160.353
13932.3,-5912.88,162.172
13936.5,-5914.68,164.005
13940.7,-5916.48,165.836
13944.9,-5918.28,167.67
13949.2,-5920.08,169.5
13953.4,-5921.88,171.303
13957.6,-5923.68,173.109
13961.8,-5925.48,174.913
13966,-5927.28,176.71
13970.2,-5929.08,178.505
13974.5,-5930.88,180.301
13978.7,-5932.68,182.095
13982.9,-5934.48,183.882
13987.1,-5936.28,185.672
13991.3,-5938.08,187.46
13995.6,-5939.88,189.253
13999.8,-5941.68,191.054
14004,-5943.48,192.847
14008.2,-5945.28,194.637
14014.1,-5947.08,197.097
14018.6,-5948.88,198.974
14023,-5950.68,200.878
14027.5,-5952.48,202.563
14032,-5954.28,204.274
14036.4,-5956.08,205.958
14040.8,-5957.88,207.639
14045.3,-5959.68,209.3
14049.9,-5961.48,210.993
14054.3,-5963.28,212.642
14059.1,-5965.08,214.585
14063.6,-5966.88,216.477
14068,-5968.68,218.294
14072.3,-5970.48,220.012
14076.5,-5972.27,221.688
14080.7,-5974.07,223.365
14085,-5975.87,225.05
14089.2,-5977.67,226.798
14093.5,-5979.47,228.552
14097.7,-5981.27,230.32
14102,-5983.07,232.151
14106.2,-5984.87,233.984
14110.4,-5986.67,235.809
14114.7,-5988.47,237.633
14118.9,-5990.27,239.415
14123.1,-5992.07,241.205
14127.4,-5993.87,242.993
14131.6,-5995.67,244.786
14135.8,-5997.47,246.58
14140,-5999.27,248.373
14144.3,-6001.07,250.167
14148.5,-6002.87,251.976
14152.7,-6004.67,253.791
14157,-6006.47,255.614
14161.2,-6008.27,257.426
14165.4,-6010.07,259.265
14169.7,-6011.87,261.104
14173.9,-6013.67,262.94
14178.1,-6015.47,264.771
14182.4,-6017.27,266.591
14186.6,-6019.07,268.419
14190.8,-6020.87,270.23
14195.1,-6022.67,272.048
14199.3,-6024.47,273.868
14203.5,-6026.27,275.678
14207.8,-6028.07,277.487
14212,-6029.87,279.306
14216.3,-6031.67,281.144
14220.5,-6033.47,282.95
14224.8,-6035.27,284.764
14229,-6037.07,286.581
14233.2,-6038.87,288.398
14237.4,-6040.67,290.198
14241.7,-6042.47,292.001
14245.9,-6044.27,293.805
14250.1,-6046.07,295.604
14254.4,-6047.87,297.43
14258.6,-6049.67,299.26
14262.8,-6051.47,301.084
14267.1,-6053.27,302.905
14271.3,-6055.07,304.716
14275.5,-6056.87,306.529
14279.8,-6058.67,308.343
14284,-6060.47,310.185
14288.2,-6062.27,312.002
14292.5,-6064.06,313.826
14296.7,-6065.86,315.652
14301,-6067.66,317.487
14305.2,-6069.46,319.318
14309.4,-6071.26,321.14
14313.6,-6073.06,322.963
14317.9,-6074.86,324.801
14322.1,-6076.66,326.63
14326.4,-6078.46,328.454
14330.6,-6080.26,330.272
14334.8,-6082.06,332.095
14339,-6083.86,333.911
14343.3,-6085.66,335.712
14347.5,-6087.46,337.511
14351.7,-6089.26,339.312
14356,-6091.06,341.11
14360.2,-6092.86,342.92
14364.4,-6094.66,344.726
14368.6,-6096.46,346.526
14372.9,-6098.26,348.296
14377.1,-6100.06,350.06
14381.3,-6101.86,351.789
14385.6,-6103.66,353.482
14389.8,-6105.46,355.112
14394.1,-6107.26,356.553
14398.3,-6109.06,357.461
14402.5,-6110.86,357.306
14406.8,-6112.66,356.185
14411,-6114.46,354.671
14415.3,-6116.26,353.014
14419.5,-6118.06,351.298
14423.7,-6119.86,349.544
14428,-6121.66,347.754
14432.2,-6123.46,345.982
14436.5,-6125.26,344.199
14440.8,-6127.06,342.369
14445.1,-6128.86,340.54
14449.4,-6130.66,338.751
14453.7,-6132.46,336.928
14458.5,-6134.26,334.927
14463,-6136.06,333.061
14467.3,-6137.86,331.253
14471.5,-6139.66,329.501
14475.8,-6141.46,327.823
14480,-6143.26,326.139
14484.2,-6145.06,324.454
14488.5,-6146.86,322.778
14492.7,-6148.66,321.05
14496.9,-6150.46,319.32
14501.2,-6152.26,317.576
14505.4,-6154.06,315.85
14509.6,-6155.85,314.066
14513.9,-6157.65,312.275
14518.1,-6159.45,310.477
14522.3,-6161.25,308.677
14526.6,-6163.05,306.869
14530.8,-6164.85,305.07
14535,-6166.65,303.258
14539.2,-6168.45,301.454
14543.4,-6170.25,299.643
14547.7,-6172.05,297.834
14551.9,-6173.85,296.003
14556.2,-6175.65,294.169
14560.6,-6177.45,292.311
14564.8,-6179.25,290.492
14569,-6181.05,288.697
14573.3,-6182.85,286.908
14577.5,-6184.65,285.11
14581.7,-6186.45,283.344
14586,-6188.25,281.559
14590.2,-6190.05,279.791
14594.4,-6191.85,278.026
14598.6,-6193.65,276.244
14602.9,-6195.45,274.43
14607.2,-6197.25,272.635
14611.4,-6199.05,270.832
14615.6,-6200.85,269.017
14619.8,-6202.65,267.211
14624.1,-6204.45,265.396
14628.6,-6206.25,263.499
14632.8,-6208.05,261.706
14637,-6209.85,259.919
14641.3,-6211.65,258.133
14645.5,-6213.45,256.359
14649.8,-6215.25,254.6
14654,-6217.05,252.842
14658.3,-6218.85,251.071
14662.5,-6220.65,249.308
14666.7,-6222.45,247.541
14670.9,-6224.25,245.731
14675.2,-6226.05,243.921
14679.4,-6227.85,242.118
14683.6,-6229.65,240.309
14687.9,-6231.45,238.494
14692.1,-6233.25,236.679
14696.4,-6235.05,234.868
14700.6,-6236.85,233.062
14704.8,-6238.65,231.257
14709.1,-6240.45,229.459
14713.3,-6242.25,227.666
14717.5,-6244.05,225.876
14721.8,-6245.85,224.088
14726,-6247.65,222.291
14730.2,-6249.44,220.494
14734.5,-6251.24,218.7
14738.7,-6253.04,216.906
14742.9,-6254.84,215.11
14747.2,-6256.64,213.317
14751.4,-6258.44,211.532
14755.6,-6260.24,209.742
14759.9,-6262.04,207.95
14764.1,-6263.84,206.165
14768.3,-6265.64,204.391
14772.6,-6267.44,202.614
14776.8,-6269.24,200.828
14781,-6271.04,199.049
14785.3,-6272.84,197.272
14789.5,-6274.64,195.49
14793.7,-6276.44,193.701
14798,-6278.24,191.9
14802.2,-6280.04,190.104
14806.4,-6281.84,188.272
14810.6,-6283.64,186.449
14814.9,-6285.44,184.616
14819.1,-6287.24,182.789
14823.3,-6289.04,180.973
14827.6,-6290.84,179.156
14831.8,-6292.64,177.337
14836,-6294.44,175.53
14840.2,-6296.24,173.724
14844.5,-6298.04,171.913
14848.7,-6299.84,170.108
14853,-6301.64,168.3
14857.2,-6303.44,166.506
14861.4,-6305.24,164.721
14865.6,-6307.04,162.935
14869.9,-6308.84,161.151
14874.1,-6310.64,159.365
14878.4,-6312.44,157.592
14882.6,-6314.24,155.812
14886.8,-6316.04,154.026
14891,-6317.84,152.241
14895.3,-6319.64,150.46
14899.5,-6321.44,148.671
14903.7,-6323.24,146.877
14908,-6325.04,145.06
14912.2,-6326.84,143.259
14916.5,-6328.64,141.45
14920.7,-6330.44,139.648
14925,-6332.24,137.806
14929.2,-6334.04,136.009
14933.4,-6335.84,134.212
14937.7,-6337.64,132.409
14941.9,-6339.44,130.587
14946.1,-6341.23,128.768
14950.4,-6343.03,126.945
14954.6,-6344.83,125.12
14958.8,-6346.63,123.311
14963.1,-6348.43,121.492
14967.3,-6350.23,119.678
14971.6,-6352.03,117.868
14976.1,-6353.83,115.93
14980.3,-6355.63,114.133
14984.5,-6357.43,112.339
14988.8,-6359.23,110.614
14993,-6361.03,108.88
14997.2,-6362.83,107.148
15001.5,-6364.63,105.423
15005.7,-6366.43,103.613
15009.9,-6368.23,101.796
15014.2,-6370.03,99.9857
15018.4,-6371.83,98.1847
15022.6,-6373.63,96.3778
15026.8,-6375.43,94.5713
15031.1,-6377.23,92.7453
15035.4,-6379.03,90.9344
15039.6,-6380.83,89.1314
15043.8,-6382.63,87.3243
15048.3,-6384.43,85.4015
15052.5,-6386.23,83.6004
15056.8,-6388.03,81.7984
15061,-6389.83,79.989
15065.6,-6391.63,78.0706
15069.8,-6393.43,76.2799
15074,-6395.23,74.5006
15078.6,-6397.03,72.5983
15082.8,-6398.83,70.8202
15087,-6400.63,69.0486
15091.2,-6402.43,67.278
15095.8,-6404.23,65.3432
15100,-6406.03,63.5491
15104.3,-6407.83,61.76
15108.5,-6409.63,59.9814
15112.8,-6411.43,58.2268
15117,-6413.23,56.4617
15121.2,-6415.03,54.7072
15125.5,-6416.83,52.9071
15129.7,-6418.63,51.1112
15133.9,-6420.43,49.2966
15138.2,-6422.23,47.5063
15142.4,-6424.03,45.719
15146.6,-6425.83,43.9293
15150.9,-6427.63,42.1182
15155.1,-6429.43,40.3093
15159.4,-6431.23,38.5165
15163.6,-6433.02,36.7155
15168.1,-6434.82,34.797
15172.3,-6436.62,32.9922
15176.6,-6438.42,31.1928
15180.8,-6440.22,29.3879
15185,-6442.02,27.6158
15189.3,-6443.82,25.8402
15193.5,-6445.62,24.07
15197.7,-6447.42,22.2646
15201.9,-6449.22,20.455
15206.2,-6451.02,18.654
15210.4,-6452.82,16.8425
15214.7,-6454.62,15.0376
15218.9,-6456.42,13.2286
15223.1,-6458.22,11.4212
15227.3,-6460.02,9.64381
15231.6,-6461.82,7.87413
15235.8,-6463.62,6.12444
15240,-6465.42,4.41949
15244.3,-6467.22,2.85888
15248.5,-6469.02,1.79139
15252.7,-6470.82,2.1631
15256.9,-6472.62,3.55238
15261.2,-6474.42,5.19533
15265.4,-6476.22,6.91503
15269.6,-6478.02,8.66682
15274,-6479.82,10.4786
15278.2,-6481.62,12.2712
15282.5,-6483.42,14.0437
15287.2,-6485.22,16.0003
15291.5,-6487.02,17.827
15295.8,-6488.82,19.6124
15300,-6490.62,21.3963
15304.5,-6492.42,23.2203
15309.2,-6494.22,25.1047
15313.8,-6496.02,26.9872
15318.1,-6497.82,28.7494
15322.3,-6499.62,30.4727
15326.5,-6501.42,32.1916
15330.8,-6503.22,33.9097
15335.3,-6505.02,35.7507
15339.6,-6506.82,37.4593
15343.8,-6508.62,39.163
15348,-6510.42,40.9282
15352.3,-6512.22,42.6763
15356.5,-6514.02,44.4342
15360.7,-6515.82,46.1827
15365,-6517.62,48.0081
15369.2,-6519.42,49.8345
15373.4,-6521.22,51.6543
15377.6,-6523.02,53.4947
15381.9,-6524.81,55.3453
15386.1,-6526.61,57.1909
15390.4,-6528.41,59.0335
15394.6,-6530.21,60.8661
15398.8,-6532.01,62.7005
15403,-6533.81,64.5383
15407.3,-6535.61,66.3579
15411.5,-6537.41,68.1893
15415.8,-6539.21,70.0165
15420,-6541.01,71.8496
15424.2,-6542.81,73.6576
15428.5,-6544.61,75.4723
15432.7,-6546.41,77.2794
15437.1,-6548.21,79.1803
15441.4,-6550.01,81.0015
15445.6,-6551.81,82.8176
15449.8,-6553.61,84.6405
15454.3,-6555.41,86.5355
15458.5,-6557.21,88.3185
15462.8,-6559.01,90.1006
15467,-6560.81,91.8757
15471.3,-6562.61,93.6483
15475.5,-6564.41,95.4177
15479.7,-6566.21,97.1797
15484,-6568.01,98.9732
15488.2,-6569.81,100.737
15492.5,-6571.61,102.5
15496.7,-6573.41,104.261
15500.9,-6575.21,106.017
15505.1,-6577.01,107.768
15509.4,-6578.81,109.524
15513.6,-6580.61,111.226
15517.9,-6582.41,112.932
15522.1,-6584.21,114.636
15526.6,-6586.01,116.468
15530.8,-6587.81,118.185
15535.1,-6589.61,119.909
15539.3,-6591.41,121.624
15543.5,-6593.21,123.389
15547.7,-6595.01,125.156
15552,-6596.81,126.936
15556.2,-6598.61,128.702
15560.5,-6600.41,130.545
15564.7,-6602.21,132.391
15568.9,-6604.01,134.233
15573.1,-6605.81,136.041
15577.4,-6607.61,137.854
15581.6,-6609.41,139.662
15585.8,-6611.21,141.477
15590.1,-6613.01,143.262
15594.3,-6614.81,145.047
15598.5,-6616.6,146.826
15602.8,-6618.4,148.618
15607,-6620.2,150.411
15611.2,-6622,152.202
15615.5,-6623.8,154.001
15619.7,-6625.6,155.784
15624,-6627.4,157.591
15628.2,-6629.2,159.371
15632.5,-6631,161.183
15636.7,-6632.8,162.971
15641,-6634.6,164.763
15645.2,-6636.4,166.557
15649.5,-6638.2,168.331
15653.7,-6640,170.105
15657.9,-6641.8,171.882
15662.2,-6643.6,173.652
15666.4,-6645.4,175.452
15670.6,-6647.2,177.25
15674.8,-6649,179.047
15679.1,-6650.8,180.847
15683.3,-6652.6,182.64
15687.5,-6654.4,184.435
15691.7,-6656.2,186.248
15696,-6658,188.073
15700.2,-6659.8,189.882
15704.5,-6661.6,191.699
15709,-6663.4,193.617
15713.2,-6665.2,195.423
15717.5,-6667,197.238
15721.7,-6668.8,199.045
15725.9,-6670.6,200.791
15730.1,-6672.4,202.533
15734.4,-6674.2,204.279
15738.6,-6676,206.062
15742.8,-6677.8,207.85
15747,-6679.6,209.634
15751.3,-6681.4,211.419
15755.5,-6683.2,213.229
15759.7,-6685,215.04
15764,-6686.8,216.872
15768.2,-6688.6,218.653
15772.4,-6690.4,220.441
15776.7,-6692.2,222.223
15780.9,-6694,224.003
15785.1,-6695.8,225.793
15789.3,-6697.6,227.573
15793.6,-6699.4,229.353
15797.8,-6701.2,231.168
15802,-6703,232.972
15806.2,-6704.8,234.779
15810.5,-6706.6,236.584
15814.7,-6708.4,238.403
15818.9,-6710.19,240.235
15823.2,-6711.99,242.053
15827.4,-6713.79,243.897
15831.6,-6715.59,245.745
15835.9,-6717.39,247.598
15840.1,-6719.19,249.454
15844.4,-6720.99,251.287
15848.6,-6722.79,253.11
15852.8,-6724.59,254.936
15857,-6726.39,256.757
15861.3,-6728.19,258.581
15865.5,-6729.99,260.402
15869.7,-6731.79,262.222
15874.1,-6733.59,264.103
15878.3,-6735.39,265.925
15882.5,-6737.19,267.741
15886.8,-6738.99,269.558
15891.3,-6740.79,271.504
15895.5,-6742.59,273.318
15899.8,-6744.39,275.124
15904.3,-6746.19,277.012
15908.5,-6747.99,278.764
15912.8,-6749.79,280.516
15917,-6751.59,282.281
15921.6,-6753.39,284.178
15925.8,-6755.19,285.934
15930,-6756.99,287.685
15934.6,-6758.79,289.558
15938.8,-6760.59,291.311
15943,-6762.39,293.061
15947.2,-6764.19,294.812
15951.8,-6765.99,296.739
15956,-6767.79,298.53
15960.3,-6769.59,300.312
15964.5,-6771.39,302.086
15968.8,-6773.19,303.839
15973,-6774.99,305.604
15977.2,-6776.79,307.356
15981.5,-6778.59,309.177
15985.7,-6780.39,311
15989.9,-6782.19,312.818
15994.1,-6783.99,314.628
15998.4,-6785.79,316.434
16002.6,-6787.59,318.236
16006.9,-6789.39,320.07
16011.1,-6791.19,321.886
16015.4,-6792.99,323.689
16019.6,-6794.79,325.506
16023.8,-6796.59,327.281
16028.1,-6798.39,329.064
16032.3,-6800.19,330.836
16036.5,-6801.98,332.611
16040.8,-6803.78,334.388
16045,-6805.58,336.177
16049.2,-6807.38,337.953
16053.5,-6809.18,339.758
16057.8,-6810.98,341.593
16062.1,-6812.78,343.427
16066.4,-6814.58,345.214
16070.6,-6816.38,346.985
16074.8,-6818.18,348.753
16079.1,-6819.98,350.508
16083.3,-6821.78,352.248
16087.5,-6823.58,353.947
16091.8,-6825.38,355.563
16096,-6827.18,356.952
16100.2,-6828.98,357.683
16104.5,-6830.78,357.157
16108.7,-6832.58,355.823
16112.9,-6834.38,354.235
16117.1,-6836.18,352.557
16121.4,-6837.98,350.836
16125.6,-6839.78,349.092
16129.9,-6841.58,347.329
16134.1,-6843.38,345.572
16138.4,-6845.18,343.806
16143.1,-6846.98,341.834
16147.4,-6848.78,340.037
16151.6,-6850.58,338.271
16156,-6852.38,336.439
16160.6,-6854.18,334.634
16165.2,-6855.98,332.798
16169.5,-6857.78,331.075
16173.8,-6859.58,329.389
16178.1,-6861.38,327.726
16182.3,-6863.18,326.074
16186.5,-6864.98,324.421
16190.7,-6866.78,322.697
16195,-6868.58,320.964
16199.2,-6870.38,319.243
16203.5,-6872.18,317.402
16207.7,-6873.98,315.567
16211.9,-6875.78,313.727
16216.1,-6877.58,311.892
16220.4,-6879.38,310.047
16224.7,-6881.18,308.228
16228.9,-6882.98,306.405
16233.1,-6884.78,304.63
16237.3,-6886.58,302.858
16241.6,-6888.38,301.09
16245.8,-6890.18,299.313
16250,-6891.98,297.54
16254.3,-6893.77,295.765
16258.5,-6895.57,293.995
16262.7,-6897.37,292.175
16267,-6899.17,290.363
16271.2,-6900.97,288.559
16275.5,-6902.77,286.753
16280,-6904.57,284.863
16284.2,-6906.37,283.075
16288.4,-6908.17,281.298
16292.7,-6909.97,279.56
16296.9,-6911.77,277.813
16301.1,-6913.57,276.063
16305.4,-6915.37,274.322
16309.6,-6917.17,272.541
16313.8,-6918.97,270.756
16318,-6920.77,268.968
16322.3,-6922.57,267.175
16326.5,-6924.37,265.343
16330.7,-6926.17,263.509
16335,-6927.97,261.661
16339.2,-6929.77,259.862
16343.5,-6931.57,258.056
16347.7,-6933.37,256.253
16352.2,-6935.17,254.318
16356.5,-6936.97,252.518
16360.7,-6938.77,250.727
16365,-6940.57,248.924
16369.4,-6942.37,247.076
16373.7,-6944.17,245.336
16377.9,-6945.97,243.593
16382.1,-6947.77,241.849
16386.7,-6949.57,239.971
16390.9,-6951.37,238.223
16395.1,-6953.17,236.482
16399.7,-6954.97,234.615
16404,-6956.77,232.856
16408.2,-6958.57,231.117
16412.7,-6960.37,229.364
16417,-6962.17,227.517
16421.2,-6963.97,225.79
16425.4,-6965.77,224.054
16429.9,-6967.57,222.207
16434.2,-6969.37,220.468
16438.4,-6971.17,218.74
16442.6,-6972.97,217.012
16447.2,-6974.77,215.079
16451.4,-6976.57,213.297
16455.7,-6978.37,211.51
16460.2,-6980.17,209.651
16464.4,-6981.97,207.906
16468.6,-6983.77,206.161
16472.9,-6985.56,204.398
16477.1,-6987.36,202.627
16481.3,-6989.16,200.868
16485.6,-6990.96,199.104
16489.8,-6992.76,197.323
16494,-6994.56,195.54
16498.3,-6996.36,193.766
16502.5,-6998.16,191.988
16506.7,-6999.96,190.174
16511,-7001.76,188.353
16515.2,-7003.56,186.543
16519.4,-7005.36,184.741
16523.7,-7007.16,182.946
16527.9,-7008.96,181.152
16532.1,-7010.76,179.367
16536.7,-7012.56,177.44
16540.9,-7014.36,175.649
16545.1,-7016.16,173.863
16549.4,-7017.96,172.113
16553.6,-7019.76,170.378
16557.9,-7021.56,168.63
16562.1,-7023.36,166.891
16566.3,-7025.16,165.078
16570.6,-7026.96,163.269
16574.8,-7028.76,161.454
16579,-7030.56,159.625
16583.2,-7032.36,157.792
16587.5,-7034.16,155.959
16591.7,-7035.96,154.123
16595.9,-7037.76,152.309
16600.2,-7039.56,150.495
16604.4,-7041.36,148.685
16608.6,-7043.16,146.886
16612.9,-7044.96,145.083
16617.1,-7046.76,143.276
16621.3,-7048.56,141.479
16625.6,-7050.36,139.667
16629.8,-7052.16,137.873
16634.1,-7053.96,136.07
16638.4,-7055.76,134.233
16642.6,-7057.56,132.426
16646.8,-7059.36,130.624
16651.1,-7061.16,128.814
16655.3,-7062.96,127.041
16659.5,-7064.76,125.267
16663.8,-7066.56,123.496
16668,-7068.36,121.69
16672.2,-7070.16,119.894
16676.4,-7071.96,118.101
16680.7,-7073.76,116.304
16684.9,-7075.56,114.497
16689.1,-7077.35,112.699
16693.4,-7079.15,110.9
16697.6,-7080.95,109.053
16701.9,-7082.75,107.212
16706.1,-7084.55,105.373
16710.3,-7086.35,103.537
16714.8,-7088.15,101.623
16719,-7089.95,99.8164
16723.3,-7091.75,98.0099
16727.5,-7093.55,96.1934
16731.8,-7095.35,94.4217
16736,-7097.15,92.6509
16740.2,-7098.95,90.8948
16744.5,-7100.75,89.0937
16748.7,-7102.55,87.296
16752.9,-7104.35,85.4916
16757.1,-7106.15,83.6931
16761.4,-7107.95,81.8609
16765.6,-7109.75,80.0245
16769.8,-7111.55,78.1923
16774.1,-7113.35,76.3532
16778.3,-7115.15,74.5218
16782.5,-7116.95,72.6912
16786.7,-7118.75,70.8582
16791,-7120.55,69.0303
16795.2,-7122.35,67.2159
16799.5,-7124.15,65.4099
16803.7,-7125.95,63.6161
16807.9,-7127.75,61.8157
16812.2,-7129.55,60.022
16816.4,-7131.35,58.2268
16820.6,-7133.15,56.416
16824.9,-7134.95,54.596
16829.1,-7136.75,52.7704
16833.3,-7138.55,50.9353
16837.6,-7140.35,49.0935
16841.8,-7142.15,47.2561
16846.1,-7143.95,45.4138
16850.3,-7145.75,43.6046
16854.5,-7147.55,41.794
16858.7,-7149.35,39.987
16863,-7151.15,38.1643
16867.2,-7152.95,36.3561
16871.4,-7154.75,34.5483
16875.7,-7156.55,32.7434
16879.9,-7158.35,30.9569
16884.1,-7160.15,29.1636
16888.4,-7161.95,27.3791
16892.6,-7163.75,25.597
16896.8,-7165.55,23.7993
16901.1,-7167.35,22.0064
16905.3,-7169.15,20.2156
16909.5,-7170.94,18.4439
16913.8,-7172.74,16.6694
16918,-7174.54,14.8926
16922.2,-7176.34,13.1256
16926.5,-7178.14,11.3624
16930.7,-7179.94,9.60815
16935,-7181.74,7.87691
16939.2,-7183.54,6.19828
16943.4,-7185.34,4.59833
16947.7,-7187.14,3.20753
16951.9,-7188.94,2.41317
16956.1,-7190.74,2.79883
16960.4,-7192.54,4.04665
16964.6,-7194.34,5.60326
16968.8,-7196.14,7.28908
16973,-7197.94,9.01726
16977.3,-7199.74,10.7733
16981.5,-7201.54,12.5641
16985.8,-7203.34,14.3524
16990.1,-7205.14,16.1655
16994.4,-7206.94,18.0053
16998.7,-7208.74,19.8082
17002.9,-7210.54,21.5886
17007.2,-7212.34,23.3962
17011.9,-7214.14,25.3837
17016.3,-7215.94,27.1973
17020.5,-7217.74,28.9469
17024.8,-7219.54,30.6988
17029,-7221.34,32.3892
17033.3,-7223.14,34.0934
17037.5,-7224.94,35.7785
17041.7,-7226.74,37.4647
17046,-7228.54,39.2461
17050.2,-7230.34,41.0213
17054.5,-7232.14,42.801
17058.8,-7233.94,44.6218
17063,-7235.74,46.427
17067.2,-7237.54,48.2316
17071.5,-7239.34,50.0281
17075.7,-7241.14,51.8303
17079.9,-7242.94,53.636
17084.2,-7244.74,55.4392
17088.4,-7246.54,57.2351
17092.6,-7248.34,59.0596
17096.9,-7250.14,60.8867
17101.1,-7251.94,62.7214
17105.3,-7253.74,64.5205
17109.6,-7255.54,66.3173
17113.8,-7257.34,68.1183
17118,-7259.14,69.916
17122.3,-7260.94,71.6831
17126.5,-7262.73,73.451
17130.7,-7264.53,75.2109
17135,-7266.33,77.0058
17139.2,-7268.13,78.7891
17143.4,-7269.93,80.5766
17147.6,-7271.73,82.3625
17151.9,-7273.53,84.1867
17156.1,-7275.33,86.0051
17160.4,-7277.13,87.8243
17164.6,-7278.93,89.6142
17168.8,-7280.73,91.4024
17173,-7282.53,93.1891
17177.3,-7284.33,94.9807
17181.5,-7286.13,96.742
17185.7,-7287.93,98.5107
17190,-7289.73,100.275
17194.2,-7291.53,102.064
17198.4,-7293.33,103.846
17202.6,-7295.13,105.627
17206.9,-7296.93,107.414
17211.1,-7298.73,109.25
17215.4,-7300.53,111.074
17219.6,-7302.33,112.902
17223.8,-7304.13,114.722
17228,-7305.93,116.547
17232.3,-7307.73,118.367
17236.5,-7309.53,120.21
17240.7,-7311.33,122
17245,-7313.13,123.806
17249.2,-7314.93,125.594
17253.5,-7316.73,127.388
17257.7,-7318.53,129.174
17261.9,-7320.33,130.962
17266.1,-7322.13,132.746
17270.4,-7323.93,134.564
17274.6,-7325.73,136.38
17278.8,-7327.53,138.197
17283.1,-7329.33,140.017
17287.3,-7331.13,141.827
17291.5,-7332.93,143.633
17295.8,-7334.73,145.444
17300,-7336.53,147.223
17304.2,-7338.33,149
17308.5,-7340.13,150.769
17312.7,-7341.93,152.542
17316.9,-7343.73,154.281
17321.2,-7345.53,156.017
17325.4,-7347.33,157.75
17329.6,-7349.13,159.529
17333.9,-7350.93,161.306
17338.1,-7352.73,163.098
17342.4,-7354.52,164.876
17346.6,-7356.32,166.717
17350.8,-7358.12,168.563
17355.1,-7359.92,170.411
17359.3,-7361.72,172.246
17363.5,-7363.52,174.076
17367.7,-7365.32,175.909
17372,-7367.12,177.754
17376.2,-7368.92,179.562
17380.5,-7370.72,181.365
17384.7,-7372.52,183.175
17388.9,-7374.32,184.965
17393.2,-7376.12,186.749
17397.4,-7377.92,188.541
17401.6,-7379.72,190.332
17405.8,-7381.52,192.122
17410.1,-7383.32,193.917
17414.3,-7385.12,195.705
17418.5,-7386.92,197.498
17422.8,-7388.72,199.291
17427,-7390.52,201.097
17431.2,-7392.32,202.892
17435.5,-7394.12,204.68
17439.7,-7395.92,206.475
17444,-7397.72,208.286
17448.2,-7399.52,210.084
17452.4,-7401.32,211.882
17456.7,-7403.12,213.679
17460.9,-7404.92,215.477
17465.1,-7406.72,217.281
17469.4,-7408.52,219.085
17473.6,-7410.32,220.882
17477.8,-7412.12,222.685
17482,-7413.92,224.513
17486.3,-7415.72,226.341
17490.5,-7417.52,228.173
17494.7,-7419.32,230.005
17498.9,-7421.12,231.837
17503.2,-7422.92,233.666
17507.4,-7424.72,235.495
17511.6,-7426.52,237.3
17515.9,-7428.32,239.119
17520.1,-7430.12,240.937
17524.3,-7431.92,242.742
17528.6,-7433.72,244.549
17532.8,-7435.52,246.353
17537,-7437.32,248.158
17541.2,-7439.12,249.964
17545.5,-7440.92,251.773
17549.7,-7442.72,253.583
17554,-7444.52,255.459
17558.3,-7446.31,257.346
17562.7,-7448.11,259.233
17566.9,-7449.91,261.083
17571.1,-7451.71,262.869
17575.4,-7453.51,264.662
17579.6,-7455.31,266.447
17583.8,-7457.11,268.271
17588.1,-7458.91,270.095
17592.3,-7460.71,271.918
17596.5,-7462.51,273.737
17600.8,-7464.31,275.579
17605,-7466.11,277.405
17609.3,-7467.91,279.226
17613.5,-7469.71,281.06
17617.7,-7471.51,282.897
17621.9,-7473.31,284.735
17626.2,-7475.11,286.576
17630.4,-7476.91,288.403
17634.6,-7478.71,290.232
17638.9,-7480.51,292.087
17643.1,-7482.31,293.915
17647.4,-7484.11,295.752
17651.6,-7485.91,297.58
17655.9,-7487.71,299.423
17660.1,-7489.51,301.243
17664.3,-7491.31,303.049
17668.6,-7493.11,304.852
17672.8,-7494.91,306.664
17677,-7496.71,308.459
17681.2,-7498.51,310.251
17685.5,-7500.31,312.046
17689.7,-7502.11,313.849
17694,-7503.91,315.677
17698.2,-7505.71,317.479
17702.5,-7507.51,319.282
17706.7,-7509.31,321.054
17710.9,-7511.11,322.831
17715.2,-7512.91,324.598
17719.4,-7514.71,326.376
17723.6,-7516.51,328.156
17727.8,-7518.31,329.937
17732,-7520.11,331.721
17736.3,-7521.91,333.535
17740.5,-7523.71,335.361
17744.8,-7525.51,337.171
17749,-7527.31,338.994
17753.2,-7529.11,340.814
17757.5,-7530.91,342.624
17761.8,-7532.71,344.468
17766,-7534.51,346.223
17770.2,-7536.31,347.975
17774.5,-7538.1,349.719
17778.7,-7539.9,351.442
17782.9,-7541.7,353.15
17787.2,-7543.5,354.802
17791.4,-7545.3,356.339
17795.6,-7547.1,357.529
17799.9,-7548.9,357.705
17804.1,-7550.7,356.699
17808.3,-7552.5,355.197
17812.6,-7554.3,353.541
17816.8,-7556.1,351.813
17821,-7557.9,350.064
17825.3,-7559.7,348.332
17829.5,-7561.5,346.575
17833.7,-7563.3,344.822
17838.1,-7565.1,343.039
17842.6,-7566.9,341.164
17846.9,-7568.7,339.356
17851.1,-7570.5,337.576
17855.7,-7572.3,335.735
17860.3,-7574.1,333.802
17864.7,-7575.9,332.011
17868.9,-7577.7,330.332
17873.1,-7579.5,328.658
17877.4,-7581.3,326.979
17881.6,-7583.1,325.299
17885.8,-7584.9,323.573
17890.1,-7586.7,321.843
17894.3,-7588.5,320.116
17898.5,-7590.3,318.392
17902.7,-7592.1,316.568
17907,-7593.9,314.734
17911.2,-7595.7,312.915
17915.5,-7597.5,311.102
17919.7,-7599.3,309.298
17924,-7601.1,307.469
17928.2,-7602.9,305.662
17932.4,-7604.7,303.879
17936.6,-7606.5,302.094
17940.9,-7608.3,300.306
17945.1,-7610.1,298.51
17949.4,-7611.9,296.734
17953.6,-7613.7,294.954
17957.8,-7615.5,293.179
17962.1,-7617.3,291.397
17966.3,-7619.1,289.621
17970.5,-7620.9,287.84
17974.8,-7622.7,286.06
17979,-7624.5,284.269
17983.2,-7626.3,282.481
17987.5,-7628.1,280.697
17991.7,-7629.9,278.89
17995.9,-7631.69,277.078
18000.1,-7633.49,275.273
18004.4,-7635.29,273.466
18008.6,-7637.09,271.649
18012.8,-7638.89,269.837
18017.1,-7640.69,268.02
18021.3,-7642.49,266.219
18025.5,-7644.29,264.416
18029.7,-7646.09,262.616
18034,-7647.89,260.801
18038.2,-7649.69,259.004
18042.5,-7651.49,257.211
18046.7,-7653.29,255.407
18050.9,-7655.09,253.616
18055.2,-7656.89,251.821
18059.4,-7658.69,250.036
18063.6,-7660.49,248.251
18067.9,-7662.29,246.454
18072.1,-7664.09,244.656
18076.4,-7665.89,242.869
18080.6,-7667.69,241.079
18084.8,-7669.49,239.294
18089.1,-7671.29,237.505
18093.3,-7673.09,235.723
18097.5,-7674.89,233.94
18101.7,-7676.69,232.158
18106,-7678.49,230.36
18110.2,-7680.29,228.565
18114.4,-7682.09,226.764
18118.7,-7683.89,224.97
18122.9,-7685.69,223.177
18127.1,-7687.49,221.359
18131.4,-7689.29,219.543
18135.6,-7691.09,217.731
18139.8,-7692.89,215.897
18144.1,-7694.69,214.062
18148.3,-7696.49,212.224
18152.5,-7698.29,210.397
18156.8,-7700.09,208.611
18161,-7701.89,206.816
18165.2,-7703.69,205.026
18169.5,-7705.49,203.241
18173.7,-7707.29,201.479
18177.9,-7709.09,199.714
18182.2,-7710.89,197.952
18186.4,-7712.69,196.155
18190.6,-7714.49,194.355
18194.9,-7716.29,192.554
18199.1,-7718.09,190.708
18203.3,-7719.89,188.869
18207.6,-7721.69,187.028
18211.8,-7723.48,185.186
18216,-7725.28,183.404
18220.2,-7727.08,181.624
18224.5,-7728.88,179.846
18228.7,-7730.68,178.069
18232.9,-7732.48,176.303
18237.1,-7734.28,174.527
18241.3,-7736.08,172.759
18245.6,-7737.88,170.952
18249.8,-7739.68,169.144
18254.1,-7741.48,167.336
18258.3,-7743.28,165.535
18262.5,-7745.08,163.724
18266.8,-7746.88,161.903
18271,-7748.68,160.094
18275.2,-7750.48,158.281
18279.5,-7752.28,156.47
18283.7,-7754.08,154.658
18287.9,-7755.88,152.841
18292.1,-7757.68,151.03
18296.4,-7759.48,149.213
18300.6,-7761.28,147.401
18304.8,-7763.08,145.605
18309.1,-7764.88,143.811
18313.3,-7766.68,142.017
18317.5,-7768.48,140.227
18321.8,-7770.28,138.438
18326,-7772.08,136.642
18330.2,-7773.88,134.848
18334.5,-7775.68,133.056
18338.7,-7777.48,131.266
18342.9,-7779.28,129.469
18347.2,-7781.08,127.678
18351.4,-7782.88,125.891
18355.6,-7784.68,124.095
18359.9,-7786.48,122.301
18364.1,-7788.28,120.505
18368.3,-7790.08,118.717
18372.5,-7791.88,116.929
18376.8,-7793.68,115.132
18381,-7795.48,113.335
18385.2,-7797.28,111.533
18389.5,-7799.08,109.73
18393.7,-7800.88,107.932
18397.9,-7802.68,106.082
18402.2,-7804.48,104.241
18406.4,-7806.28,102.395
18410.6,-7808.08,100.559
18414.9,-7809.88,98.711
18419.1,-7811.68,96.8705
18423.3,-7813.48,95.0325
18427.5,-7815.27,93.2176
18431.8,-7817.07,91.401
18436,-7818.87,89.5861
18440.2,-7820.67,87.7827
18444.5,-7822.47,85.9794
18448.7,-7824.27,84.1662
18453,-7826.07,82.3629
18457.2,-7827.87,80.5434
18461.4,-7829.67,78.729
18465.6,-7831.47,76.9139
18469.9,-7833.27,75.0635
18474.2,-7835.07,73.2571
18478.4,-7836.87,71.4524
18482.6,-7838.67,69.6402
18486.8,-7840.47,67.8456
18491.1,-7842.27,66.0478
18495.3,-7844.07,64.2567
18499.5,-7845.87,62.4421
18503.7,-7847.67,60.6268
18508,-7849.47,58.7956
18512.2,-7851.27,56.9788
18516.4,-7853.07,55.1666
18520.6,-7854.87,53.3545
18524.9,-7856.67,51.5383
18529.1,-7858.47,49.7214
18533.4,-7860.27,47.8795
18537.6,-7862.07,46.042
18541.8,-7863.87,44.203
18546,-7865.67,42.3806
18550.3,-7867.47,40.5592
18554.5,-7869.27,38.7321
18558.7,-7871.07,36.9061
18563,-7872.87,35.0793
18567.2,-7874.67,33.2503
18571.4,-7876.47,31.4301
18575.7,-7878.27,29.6306
18579.9,-7880.07,27.84
18584.1,-7881.87,26.0378
18588.4,-7883.67,24.2507
18592.6,-7885.47,22.452
18596.8,-7887.27,20.6553
18601,-7889.07,18.8643
18605.3,-7890.87,17.0594
18609.5,-7892.67,15.2691
18613.7,-7894.47,13.4817
18618,-7896.27,11.6972
18622.2,-7898.07,9.94748
18626.4,-7899.87,8.22037
18630.6,-7901.67,6.53157
18634.9,-7903.47,4.91851
18639.1,-7905.27,3.50513
18643.3,-7907.06,2.63074
18647.6,-7908.86,2.8402
18651.8,-7910.66,3.97088
18656,-7912.46,5.47919
18660.2,-7914.26,7.12268
18664.5,-7916.06,8.84577
18668.7,-7917.86,10.5987
18672.9,-7919.66,12.3762
18677.2,-7921.46,14.1782
18681.4,-7923.26,15.9488
18685.7,-7925.06,17.7336
18690,-7926.86,19.5772
18694.3,-7928.66,21.3961
18698.6,-7930.46,23.1627
18702.9,-7932.26,24.9725
18707.5,-7934.06,26.888
18711.8,-7935.86,28.6566
18716.1,-7937.66,30.3868
18720.3,-7939.46,32.1064
18724.5,-7941.26,33.823
18728.7,-7943.06,35.498
18733,-7944.86,37.1836
18737.2,-7946.66,38.8636
18741.5,-7948.46,40.633
18745.7,-7950.26,42.4043
18749.9,-7952.06,44.1782
18754.1,-7953.86,45.9474
18758.3,-7955.66,47.766
18762.6,-7957.46,49.5939
18766.8,-7959.26,51.4202
18771,-7961.06,53.2298
18775.3,-7962.86,55.0369
18779.5,-7964.66,56.8457
18783.7,-7966.46,58.6513
18788,-7968.26,60.4896
18792.2,-7970.06,62.3179
18796.4,-7971.86,64.1497
18800.7,-7973.66,65.9234
18804.9,-7975.46,67.6973
18809.1,-7977.26,69.4746
18813.4,-7979.06,71.2553
18817.6,-7980.86,73.0578
18821.8,-7982.66,74.8637
18826.1,-7984.46,76.6713
18830.3,-7986.26,78.4873
18834.6,-7988.06,80.2962
18838.8,-7989.86,82.0993
18843,-7991.66,83.8992
18847.2,-7993.46,85.6896
18851.5,-7995.26,87.4735
18855.7,-7997.06,89.2649
18860,-7998.85,91.0574
18864.2,-8000.65,92.8442
18868.4,-8002.45,94.6277
18872.6,-8004.25,96.4137
18876.9,-8006.05,98.1933
18881.1,-8007.85,99.9704
18885.3,-8009.65,101.743
18889.6,-8011.45,103.522
18893.8,-8013.25,105.326
18898.1,-8015.05,107.133
18902.3,-8016.85,108.93
18906.5,-8018.65,110.715
18910.7,-8020.45,112.498
18915,-8022.25,114.286
18919.2,-8024.05,116.069
18923.4,-8025.85,117.88
18927.6,-8027.65,119.69
18931.9,-8029.45,121.506
18936.1,-8031.25,123.331
18940.4,-8033.05,125.147
18944.6,-8034.85,126.964
18948.8,-8036.65,128.774
18953.1,-8038.45,130.579
18957.3,-8040.25,132.38
18961.5,-8042.05,134.176
18965.7,-8043.85,135.964
18970,-8045.65,137.764
18974.2,-8047.45,139.552
18978.4,-8049.25,141.334
18982.7,-8051.05,143.113
18986.9,-8052.85,144.893
18991.1,-8054.65,146.679
18995.4,-8056.45,148.472
18999.6,-8058.25,150.271
19003.9,-8060.05,152.064
19008.1,-8061.85,153.861
19012.3,-8063.65,155.594
19016.6,-8065.45,157.33
19020.9,-8067.25,159.083
19025.3,-8069.05,160.937
19029.8,-8070.85,162.772
19034.3,-8072.65,164.662
19038.7,-8074.45,166.493
19043.2,-8076.25,168.329
19047.6,-8078.05,170.188
19052.2,-8079.85,172.091
19058.3,-8081.65,174.541
19062.8,-8083.45,176.326
19067.3,-8085.25,178.159
19072,-8087.05,179.755
19076.4,-8088.85,181.272
19080.7,-8090.65,182.778
19085,-8092.44,184.239
19089.2,-8094.24,185.858
19093.4,-8096.04,187.473
19097.6,-8097.84,189.091
19101.8,-8099.64,190.935
19106.1,-8101.44,192.781
19110.3,-8103.24,194.623
19114.5,-8105.04,196.392
19118.7,-8106.84,198.157
19122.9,-8108.64,199.923
19127.2,-8110.44,201.692
19131.4,-8112.24,203.481
19135.6,-8114.04,205.273
19139.8,-8115.84,207.062
19144,-8117.64,208.853
19148.2,-8119.44,210.713
19152.5,-8121.24,212.591
19156.7,-8123.04,214.457
19160.9,-8124.84,216.301
19165.2,-8126.64,218.146
19169.4,-8128.44,219.985
19173.6,-8130.24,221.828
19177.9,-8132.04,223.645
19182.1,-8133.84,225.434
19186.3,-8135.64,227.226
19190.5,-8137.44,229.002
19194.8,-8139.24,230.778
19199,-8141.04,232.557
19203.2,-8142.84,234.332
19207.4,-8144.64,236.134
19211.6,-8146.44,237.933
19215.8,-8148.24,239.733
19220.1,-8150.04,241.534
19224.3,-8151.84,243.345
19228.5,-8153.64,245.153
19232.7,-8155.44,246.963
19236.9,-8157.24,248.757
19241.2,-8159.04,250.549
19245.4,-8160.84,252.343
19249.6,-8162.64,254.146
19253.8,-8164.44,255.962
19258.1,-8166.24,257.774
19262.3,-8168.04,259.577
19266.5,-8169.84,261.379
19270.7,-8171.64,263.181
19274.9,-8173.44,264.983
19279.2,-8175.24,266.783
19283.4,-8177.04,268.61
19287.6,-8178.84,270.441
19291.8,-8180.64,272.268
19296,-8182.44,274.11
19300.2,-8184.23,275.946
19304.5,-8186.03,277.787
19308.7,-8187.83,279.625
19312.9,-8189.63,281.45
19317.1,-8191.43,283.277
19321.3,-8193.23,285.103
19325.6,-8195.03,286.934
19329.8,-8196.83,288.764
19334,-8198.63,290.591
19338.2,-8200.43,292.418
19342.4,-8202.23,294.225
19346.7,-8204.03,296.032
19350.9,-8205.83,297.838
19355.1,-8207.63,299.658
19359.4,-8209.43,301.465
19363.6,-8211.23,303.27
19367.8,-8213.03,305.076
19372,-8214.83,306.859
19376.2,-8216.63,308.646
19380.5,-8218.43,310.431
19384.7,-8220.23,312.217
19388.9,-8222.03,314.006
19393.1,-8223.83,315.798
19397.3,-8225.63,317.589
19401.5,-8227.43,319.386
19405.8,-8229.23,321.183
19410,-8231.03,322.98
19414.2,-8232.83,324.776
19418.4,-8234.63,326.607
19422.6,-8236.43,328.438
19426.9,-8238.23,330.27
19431.1,-8240.03,332.104
19435.3,-8241.83,333.94
19439.5,-8243.63,335.77
19443.7,-8245.43,337.601
19447.9,-8247.23,339.398
19452.2,-8249.03,341.192
19456.4,-8250.83,342.985
19460.6,-8252.63,344.758
19464.8,-8254.43,346.526
19469,-8256.23,348.286
19473.3,-8258.03,350.034
19477.5,-8259.83,351.764
19481.7,-8261.63,353.456
19485.9,-8263.43,355.081
19490.1,-8265.23,356.532
19494.3,-8267.03,357.484
19498.6,-8268.83,357.327
19502.8,-8270.63,356.198
19507,-8272.43,354.704
19511.2,-8274.23,353.073
19515.4,-8276.03,351.38
19519.7,-8277.83,349.658
19523.9,-8279.62,347.918
19528.1,-8281.42,346.145
19532.4,-8283.22,344.384
19536.6,-8285.02,342.604
19540.9,-8286.82,340.786
19545.2,-8288.62,338.971
19549.4,-8290.42,337.189
19553.7,-8292.22,335.365
19558.4,-8294.02,333.395
19562.7,-8295.82,331.546
19566.9,-8297.62,329.786
19571.1,-8299.42,328.029
19575.4,-8301.22,326.271
19579.6,-8303.02,324.518
19583.8,-8304.82,322.763
19588,-8306.62,321.008
19592.2,-8308.42,319.254
19596.4,-8310.22,317.44
19600.7,-8312.02,315.628
19604.9,-8313.82,313.815
19609.1,-8315.62,312.002
19613.3,-8317.42,310.209
19617.5,-8319.22,308.412
19621.8,-8321.02,306.618
19626,-8322.82,304.803
19630.2,-8324.62,302.992
19634.4,-8326.42,301.179
19638.6,-8328.22,299.368
19642.8,-8330.02,297.591
19647.1,-8331.82,295.812
19651.3,-8333.62,294.035
19655.5,-8335.42,292.241
19659.7,-8337.22,290.446
19664,-8339.02,288.633
19668.2,-8340.82,286.841
19672.4,-8342.62,285.059
19676.6,-8344.42,283.274
19680.9,-8346.22,281.492
19685.1,-8348.02,279.706
19689.3,-8349.82,277.909
19693.5,-8351.62,276.11
19697.7,-8353.42,274.31
19701.9,-8355.22,272.521
19706.2,-8357.02,270.727
19710.4,-8358.82,268.938
19714.6,-8360.62,267.146
19718.8,-8362.42,265.363
19723,-8364.22,263.58
19727.3,-8366.02,261.793
19731.5,-8367.82,260.012
19735.7,-8369.62,258.23
19739.9,-8371.42,256.45
19744.1,-8373.21,254.668
19748.3,-8375.01,252.886
19752.6,-8376.81,251.103
19756.8,-8378.61,249.318
19761,-8380.41,247.538
19765.2,-8382.21,245.756
19769.4,-8384.01,243.978
19773.7,-8385.81,242.199
19777.9,-8387.61,240.423
19782.1,-8389.41,238.647
19786.3,-8391.21,236.869
19790.5,-8393.01,235.094
19794.8,-8394.81,233.303
19799,-8396.61,231.514
19803.2,-8398.41,229.724
19807.4,-8400.21,227.902
19811.6,-8402.01,226.085
19815.8,-8403.81,224.264
19820.1,-8405.61,222.443
19824.3,-8407.41,220.586
19828.5,-8409.21,218.731
19832.7,-8411.01,216.876
19836.9,-8412.81,214.998
19841.2,-8414.61,213.123
19845.4,-8416.41,211.247
19849.6,-8418.21,209.373
19853.8,-8420.01,207.55
19858,-8421.81,205.727
19862.2,-8423.61,203.904
19866.5,-8425.41,202.172
19870.7,-8427.21,200.443
19874.9,-8429.01,198.711
19879.2,-8430.81,196.96
19883.4,-8432.61,195.205
19887.6,-8434.41,193.447
19891.9,-8436.21,191.677
19896.1,-8438.01,189.887
19900.3,-8439.81,188.104
19904.5,-8441.61,186.318
19908.7,-8443.41,184.534
19912.9,-8445.21,182.75
19917.2,-8447.01,180.964
19921.4,-8448.81,179.181
19925.6,-8450.61,177.391
19929.8,-8452.41,175.601
19934,-8454.21,173.806
19938.3,-8456.01,172.016
19942.5,-8457.81,170.219
19946.7,-8459.61,168.42
19950.9,-8461.41,166.623
19955.1,-8463.21,164.825
19959.3,-8465,163.001
19963.6,-8466.8,161.18
19967.8,-8468.6,159.357
19972,-8470.4,157.544
19976.2,-8472.2,155.729
19980.4,-8474,153.914
19984.7,-8475.8,152.1
19988.9,-8477.6,150.296
19993.1,-8479.4,148.489
19997.3,-8481.2,146.683
20001.5,-8483,144.895
20005.7,-8484.8,143.104
20010,-8486.6,141.315
20014.2,-8488.4,139.526
20018.4,-8490.2,137.74
20022.6,-8492,135.951
20026.8,-8493.8,134.16
20031,-8495.6,132.358
20035.3,-8497.4,130.557
20039.5,-8499.2,128.758
20043.7,-8501,126.958
20047.9,-8502.8,125.166
20052.1,-8504.6,123.378
20056.3,-8506.4,121.587
20060.6,-8508.2,119.797
20064.8,-8510,118.004
20069,-8511.8,116.214
20073.2,-8513.6,114.421
20077.4,-8515.4,112.608
20081.6,-8517.2,110.799
20085.9,-8519,108.987
20090.1,-8520.8,107.141
20094.3,-8522.6,105.296
20098.5,-8524.4,103.452
20102.7,-8526.2,101.606
20106.9,-8528,99.7827
20111.2,-8529.8,97.9595
20115.4,-8531.6,96.1355
20119.6,-8533.4,94.3132
20123.8,-8535.2,92.4843
20128,-8537,90.6537
20132.2,-8538.8,88.825
20136.5,-8540.6,87.0036
20140.7,-8542.4,85.1839
20144.9,-8544.2,83.3618
20149.1,-8546,81.5447
20153.3,-8547.8,79.7414
20157.5,-8549.6,77.9364
20161.8,-8551.4,76.1306
20166,-8553.2,74.3241
20170.2,-8555,72.5169
20174.4,-8556.79,70.7106
20178.6,-8558.59,68.9077
20182.9,-8560.39,67.116
20187.1,-8562.19,65.3227
20191.3,-8563.99,63.532
20195.5,-8565.79,61.7406
20199.7,-8567.59,59.9353
20204,-8569.39,58.1118
20208.2,-8571.19,56.3076
20212.4,-8572.99,54.5084
20216.6,-8574.79,52.7077
20220.9,-8576.59,50.9088
20225.1,-8578.39,49.1076
20229.3,-8580.19,47.28
20233.5,-8581.99,45.4517
20237.7,-8583.79,43.6203
20241.9,-8585.59,41.7937
20246.2,-8587.39,39.9665
20250.4,-8589.19,38.1413
20254.6,-8590.99,36.314
20258.8,-8592.79,34.4921
20263.1,-8594.59,32.679
20267.3,-8596.39,30.8681
20271.5,-8598.19,29.0837
20275.7,-8599.99,27.2985
20279.9,-8601.79,25.5159
20284.2,-8603.59,23.7327
20288.4,-8605.39,21.952
20292.6,-8607.19,20.1725
20296.8,-8608.99,18.3922
20301,-8610.79,16.6036
20305.2,-8612.59,14.8193
20309.4,-8614.39,13.0423
20313.7,-8616.19,11.2778
20317.9,-8617.99,9.54868
20322.1,-8619.79,7.84472
20326.3,-8621.59,6.19095
20330.5,-8623.39,4.63766
20334.8,-8625.19,3.32614
20339,-8626.99,2.64498
20343.2,-8628.79,3.0494
20347.4,-8630.59,4.24585
20351.6,-8632.39,5.7643
20355.8,-8634.19,7.40834
20360.1,-8635.99,9.12179
20364.3,-8637.79,10.8821
20368.5,-8639.59,12.6576
20372.8,-8641.39,14.4604
20377,-8643.19,16.2445
20381.2,-8644.99,18.0358
20385.5,-8646.79,19.876
20389.8,-8648.58,21.7027
20394.1,-8650.38,23.4837
20398.4,-8652.18,25.2945
20402.9,-8653.98,27.2042
20407.2,-8655.78,29.02
20411.4,-8657.58,30.7824
20415.7,-8659.38,32.5448
20419.9,-8661.18,34.3062
20424.1,-8662.98,36.0313
20428.3,-8664.78,37.753
20432.5,-8666.58,39.4768
20436.8,-8668.38,41.2415
20441,-8670.18,43.0092
20445.2,-8671.98,44.7773
20449.4,-8673.78,46.5435
20453.6,-8675.58,48.3538
20457.8,-8677.38,50.1677
20462.1,-8679.18,52.0002
20466.3,-8680.98,53.8153
20470.5,-8682.78,55.6287
20474.8,-8684.58,57.4431
20479,-8686.38,59.2559
20483.2,-8688.18,61.0557
20487.4,-8689.98,62.8564
20491.6,-8691.78,64.6555
20495.9,-8693.58,66.4563
20500.1,-8695.38,68.2711
20504.3,-8697.18,70.086
20508.5,-8698.98,71.8976
20512.7,-8700.78,73.7015
20516.9,-8702.58,75.5072
20521.2,-8704.38,77.313
20525.4,-8706.18,79.1204
20529.6,-8707.98,80.9136
20533.8,-8709.78,82.7085
20538,-8711.58,84.5067
20542.3,-8713.38,86.2911
20546.5,-8715.18,88.0772
20550.7,-8716.98,89.8617
20555.4,-8718.78,91.8429
20559.7,-8720.58,93.6584
20564.2,-8722.38,95.5588
20568.4,-8724.18,97.3414
20572.6,-8725.98,99.0166
20576.8,-8727.78,100.696
20581.1,-8729.58,102.372
20585.3,-8731.38,104.05
20589.5,-8733.18,105.794
20593.8,-8734.98,107.564
20598,-8736.78,109.31
20602.2,-8738.58,111.163
20606.4,-8740.38,113.019
20610.7,-8742.17,114.871
20614.9,-8743.97,116.725
20619.1,-8745.77,118.544
20623.3,-8747.57,120.365
20627.5,-8749.37,122.187
20631.7,-8751.17,124.011
20636,-8752.97,125.838
20640.2,-8754.77,127.663
20644.4,-8756.57,129.488
20648.6,-8758.37,131.31
20652.8,-8760.17,133.134
20657,-8761.97,134.963
20661.3,-8763.77,136.774
20665.5,-8765.57,138.589
20669.8,-8767.37,140.403
20674,-8769.17,142.204
20678.4,-8770.97,144.057
20682.6,-8772.77,145.83
20686.9,-8774.57,147.602
20691.1,-8776.37,149.37
20695.3,-8778.17,151.11
20699.5,-8779.97,152.848
20703.7,-8781.77,154.585
20707.9,-8783.57,156.359
20712.2,-8785.37,158.132
20716.4,-8787.17,159.906
20720.6,-8788.97,161.699
20724.8,-8790.77,163.497
20729,-8792.57,165.29
20733.2,-8794.37,167.083
20737.7,-8796.17,168.993
20741.9,-8797.97,170.814
20746.1,-8799.77,172.635
20750.3,-8801.57,174.453
20754.5,-8803.37,176.25
20758.7,-8805.17,178.046
20763,-8806.97,179.853
20767.2,-8808.77,181.684
20771.4,-8810.57,183.503
20775.7,-8812.37,185.321
20779.9,-8814.17,187.137
20784.1,-8815.97,188.952
20788.3,-8817.77,190.766
20792.5,-8819.57,192.58
20796.8,-8821.37,194.374
20801,-8823.17,196.167
20805.2,-8824.97,197.959
20809.4,-8826.77,199.75
20813.6,-8828.57,201.518
20817.8,-8830.37,203.29
20822,-8832.17,205.06
20826.3,-8833.96,206.859
20830.5,-8835.76,208.63
20834.8,-8837.56,210.401
20839,-8839.36,212.171
20843.2,-8841.16,213.932
20847.4,-8842.96,215.696
20851.6,-8844.76,217.457
20855.8,-8846.56,219.219
20860.1,-8848.36,221.018
20864.3,-8850.16,222.831
20868.6,-8851.96,224.641
20872.8,-8853.76,226.455
20877,-8855.56,228.271
20881.2,-8857.36,230.084
20885.4,-8859.16,231.897
20889.6,-8860.96,233.712
20893.9,-8862.76,235.53
20898.1,-8864.56,237.35
20902.3,-8866.36,239.162
20906.5,-8868.16,240.975
20910.7,-8869.96,242.785
20915,-8871.76,244.597
20919.2,-8873.56,246.396
20923.4,-8875.36,248.197
20927.6,-8877.16,249.998
20931.8,-8878.96,251.798
20936,-8880.76,253.606
20940.3,-8882.56,255.411
20944.5,-8884.36,257.217
20948.7,-8886.16,259.014
20952.9,-8887.96,260.812
20957.1,-8889.76,262.612
20961.4,-8891.56,264.431
20965.6,-8893.36,266.241
20969.8,-8895.16,268.06
20974,-8896.96,269.868
20978.4,-8898.76,271.709
20982.6,-8900.56,273.492
20986.8,-8902.36,275.276
20991.1,-8904.16,277.057
20995.3,-8905.96,278.811
20999.5,-8907.76,280.564
21003.7,-8909.56,282.316
21007.9,-8911.36,284.146
21012.1,-8913.16,285.972
21016.4,-8914.96,287.8
21020.6,-8916.76,289.626
21024.8,-8918.56,291.479
21029,-8920.36,293.331
21033.2,-8922.16,295.182
21037.5,-8923.96,297.038
21041.7,-8925.75,298.891
21045.9,-8927.55,300.746
21050.1,-8929.35,302.598
21054.3,-8931.15,304.406
21058.6,-8932.95,306.236
21062.8,-8934.75,308.054
21067.1,-8936.55,309.828
21071.3,-8938.35,311.604
21075.5,-8940.15,313.369
21079.8,-8941.95,315.134
21084,-8943.75,316.965
21088.2,-8945.55,318.793
21092.4,-8947.35,320.62
21096.6,-8949.15,322.394
21100.9,-8950.95,324.165
21105.1,-8952.75,325.938
21109.3,-8954.55,327.708
21113.5,-8956.35,329.485
21117.7,-8958.15,331.262
21121.9,-8959.95,333.035
21126.3,-8961.75,334.886
21130.6,-8963.55,336.663
21134.8,-8965.35,338.438
21139,-8967.15,340.207
21143.2,-8968.95,341.962
21147.4,-8970.75,343.715
21151.6,-8972.55,345.458
21155.9,-8974.35,347.195
21160.1,-8976.15,348.98
21164.3,-8977.95,350.758
21168.5,-8979.75,352.487
21172.8,-8981.55,354.154
21177,-8983.35,355.684
21181.2,-8985.15,356.892
21185.4,-8986.95,357.305
21189.7,-8988.75,356.633
21193.9,-8990.55,355.33
21198.1,-8992.35,353.78
21202.3,-8994.15,352.122
21206.5,-8995.95,350.413
21210.7,-8997.75,348.68
21215,-8999.55,346.93
21219.3,-9001.35,345.156
21223.5,-9003.15,343.407
21227.7,-9004.95,341.649
21232.1,-9006.75,339.871
21236.3,-9008.55,338.104
21240.6,-9010.35,336.368
21244.9,-9012.15,334.6
21249.6,-9013.95,332.643
21254,-9015.75,330.831
21258.2,-9017.54,329.088
21262.5,-9019.34,327.364
21266.7,-9021.14,325.652
21271,-9022.94,323.924
21275.2,-9024.74,322.211
21279.4,-9026.54,320.446
21283.6,-9028.34,318.678
21287.8,-9030.14,316.91
21292,-9031.94,315.066
21296.3,-9033.74,313.194
21300.5,-9035.54,311.35
21304.8,-9037.34,309.504
21309,-9039.14,307.694
21313.2,-9040.94,305.881
21317.4,-9042.74,304.069
21321.8,-9044.54,302.202
21326.1,-9046.34,300.414
21330.3,-9048.14,298.631
21334.5,-9049.94,296.846
21338.7,-9051.74,295.084
21342.9,-9053.54,293.321
21347.1,-9055.34,291.557
21351.4,-9057.14,289.797
21355.6,-9058.94,288.004
21359.8,-9060.74,286.21
21364,-9062.54,284.404
21368.3,-9064.34,282.617
21372.5,-9066.14,280.816
21376.7,-9067.94,279.029
21380.9,-9069.74,277.242
21385.2,-9071.54,275.455
21389.4,-9073.34,273.67
21393.6,-9075.14,271.883
21397.8,-9076.94,270.069
21402,-9078.74,268.257
21406.3,-9080.54,266.444
21410.5,-9082.34,264.632
21414.7,-9084.14,262.807
21418.9,-9085.94,260.982
21423.1,-9087.74,259.159
21427.3,-9089.54,257.334
21431.6,-9091.34,255.521
21435.8,-9093.14,253.704
21440,-9094.94,251.889
21444.2,-9096.74,250.075
21448.4,-9098.54,248.265
21452.6,-9100.34,246.453
21456.9,-9102.14,244.652
21461.1,-9103.94,242.85
21465.3,-9105.74,241.035
21469.5,-9107.54,239.235
21473.9,-9109.33,237.373
21478.2,-9111.13,235.583
21482.4,-9112.93,233.795
21486.6,-9114.73,232.007
21490.8,-9116.53,230.258
21495,-9118.33,228.508
21499.2,-9120.13,226.762
21503.5,-9121.93,224.983
21507.7,-9123.73,223.202
21511.9,-9125.53,221.424
21516.1,-9127.33,219.646
21520.3,-9129.13,217.838
21524.5,-9130.93,216.028
21528.8,-9132.73,214.221
21533.2,-9134.53,212.333
21537.4,-9136.33,210.521
21541.6,-9138.13,208.714
21545.8,-9139.93,206.904
21550,-9141.73,205.112
21554.3,-9143.53,203.319
21558.5,-9145.33,201.526
21562.7,-9147.13,199.691
21566.9,-9148.93,197.864
21571.2,-9150.73,196.041
21575.4,-9152.53,194.207
21579.6,-9154.33,192.399
21583.8,-9156.13,190.589
21588.1,-9157.93,188.778
21592.3,-9159.73,186.97
21596.5,-9161.53,185.184
21600.7,-9163.33,183.4
21604.9,-9165.13,181.615
21609.1,-9166.93,179.845
21613.4,-9168.73,178.071
21617.6,-9170.53,176.298
21621.8,-9172.33,174.51
21626.1,-9174.13,172.735
21630.3,-9175.93,170.963
21634.5,-9177.73,169.191
21638.7,-9179.53,167.423
21642.9,-9181.33,165.651
21647.1,-9183.13,163.871
21651.4,-9184.93,162.099
21655.6,-9186.73,160.281
21659.8,-9188.53,158.464
21664.1,-9190.33,156.633
21668.3,-9192.13,154.797
21672.5,-9193.93,152.96
21676.7,-9195.73,151.111
21681,-9197.53,149.274
21685.2,-9199.33,147.429
21689.4,-9201.12,145.586
21693.6,-9202.92,143.743
21697.8,-9204.72,141.913
21702,-9206.52,140.083
21706.3,-9208.32,138.253
21710.5,-9210.12,136.423
21714.7,-9211.92,134.633
21718.9,-9213.72,132.843
21723.1,-9215.52,131.055
21727.3,-9217.32,129.265
21731.8,-9219.12,127.359
21736.1,-9220.92,125.567
21740.3,-9222.72,123.777
21744.5,-9224.52,122.01
21748.7,-9226.32,120.246
21752.9,-9228.12,118.482
21757.1,-9229.92,116.69
21761.4,-9231.72,114.897
21765.6,-9233.52,113.091
21769.8,-9235.32,111.3
21774,-9237.12,109.513
21778.3,-9238.92,107.718
21782.5,-9240.72,105.934
21787,-9242.52,104.07
21791.2,-9244.32,102.309
21795.4,-9246.12,100.546
21799.6,-9247.92,98.7862
21803.8,-9249.72,97.0246
21808,-9251.52,95.2614
21812.3,-9253.32,93.5007
21816.5,-9255.12,91.7392
21820.7,-9256.92,89.8303
21824.9,-9258.72,87.9162
21829.1,-9260.52,86.0083
21833.3,-9262.32,84.1675
21837.6,-9264.12,82.3242
21841.8,-9265.92,80.4842
21846,-9267.72,78.6418
21850.2,-9269.52,76.8339
21854.4,-9271.32,75.0243
21858.7,-9273.12,73.2165
21862.9,-9274.92,71.4484
21867.1,-9276.72,69.6893
21871.3,-9278.52,67.9352
21875.6,-9280.32,66.1786
21879.8,-9282.12,64.3192
21884,-9283.92,62.4686
21888.2,-9285.72,60.6216
21892.5,-9287.52,58.7747
21896.7,-9289.32,57.0112
21900.9,-9291.12,55.2478
21905.1,-9292.92,53.4845
21909.3,-9294.71,51.7086
21913.5,-9296.51,49.9328
21917.8,-9298.31,48.1556
21922,-9300.11,46.3591
21926.2,-9301.91,44.562
21930.4,-9303.71,42.7678
21934.6,-9305.51,40.9713
21939,-9307.31,39.0819
21943.2,-9309.11,37.2678
21947.5,-9310.91,35.4542
21951.7,-9312.71,33.6438
21955.9,-9314.51,31.8567
21960.2,-9316.31,30.0457
21964.4,-9318.11,28.248
21968.6,-9319.91,26.4349
21972.9,-9321.71,24.6227
21977.1,-9323.51,22.8103
21981.3,-9325.31,21.0022
21985.5,-9327.11,19.2174
21989.7,-9328.91,17.4369
21994,-9330.71,15.6403
21998.3,-9332.51,13.8563
22002.5,-9334.31,12.1019
22006.7,-9336.11,10.3584
22010.9,-9337.91,8.63621
22015.1,-9339.71,6.97715
22019.3,-9341.51,5.37809
22023.5,-9343.31,3.9135
22027.8,-9345.11,2.79855
22032,-9346.91,2.58451
22036.2,-9348.71,3.44362
22040.4,-9350.51,4.83373
22044.6,-9352.31,6.45123
22048.8,-9354.11,8.14666
22053,-9355.91,9.87918
22057.3,-9357.71,11.6284
22061.6,-9359.51,13.4366
22066.1,-9361.31,15.3093
22070.3,-9363.11,17.0892
22074.5,-9364.91,18.8603
22078.9,-9366.71,20.6712
22083.1,-9368.51,22.4668
22087.4,-9370.31,24.2292
22091.7,-9372.11,26.0237
22096.1,-9373.91,27.891
22100.5,-9375.71,29.704
22104.7,-9377.51,31.5023
22108.9,-9379.31,33.2963
22113.1,-9381.11,35.0902
22117.3,-9382.91,36.8499
22121.5,-9384.71,38.6092
22125.8,-9386.5,40.3696
22130,-9388.3,42.128
22134.4,-9390.1,44.017
22138.6,-9391.9,45.8155
22142.8,-9393.7,47.6142
22147.1,-9395.5,49.414
22151.3,-9397.3,51.1515
22155.5,-9399.1,52.8902
22159.7,-9400.9,54.6298
22164,-9402.7,56.4188
22168.2,-9404.5,58.1746
22172.4,-9406.3,59.9306
22176.7,-9408.1,61.6875
22180.9,-9409.9,63.4949
22185.1,-9411.7,65.2874
22189.3,-9413.5,67.0758
22193.6,-9415.3,68.8944
22197.8,-9417.1,70.7148
22202,-9418.9,72.5326
22206.2,-9420.7,74.3521
22210.4,-9422.5,76.1786
22214.6,-9424.3,78.0086
22218.9,-9426.1,79.8335
22223.1,-9427.9,81.635
22227.3,-9429.7,83.4382
22231.5,-9431.5,85.2381
22235.7,-9433.3,87.0405
22239.9,-9435.1,88.8411
22244.2,-9436.9,90.6442
22248.4,-9438.7,92.444
22252.6,-9440.5,94.2438
22256.8,-9442.3,96.0347
22261,-9444.1,97.8248
22265.3,-9445.9,99.6299
22269.5,-9447.7,101.4
22273.7,-9449.5,103.171
22277.9,-9451.3,104.943
22282.4,-9453.1,106.802
22286.6,-9454.9,108.575
22290.8,-9456.7,110.346
22295,-9458.5,112.118
22299.2,-9460.3,113.855
22303.4,-9462.1,115.593
22307.7,-9463.9,117.332
22311.9,-9465.7,119.068
22316.1,-9467.5,120.88
22320.3,-9469.3,122.691
22324.5,-9471.1,124.502
22328.7,-9472.9,126.335
22333,-9474.7,128.168
22337.2,-9476.5,130.001
22341.4,-9478.29,131.832
22345.6,-9480.09,133.671
22349.8,-9481.89,135.509
22354,-9483.69,137.349
22358.3,-9485.49,139.186
22362.5,-9487.29,141.029
22366.7,-9489.09,142.882
22370.9,-9490.89,144.721
22375.2,-9492.69,146.546
22379.4,-9494.49,148.368
22383.6,-9496.29,150.201
22387.8,-9498.09,152.024
22392.1,-9499.89,153.839
22396.3,-9501.69,155.654
22400.5,-9503.49,157.469
22404.7,-9505.29,159.241
22408.9,-9507.09,161.013
22413.1,-9508.89,162.783
22417.4,-9510.69,164.567
22421.6,-9512.49,166.349
22425.8,-9514.29,168.132
22430,-9516.09,169.913
22434.2,-9517.89,171.706
22438.4,-9519.69,173.497
22442.7,-9521.49,175.287
22446.9,-9523.29,177.079
22451.1,-9525.09,178.893
22455.3,-9526.89,180.71
22459.5,-9528.69,182.525
22463.8,-9530.49,184.389
22468,-9532.29,186.245
22472.2,-9534.09,188.097
22476.4,-9535.89,189.951
22480.6,-9537.69,191.777
22484.9,-9539.49,193.618
22489.1,-9541.29,195.443
22493.3,-9543.09,197.289
22497.5,-9544.89,199.138
22501.8,-9546.69,200.985
22506,-9548.49,202.833
22510.2,-9550.29,204.635
22514.4,-9552.09,206.44
22518.6,-9553.89,208.24
22523.1,-9555.69,210.132
22527.3,-9557.49,211.921
22531.5,-9559.29,213.708
22535.7,-9561.09,215.496
22540,-9562.89,217.206
22544.2,-9564.69,218.919
22548.4,-9566.49,220.628
22552.6,-9568.29,222.407
22556.8,-9570.08,224.187
22561,-9571.88,225.966
22565.3,-9573.68,227.758
22569.5,-9575.48,229.549
22573.7,-9577.28,231.341
22577.9,-9579.08,233.134
22582.3,-9580.88,235.018
22586.6,-9582.68,236.843
22590.8,-9584.48,238.658
22595,-9586.28,240.473
22599.2,-9588.08,242.264
22603.4,-9589.88,244.056
22607.7,-9591.68,245.849
22611.9,-9593.48,247.639
22616.1,-9595.28,249.481
22620.3,-9597.08,251.323
22624.5,-9598.88,253.165
22628.8,-9600.68,254.988
22633,-9602.48,256.813
22637.2,-9604.28,258.639
22641.4,-9606.08,260.464
22645.6,-9607.88,262.285
22649.8,-9609.68,264.104
22654.1,-9611.48,265.924
22658.3,-9613.28,267.713
22662.5,-9615.08,269.504
22666.7,-9616.88,271.309
22671,-9618.68,273.098
22675.2,-9620.48,274.912
22679.4,-9622.28,276.722
22683.6,-9624.08,278.535
22687.8,-9625.88,280.362
22692.1,-9627.68,282.225
22696.3,-9629.48,284.092
22700.5,-9631.28,285.956
22704.7,-9633.08,287.757
22709,-9634.88,289.58
22713.2,-9636.68,291.379
22717.4,-9638.48,293.121
22721.6,-9640.28,294.863
22725.9,-9642.08,296.605
22730.1,-9643.88,298.345
22734.4,-9645.68,300.179
22738.6,-9647.48,301.965
22742.8,-9649.28,303.751
22747,-9651.08,305.537
22751.3,-9652.88,307.375
22755.5,-9654.68,309.216
22759.7,-9656.48,311.056
22764,-9658.28,312.942
22768.2,-9660.08,314.802
22772.4,-9661.88,316.661
22776.6,-9663.67,318.52
22780.8,-9665.47,320.296
22785.1,-9667.27,322.074
22789.3,-9669.07,323.858
22793.5,-9670.87,325.671
22797.8,-9672.67,327.483
22802,-9674.47,329.294
22806.2,-9676.27,331.102
22810.4,-9678.07,332.872
22814.6,-9679.87,334.643
22818.8,-9681.67,336.407
22823.2,-9683.47,338.226
22827.4,-9685.27,339.984
22831.6,-9687.07,341.733
22835.9,-9688.87,343.478
22840.1,-9690.67,345.168
22844.3,-9692.47,346.849
22848.5,-9694.27,348.511
22852.7,-9696.07,350.198
22856.9,-9697.87,351.843
22861.2,-9699.67,353.408
22865.4,-9701.47,354.831
22869.6,-9703.27,355.935
22873.8,-9705.07,356.412
22878.1,-9706.87,356.029
22882.5,-9708.67,354.925
22886.7,-9710.47,353.507
22890.9,-9712.27,351.914
22895.1,-9714.07,350.244
22899.3,-9715.87,348.596
22903.6,-9717.67,346.918
22907.8,-9719.47,345.221
22912.1,-9721.27,343.481
22916.3,-9723.07,341.716
22920.5,-9724.87,339.944
22924.9,-9726.67,338.118
22929.2,-9728.47,336.366
22933.4,-9730.27,334.639
22937.7,-9732.07,332.879
22942.2,-9733.87,331.047
22946.5,-9735.67,329.294
22950.7,-9737.47,327.586
22954.9,-9739.27,325.88
22959.1,-9741.07,324.217
22963.4,-9742.87,322.552
22967.6,-9744.67,320.872
22971.8,-9746.47,319.204
22976.1,-9748.27,317.411
22980.3,-9750.07,315.619
22984.5,-9751.87,313.825
22988.7,-9753.67,312.017
22993,-9755.46,310.19
22997.2,-9757.26,308.379
23001.4,-9759.06,306.57
23005.6,-9760.86,304.766
23009.8,-9762.66,302.962
23014.1,-9764.46,301.158
23018.3,-9766.26,299.352
23022.5,-9768.06,297.544
23026.7,-9769.86,295.735
23030.9,-9771.66,293.927
23035.1,-9773.46,292.121
23039.4,-9775.26,290.316
23043.6,-9777.06,288.51
23047.8,-9778.86,286.703
23052,-9780.66,284.895
23056.2,-9782.46,283.083
23060.4,-9784.26,281.274
23064.8,-9786.06,279.423
23069,-9787.86,277.625
23073.2,-9789.66,275.827
23077.4,-9791.46,274.028
23081.6,-9793.26,272.266
23085.9,-9795.06,270.5
23090.1,-9796.86,268.737
23094.3,-9798.66,266.919
23098.5,-9800.46,265.115
23102.8,-9802.26,263.31
23107,-9804.06,261.503
23111.2,-9805.86,259.615
23115.4,-9807.66,257.723
23119.6,-9809.46,255.837
23123.8,-9811.26,254.06
23128.1,-9813.06,252.28
23132.3,-9814.86,250.502
23136.5,-9816.66,248.723
23140.7,-9818.46,246.955
23144.9,-9820.26,245.183
23149.1,-9822.06,243.415
23153.4,-9823.86,241.484
23157.7,-9825.66,239.591
23161.9,-9827.46,237.699
23166.1,-9829.26,235.795
23170.4,-9831.06,234.002
23174.6,-9832.86,232.209
23178.8,-9834.66,230.421
23183,-9836.46,228.657
23187.2,-9838.26,226.892
23191.4,-9840.06,225.128
23195.7,-9841.86,223.353
23199.9,-9843.66,221.56
23204.1,-9845.46,219.763
23208.3,-9847.25,217.97
23212.6,-9849.05,216.178
23216.8,-9850.85,214.424
23221,-9852.65,212.67
23225.2,-9854.45,210.917
23229.4,-9856.25,209.138
23233.6,-9858.05,207.357
23237.9,-9859.85,205.576
23242.1,-9861.65,203.795
23246.3,-9863.45,202.005
23250.5,-9865.25,200.216
23254.7,-9867.05,198.426
23258.9,-9868.85,196.649
23263.2,-9870.65,194.871
23267.4,-9872.45,193.08
23271.6,-9874.25,191.302
23275.8,-9876.05,189.471
23280.1,-9877.85,187.642
23284.3,-9879.65,185.812
23288.5,-9881.45,183.981
23292.7,-9883.25,182.148
23296.9,-9885.05,180.304
23301.2,-9886.85,178.474
23305.5,-9888.65,176.61
23309.8,-9890.45,174.81
23314,-9892.25,172.993
23318.2,-9894.05,171.194
23322.4,-9895.85,169.489
23326.6,-9897.65,167.781
23330.9,-9899.45,166.076
23335.1,-9901.25,164.279
23339.3,-9903.05,162.485
23343.5,-9904.85,160.691
23347.7,-9906.65,158.895
23351.9,-9908.45,157.033
23356.2,-9910.25,155.168
23360.4,-9912.05,153.308
23364.8,-9913.85,151.404
23369,-9915.65,149.57
23373.2,-9917.45,147.749
23377.5,-9919.25,145.926
23381.7,-9921.05,144.244
23385.9,-9922.85,142.559
23390.1,-9924.65,140.876
23394.3,-9926.45,139.099
23398.6,-9928.25,137.315
23402.8,-9930.05,135.54
23407.1,-9931.85,133.737
23411.3,-9933.65,131.893
23415.5,-9935.45,130.049
23419.7,-9937.25,128.206
23424,-9939.04,126.32
23428.2,-9940.84,124.45
23432.4,-9942.64,122.583
23436.6,-9944.44,120.713
23440.8,-9946.24,118.904
23445.1,-9948.04,117.093
23449.3,-9949.84,115.285
23453.5,-9951.64,113.516
23457.7,-9953.44,111.745
23461.9,-9955.24,109.976
23466.2,-9957.04,108.192
23470.7,-9958.84,106.294
23474.9,-9960.64,104.506
23479.1,-9962.44,102.721
23483.3,-9964.24,100.937
23487.5,-9966.04,99.1788
23491.7,-9967.84,97.422
23496,-9969.64,95.6636
23500.2,-9971.44,93.8386
23504.4,-9973.24,92.0221
23508.6,-9975.04,90.2099
23512.8,-9976.84,88.4235
23517.1,-9978.64,86.6355
23521.3,-9980.44,84.8484
23525.5,-9982.24,83.0614
23529.7,-9984.04,81.2758
23534,-9985.84,79.4755
23538.2,-9987.64,77.6917
23542.4,-9989.44,75.908
23546.6,-9991.24,74.0578
23550.8,-9993.04,72.2087
23555.1,-9994.84,70.358
23559.3,-9996.64,68.4579
23563.6,-9998.44,66.5134
23567.9,-10000.2,64.5927
23572.1,-10002,62.7045
23576.6,-10003.8,60.8357
23580.8,-10005.6,59.0679
23585,-10007.4,57.2985
23589.2,-10009.2,55.5964
23593.5,-10011,53.8927
23597.7,-10012.8,52.1893
23601.9,-10014.6,50.4702
23606.2,-10016.4,48.6353
23610.4,-10018.2,46.8017
23614.6,-10020,44.9686
23618.8,-10021.8,43.133
23623,-10023.6,41.2947
23627.2,-10025.4,39.4583
23631.4,-10027.2,37.6247
23635.8,-10029,35.7799
23640,-10030.8,33.9862
23644.2,-10032.6,32.1916
23648.4,-10034.4,30.4019
23652.6,-10036.2,28.6884
23656.9,-10038,26.975
23661.1,-10039.8,25.2354
23665.4,-10041.6,23.4468
23669.6,-10043.4,21.6757
23673.8,-10045.2,19.9109
23678,-10047,18.1487
23682.2,-10048.8,16.3201
23686.5,-10050.6,14.5033
23690.7,-10052.4,12.7081
23695,-10054.2,10.9303
23699.2,-10056,9.24202
23703.5,-10057.8,7.60873
23707.7,-10059.6,6.09419
23711.9,-10061.4,4.83713
23716.1,-10063.2,3.96773
23720.3,-10065,3.76776
23724.5,-10066.8,4.3841
23728.8,-10068.6,5.55174
23733,-10070.4,6.99912
23737.2,-10072.2,8.5891
23741.4,-10074,10.2439
23745.6,-10075.8,11.9435
23749.8,-10077.6,13.6692
23754,-10079.4,15.4125
23758.3,-10081.2,17.1907
23762.6,-10083,18.9444
23766.8,-10084.8,20.7223
23771.2,-10086.6,22.5033
23775.4,-10088.4,24.2708
23779.7,-10090.2,26.0114
23784.1,-10092,27.8405
23788.6,-10093.8,29.674
23792.9,-10095.6,31.4635
23797.1,-10097.4,33.2107
23801.3,-10099.2,34.9329
23805.6,-10101,36.6753
23809.8,-10102.8,38.3986
23814,-10104.6,40.1915
23818.2,-10106.4,41.9819
23822.4,-10108.2,43.7729
23826.7,-10110,45.5661
23831.1,-10111.8,47.5041
23835.4,-10113.6,49.3293
23839.6,-10115.4,51.1533
23843.8,-10117.2,52.976
23848,-10119,54.7469
23852.2,-10120.8,56.5189
23856.4,-10122.6,58.2903
23860.6,-10124.4,60.0414
23864.9,-10126.2,61.7959
23869.1,-10128,63.5604
23873.3,-10129.8,65.3384
23877.5,-10131.6,67.1183
23881.8,-10133.4,68.895
23886,-10135.2,70.6743
23890.2,-10137,72.4572
23894.4,-10138.8,74.2444
23898.6,-10140.6,76.0275
23902.8,-10142.4,77.8107
23907.1,-10144.2,79.6144
23911.3,-10146,81.4057
23915.5,-10147.8,83.1979
23919.7,-10149.6,85.0036
23924,-10151.4,86.8529
23928.3,-10153.2,88.6578
23932.5,-10155,90.4645
23936.7,-10156.8,92.2732
23940.9,-10158.6,94.0819
23945.1,-10160.4,95.8923
23949.3,-10162.2,97.7054
23953.5,-10164,99.5194
23957.8,-10165.8,101.333
23962,-10167.6,103.149
23966.2,-10169.4,104.976
23970.4,-10171.2,106.789
23974.7,-10173,108.605
23979.1,-10174.8,110.483
23983.3,-10176.6,112.278
23987.5,-10178.4,114.075
23991.7,-10180.2,115.868
23996,-10182,117.627
24001.6,-10183.8,119.955
24005.8,-10185.6,121.721
24010,-10187.4,123.38
24014.2,-10189.2,125.042
24018.5,-10191,126.7
24022.7,-10192.8,128.36
24027,-10194.6,130.034
24031.4,-10196.4,131.769
24035.8,-10198.2,133.49
24040.6,-10200,135.556
24045,-10201.8,137.46
24049.3,-10203.6,139.351
24053.7,-10205.4,141.242
24058.2,-10207.2,143.003
24062.6,-10209,144.785
24067.4,-10210.8,146.674
24072.3,-10212.6,148.655
24078.7,-10214.4,151.215
24083,-10216.2,152.97
24087.3,-10218,154.576
24091.5,-10219.8,156.178
24095.7,-10221.6,157.779
24099.9,-10223.4,159.275
24104.2,-10225.2,160.773
24108.4,-10227,162.297
24112.7,-10228.8,163.793
24116.9,-10230.6,165.685
24121.1,-10232.4,167.573
24125.4,-10234.2,169.489
24129.6,-10236,171.336
24133.9,-10237.8,173.159
24138.1,-10239.6,174.984
24142.3,-10241.4,176.805
24146.5,-10243.2,178.571
24150.7,-10245,180.336
24154.9,-10246.8,182.101
24159.3,-10248.6,183.984
24163.5,-10250.4,185.79
24167.8,-10252.2,187.61
24172,-10254,189.414
24176.2,-10255.8,191.198
24180.4,-10257.6,192.979
24184.7,-10259.4,194.761
24188.9,-10261.2,196.541
24193.1,-10263,198.316
24197.3,-10264.8,200.095
24201.5,-10266.6,201.869
24205.7,-10268.4,203.624
24210,-10270.2,205.379
24214.2,-10272,207.135
24218.6,-10273.8,208.997
24222.8,-10275.6,210.781
24227,-10277.4,212.566
24231.2,-10279.2,214.348
24235.4,-10281,216.076
24239.7,-10282.8,217.799
24243.9,-10284.6,219.524
24248.1,-10286.4,221.251
24252.3,-10288.2,223.04
24256.5,-10290,224.832
24260.7,-10291.8,226.622
24265,-10293.6,228.461
24269.2,-10295.4,230.31
24273.4,-10297.2,232.147
24277.6,-10299,233.987
24281.9,-10300.8,235.799
24286.1,-10302.6,237.611
24290.3,-10304.4,239.42
24294.5,-10306.2,241.227
24298.7,-10308,243.031
24302.9,-10309.8,244.837
24307.2,-10311.6,246.643
24311.5,-10313.4,248.525
24315.7,-10315.2,250.343
24320,-10317,252.157
24324.2,-10318.8,253.974
24328.4,-10320.6,255.743
24332.6,-10322.4,257.515
24336.8,-10324.2,259.287
24341,-10326,261.064
24345.3,-10327.8,262.844
24349.5,-10329.6,264.619
24353.7,-10331.4,266.395
24357.9,-10333.2,268.193
24362.1,-10335,269.989
24366.3,-10336.8,271.788
24370.6,-10338.6,273.584
24374.8,-10340.4,275.37
24379,-10342.2,277.151
24383.2,-10344,278.933
24387.4,-10345.8,280.714
24391.7,-10347.6,282.494
24395.9,-10349.4,284.275
24400.2,-10351.2,286.125
24404.4,-10353,287.932
24408.6,-10354.8,289.736
24412.8,-10356.6,291.539
24417.1,-10358.4,293.325
24421.3,-10360.2,295.111
24425.5,-10362,296.899
24429.7,-10363.8,298.708
24434,-10365.6,300.534
24438.2,-10367.4,302.345
24442.4,-10369.2,304.154
24446.6,-10371,305.957
24450.8,-10372.8,307.759
24455,-10374.6,309.563
24459.4,-10376.4,311.439
24463.7,-10378.2,313.262
24468,-10380,315.073
24472.2,-10381.8,316.87
24476.6,-10383.6,318.697
24480.9,-10385.4,320.424
24485.1,-10387.2,322.15
24489.3,-10389,323.874
24493.5,-10390.8,325.61
24497.7,-10392.6,327.347
24501.9,-10394.4,329.079
24506.2,-10396.2,330.859
24510.4,-10398,332.637
24514.6,-10399.8,334.416
24518.8,-10401.6,336.191
24523,-10403.4,337.964
24527.2,-10405.2,339.735
24531.5,-10407,341.501
24535.7,-10408.8,343.274
24539.9,-10410.6,345.04
24544.1,-10412.4,346.797
24548.3,-10414.2,348.537
24552.5,-10416,350.273
24556.8,-10417.8,351.974
24561,-10419.6,353.603
24565.2,-10421.4,355.113
24569.4,-10423.2,356.318
24573.6,-10425,356.833
24577.9,-10426.8,356.364
24582.1,-10428.6,355.217
24586.3,-10430.4,353.748
24590.5,-10432.2,352.14
24594.7,-10434,350.462
24598.9,-10435.8,348.75
24603.2,-10437.6,347.013
24607.4,-10439.4,345.258
24611.7,-10441.2,343.468
24615.9,-10443,341.704
24620.1,-10444.8,339.932
24624.7,-10446.6,338.047
24629,-10448.4,336.258
24633.2,-10450.2,334.496
24637.5,-10452,332.703
24642,-10453.8,330.828
24646.4,-10455.6,329.046
24650.6,-10457.4,327.312
24654.8,-10459.2,325.565
24659,-10461,323.828
24663.3,-10462.8,322.092
24667.5,-10464.6,320.352
24671.7,-10466.4,318.496
24676,-10468.2,316.651
24680.2,-10470,314.809
24684.4,-10471.8,312.946
24688.6,-10473.6,311.083
24692.8,-10475.4,309.223
24697,-10477.2,307.359
24701.3,-10479,305.532
24705.5,-10480.8,303.702
24709.7,-10482.6,301.876
24713.9,-10484.4,300.036
24718.1,-10486.2,298.219
24722.4,-10488,296.402
24726.6,-10489.8,294.585
24730.8,-10491.6,292.784
24735,-10493.4,290.982
24739.2,-10495.2,289.183
24743.4,-10497,287.382
24747.7,-10498.8,285.58
24751.9,-10500.6,283.779
24756.1,-10502.4,281.978
24760.3,-10504.2,280.181
24764.5,-10506,278.38
24768.8,-10507.8,276.57
24773,-10509.6,274.772
24777.2,-10511.4,272.992
24781.4,-10513.2,271.212
24785.7,-10515,269.43
24789.9,-10516.8,267.659
24794.1,-10518.6,265.885
24798.3,-10520.4,264.114
24802.5,-10522.2,262.343
24806.9,-10524,260.467
24811.1,-10525.8,258.666
24815.4,-10527.6,256.828
24819.6,-10529.4,255.027
24824.2,-10531.2,253.087
24828.4,-10533,251.283
24832.6,-10534.8,249.481
24836.8,-10536.6,247.768
24841.1,-10538.4,246.031
24845.3,-10540.2,244.319
24849.5,-10542,242.609
24853.7,-10543.8,240.832
24858,-10545.6,239.05
24862.2,-10547.4,237.271
24866.5,-10549.2,235.449
24870.7,-10551,233.646
24874.9,-10552.8,231.854
24879.2,-10554.6,230.057
24883.4,-10556.4,228.282
24887.6,-10558.2,226.506
24891.9,-10560,224.732
24896.1,-10561.8,222.961
24900.3,-10563.6,221.191
24904.5,-10565.4,219.419
24908.7,-10567.2,217.652
24912.9,-10569,215.919
24917.2,-10570.8,214.171
24921.4,-10572.6,212.437
24925.6,-10574.4,210.674
24929.8,-10576.2,208.916
24934,-10578,207.155
24938.3,-10579.8,205.397
24942.5,-10581.6,203.541
24946.7,-10583.4,201.683
24950.9,-10585.2,199.827
24955.1,-10587,197.964
24959.3,-10588.8,196.104
24963.6,-10590.6,194.245
24967.8,-10592.4,192.382
24972.1,-10594.2,190.579
24976.3,-10596,188.802
24980.5,-10597.8,187.03
24984.7,-10599.6,185.257
24988.9,-10601.4,183.54
24993.1,-10603.2,181.822
24997.4,-10605,180.102
25001.6,-10606.8,178.287
25005.8,-10608.6,176.467
25010,-10610.4,174.651
25014.2,-10612.2,172.82
25018.5,-10614,170.977
25022.7,-10615.8,169.146
25026.9,-10617.6,167.314
25031.1,-10619.4,165.529
25035.3,-10621.2,163.74
25039.5,-10623,161.954
25043.7,-10624.8,160.169
25048,-10626.6,158.44
25052.2,-10628.4,156.711
25056.4,-10630.2,154.983
25060.9,-10632,153.076
25065.3,-10633.8,151.231
25069.5,-10635.6,149.428
25073.7,-10637.4,147.643
25078,-10639.2,145.892
25082.2,-10641,144.141
25086.4,-10642.8,142.392
25090.6,-10644.6,140.477
25094.8,-10646.4,138.559
25099,-10648.2,136.649
25103.3,-10650,134.735
25107.5,-10651.8,132.945
25111.7,-10653.6,131.155
25115.9,-10655.4,129.365
25120.2,-10657.2,127.619
25124.4,-10659,125.887
25128.6,-10660.8,124.159
25132.8,-10662.6,122.429
25137.2,-10664.4,120.618
25141.4,-10666.2,118.859
25145.6,-10668,117.098
25149.8,-10669.8,115.34
25154,-10671.6,113.506
25158.2,-10673.4,111.673
25162.5,-10675.2,109.843
25166.7,-10677,108.004
25170.9,-10678.8,106.154
25175.1,-10680.6,104.316
25179.4,-10682.4,102.554
25183.6,-10684.2,100.791
25187.8,-10686,99.0274
25192,-10687.8,97.2662
25196.2,-10689.6,95.4644
25200.4,-10691.4,93.6634
25204.7,-10693.2,91.8617
25208.9,-10695,90.0625
25213.1,-10696.8,88.2027
25217.3,-10698.6,86.3404
25221.5,-10700.4,84.4678
25225.8,-10702.2,82.5907
25230,-10704,80.7154
25234.2,-10705.8,78.8394
25238.4,-10707.6,76.9662
25242.6,-10709.4,75.147
25246.8,-10711.2,73.3245
25251.1,-10713,71.5055
25255.3,-10714.8,69.6943
25259.5,-10716.6,67.885
25263.7,-10718.4,66.0766
25267.9,-10720.2,64.2651
25272.2,-10722,62.4542
25276.4,-10723.8,60.6526
25280.6,-10725.6,58.8545
25285.1,-10727.4,56.9411
25289.3,-10729.2,55.132
25293.5,-10731,53.3214
25297.7,-10732.8,51.512
25301.9,-10734.6,49.7659
25306.1,-10736.4,48.0178
25310.4,-10738.2,46.2724
25314.6,-10740,44.5257
25318.8,-10741.8,42.7438
25323,-10743.6,40.9492
25327.3,-10745.4,39.1666
25331.5,-10747.2,37.3824
25335.7,-10749,35.5957
25339.9,-10750.8,33.8131
25344.3,-10752.6,31.872
25348.5,-10754.4,30.0194
25352.8,-10756.2,28.1708
25357,-10758,26.3221
25361.2,-10759.8,24.4963
25365.4,-10761.6,22.6703
25369.7,-10763.4,20.8425
25373.9,-10765.2,19.0312
25378.1,-10767,17.3011
25382.3,-10768.8,15.581
25386.5,-10770.6,13.8697
25390.7,-10772.4,12.1804
25395,-10774.2,10.5149
25399.2,-10776,8.89109
25403.4,-10777.8,7.33471
25407.6,-10779.6,5.86236
25411.8,-10781.4,4.65653
25416,-10783.2,3.96299
25420.2,-10785,4.02006
25424.5,-10786.8,4.7898
25428.7,-10788.6,5.99627
25432.9,-10790.4,7.43062
25437.1,-10792.2,8.9922
25441.4,-10794,10.6113
25445.6,-10795.8,12.2712
25449.8,-10797.6,13.9556
25454,-10799.4,15.6805
