4.35155,-1.8,0.279765
8.8579,-3.6,0.279765
13.115,-5.4,0.268341
17.4664,-7.2,0.265408
21.7096,-9,0.279765
25.92,-10.8,0.311533
30.2174,-12.6,0.478062
34.8048,-14.4,0.979578
39.1428,-16.2,1.50607
43.3683,-18,3.30513
47.5803,-19.8,5.10641
51.797,-21.6,6.90982
56.0137,-23.4,8.71307
60.2249,-25.2,10.7786
64.4465,-27,12.8484
68.6638,-28.8,14.9165
72.8829,-30.6,16.9532
77.0982,-32.4,18.9871
81.3214,-34.2,21.0264
85.5333,-36,23.0058
89.7488,-37.8,24.9868
93.9663,-39.6,26.9687
98.181,-41.4,28.9491
102.403,-43.2,30.9255
106.618,-45,32.9001
110.88,-46.8,34.8957
115.097,-48.6,36.8707
119.322,-50.4,38.8423
123.541,-52.2,40.8126
127.756,-54,42.7803
131.973,-55.8,44.7237
136.191,-57.6,46.6666
140.407,-59.4,48.6107
144.624,-61.2,50.5544
148.839,-63,52.4815
153.061,-64.8,54.4121
157.278,-66.6,56.3407
161.497,-68.4,58.2665
165.71,-70.2,60.1894
169.93,-72,62.1152
174.15,-73.8,64.0423
178.367,-75.6,65.9287
182.586,-77.4,67.8163
186.802,-79.2,69.7024
191.02,-81,71.5894
195.231,-82.8,73.4497
199.446,-84.6,75.3125
203.664,-86.4,77.1762
207.878,-88.2,79.0146
212.098,-90,80.8549
216.316,-91.8,82.6959
220.614,-93.6,84.5698
224.836,-95.4,86.3726
229.052,-97.2,88.1722
233.276,-99,89.9745
237.493,-100.8,91.7568
241.709,-102.6,93.5403
245.921,-104.4,95.3211
250.137,-106.2,97.1036
254.355,-108,98.8559
258.575,-109.8,100.61
262.793,-111.6,102.362
267.005,-113.4,104.1
271.222,-115.2,105.839
275.435,-117,107.576
279.648,-118.8,109.314
283.866,-120.6,111.034
288.08,-122.4,112.752
292.299,-124.2,114.473
296.513,-126,116.184
300.732,-127.8,117.897
304.943,-129.6,119.608
309.156,-131.4,121.319
313.373,-133.2,123.016
317.588,-135,124.712
321.805,-136.8,126.409
326.019,-138.6,128.105
330.235,-140.4,129.787
334.452,-142.2,131.472
338.668,-144,133.156
342.886,-145.8,134.829
347.099,-147.6,136.499
351.324,-149.4,138.175
355.537,-151.2,139.846
359.752,-153,141.499
363.97,-154.8,143.152
368.182,-156.6,144.803
372.401,-158.4,146.452
376.614,-160.2,148.099
380.834,-162,149.747
385.047,-163.8,151.394
389.263,-165.6,153.017
393.481,-167.4,154.64
397.694,-169.2,156.262
401.912,-171,157.885
406.125,-172.8,159.506
410.337,-174.6,161.127
414.561,-176.4,162.752
418.775,-178.2,164.387
422.993,-180,166.024
427.206,-181.8,167.659
431.425,-183.6,169.296
435.636,-185.4,171.048
439.849,-187.2,172.801
444.066,-189,174.556
448.283,-190.8,176.311
452.499,-192.6,178.066
456.711,-194.4,179.818
460.93,-196.2,181.574
465.143,-198,183.327
469.357,-199.8,185.08
473.574,-201.6,186.835
477.788,-203.4,188.589
482.006,-205.2,190.344
486.216,-207,192.096
490.429,-208.8,193.849
494.647,-210.6,195.604
498.859,-212.4,197.357
503.082,-214.2,199.114
507.298,-216,200.964
511.515,-217.8,202.792
515.731,-219.6,204.583
519.947,-221.4,206.355
524.172,-223.2,208.148
528.387,-225,209.936
532.606,-226.8,211.725
536.82,-228.6,213.506
541.041,-230.4,215.315
545.256,-232.2,217.122
549.469,-234,218.928
553.692,-235.8,220.745
557.907,-237.6,222.559
562.126,-239.4,224.374
566.337,-241.2,226.213
570.622,-243,228.084
574.843,-244.8,229.928
579.059,-246.6,231.769
583.282,-248.4,233.583
587.499,-250.2,235.394
591.715,-252,237.205
595.93,-253.8,239.015
600.144,-255.6,240.851
604.364,-257.4,242.687
608.582,-259.2,244.526
612.8,-261,246.349
617.018,-262.8,248.172
621.24,-264.6,249.996
625.454,-266.4,251.817
629.668,-268.2,253.639
633.89,-270,255.463
638.105,-271.8,257.284
642.324,-273.6,259.128
646.539,-275.4,260.97
650.756,-277.2,262.812
654.967,-279,264.652
659.182,-280.8,266.473
663.402,-282.6,268.297
667.617,-284.4,270.118
671.834,-286.2,271.937
676.046,-288,273.755
680.262,-289.8,275.573
684.48,-291.6,277.393
688.695,-293.4,279.201
692.914,-295.2,281.01
697.129,-297,282.818
701.347,-298.8,284.627
705.563,-300.6,286.454
709.777,-302.4,288.28
713.999,-304.2,290.108
718.216,-306,291.937
722.436,-307.8,293.767
726.653,-309.6,295.594
730.872,-311.4,297.423
735.086,-313.2,299.241
739.303,-315,301.059
743.524,-316.8,302.879
747.739,-318.6,304.705
751.957,-320.4,306.532
756.172,-322.2,308.358
760.387,-324,310.184
764.608,-325.8,311.988
768.824,-327.6,313.794
773.043,-329.4,315.599
777.262,-331.2,317.404
781.481,-333,319.218
785.758,-334.8,321.058
789.972,-336.6,322.871
794.195,-338.4,324.674
798.414,-340.2,326.475
802.631,-342,328.278
806.846,-343.8,330.087
811.068,-345.6,331.899
815.286,-347.4,333.71
819.501,-349.2,335.519
823.718,-351,337.343
827.936,-352.8,339.167
832.155,-354.6,340.992
836.369,-356.4,342.815
840.632,-358.2,344.676
844.844,-360,346.515
849.104,-361.8,348.374
853.326,-363.6,350.234
857.565,-365.4,352.098
861.886,-367.2,354
866.163,-369,355.885
870.388,-370.8,357.736
874.718,-372.6,359.559
879.281,-374.4,358.323
883.643,-376.199,356.407
887.867,-377.999,354.549
892.126,-379.799,352.682
896.466,-381.599,350.798
900.707,-383.399,348.959
904.925,-385.199,347.133
909.14,-386.999,345.307
913.361,-388.799,343.454
917.581,-390.599,341.6
921.8,-392.399,339.747
926.013,-394.199,337.896
930.229,-395.999,336.027
934.447,-397.799,334.154
938.662,-399.599,332.285
942.882,-401.399,330.385
947.096,-403.199,328.487
951.319,-404.999,326.585
955.534,-406.799,324.688
959.748,-408.599,322.789
963.967,-410.399,320.888
968.183,-412.199,318.989
972.404,-413.999,317.086
976.619,-415.799,315.186
980.84,-417.599,313.282
985.052,-419.399,311.383
989.272,-421.199,309.504
993.491,-422.999,307.624
997.706,-424.799,305.747
1001.93,-426.599,303.887
1006.14,-428.399,302.03
1010.36,-430.199,300.173
1014.58,-431.999,298.312
1018.8,-433.799,296.481
1023.02,-435.599,294.648
1027.23,-437.399,292.819
1031.45,-439.199,290.986
1035.67,-440.999,289.184
1039.88,-442.799,287.381
1044.1,-444.599,285.577
1048.32,-446.399,283.791
1052.54,-448.199,282.005
1056.75,-449.999,280.219
1060.97,-451.799,278.433
1065.19,-453.599,276.676
1069.41,-455.399,274.922
1073.63,-457.199,273.166
1077.84,-458.999,271.427
1082.06,-460.799,269.684
1086.28,-462.599,267.943
1090.5,-464.399,266.203
1094.71,-466.199,264.486
1098.93,-467.999,262.769
1103.15,-469.799,261.052
1107.37,-471.599,259.342
1111.59,-473.399,257.629
1115.81,-475.199,255.918
1120.03,-476.999,254.208
1124.25,-478.799,252.516
1128.46,-480.599,250.827
1132.68,-482.399,249.135
1136.9,-484.199,247.456
1141.12,-485.999,245.774
1145.34,-487.799,244.097
1149.55,-489.599,242.418
1153.77,-491.399,240.754
1157.99,-493.199,239.091
1162.21,-494.999,237.426
1166.43,-496.799,235.761
1170.65,-498.599,234.115
1174.86,-500.399,232.473
1179.08,-502.199,230.83
1183.3,-503.999,229.184
1187.52,-505.799,227.542
1191.73,-507.599,225.898
1195.95,-509.399,224.255
1200.17,-511.199,222.58
1204.39,-512.999,220.902
1208.6,-514.799,219.228
1212.82,-516.599,217.425
1217.04,-518.399,215.623
1221.27,-520.199,213.82
1225.48,-521.999,212.021
1229.69,-523.799,210.195
1233.92,-525.599,208.367
1238.14,-527.398,206.539
1242.36,-529.198,204.728
1246.57,-530.998,202.917
1250.79,-532.798,201.106
1255,-534.598,199.299
1259.22,-536.398,197.496
1263.44,-538.198,195.69
1267.66,-539.998,193.887
1271.87,-541.798,192.082
1276.09,-543.598,190.281
1280.31,-545.398,188.477
1284.52,-547.198,186.673
1288.74,-548.998,184.876
1292.96,-550.798,183.077
1297.17,-552.598,181.278
1301.39,-554.398,179.479
1305.61,-556.198,177.705
1309.82,-557.998,175.929
1314.04,-559.798,174.152
1318.26,-561.598,172.355
1322.49,-563.398,170.558
1326.76,-565.198,168.741
1330.99,-566.998,166.94
1335.21,-568.798,165.156
1339.43,-570.598,163.372
1343.65,-572.398,161.588
1347.86,-574.198,159.782
1352.08,-575.998,157.975
1356.3,-577.798,156.169
1360.51,-579.598,154.363
1364.73,-581.398,152.562
1368.95,-583.198,150.762
1373.17,-584.998,148.96
1377.38,-586.798,147.159
1381.6,-588.598,145.322
1385.82,-590.398,143.488
1390.04,-592.198,141.651
1394.26,-593.998,139.853
1398.47,-595.798,138.057
1402.69,-597.598,136.258
1406.91,-599.398,134.446
1411.13,-601.198,132.63
1415.35,-602.998,130.818
1419.57,-604.798,129.004
1423.79,-606.598,127.21
1428.01,-608.398,125.418
1432.23,-610.198,123.626
1436.44,-611.998,121.833
1440.66,-613.798,120.021
1444.88,-615.598,118.211
1449.09,-617.398,116.402
1453.31,-619.198,114.575
1457.53,-620.998,112.751
1461.75,-622.798,110.926
1465.96,-624.598,109.103
1470.18,-626.398,107.282
1474.4,-628.198,105.459
1478.61,-629.998,103.639
1482.83,-631.798,101.8
1487.05,-633.598,99.9619
1491.27,-635.398,98.1216
1495.54,-637.198,96.2576
1499.76,-638.998,94.4333
1503.98,-640.798,92.6083
1508.2,-642.598,90.7844
1512.42,-644.398,88.9589
1516.64,-646.198,87.1125
1520.86,-647.998,85.2652
1525.08,-649.798,83.4203
1529.3,-651.598,81.5948
1533.52,-653.398,79.7696
1537.74,-655.198,77.9464
1541.95,-656.998,76.1219
1546.17,-658.798,74.3079
1550.39,-660.598,72.4922
1554.61,-662.398,70.6765
1558.82,-664.198,68.861
1563.05,-665.998,67.0431
1567.26,-667.798,65.2273
1571.48,-669.598,63.411
1575.7,-671.398,61.6159
1579.91,-673.198,59.8187
1584.14,-674.997,58.0206
1588.35,-676.797,56.2137
1592.57,-678.597,54.4028
1596.79,-680.397,52.5946
1601.01,-682.197,50.7854
1605.22,-683.997,48.9976
1609.44,-685.797,47.2061
1613.66,-687.597,45.4154
1617.88,-689.397,43.6037
1622.11,-691.197,41.7923
1626.32,-692.997,39.9804
1630.54,-694.797,38.1711
1634.76,-696.597,36.3603
1638.98,-698.397,34.5522
1643.2,-700.197,32.741
1647.42,-701.997,30.9157
1651.64,-703.797,29.0877
1655.85,-705.597,27.2643
1660.07,-707.397,25.4378
1664.29,-709.197,23.6096
1668.52,-710.997,21.7818
1672.74,-712.797,19.9543
1676.95,-714.597,18.1284
1681.18,-716.397,16.3096
1685.39,-718.197,14.4948
1689.61,-719.997,12.6801
1693.87,-721.797,10.8435
1698.09,-723.597,9.02568
1702.33,-725.397,7.20043
1706.65,-727.197,5.34142
1710.94,-728.997,3.50669
1715.16,-730.797,1.71459
1719.49,-732.597,0.326259
1724.1,-734.397,2.14676
1728.54,-736.197,4.05207
1732.77,-737.997,5.86276
1736.99,-739.797,7.668
1741.21,-741.597,9.43118
1745.43,-743.397,11.195
1749.65,-745.197,12.9588
1753.87,-746.997,14.7862
1758.09,-748.797,16.6111
1762.31,-750.597,18.4391
1766.53,-752.397,20.2636
1770.75,-754.197,22.1109
1774.97,-755.997,23.9554
1779.19,-757.797,25.8016
1783.41,-759.597,27.6755
1787.63,-761.397,29.5462
1791.85,-763.197,31.4179
1796.07,-764.997,33.2889
1800.29,-766.797,35.1537
1804.51,-768.597,37.0216
1808.73,-770.397,38.8861
1812.95,-772.197,40.7544
1817.18,-773.997,42.6278
1821.41,-775.797,44.4956
1825.62,-777.597,46.3596
1829.83,-779.397,48.2043
1834.06,-781.197,50.0542
1838.28,-782.997,51.9016
1842.57,-784.797,53.7629
1846.79,-786.597,55.5948
1851.01,-788.397,57.4286
1855.23,-790.197,59.2589
1859.45,-791.997,61.0674
1863.67,-793.797,62.8765
1867.89,-795.597,64.6842
1872.11,-797.397,66.4933
1876.33,-799.197,68.2761
1880.58,-800.997,70.0754
1884.81,-802.797,71.8614
1889.03,-804.597,73.6339
1893.25,-806.397,75.409
1897.47,-808.197,77.1798
1901.81,-809.997,78.984
1906.03,-811.797,80.7359
1910.25,-813.597,82.4885
1914.47,-815.397,84.2427
1918.7,-817.197,85.9837
1922.92,-818.997,87.7246
1927.14,-820.797,89.4643
1931.36,-822.596,91.2035
1935.58,-824.396,92.9147
1939.8,-826.196,94.6291
1944.03,-827.996,96.3433
1948.25,-829.796,98.0471
1952.54,-831.596,99.752
1956.76,-833.396,101.483
1960.98,-835.196,103.187
1965.2,-836.996,104.867
1969.42,-838.796,106.548
1973.64,-840.596,108.229
1977.86,-842.396,109.918
1982.08,-844.196,111.61
1986.3,-845.996,113.3
1990.52,-847.796,114.99
1994.76,-849.596,116.732
1998.98,-851.396,118.464
2003.2,-853.196,120.198
2007.42,-854.996,121.929
2011.64,-856.796,123.728
2015.86,-858.596,125.525
2020.08,-860.396,127.322
2024.31,-862.196,129.142
2028.53,-863.996,130.959
2032.75,-865.796,132.778
2036.96,-867.596,134.593
2041.19,-869.396,136.393
2045.41,-871.196,138.188
2049.63,-872.996,139.982
2053.85,-874.796,141.793
2058.07,-876.596,143.603
2062.29,-878.396,145.416
2066.51,-880.196,147.225
2070.73,-881.996,149.027
2074.94,-883.796,150.828
2079.16,-885.596,152.629
2083.38,-887.396,154.433
2087.6,-889.196,156.236
2091.82,-890.996,158.04
2096.04,-892.796,159.842
2100.26,-894.596,161.624
2104.48,-896.396,163.407
2108.7,-898.196,165.19
2112.92,-899.996,166.976
2117.14,-901.796,168.761
2121.36,-903.596,170.547
2125.58,-905.396,172.329
2129.79,-907.196,174.107
2134.02,-908.996,175.89
2138.24,-910.796,177.67
2142.69,-912.596,179.553
2146.91,-914.396,181.339
2151.13,-916.196,183.128
2155.35,-917.996,184.911
2159.57,-919.796,186.675
2163.79,-921.596,188.441
2168.01,-923.396,190.205
2172.24,-925.196,191.969
2176.45,-926.996,193.775
2180.68,-928.796,195.585
2184.9,-930.596,197.391
2189.12,-932.396,199.226
2193.41,-934.196,201.088
2197.62,-935.996,202.92
2201.84,-937.796,204.753
2206.06,-939.596,206.541
2210.28,-941.396,208.33
2214.5,-943.196,210.119
2218.73,-944.996,211.938
2222.95,-946.796,213.759
2227.17,-948.596,215.578
2231.39,-950.396,217.397
2235.6,-952.196,219.191
2239.82,-953.996,220.989
2244.04,-955.796,222.787
2248.27,-957.596,224.605
2252.49,-959.396,226.423
2256.71,-961.196,228.238
2260.93,-962.996,230.057
2265.15,-964.796,231.865
2269.37,-966.596,233.671
2273.59,-968.396,235.479
2277.8,-970.195,237.301
2282.03,-971.995,239.126
2286.24,-973.795,240.947
2290.46,-975.595,242.769
2294.68,-977.395,244.61
2298.9,-979.195,246.447
2303.12,-980.995,248.286
2307.34,-982.795,250.122
2311.56,-984.595,251.954
2315.78,-986.395,253.783
2320,-988.195,255.615
2324.23,-989.995,257.448
2328.45,-991.795,259.28
2332.67,-993.595,261.113
2336.89,-995.395,262.944
2341.11,-997.195,264.753
2345.33,-998.995,266.564
2349.55,-1000.8,268.374
2353.77,-1002.6,270.188
2357.99,-1004.4,272.001
2362.21,-1006.2,273.813
2366.44,-1008,275.628
2370.66,-1009.8,277.431
2374.88,-1011.6,279.232
2379.09,-1013.4,281.032
2383.32,-1015.2,282.842
2387.54,-1017,284.648
2391.78,-1018.8,286.459
2396.14,-1020.6,288.321
2400.72,-1022.4,290.279
2404.96,-1024.2,292.085
2409.18,-1026,293.887
2413.72,-1027.8,295.754
2417.95,-1029.6,297.496
2422.18,-1031.4,299.239
2426.46,-1033.2,300.977
2430.69,-1035,302.755
2434.91,-1036.8,304.503
2439.13,-1038.6,306.249
2443.35,-1040.4,307.996
2447.57,-1042.2,309.812
2451.79,-1044,311.63
2456.01,-1045.8,313.446
2460.23,-1047.6,315.276
2464.45,-1049.4,317.11
2468.67,-1051.2,318.942
2472.94,-1053,320.781
2477.16,-1054.8,322.599
2481.38,-1056.6,324.419
2485.6,-1058.4,326.234
2489.82,-1060.2,328.033
2494.04,-1062,329.834
2498.26,-1063.8,331.633
2502.49,-1065.6,333.433
2506.7,-1067.4,335.226
2510.93,-1069.2,337.021
2515.14,-1071,338.812
2519.37,-1072.8,340.622
2523.59,-1074.6,342.432
2527.81,-1076.4,344.24
2532.03,-1078.2,346.049
2536.25,-1080,347.844
2540.51,-1081.8,349.657
2544.73,-1083.6,351.454
2548.99,-1085.4,353.274
2553.35,-1087.2,355.143
2557.65,-1089,356.982
2561.88,-1090.8,358.75
2573.14,-1092.6,356.361
2577.66,-1094.4,354.527
2581.89,-1096.2,352.815
2586.11,-1098,351.107
2590.33,-1099.8,349.397
2594.55,-1101.6,347.889
2598.77,-1103.4,346.382
2602.99,-1105.2,344.875
2607.21,-1107,343.369
2611.43,-1108.8,341.662
2615.65,-1110.6,339.956
2619.87,-1112.4,338.248
2624.09,-1114.2,336.453
2628.31,-1116,334.658
2632.53,-1117.8,332.862
2636.75,-1119.6,331.068
2640.97,-1121.4,329.236
2645.19,-1123.2,327.404
2649.41,-1125,325.57
2653.64,-1126.8,323.737
2657.85,-1128.6,321.906
2662.08,-1130.4,320.071
2666.29,-1132.2,318.239
2670.51,-1134,316.421
2674.74,-1135.8,314.601
2678.95,-1137.6,312.782
2683.43,-1139.4,310.87
2687.69,-1141.2,309.02
2691.92,-1143,307.202
2696.12,-1144.8,305.392
2700.34,-1146.6,303.632
2704.57,-1148.4,301.867
2708.89,-1150.2,300.061
2713.11,-1152,298.299
2717.32,-1153.8,296.538
2721.55,-1155.6,294.772
2725.76,-1157.4,293.01
2729.97,-1159.2,291.267
2734.18,-1161,289.52
2738.39,-1162.8,287.774
2742.61,-1164.6,286.024
2746.82,-1166.4,284.307
2751.04,-1168.2,282.588
2755.26,-1170,280.871
2759.47,-1171.8,279.165
2763.69,-1173.6,277.457
2767.91,-1175.4,275.752
2772.12,-1177.2,274.045
2776.33,-1179,272.369
2780.58,-1180.8,270.68
2784.8,-1182.6,269
2789.01,-1184.4,267.317
2793.23,-1186.2,265.632
2797.44,-1188,263.949
2801.66,-1189.8,262.264
2805.87,-1191.6,260.545
2810.09,-1193.4,258.826
2814.3,-1195.2,257.106
2818.53,-1197,255.284
2822.76,-1198.8,253.462
2826.98,-1200.6,251.645
2831.19,-1202.4,249.831
2835.39,-1204.2,248.019
2839.61,-1206,246.205
2843.82,-1207.8,244.386
2848.04,-1209.6,242.571
2852.25,-1211.4,240.784
2856.47,-1213.2,238.995
2860.69,-1215,237.205
2864.9,-1216.8,235.428
2869.12,-1218.6,233.65
2873.33,-1220.4,231.869
2877.55,-1222.2,230.092
2881.76,-1224,228.31
2885.97,-1225.8,226.529
2890.19,-1227.6,224.749
2894.4,-1229.4,222.944
2898.62,-1231.2,221.14
2902.83,-1233,219.335
2907.05,-1234.8,217.532
2911.26,-1236.6,215.73
2915.47,-1238.4,213.928
2919.69,-1240.2,212.126
2923.91,-1242,210.32
2928.12,-1243.8,208.493
2932.4,-1245.6,206.636
2936.61,-1247.4,204.808
2940.83,-1249.2,202.999
2945.04,-1251,201.194
2949.25,-1252.8,199.388
2953.47,-1254.6,197.583
2957.68,-1256.4,195.78
2961.9,-1258.2,193.976
2966.11,-1260,192.174
2970.32,-1261.8,190.371
2974.54,-1263.6,188.564
2978.75,-1265.4,186.76
2982.96,-1267.2,184.953
2987.18,-1269,183.162
2991.39,-1270.8,181.368
2995.6,-1272.6,179.576
2999.82,-1274.4,177.772
3004.03,-1276.2,175.966
3008.24,-1278,174.162
3012.46,-1279.8,172.357
3016.67,-1281.6,170.566
3020.89,-1283.4,168.772
3025.1,-1285.2,166.982
3029.31,-1287,165.164
3033.53,-1288.8,163.343
3037.74,-1290.6,161.525
3041.96,-1292.4,159.705
3046.17,-1294.2,157.886
3050.38,-1296,156.066
3054.6,-1297.8,154.245
3058.81,-1299.6,152.426
3063.03,-1301.4,150.592
3067.24,-1303.2,148.761
3071.46,-1305,146.927
3075.67,-1306.8,145.107
3079.88,-1308.6,143.286
3084.1,-1310.4,141.462
3088.31,-1312.2,139.653
3092.53,-1314,137.84
3096.74,-1315.8,136.03
3100.96,-1317.6,134.218
3105.17,-1319.4,132.417
3109.38,-1321.2,130.613
3113.6,-1323,128.808
3117.82,-1324.8,127.003
3122.04,-1326.6,125.207
3126.24,-1328.4,123.416
3130.45,-1330.2,121.621
3134.67,-1332,119.81
3138.88,-1333.8,118.001
3143.09,-1335.6,116.193
3147.3,-1337.4,114.386
3151.52,-1339.2,112.589
3155.73,-1341,110.793
3159.94,-1342.8,108.998
3164.16,-1344.6,107.18
3168.37,-1346.4,105.364
3172.6,-1348.2,103.546
3176.81,-1350,101.726
3181.03,-1351.8,99.9099
3185.24,-1353.6,98.0951
3189.45,-1355.4,96.2796
3193.67,-1357.2,94.4587
3197.89,-1359,92.6323
3202.11,-1360.8,90.8038
3206.32,-1362.6,88.9795
3210.53,-1364.4,87.1563
3214.75,-1366.2,85.33
3218.96,-1368,83.5064
3223.18,-1369.8,81.6923
3227.39,-1371.6,79.8814
3231.61,-1373.4,78.069
3235.82,-1375.2,76.2594
3240.03,-1377,74.446
3244.25,-1378.8,72.6301
3248.46,-1380.6,70.8169
3252.68,-1382.4,69.0023
3256.89,-1384.2,67.2128
3261.11,-1386.01,65.4207
3265.32,-1387.81,63.631
3269.53,-1389.61,61.8265
3273.75,-1391.41,60.0185
3277.97,-1393.21,58.2139
3282.18,-1395.01,56.4074
3286.42,-1396.81,54.6204
3290.64,-1398.61,52.8182
3294.85,-1400.41,51.0312
3299.06,-1402.21,49.2273
3303.28,-1404.01,47.4213
3307.49,-1405.81,45.6176
3311.71,-1407.61,43.813
3315.92,-1409.41,42.0054
3320.17,-1411.21,40.1819
3324.39,-1413.01,38.3687
3328.6,-1414.81,36.5593
3332.82,-1416.61,34.7415
3337.03,-1418.41,32.9243
3341.25,-1420.21,31.1025
3345.46,-1422.01,29.277
3349.67,-1423.81,27.4516
3353.88,-1425.61,25.6266
3358.09,-1427.41,23.8028
3362.31,-1429.21,21.994
3366.53,-1431.01,20.1865
3370.74,-1432.81,18.3775
3374.95,-1434.61,16.5704
3379.17,-1436.41,14.7618
3383.39,-1438.21,12.953
3387.6,-1440.01,11.1466
3391.9,-1441.81,9.31953
3396.12,-1443.61,7.53258
3400.35,-1445.41,5.74253
3404.68,-1447.21,3.91769
3408.95,-1449.01,2.1453
3413.16,-1450.81,0.727389
3417.45,-1452.61,1.73094
3421.98,-1454.41,3.56404
3426.34,-1456.21,5.37853
3430.61,-1458.01,7.16325
3434.83,-1459.81,8.91555
3439.05,-1461.61,10.6686
3443.27,-1463.41,12.423
3447.48,-1465.21,14.177
3451.7,-1467.01,15.9646
3455.92,-1468.81,17.7516
3460.13,-1470.61,19.5384
3464.35,-1472.41,21.3623
3468.6,-1474.21,23.1961
3472.82,-1476.01,25.0213
3477.03,-1477.81,26.8423
3481.25,-1479.61,28.6587
3485.47,-1481.41,30.4741
3489.68,-1483.21,32.2901
3494.06,-1485.01,34.1662
3498.28,-1486.81,35.9756
3502.5,-1488.61,37.7869
3506.71,-1490.41,39.5953
3510.93,-1492.21,41.3775
3515.14,-1494.01,43.1578
3519.36,-1495.81,44.9377
3523.58,-1497.61,46.7206
3527.8,-1499.41,48.5017
3532.02,-1501.21,50.2859
3536.23,-1503.01,52.0659
3540.44,-1504.81,53.8485
3544.67,-1506.61,55.6329
3548.88,-1508.41,57.4151
3553.1,-1510.21,59.1984
3557.31,-1512.01,60.9653
3561.53,-1513.81,62.7351
3565.75,-1515.61,64.5014
3569.96,-1517.41,66.2739
3574.18,-1519.21,68.049
3578.4,-1521.01,69.8207
3582.61,-1522.81,71.5938
3586.88,-1524.61,73.3803
3591.1,-1526.41,75.1496
3595.31,-1528.21,76.9142
3599.53,-1530.01,78.6969
3603.75,-1531.81,80.4818
3607.96,-1533.61,82.2639
3612.18,-1535.41,84.0472
3616.39,-1537.21,85.8318
3620.65,-1539.01,87.6353
3624.97,-1540.81,89.42
3629.41,-1542.61,91.3506
3633.62,-1544.41,93.1451
3637.84,-1546.21,94.9363
3642.06,-1548.01,96.7318
3646.35,-1549.81,98.5111
3650.58,-1551.61,100.269
3654.79,-1553.41,102.018
3659.18,-1555.21,103.857
3663.4,-1557.01,105.627
3667.62,-1558.81,107.395
3671.83,-1560.61,109.164
3676.05,-1562.41,110.928
3680.26,-1564.21,112.693
3684.48,-1566.01,114.459
3688.7,-1567.81,116.254
3692.92,-1569.61,118.051
3697.14,-1571.41,119.845
3701.35,-1573.21,121.641
3705.56,-1575.01,123.45
3709.78,-1576.81,125.262
3714,-1578.61,127.075
3718.43,-1580.41,128.976
3722.65,-1582.21,130.788
3726.87,-1584.01,132.596
3731.09,-1585.81,134.405
3735.3,-1587.61,136.187
3739.52,-1589.41,137.972
3743.73,-1591.21,139.756
3747.95,-1593.01,141.539
3752.17,-1594.81,143.35
3756.38,-1596.61,145.16
3760.62,-1598.41,146.983
3764.84,-1600.21,148.796
3769.06,-1602.01,150.61
3773.27,-1603.81,152.425
3777.49,-1605.61,154.238
3781.7,-1607.41,156.022
3785.92,-1609.21,157.805
3790.13,-1611.01,159.587
3794.35,-1612.81,161.371
3798.56,-1614.61,163.167
3802.78,-1616.41,164.965
3806.99,-1618.21,166.761
3811.25,-1620.01,168.57
3815.46,-1621.81,170.364
3819.67,-1623.61,172.157
3823.89,-1625.41,173.953
3828.11,-1627.21,175.744
3832.33,-1629.01,177.538
3836.54,-1630.81,179.328
3840.76,-1632.61,181.148
3844.97,-1634.41,182.965
3849.19,-1636.21,184.782
3853.4,-1638.01,186.601
3857.62,-1639.81,188.418
3861.84,-1641.61,190.238
3866.05,-1643.41,192.054
3870.5,-1645.21,193.99
3874.72,-1647.01,195.828
3878.93,-1648.81,197.663
3883.15,-1650.61,199.5
3887.36,-1652.41,201.26
3891.6,-1654.21,203.029
3895.89,-1656.01,204.818
3900.19,-1657.81,206.674
3904.43,-1659.61,208.497
3908.64,-1661.41,210.311
3912.86,-1663.21,212.125
3917.07,-1665.01,213.888
3921.3,-1666.81,215.655
3925.51,-1668.61,217.418
3929.72,-1670.41,219.181
3933.94,-1672.21,220.989
3938.16,-1674.01,222.796
3942.38,-1675.81,224.603
3946.59,-1677.61,226.4
3950.82,-1679.41,228.199
3955.03,-1681.21,229.994
3959.24,-1683.01,231.799
3963.46,-1684.81,233.606
3967.68,-1686.61,235.41
3971.89,-1688.41,237.216
3976.11,-1690.21,239.037
3980.32,-1692.01,240.859
3984.54,-1693.81,242.682
3988.75,-1695.61,244.502
4026.95,-1697.41,243.69
4031.43,-1699.21,243.595
4035.88,-1701.01,243.695
4040.36,-1702.81,243.796
4044.87,-1704.61,243.899
4049.36,-1706.41,245.55
4053.96,-1708.21,247.255
4058.38,-1710.01,248.884
4062.77,-1711.81,250.511
4067,-1713.61,252.409
4071.23,-1715.41,254.302
4075.44,-1717.21,256.19
4079.65,-1719.01,257.974
4083.87,-1720.81,259.761
4088.09,-1722.61,261.545
4092.31,-1724.41,263.331
4096.52,-1726.21,265.128
4100.74,-1728.01,266.927
4104.95,-1729.81,268.723
4109.16,-1731.61,270.558
4113.38,-1733.41,272.395
4117.63,-1735.21,274.248
4121.85,-1737.01,276.086
4126.06,-1738.81,277.914
4130.28,-1740.61,279.745
4134.5,-1742.41,281.575
4138.72,-1744.21,283.404
4142.94,-1746.01,285.197
4147.15,-1747.81,286.986
4151.37,-1749.61,288.776
4155.58,-1751.41,290.602
4159.79,-1753.21,292.427
4164.01,-1755.02,294.256
4168.22,-1756.82,296.083
4172.45,-1758.62,297.881
4176.67,-1760.42,299.679
4180.88,-1762.22,301.474
4185.09,-1764.02,303.261
4189.3,-1765.82,305.051
4193.52,-1767.62,306.845
4197.74,-1769.42,308.636
4201.95,-1771.22,310.436
4206.16,-1773.02,312.234
4210.37,-1774.82,314.033
4214.59,-1776.62,315.836
4218.83,-1778.42,317.645
4223.05,-1780.22,319.446
4227.26,-1782.02,321.244
4231.49,-1783.82,323.053
4235.7,-1785.62,324.859
4239.92,-1787.42,326.666
4244.14,-1789.22,328.477
4248.36,-1791.02,330.294
4252.57,-1792.82,332.11
4256.78,-1794.62,333.925
4261.01,-1796.42,335.753
4265.22,-1798.22,337.577
4269.43,-1800.02,339.399
4273.74,-1801.82,341.263
4277.95,-1803.62,343.065
4282.2,-1805.42,344.879
4286.53,-1807.22,346.731
4290.81,-1809.02,348.563
4295.03,-1810.82,350.366
4299.35,-1812.62,352.199
4303.86,-1814.42,354.131
4308.2,-1816.22,355.955
4312.43,-1818.02,357.719
4316.64,-1819.82,359.405
4320.86,-1821.62,358.696
4325.07,-1823.42,356.98
4329.29,-1825.22,355.242
4333.51,-1827.02,353.501
4337.72,-1828.82,351.722
4341.94,-1830.62,349.941
4346.15,-1832.42,348.163
4350.37,-1834.22,346.349
4354.59,-1836.02,344.532
4358.8,-1837.82,342.718
4363.02,-1839.62,340.902
4367.23,-1841.42,339.09
4371.45,-1843.22,337.275
4375.66,-1845.02,335.463
4379.87,-1846.82,333.651
4384.19,-1848.62,331.792
4388.4,-1850.42,329.974
4392.62,-1852.22,328.154
4396.84,-1854.02,326.36
4401.05,-1855.82,324.563
4405.26,-1857.62,322.769
4409.48,-1859.42,320.974
4413.7,-1861.22,319.177
4417.91,-1863.02,317.382
4422.16,-1864.82,315.573
4426.37,-1866.62,313.781
4430.69,-1868.42,311.944
4434.91,-1870.22,310.153
4439.12,-1872.02,308.361
4443.37,-1873.82,306.578
4447.58,-1875.62,304.808
4451.8,-1877.42,303.037
4456.02,-1879.22,301.265
4460.23,-1881.02,299.492
4464.45,-1882.82,297.718
4468.66,-1884.62,295.946
4472.88,-1886.42,294.176
4477.1,-1888.22,292.407
4481.31,-1890.02,290.638
4485.53,-1891.82,288.848
4489.74,-1893.62,287.058
4493.96,-1895.42,285.267
4498.17,-1897.22,283.477
4502.39,-1899.02,281.686
4506.6,-1900.82,279.895
4510.82,-1902.62,278.103
4515.03,-1904.42,276.295
4519.25,-1906.22,274.486
4523.49,-1908.02,272.664
4527.7,-1909.82,270.854
4531.92,-1911.62,269.049
4536.14,-1913.42,267.246
4540.35,-1915.22,265.443
4544.57,-1917.02,263.648
4548.78,-1918.82,261.855
4553,-1920.62,260.06
4557.21,-1922.42,258.268
4561.43,-1924.22,256.469
4565.64,-1926.02,254.671
4569.85,-1927.82,252.874
4574.07,-1929.62,251.074
4578.29,-1931.42,249.288
4582.5,-1933.22,247.501
4586.71,-1935.02,245.715
4590.93,-1936.82,243.923
4595.15,-1938.62,242.133
4599.36,-1940.42,240.343
4603.58,-1942.22,238.551
4607.79,-1944.02,236.773
4612.01,-1945.82,234.992
4616.22,-1947.62,233.215
4620.43,-1949.42,231.417
4624.68,-1951.22,229.604
4628.89,-1953.02,227.804
4633.11,-1954.82,226.003
4637.32,-1956.62,224.21
4641.54,-1958.42,222.414
4645.75,-1960.22,220.62
4649.97,-1962.02,218.808
4654.19,-1963.82,216.993
4658.4,-1965.62,215.18
4662.62,-1967.42,213.365
4666.83,-1969.22,211.549
4671.05,-1971.02,209.732
4675.26,-1972.82,207.918
4679.47,-1974.62,206.103
4683.69,-1976.42,204.302
4687.9,-1978.22,202.503
4692.12,-1980.02,200.702
4696.33,-1981.82,198.903
4700.54,-1983.62,197.103
4704.76,-1985.42,195.301
4708.97,-1987.22,193.501
4713.19,-1989.02,191.719
4717.4,-1990.82,189.939
4721.62,-1992.62,188.157
4725.85,-1994.42,186.353
4730.07,-1996.22,184.556
4734.29,-1998.02,182.758
4738.51,-1999.82,180.961
4742.72,-2001.62,179.171
4746.93,-2003.42,177.383
4751.15,-2005.22,175.594
4755.37,-2007.02,173.778
4759.58,-2008.82,171.96
4763.79,-2010.62,170.146
4768,-2012.42,168.332
4772.22,-2014.22,166.505
4776.44,-2016.02,164.677
4780.66,-2017.82,162.854
4784.86,-2019.62,161.028
4789.07,-2021.42,159.199
4793.29,-2023.22,157.366
4797.51,-2025.02,155.537
4801.75,-2026.82,153.699
4805.96,-2028.62,151.872
4810.17,-2030.42,150.046
4814.39,-2032.22,148.217
4818.6,-2034.02,146.417
4822.82,-2035.82,144.615
4827.03,-2037.62,142.815
4831.25,-2039.42,141.001
4835.47,-2041.22,139.192
4839.68,-2043.02,137.382
4843.9,-2044.82,135.57
4848.11,-2046.62,133.778
4852.33,-2048.42,131.985
4856.55,-2050.22,130.192
4860.77,-2052.02,128.38
4864.97,-2053.82,126.573
4869.18,-2055.62,124.763
4873.4,-2057.42,122.95
4877.62,-2059.22,121.153
4881.83,-2061.02,119.357
4886.04,-2062.82,117.565
4890.25,-2064.62,115.756
4894.47,-2066.42,113.943
4898.69,-2068.22,112.133
4902.91,-2070.02,110.32
4907.13,-2071.82,108.501
4911.34,-2073.62,106.683
4915.55,-2075.42,104.869
4919.77,-2077.22,103.049
4923.99,-2079.02,101.224
4928.21,-2080.82,99.404
4932.43,-2082.62,97.5843
4936.64,-2084.42,95.7538
4940.86,-2086.22,93.9187
4945.07,-2088.02,92.0863
4949.28,-2089.82,90.2554
4953.5,-2091.62,88.4455
4957.71,-2093.42,86.6365
4961.93,-2095.22,84.823
4966.14,-2097.02,83.0016
4970.36,-2098.82,81.1795
4974.58,-2100.62,79.3551
4978.79,-2102.42,77.5332
4983.01,-2104.22,75.7367
4987.22,-2106.02,73.9422
4991.44,-2107.82,72.1463
4995.65,-2109.62,70.3443
4999.87,-2111.42,68.5419
5004.09,-2113.22,66.7371
5008.3,-2115.02,64.9349
5012.52,-2116.82,63.1413
5016.73,-2118.62,61.3498
5020.95,-2120.42,59.5564
5025.16,-2122.22,57.7657
5029.37,-2124.02,55.9625
5033.59,-2125.82,54.1585
5037.8,-2127.62,52.3563
5042.02,-2129.43,50.538
5046.23,-2131.23,48.7213
5050.45,-2133.03,46.9049
5054.66,-2134.83,45.0864
5058.88,-2136.63,43.2706
5063.09,-2138.43,41.4531
5067.31,-2140.23,39.6376
5071.54,-2142.03,37.7997
5078.66,-2143.83,34.7167
5083.04,-2145.63,32.808
5087.31,-2147.43,30.9943
5091.65,-2149.23,29.1455
5095.96,-2151.03,27.3062
5100.22,-2152.83,25.6561
5104.47,-2154.63,24.0057
5108.68,-2156.43,22.371
5112.91,-2158.23,20.733
5117.15,-2160.03,19.0333
5121.48,-2161.83,17.297
5125.71,-2163.63,15.6035
5129.96,-2165.43,13.9052
5134.52,-2167.23,12.0508
5138.77,-2169.03,10.318
5143.02,-2170.83,8.59138
5147.43,-2172.63,6.77614
5152.03,-2174.43,4.87807
5156.51,-2176.23,3.07292
5160.74,-2178.03,1.29541
5164.99,-2179.83,0.592151
5169.21,-2181.63,2.28008
5173.45,-2183.43,4.02376
5177.67,-2185.23,5.7822
5181.9,-2187.03,7.54744
5186.12,-2188.83,9.3112
5190.35,-2190.63,11.1212
5194.58,-2192.43,12.939
5198.81,-2194.23,14.7576
5203.04,-2196.03,16.5726
5207.28,-2197.83,18.3907
5211.5,-2199.63,20.2004
5215.71,-2201.43,22.0062
5219.94,-2203.23,23.809
5224.2,-2205.03,25.6208
5228.44,-2206.83,27.4256
5232.67,-2208.63,29.2266
5236.89,-2210.43,31.0199
5241.13,-2212.23,32.8204
5245.35,-2214.03,34.612
5249.57,-2215.83,36.4057
5253.81,-2217.63,38.196
5258.03,-2219.43,39.9794
5262.27,-2221.23,41.7689
5266.5,-2223.03,43.568
5270.72,-2224.83,45.3672
5274.94,-2226.63,47.1646
5279.19,-2228.43,48.9745
5283.42,-2230.23,50.7655
5287.65,-2232.03,52.5559
5291.87,-2233.83,54.3458
5296.09,-2235.63,56.1331
5300.32,-2237.43,57.9392
5304.56,-2239.23,59.7492
5308.78,-2241.03,61.5516
5313.02,-2242.83,63.3529
5317.25,-2244.63,65.1522
5321.49,-2246.43,66.9536
5325.76,-2248.23,68.7646
5330.01,-2250.03,70.5632
5334.25,-2251.83,72.3592
5338.47,-2253.63,74.1479
5342.9,-2255.43,76.0139
5347.14,-2257.23,77.7956
5351.36,-2259.03,79.5728
5355.58,-2260.83,81.3478
5360.16,-2262.63,83.2577
5364.39,-2264.43,85.0242
5368.61,-2266.23,86.7868
5372.84,-2268.03,88.5114
5377.08,-2269.83,90.239
5381.33,-2271.63,91.973
5385.55,-2273.43,93.6944
5389.78,-2275.23,95.4786
5394.04,-2277.03,97.2706
5398.41,-2278.83,99.1172
5402.67,-2280.63,100.944
5406.9,-2282.43,102.758
5411.14,-2284.23,104.576
5415.36,-2286.03,106.349
5419.59,-2287.83,108.132
5423.82,-2289.63,109.911
5428.04,-2291.43,111.688
5432.41,-2293.23,113.561
5436.65,-2295.03,115.378
5440.88,-2296.83,117.193
5445.45,-2298.63,119.002
5449.68,-2300.43,120.927
5453.91,-2302.23,122.707
5458.15,-2304.03,124.491
5462.66,-2305.83,126.333
5466.89,-2307.63,128.063
5471.13,-2309.43,129.796
5475.68,-2311.23,131.52
5479.91,-2313.03,133.394
5484.15,-2314.83,135.138
5488.38,-2316.63,136.874
5492.9,-2318.43,138.721
5497.13,-2320.23,140.451
5501.36,-2322.03,142.177
5505.58,-2323.83,143.901
5510.16,-2325.63,145.794
5514.39,-2327.43,147.542
5518.61,-2329.23,149.286
5523.16,-2331.03,151.153
5527.4,-2332.83,152.892
5531.63,-2334.63,154.628
5536.2,-2336.43,156.357
5540.44,-2338.23,158.285
5544.67,-2340.03,160.06
5548.91,-2341.83,161.838
5553.15,-2343.63,163.587
5557.38,-2345.43,165.333
5561.61,-2347.23,167.074
5565.83,-2349.03,168.812
5570.07,-2350.83,170.635
5574.32,-2352.63,172.463
5578.55,-2354.43,174.279
5582.79,-2356.23,176.084
5587.01,-2358.03,177.883
5591.25,-2359.83,179.688
5595.47,-2361.63,181.461
5599.71,-2363.43,183.241
5603.93,-2365.23,185.014
5608.16,-2367.03,186.792
5612.65,-2368.83,188.702
5616.89,-2370.63,190.502
5621.13,-2372.43,192.302
5625.68,-2374.23,194.094
5629.91,-2376.03,195.982
5634.15,-2377.83,197.74
5638.37,-2379.63,199.488
5642.9,-2381.43,201.362
5647.14,-2383.23,203.116
5651.37,-2385.03,204.864
5655.59,-2386.83,206.609
5660.17,-2388.63,208.551
5664.4,-2390.43,210.342
5668.62,-2392.23,212.13
5673.16,-2394.03,214.016
5677.4,-2395.83,215.776
5681.63,-2397.63,217.531
5685.86,-2399.43,219.31
5690.11,-2401.23,221.1
5694.34,-2403.03,222.89
5698.57,-2404.83,224.672
5702.79,-2406.63,226.467
5707.02,-2408.43,228.262
5711.25,-2410.23,230.058
5715.46,-2412.03,231.845
5719.68,-2413.83,233.643
5723.92,-2415.63,235.45
5728.2,-2417.43,237.273
5732.43,-2419.23,239.087
5736.67,-2421.03,240.905
5740.9,-2422.83,242.719
5745.14,-2424.63,244.534
5749.36,-2426.43,246.315
5753.59,-2428.23,248.105
5757.81,-2430.03,249.888
5762.04,-2431.83,251.708
5766.27,-2433.63,253.531
5770.49,-2435.43,255.352
5774.72,-2437.23,257.174
5778.94,-2439.03,258.984
5783.19,-2440.83,260.808
5787.48,-2442.63,262.644
5791.71,-2444.43,264.475
5795.94,-2446.23,266.311
5800.2,-2448.03,268.153
5804.44,-2449.83,269.992
5808.66,-2451.63,271.799
5812.89,-2453.43,273.611
5817.12,-2455.23,275.422
5821.35,-2457.03,277.235
5825.57,-2458.83,279.046
5829.8,-2460.63,280.862
5834.03,-2462.43,282.677
5838.3,-2464.23,284.492
5842.54,-2466.03,286.299
5846.76,-2467.83,288.097
5851.01,-2469.63,289.892
5855.23,-2471.43,291.677
5859.47,-2473.23,293.469
5863.69,-2475.03,295.256
5867.92,-2476.83,297.049
5872.16,-2478.63,298.85
5876.39,-2480.43,300.645
5880.64,-2482.23,302.448
5884.87,-2484.03,304.244
5889.1,-2485.83,306.035
5893.34,-2487.63,307.836
5897.56,-2489.43,309.65
5901.8,-2491.23,311.472
5906.02,-2493.03,313.284
5910.57,-2494.83,315.231
5914.82,-2496.64,317.051
5919.04,-2498.44,318.861
5923.29,-2500.24,320.68
5927.78,-2502.04,322.565
5932.02,-2503.84,324.348
5936.25,-2505.64,326.119
5940.8,-2507.44,327.892
5945.03,-2509.24,329.781
5949.27,-2511.04,331.535
5953.49,-2512.84,333.285
5957.71,-2514.64,335.024
5961.94,-2516.44,336.763
5966.18,-2518.24,338.513
5970.4,-2520.04,340.251
5974.73,-2521.84,342.082
5978.96,-2523.64,343.873
5983.27,-2525.44,345.695
5987.65,-2527.24,347.545
5991.93,-2529.04,349.362
5996.19,-2530.84,351.161
6000.56,-2532.64,352.996
6005.2,-2534.44,354.911
6009.59,-2536.24,356.725
6013.83,-2538.04,358.464
6018.05,-2539.84,359.726
6022.29,-2541.64,358.079
6026.52,-2543.44,356.367
6030.75,-2545.24,354.597
6034.99,-2547.04,352.827
6039.22,-2548.84,351.049
6043.46,-2550.64,349.272
6047.68,-2552.44,347.447
6051.92,-2554.24,345.612
6056.15,-2556.04,343.781
6060.7,-2557.84,341.833
6064.94,-2559.64,340.014
6069.19,-2561.44,338.193
6073.44,-2563.24,336.371
6077.91,-2565.04,334.502
6082.15,-2566.84,332.725
6086.37,-2568.64,330.961
6090.95,-2570.44,329.074
6095.2,-2572.24,327.322
6099.43,-2574.04,325.582
6103.67,-2575.84,323.835
6108.17,-2577.64,321.986
6112.41,-2579.44,320.243
6116.63,-2581.24,318.509
6121.2,-2583.04,316.62
6125.44,-2584.84,314.867
6129.67,-2586.64,313.12
6133.92,-2588.44,311.364
6138.42,-2590.24,309.51
6142.67,-2592.04,307.761
6146.89,-2593.84,306.021
6151.44,-2595.64,304.13
6155.67,-2597.44,302.377
6159.89,-2599.24,300.623
6164.13,-2601.04,298.865
6168.35,-2602.84,297.121
6172.58,-2604.64,295.374
6176.82,-2606.44,293.624
6181.05,-2608.24,291.821
6185.29,-2610.04,290.013
6189.51,-2611.84,288.212
6193.75,-2613.64,286.407
6197.98,-2615.44,284.614
6202.21,-2617.24,282.811
6206.46,-2619.04,281.007
6210.69,-2620.84,279.207
6214.91,-2622.64,277.428
6219.14,-2624.44,275.639
6223.37,-2626.24,273.855
6227.9,-2628.04,271.94
6232.15,-2629.84,270.143
6236.37,-2631.64,268.36
6240.95,-2633.44,266.478
6245.2,-2635.24,264.73
6249.44,-2637.04,262.99
6253.69,-2638.84,261.247
6257.91,-2640.64,259.534
6262.15,-2642.44,257.814
6266.37,-2644.24,256.102
6270.67,-2646.04,254.354
6274.91,-2647.84,252.548
6279.14,-2649.64,250.742
6283.38,-2651.44,248.935
6287.6,-2653.24,247.112
6291.83,-2655.04,245.286
6296.07,-2656.84,243.459
6300.32,-2658.64,241.624
6304.55,-2660.44,239.824
6308.77,-2662.24,238.027
6313.01,-2664.04,236.224
6317.24,-2665.84,234.422
6321.47,-2667.64,232.623
6325.7,-2669.44,230.824
6329.92,-2671.24,229.027
6334.17,-2673.04,227.233
6338.4,-2674.84,225.45
6342.64,-2676.64,223.66
6346.86,-2678.44,221.866
6351.11,-2680.24,220.064
6355.33,-2682.04,218.263
6359.57,-2683.84,216.462
6363.79,-2685.64,214.68
6368.02,-2687.44,212.899
6372.24,-2689.24,211.118
6376.48,-2691.04,209.338
6380.7,-2692.84,207.531
6384.93,-2694.64,205.725
6389.17,-2696.44,203.918
6393.41,-2698.24,202.092
6397.64,-2700.04,200.276
6401.88,-2701.84,198.454
6406.11,-2703.64,196.64
6410.35,-2705.44,194.812
6414.57,-2707.24,192.994
6418.81,-2709.04,191.172
6423.32,-2710.84,189.216
6427.56,-2712.64,187.38
6431.79,-2714.44,185.548
6436.01,-2716.24,183.716
6440.25,-2718.04,181.967
6444.48,-2719.84,180.218
6448.7,-2721.64,178.472
6452.94,-2723.44,176.658
6457.21,-2725.24,174.834
6461.43,-2727.04,173.03
6465.64,-2728.84,171.229
6469.86,-2730.64,169.456
6474.1,-2732.44,167.675
6478.33,-2734.24,165.892
6482.56,-2736.04,164.083
6486.79,-2737.84,162.273
6491.09,-2739.64,160.434
6495.34,-2741.44,158.617
6499.57,-2743.24,156.834
6503.81,-2745.04,155.046
6508.04,-2746.84,153.266
6512.28,-2748.64,151.445
6516.51,-2750.44,149.627
6520.74,-2752.24,147.812
6524.95,-2754.04,146
6529.29,-2755.84,144.129
6533.54,-2757.64,142.298
6537.76,-2759.44,140.477
6542,-2761.24,138.658
6546.23,-2763.04,136.848
6550.47,-2764.84,135.031
6554.69,-2766.64,133.219
6558.91,-2768.44,131.407
6563.15,-2770.24,129.588
6567.38,-2772.04,127.773
6571.6,-2773.84,125.966
6575.82,-2775.64,124.16
6580.06,-2777.44,122.345
6584.32,-2779.24,120.524
6588.56,-2781.04,118.716
6592.8,-2782.84,116.907
6597.02,-2784.64,115.106
6601.57,-2786.44,113.179
6605.81,-2788.24,111.386
6610.03,-2790.04,109.599
6614.28,-2791.84,107.802
6618.79,-2793.64,105.931
6623.04,-2795.44,104.172
6627.27,-2797.24,102.417
6631.82,-2799.04,100.53
6636.04,-2800.84,98.7752
6640.28,-2802.64,97.0163
6644.52,-2804.44,95.2553
6648.74,-2806.24,93.5049
6652.99,-2808.04,91.7519
6657.21,-2809.84,89.9918
6661.44,-2811.64,88.2392
6665.67,-2813.44,86.4103
6669.89,-2815.24,84.5833
6674.13,-2817.04,82.7514
6678.35,-2818.84,80.9179
6682.58,-2820.64,79.0795
6686.8,-2822.44,77.2449
6691.09,-2824.24,75.4121
6695.34,-2826.04,73.593
6699.56,-2827.84,71.7859
6703.8,-2829.64,69.9712
6708.02,-2831.44,68.1756
6712.26,-2833.24,66.3694
6716.48,-2835.04,64.5751
6720.7,-2836.84,62.7766
6724.93,-2838.64,60.9872
6729.19,-2840.44,59.185
6733.42,-2842.24,57.3942
6737.66,-2844.04,55.5907
6742.03,-2845.84,53.7287
6746.27,-2847.64,51.9229
6750.49,-2849.44,50.1254
6754.72,-2851.24,48.3486
6758.95,-2853.04,46.5718
6763.2,-2854.84,44.7846
6767.42,-2856.64,42.9843
6771.66,-2858.44,41.1779
6775.88,-2860.24,39.3789
6780.11,-2862.04,37.5802
6784.34,-2863.84,35.7646
6788.58,-2865.65,33.9469
6792.81,-2867.45,32.135
6797.04,-2869.25,30.3059
6801.28,-2871.05,28.4761
6805.5,-2872.85,26.6493
6809.72,-2874.65,24.8276
6814.16,-2876.45,22.9271
6818.4,-2878.25,21.1108
6822.62,-2880.05,19.2988
6826.94,-2881.85,17.4923
6831.2,-2883.65,15.7061
6835.45,-2885.45,13.9271
6839.83,-2887.25,12.0888
6844.51,-2889.05,10.1323
6848.74,-2890.85,8.36584
6853.28,-2892.65,6.49828
6857.76,-2894.45,4.66359
6862.11,-2896.25,2.90586
6866.32,-2898.05,1.21304
6870.54,-2899.85,0.635504
6874.77,-2901.65,2.24897
6879,-2903.45,3.92109
6883.23,-2905.25,5.59459
6887.71,-2907.05,7.50091
6891.95,-2908.85,9.30699
6896.26,-2910.65,11.1349
6900.62,-2912.45,12.9951
6904.86,-2914.25,14.7904
6909.08,-2916.05,16.5768
6913.33,-2917.85,18.3727
6917.55,-2919.65,20.1585
6921.79,-2921.45,21.9553
6926.01,-2923.25,23.7419
6930.24,-2925.05,25.534
6934.47,-2926.85,27.3309
6938.7,-2928.65,29.1335
6942.93,-2930.45,30.9327
6947.16,-2932.25,32.7439
6951.38,-2934.05,34.5525
6955.59,-2935.85,36.3571
6959.81,-2937.65,38.1657
6964.15,-2939.45,40.0107
6968.39,-2941.25,41.8098
6972.61,-2943.05,43.605
6976.83,-2944.85,45.3975
6981.41,-2946.65,47.3241
6985.63,-2948.45,49.0996
6989.85,-2950.25,50.8737
6994.1,-2952.05,52.6083
6998.32,-2953.85,54.344
7002.56,-2955.65,56.0809
7006.79,-2957.45,57.8533
7011.01,-2959.25,59.628
7015.23,-2961.05,61.3984
7019.45,-2962.85,63.1688
7023.68,-2964.65,64.9732
7027.91,-2966.45,66.7739
7032.14,-2968.25,68.5797
7036.49,-2970.05,70.4361
7040.72,-2971.85,72.2437
7044.93,-2973.65,74.0486
7049.2,-2975.45,75.8708
7053.66,-2977.25,77.755
7057.89,-2979.05,79.5462
7062.13,-2980.85,81.337
7066.7,-2982.65,83.0808
7070.95,-2984.45,84.9803
7075.19,-2986.25,86.7338
7079.43,-2988.05,88.4842
7083.9,-2989.85,90.3057
7088.14,-2991.65,92.0352
7092.36,-2993.45,93.7571
7096.58,-2995.25,95.4768
7100.82,-2997.05,97.2282
7105.06,-2998.85,98.9788
7109.3,-3000.65,100.728
7113.53,-3002.45,102.523
7117.75,-3004.25,104.318
7121.99,-3006.05,106.116
7126.21,-3007.85,107.909
7130.43,-3009.65,109.699
7134.67,-3011.45,111.496
7138.89,-3013.25,113.286
7143.13,-3015.05,115.096
7147.35,-3016.85,116.899
7151.58,-3018.65,118.705
7155.8,-3020.45,120.508
7160.04,-3022.25,122.318
7164.28,-3024.05,124.134
7168.51,-3025.85,125.943
7172.74,-3027.65,127.769
7176.98,-3029.45,129.595
7181.21,-3031.25,131.429
7185.45,-3033.05,133.263
7189.77,-3034.85,135.117
7194.02,-3036.65,136.936
7198.33,-3038.45,138.786
7202.56,-3040.25,140.57
7206.8,-3042.05,142.359
7211.02,-3043.85,144.139
7215.23,-3045.65,145.916
7219.45,-3047.45,147.69
7223.68,-3049.25,149.47
7227.91,-3051.05,151.249
7232.15,-3052.85,153.058
7236.38,-3054.65,154.865
7240.65,-3056.45,156.69
7244.87,-3058.25,158.492
7249.11,-3060.05,160.269
7253.33,-3061.85,162.056
7257.57,-3063.65,163.841
7262.08,-3065.45,165.76
7266.33,-3067.25,167.566
7270.58,-3069.05,169.371
7274.82,-3070.85,171.175
7279.31,-3072.65,173.034
7283.56,-3074.45,174.791
7287.78,-3076.25,176.539
7292.33,-3078.05,178.454
7296.56,-3079.85,180.238
7300.79,-3081.65,182.019
7305.02,-3083.45,183.801
7309.53,-3085.25,185.675
7313.77,-3087.05,187.441
7318,-3088.85,189.202
7322.24,-3090.65,190.976
7326.47,-3092.45,192.742
7330.71,-3094.25,194.515
7334.93,-3096.05,196.28
7339.17,-3097.85,198.083
7343.39,-3099.65,199.883
7347.61,-3101.45,201.681
7351.84,-3103.25,203.479
7356.08,-3105.05,205.27
7360.31,-3106.85,207.059
7364.53,-3108.65,208.844
7368.83,-3110.45,210.672
7373.08,-3112.25,212.486
7377.33,-3114.05,214.296
7381.82,-3115.85,216.183
7386.07,-3117.65,217.967
7390.31,-3119.45,219.748
7394.55,-3121.25,221.53
7398.77,-3123.05,223.287
7403.01,-3124.85,225.052
7407.23,-3126.65,226.808
7411.46,-3128.45,228.566
7415.68,-3130.25,230.404
7419.91,-3132.05,232.242
7424.15,-3133.85,234.083
7428.37,-3135.65,235.919
7432.6,-3137.45,237.759
7436.82,-3139.25,239.597
7441.08,-3141.05,241.446
7445.33,-3142.85,243.265
7449.55,-3144.65,245.074
7453.8,-3146.45,246.889
7458.01,-3148.25,248.685
7462.25,-3150.05,250.486
7466.45,-3151.85,252.275
7470.68,-3153.65,254.074
7474.9,-3155.45,255.866
7479.14,-3157.25,257.66
7483.37,-3159.05,259.454
7487.71,-3160.85,261.309
7491.95,-3162.65,263.126
7496.2,-3164.45,264.941
7500.44,-3166.25,266.757
7504.67,-3168.05,268.534
7508.9,-3169.85,270.31
7513.14,-3171.65,272.096
7517.37,-3173.45,273.873
7521.6,-3175.25,275.677
7525.83,-3177.05,277.482
7530.07,-3178.85,279.292
7534.32,-3180.65,281.122
7538.56,-3182.45,282.951
7542.79,-3184.25,284.772
7547.02,-3186.05,286.593
7551.27,-3187.85,288.418
7555.5,-3189.65,290.238
7559.72,-3191.45,292.053
7564.17,-3193.25,293.975
7568.41,-3195.05,295.807
7572.63,-3196.85,297.634
7576.86,-3198.65,299.463
7581.1,-3200.45,301.227
7585.34,-3202.25,302.999
7589.56,-3204.05,304.762
7593.79,-3205.85,306.574
7598.01,-3207.65,308.384
7602.24,-3209.45,310.196
7606.47,-3211.25,312.006
7610.7,-3213.05,313.8
7614.93,-3214.85,315.597
7619.16,-3216.65,317.393
7623.39,-3218.45,319.191
7627.62,-3220.25,320.988
7631.84,-3222.05,322.785
7636.08,-3223.85,324.586
7640.32,-3225.65,326.373
7644.56,-3227.45,328.164
7648.79,-3229.25,329.944
7653.02,-3231.05,331.746
7657.27,-3232.85,333.55
7661.49,-3234.66,335.347
7665.71,-3236.46,337.14
7670.02,-3238.26,338.982
7674.27,-3240.06,340.794
7678.59,-3241.86,342.636
7682.82,-3243.66,344.445
7687.12,-3245.46,346.274
7691.48,-3247.26,348.142
7695.77,-3249.06,349.986
7700.01,-3250.86,351.771
7704.38,-3252.66,353.606
7709.04,-3254.46,355.531
7713.51,-3256.26,357.426
7717.73,-3258.06,359.062
7721.96,-3259.86,358.77
7726.21,-3261.66,357.072
7730.43,-3263.46,355.387
7734.67,-3265.26,353.681
7738.9,-3267.06,351.979
7743.14,-3268.86,350.191
7747.36,-3270.66,348.406
7751.59,-3272.46,346.622
7755.81,-3274.26,344.839
7760.06,-3276.06,343.029
7764.32,-3277.86,341.218
7768.54,-3279.66,339.417
7772.77,-3281.46,337.613
7777.01,-3283.26,335.804
7781.25,-3285.06,333.996
7785.47,-3286.86,332.196
7789.78,-3288.66,330.359
7794.02,-3290.46,328.547
7798.25,-3292.26,326.747
7802.8,-3294.06,324.944
7807.03,-3295.86,322.999
7811.27,-3297.66,321.192
7815.49,-3299.46,319.393
7820.03,-3301.26,317.514
7824.27,-3303.06,315.754
7828.5,-3304.86,314.001
7832.74,-3306.66,312.25
7836.99,-3308.46,310.503
7841.21,-3310.26,308.753
7845.42,-3312.06,307.013
7849.64,-3313.86,305.236
7853.87,-3315.66,303.453
7858.11,-3317.46,301.675
7862.33,-3319.26,299.865
7866.56,-3321.06,298.059
7870.79,-3322.86,296.25
7875.01,-3324.66,294.448
7879.32,-3326.46,292.624
7883.56,-3328.26,290.824
7887.79,-3330.06,289.034
7892.32,-3331.86,287.14
7896.56,-3333.66,285.369
7900.86,-3335.46,283.573
7905.08,-3337.26,281.81
7909.52,-3339.06,279.992
7913.77,-3340.86,278.252
7918,-3342.66,276.518
7922.65,-3344.46,274.587
7926.88,-3346.26,272.833
7931.13,-3348.06,271.07
7935.35,-3349.86,269.317
7939.9,-3351.66,267.45
7944.15,-3353.46,265.707
7948.37,-3355.26,263.974
7952.93,-3357.06,262.24
7957.17,-3358.86,260.349
7961.4,-3360.66,258.598
7965.63,-3362.46,256.849
7969.85,-3364.26,255.128
7974.08,-3366.06,253.402
7978.34,-3367.86,251.666
7982.56,-3369.66,249.943
7986.8,-3371.46,248.143
7991.03,-3373.26,246.344
7995.26,-3375.06,244.544
7999.48,-3376.86,242.755
8003.71,-3378.66,240.964
8007.94,-3380.46,239.174
8012.21,-3382.26,237.371
8016.45,-3384.06,235.58
8020.68,-3385.86,233.796
8024.92,-3387.66,232.01
8029.15,-3389.46,230.202
8033.4,-3391.26,228.39
8037.63,-3393.06,226.585
8041.86,-3394.86,224.778
8046.08,-3396.66,222.971
8050.33,-3398.46,221.155
8054.55,-3400.26,219.347
8058.79,-3402.06,217.505
8063.02,-3403.86,215.664
8067.25,-3405.66,213.823
8071.48,-3407.46,211.986
8075.71,-3409.26,210.18
8079.93,-3411.06,208.377
8084.19,-3412.86,206.562
8088.41,-3414.66,204.758
8092.64,-3416.46,202.95
8096.86,-3418.26,201.145
8101.08,-3420.06,199.339
8105.32,-3421.86,197.552
8109.56,-3423.66,195.766
8113.79,-3425.46,193.982
8118.11,-3427.26,192.158
8122.34,-3429.06,190.362
8126.56,-3430.86,188.575
8130.8,-3432.66,186.779
8135.02,-3434.46,185.013
8139.26,-3436.26,183.238
8143.49,-3438.06,181.472
8147.71,-3439.86,179.671
8151.93,-3441.66,177.868
8156.19,-3443.46,176.053
8160.41,-3445.26,174.252
8164.65,-3447.06,172.418
8168.87,-3448.86,170.589
8173.11,-3450.66,168.755
8177.33,-3452.46,166.929
8181.57,-3454.26,165.099
8185.8,-3456.06,163.276
8190.03,-3457.86,161.447
8194.52,-3459.66,159.501
8198.74,-3461.46,157.668
8202.98,-3463.26,155.834
8207.21,-3465.06,153.994
8211.77,-3466.86,152.109
8216,-3468.66,150.36
8220.22,-3470.46,148.615
8224.77,-3472.26,146.744
8229.02,-3474.06,144.999
8233.29,-3475.86,143.243
8237.51,-3477.66,141.506
8241.74,-3479.46,139.773
8245.97,-3481.26,138.042
8250.2,-3483.06,136.301
8254.46,-3484.86,134.485
8258.68,-3486.66,132.677
8262.92,-3488.46,130.867
8267.15,-3490.26,129.059
8271.38,-3492.06,127.267
8275.6,-3493.86,125.476
8279.83,-3495.66,123.681
8284.08,-3497.46,121.856
8288.32,-3499.26,120.031
8292.57,-3501.06,118.207
8296.79,-3502.86,116.393
8301.01,-3504.66,114.583
8305.23,-3506.46,112.776
8309.45,-3508.26,110.968
8313.69,-3510.06,109.126
8317.91,-3511.86,107.288
8322.15,-3513.66,105.444
8326.37,-3515.46,103.607
8330.67,-3517.26,101.763
8334.91,-3519.06,99.9462
8339.15,-3520.86,98.1288
8343.38,-3522.66,96.3276
8347.61,-3524.46,94.5323
8351.84,-3526.26,92.7361
8356.07,-3528.06,90.9374
8360.3,-3529.86,89.1376
8364.53,-3531.66,87.3406
8368.76,-3533.46,85.5424
8373.01,-3535.26,83.7414
8377.24,-3537.06,81.9471
8381.47,-3538.86,80.156
8385.7,-3540.66,78.3613
8389.92,-3542.46,76.5714
8394.24,-3544.26,74.7583
8398.58,-3546.06,72.9051
8403.05,-3547.86,71.0065
8407.29,-3549.66,69.206
8411.51,-3551.46,67.4175
8415.72,-3553.26,65.6319
8420.16,-3555.06,63.7928
8424.4,-3556.86,62.0334
8428.62,-3558.66,60.2834
8433.19,-3560.46,58.5354
8437.42,-3562.26,56.5911
8441.64,-3564.06,54.7945
8445.86,-3565.86,53.0017
8450.4,-3567.66,51.117
8454.64,-3569.46,49.3549
8458.86,-3571.26,47.6029
8463.08,-3573.06,45.8431
8467.31,-3574.86,44.0764
8471.54,-3576.66,42.3129
8475.76,-3578.46,40.5524
8480,-3580.26,38.7493
8484.22,-3582.06,36.9476
8488.45,-3583.86,35.1488
8492.68,-3585.66,33.3554
8496.91,-3587.46,31.5662
8501.14,-3589.26,29.7716
8505.36,-3591.06,27.9858
8509.65,-3592.86,26.1658
8513.89,-3594.66,24.3678
8518.13,-3596.46,22.5733
8522.68,-3598.26,20.6653
8526.9,-3600.06,18.8945
8531.25,-3601.86,17.0753
8535.47,-3603.67,15.307
8539.71,-3605.47,13.5674
8544.08,-3607.27,11.7715
8548.38,-3609.07,10.0069
8553.02,-3610.87,8.06248
8557.34,-3612.67,6.26638
8561.95,-3614.47,4.34301
8566.38,-3616.27,2.51917
8570.68,-3618.07,0.97075
8574.9,-3619.87,1.24739
8579.14,-3621.67,2.8413
8583.36,-3623.47,4.53887
8587.59,-3625.27,6.25713
8591.81,-3627.07,7.98025
8596.03,-3628.87,9.70488
8600.4,-3630.67,11.5869
8604.71,-3632.47,13.4408
8608.94,-3634.27,15.2655
8613.46,-3636.07,17.1633
8617.7,-3637.87,18.9461
8621.93,-3639.67,20.7246
8626.16,-3641.47,22.5058
8630.64,-3643.27,24.344
8634.89,-3645.07,26.0848
8639.13,-3646.87,27.8223
8643.37,-3648.67,29.5746
8647.6,-3650.47,31.322
8651.84,-3652.27,33.073
8656.07,-3654.07,34.8225
8660.32,-3655.87,36.6321
8664.55,-3657.67,38.4347
8668.78,-3659.47,40.2373
8673.01,-3661.27,42.0392
8677.24,-3663.07,43.8674
8681.47,-3664.87,45.6919
8685.7,-3666.67,47.5198
8689.92,-3668.47,49.3229
8694.19,-3670.27,51.1428
8698.41,-3672.07,52.9477
8702.95,-3673.87,54.8704
8707.21,-3675.67,56.6731
8711.42,-3677.47,58.4606
8715.65,-3679.27,60.251
8719.88,-3681.07,61.9868
8724.12,-3682.87,63.7327
8728.34,-3684.67,65.4682
8732.57,-3686.47,67.2077
8736.8,-3688.27,68.99
8741.03,-3690.07,70.7702
8745.27,-3691.87,72.5537
8749.49,-3693.67,74.3559
8753.72,-3695.47,76.1606
8757.95,-3697.27,77.962
8762.2,-3699.07,79.7784
8766.46,-3700.87,81.5712
8770.69,-3702.67,83.3533
8774.93,-3704.47,85.138
8779.16,-3706.27,86.9298
8783.39,-3708.07,88.7199
8787.61,-3709.87,90.5056
8791.83,-3711.67,92.2933
8796.08,-3713.47,94.0945
8800.33,-3715.27,95.8961
8804.56,-3717.07,97.6911
8808.83,-3718.87,99.5265
8813.08,-3720.67,101.353
8817.31,-3722.47,103.174
8821.55,-3724.27,104.997
8825.78,-3726.07,106.782
8830.01,-3727.87,108.571
8834.24,-3729.67,110.358
8838.47,-3731.47,112.143
8842.7,-3733.27,113.954
8846.93,-3735.07,115.764
8851.18,-3736.87,117.582
8855.42,-3738.67,119.382
8859.64,-3740.47,121.176
8863.88,-3742.27,122.976
8868.11,-3744.07,124.757
8872.34,-3745.87,126.537
8876.56,-3747.67,128.315
8880.8,-3749.47,130.098
8885.27,-3751.27,131.999
8889.51,-3753.07,133.8
8893.75,-3754.87,135.599
8897.98,-3756.67,137.392
8902.21,-3758.47,139.141
8906.45,-3760.27,140.892
8910.68,-3762.07,142.635
8914.91,-3763.87,144.443
8919.15,-3765.67,146.257
8923.38,-3767.47,148.07
8927.6,-3769.27,149.877
8931.83,-3771.07,151.696
8936.07,-3772.87,153.523
8940.33,-3774.67,155.355
8944.56,-3776.47,157.196
8948.8,-3778.27,159.042
8953.03,-3780.07,160.881
8957.27,-3781.87,162.727
8961.49,-3783.67,164.521
8965.7,-3785.47,166.315
8969.92,-3787.27,168.109
8974.17,-3789.07,169.929
8978.39,-3790.87,171.74
8982.61,-3792.67,173.551
8986.83,-3794.47,175.361
8991.17,-3796.27,177.188
8995.42,-3798.07,178.982
8999.65,-3799.87,180.763
9003.88,-3801.67,182.534
9008.12,-3803.47,184.308
9012.41,-3805.27,186.092
9016.86,-3807.07,187.955
9021.35,-3808.87,189.851
9025.79,-3810.67,191.736
9030.25,-3812.47,193.63
9034.66,-3814.27,195.392
9039.05,-3816.07,197.149
9043.58,-3817.87,198.959
9048.53,-3819.67,201.016
9053.17,-3821.47,202.932
9057.81,-3823.27,204.859
9062.24,-3825.07,206.697
9066.59,-3826.87,208.337
9070.83,-3828.67,209.931
9075.07,-3830.47,211.524
9079.32,-3832.27,213.316
9083.55,-3834.07,215.102
9087.77,-3835.87,216.883
9092.06,-3837.67,218.69
9096.3,-3839.47,220.507
9100.53,-3841.27,222.316
9104.76,-3843.07,224.127
9109,-3844.87,225.921
9113.23,-3846.67,227.708
9117.45,-3848.47,229.492
9121.69,-3850.27,231.286
9126.16,-3852.07,233.179
9130.4,-3853.87,234.979
9134.66,-3855.67,236.788
9139.21,-3857.47,238.679
9143.46,-3859.27,240.444
9147.68,-3861.07,242.201
9151.92,-3862.87,243.964
9156.16,-3864.67,245.704
9160.39,-3866.47,247.442
9164.62,-3868.27,249.18
9168.84,-3870.07,250.916
9173.08,-3871.87,252.767
9177.33,-3873.67,254.62
9181.55,-3875.47,256.464
9185.79,-3877.27,258.287
9190.01,-3879.07,260.108
9194.26,-3880.87,261.936
9198.51,-3882.67,263.754
9202.75,-3884.47,265.563
9206.98,-3886.27,267.367
9211.2,-3888.07,269.178
9215.64,-3889.87,271.063
9219.88,-3891.67,272.861
9224.12,-3893.47,274.66
9228.68,-3895.27,276.451
9232.91,-3897.07,278.344
9237.19,-3898.87,280.113
9241.44,-3900.67,281.874
9245.89,-3902.47,283.702
9250.14,-3904.27,285.441
9254.36,-3906.07,287.173
9258.58,-3907.87,288.903
9263.16,-3909.67,290.8
9267.38,-3911.47,292.553
9271.61,-3913.27,294.305
9276.16,-3915.07,296.191
9280.4,-3916.87,297.947
9284.62,-3918.67,299.697
9288.86,-3920.47,301.478
9293.1,-3922.27,303.256
9297.34,-3924.07,305.042
9301.56,-3925.87,306.819
9305.79,-3927.67,308.639
9310.01,-3929.47,310.461
9314.31,-3931.27,312.315
9318.54,-3933.07,314.137
9322.77,-3934.87,315.952
9327,-3936.67,317.77
9331.22,-3938.47,319.583
9335.44,-3940.27,321.374
9339.68,-3942.07,323.177
9343.91,-3943.87,324.973
9348.15,-3945.67,326.772
9352.37,-3947.47,328.552
9356.6,-3949.27,330.331
9360.82,-3951.07,332.11
9365.06,-3952.87,333.908
9369.3,-3954.67,335.711
9373.54,-3956.47,337.509
9377.76,-3958.27,339.302
9381.99,-3960.07,341.084
9386.33,-3961.87,342.909
9390.64,-3963.67,344.72
9394.91,-3965.47,346.522
9399.32,-3967.27,348.389
9403.62,-3969.07,350.207
9407.85,-3970.88,351.989
9412.69,-3972.68,353.977
9417.19,-3974.48,355.821
9421.57,-3976.28,357.578
9425.81,-3978.08,359.004
9430.03,-3979.88,358.508
9434.28,-3981.68,356.903
9438.51,-3983.48,355.202
9442.75,-3985.28,353.487
9446.99,-3987.08,351.767
9451.22,-3988.88,350.047
9455.44,-3990.68,348.233
9459.67,-3992.48,346.412
9463.89,-3994.28,344.596
9468.32,-3996.08,342.718
9472.57,-3997.88,340.917
9476.8,-3999.68,339.125
9481.04,-4001.48,337.326
9485.52,-4003.28,335.462
9489.76,-4005.08,333.699
9494,-4006.88,331.937
9498.56,-4008.68,330.06
9502.81,-4010.48,328.314
9507.03,-4012.28,326.577
9511.28,-4014.08,324.831
9515.77,-4015.88,322.975
9520.01,-4017.68,321.225
9524.24,-4019.48,319.479
9528.79,-4021.28,317.735
9533.02,-4023.08,315.823
9537.25,-4024.88,314.047
9541.48,-4026.68,312.272
9546.02,-4028.48,310.387
9550.24,-4030.28,308.632
9554.46,-4032.08,306.879
9558.68,-4033.88,305.126
9563.27,-4035.68,303.22
9567.51,-4037.48,301.46
9571.73,-4039.28,299.705
9576.28,-4041.08,297.846
9580.52,-4042.88,296.112
9584.75,-4044.68,294.383
9589,-4046.48,292.629
9593.23,-4048.28,290.884
9597.46,-4050.08,289.137
9601.69,-4051.88,287.393
9605.91,-4053.68,285.605
9610.14,-4055.48,283.81
9614.38,-4057.28,282.015
9618.6,-4059.08,280.227
9622.83,-4060.88,278.43
9627.08,-4062.68,276.626
9631.33,-4064.48,274.816
9635.56,-4066.28,273.017
9639.8,-4068.08,271.209
9644.03,-4069.88,269.405
9648.27,-4071.68,267.601
9652.5,-4073.48,265.805
9656.72,-4075.28,264.01
9660.95,-4077.08,262.215
9665.2,-4078.88,260.389
9669.42,-4080.68,258.573
9673.66,-4082.48,256.754
9677.88,-4084.28,254.94
9682.12,-4086.08,253.142
9686.34,-4087.88,251.351
9690.6,-4089.68,249.544
9694.83,-4091.48,247.74
9699.08,-4093.28,245.924
9703.34,-4095.08,244.106
9707.56,-4096.88,242.303
9711.78,-4098.68,240.532
9716,-4100.48,238.761
9720.23,-4102.28,236.991
9724.46,-4104.08,235.199
9728.68,-4105.88,233.411
9732.92,-4107.68,231.62
9737.16,-4109.48,229.826
9741.39,-4111.28,228.043
9745.63,-4113.08,226.256
9749.85,-4114.88,224.478
9754.08,-4116.68,222.694
9758.64,-4118.48,220.772
9762.88,-4120.28,218.986
9767.1,-4122.08,217.209
9771.33,-4123.88,215.471
9775.55,-4125.68,213.74
9779.79,-4127.48,212.003
9784.02,-4129.27,210.168
9788.26,-4131.07,208.328
9792.49,-4132.87,206.495
9796.72,-4134.67,204.664
9800.95,-4136.47,202.826
9805.19,-4138.27,200.983
9809.43,-4140.07,199.144
9813.67,-4141.87,197.305
9817.89,-4143.67,195.502
9822.14,-4145.47,193.687
9826.36,-4147.27,191.887
9830.89,-4149.07,189.956
9835.12,-4150.87,188.152
9839.34,-4152.67,186.353
9843.57,-4154.47,184.55
9848.15,-4156.27,182.684
9852.39,-4158.07,180.953
9856.61,-4159.87,179.231
9860.84,-4161.67,177.507
9865.07,-4163.47,175.779
9869.31,-4165.27,174.048
9873.54,-4167.07,172.324
9877.77,-4168.87,170.512
9882.01,-4170.67,168.696
9886.23,-4172.47,166.887
9890.45,-4174.27,165.066
9894.72,-4176.07,163.23
9899.03,-4177.87,161.37
9903.38,-4179.67,159.487
9907.61,-4181.47,157.668
9911.83,-4183.27,155.852
9916.06,-4185.07,154.032
9920.29,-4186.87,152.215
9924.52,-4188.67,150.399
9928.73,-4190.47,148.589
9932.95,-4192.27,146.777
9937.21,-4194.07,144.954
9941.45,-4195.87,143.133
9945.68,-4197.67,141.322
9949.92,-4199.47,139.517
9954.16,-4201.27,137.712
9958.39,-4203.07,135.912
9962.6,-4204.87,134.116
9966.83,-4206.67,132.338
9971.07,-4208.47,130.552
9975.32,-4210.27,128.766
9979.54,-4212.07,126.987
9983.78,-4213.87,125.179
9988.01,-4215.67,123.375
9992.25,-4217.47,121.564
9996.48,-4219.27,119.77
10000.7,-4221.06,117.973
10004.9,-4222.86,116.181
10009.2,-4224.66,114.368
10013.4,-4226.46,112.561
10017.7,-4228.26,110.737
10021.9,-4230.06,108.934
10026.3,-4231.86,107.078
10030.5,-4233.66,105.267
10034.8,-4235.46,103.461
10039,-4237.26,101.652
10043.2,-4239.06,99.8586
10047.5,-4240.86,98.0593
10051.7,-4242.66,96.2659
10055.9,-4244.46,94.433
10060.1,-4246.26,92.5911
10064.4,-4248.06,90.7522
10068.6,-4249.86,88.9193
10072.8,-4251.66,87.1186
10077.1,-4253.46,85.3101
10081.3,-4255.26,83.4974
10085.5,-4257.06,81.6819
10089.8,-4258.86,79.8579
10094,-4260.66,78.0399
10098.2,-4262.46,76.2177
10102.5,-4264.26,74.4374
10106.7,-4266.06,72.653
10110.9,-4267.86,70.8732
10115.2,-4269.66,69.0709
10119.4,-4271.46,67.2719
10123.6,-4273.26,65.4697
10127.8,-4275.06,63.6728
10132.2,-4276.86,61.8517
10136.4,-4278.66,60.0607
10140.6,-4280.46,58.2603
10144.9,-4282.26,56.466
10149.1,-4284.06,54.6683
10153.3,-4285.86,52.8765
10157.6,-4287.66,51.086
10161.8,-4289.46,49.2752
10166,-4291.26,47.4665
10170.3,-4293.06,45.6529
10174.5,-4294.86,43.8248
10178.7,-4296.66,41.9976
10182.9,-4298.46,40.165
10187.2,-4300.26,38.3269
10191.4,-4302.06,36.4999
10195.7,-4303.86,34.6708
10199.9,-4305.66,32.8464
10204.4,-4307.46,30.9127
10208.7,-4309.26,29.1202
10212.9,-4311.06,27.3269
10217.1,-4312.85,25.5366
10221.3,-4314.65,23.7951
10225.6,-4316.45,22.0634
10229.8,-4318.25,20.3246
10234,-4320.05,18.5914
10238.3,-4321.85,16.7674
10242.6,-4323.65,14.9835
10246.8,-4325.45,13.197
10251.2,-4327.25,11.358
10255.5,-4329.05,9.55893
10259.7,-4330.85,7.79524
10264.1,-4332.65,5.98267
10268.7,-4334.45,4.1309
10273.2,-4336.25,2.3484
10277.5,-4338.05,1.01026
10281.7,-4339.85,1.60226
10285.9,-4341.65,3.15413
10290.2,-4343.45,4.81962
10294.4,-4345.25,6.57579
10298.6,-4347.05,8.3469
10302.8,-4348.85,10.1175
10307.1,-4350.65,11.8979
10311.3,-4352.45,13.7557
10315.6,-4354.25,15.6077
10319.8,-4356.05,17.4547
10324.2,-4357.85,19.333
10328.5,-4359.65,21.1286
10332.7,-4361.45,22.9203
10336.9,-4363.25,24.7164
10341.4,-4365.05,26.5751
10345.6,-4366.85,28.3351
10349.9,-4368.65,30.0882
10354.1,-4370.45,31.8427
10358.6,-4372.25,33.7209
10362.9,-4374.05,35.4657
10367.1,-4375.85,37.2089
10371.6,-4377.65,39.075
10375.9,-4379.45,40.8155
10380.1,-4381.25,42.5589
10384.3,-4383.05,44.3067
10388.9,-4384.85,46.1958
10393.1,-4386.65,47.9563
10397.4,-4388.45,49.7051
10401.9,-4390.25,51.5692
10406.1,-4392.05,53.3113
10410.4,-4393.85,55.0463
10414.6,-4395.65,56.782
10419.2,-4397.45,58.6967
10423.4,-4399.25,60.4667
10427.6,-4401.05,62.2343
10431.8,-4402.85,63.9759
10436.1,-4404.65,65.7216
10440.3,-4406.44,67.4693
10444.5,-4408.24,69.2122
10448.8,-4410.04,71.0241
10453,-4411.84,72.8418
10457.2,-4413.64,74.6513
10461.5,-4415.44,76.4457
10465.7,-4417.24,78.2413
10469.9,-4419.04,80.0369
10474.2,-4420.84,81.8553
10478.5,-4422.64,83.6441
10482.7,-4424.44,85.4238
10486.9,-4426.24,87.2076
10491.1,-4428.04,88.9909
10495.4,-4429.84,90.7731
10499.6,-4431.64,92.5483
10503.8,-4433.44,94.3243
10508.1,-4435.24,96.1149
10512.3,-4437.04,97.9071
10516.5,-4438.84,99.6866
10520.8,-4440.64,101.497
10525,-4442.44,103.298
10529.2,-4444.24,105.104
10533.5,-4446.04,106.906
10537.7,-4447.84,108.705
10541.9,-4449.64,110.5
10546.2,-4451.44,112.305
10550.4,-4453.24,114.123
10554.6,-4455.04,115.945
10558.9,-4456.84,117.761
10563.1,-4458.64,119.58
10567.3,-4460.44,121.388
10571.6,-4462.24,123.191
10575.8,-4464.04,124.987
10580.1,-4465.84,126.822
10584.3,-4467.64,128.637
10588.6,-4469.44,130.442
10592.8,-4471.24,132.253
10597,-4473.04,134.022
10601.3,-4474.84,135.799
10605.5,-4476.64,137.566
10609.7,-4478.44,139.349
10613.9,-4480.24,141.137
10618.2,-4482.04,142.926
10622.4,-4483.84,144.717
10626.6,-4485.64,146.516
10630.9,-4487.44,148.315
10635.1,-4489.24,150.107
10639.3,-4491.04,151.911
10643.6,-4492.84,153.701
10647.8,-4494.64,155.484
10652.1,-4496.44,157.28
10656.5,-4498.23,159.194
10660.8,-4500.03,161.019
10665,-4501.83,162.836
10669.5,-4503.63,164.65
10673.8,-4505.43,166.553
10678,-4507.23,168.32
10682.2,-4509.03,170.087
10686.8,-4510.83,171.983
10691,-4512.63,173.761
10695.2,-4514.43,175.53
10699.4,-4516.23,177.299
10703.7,-4518.03,179.058
10707.9,-4519.83,180.81
10712.1,-4521.63,182.564
10716.4,-4523.43,184.374
10720.6,-4525.23,186.203
10724.9,-4527.03,188.043
10729.1,-4528.83,189.864
10733.4,-4530.63,191.634
10737.6,-4532.43,193.403
10741.8,-4534.23,195.173
10746.1,-4536.03,196.975
10750.3,-4537.83,198.777
10754.5,-4539.63,200.573
10758.8,-4541.43,202.369
10763,-4543.23,204.16
10767.2,-4545.03,205.944
10771.4,-4546.83,207.73
10775.7,-4548.63,209.552
10779.9,-4550.43,211.376
10784.1,-4552.23,213.204
10788.3,-4554.03,215.025
10792.6,-4555.83,216.88
10796.9,-4557.63,218.702
10801.1,-4559.43,220.525
10805.3,-4561.23,222.35
10809.6,-4563.03,224.177
10813.8,-4564.83,226
10818,-4566.63,227.823
10822.2,-4568.43,229.642
10826.5,-4570.23,231.462
10830.7,-4572.03,233.282
10834.9,-4573.83,235.099
10839.1,-4575.63,236.906
10843.4,-4577.43,238.715
10847.6,-4579.23,240.517
10851.9,-4581.03,242.341
10856.1,-4582.83,244.141
10860.3,-4584.63,245.936
10864.6,-4586.43,247.733
10869.1,-4588.23,249.655
10873.4,-4590.02,251.437
10877.6,-4591.82,253.209
10882.2,-4593.62,255.082
10886.4,-4595.42,256.825
10890.6,-4597.22,258.577
10895.3,-4599.02,260.492
10899.5,-4600.82,262.235
10903.8,-4602.62,263.983
10908,-4604.42,265.729
10912.2,-4606.22,267.456
10916.4,-4608.02,269.186
10920.7,-4609.82,270.921
10924.9,-4611.62,272.761
10929.1,-4613.42,274.611
10933.4,-4615.22,276.453
10937.6,-4617.02,278.293
10941.8,-4618.82,280.123
10946.1,-4620.62,281.954
10950.3,-4622.42,283.784
10954.5,-4624.22,285.617
10958.8,-4626.02,287.419
10963,-4627.82,289.23
10967.2,-4629.62,291.03
10971.8,-4631.42,292.978
10976,-4633.22,294.792
10980.2,-4635.02,296.598
10984.4,-4636.82,298.405
10989,-4638.62,300.267
10993.2,-4640.42,301.999
10997.5,-4642.22,303.722
11001.7,-4644.02,305.466
11005.9,-4645.82,307.202
11010.2,-4647.62,308.944
11014.4,-4649.42,310.681
11018.6,-4651.22,312.477
11022.8,-4653.02,314.27
11027.1,-4654.82,316.063
11031.3,-4656.62,317.89
11035.6,-4658.42,319.706
11039.8,-4660.22,321.519
11044,-4662.02,323.341
11048.3,-4663.82,325.149
11052.5,-4665.62,326.96
11056.7,-4667.42,328.762
11061,-4669.22,330.594
11065.2,-4671.02,332.431
11069.4,-4672.82,334.266
11073.7,-4674.62,336.093
11077.9,-4676.42,337.898
11082.1,-4678.22,339.708
11086.4,-4680.02,341.512
11090.7,-4681.81,343.363
11094.9,-4683.61,345.17
11099.2,-4685.41,346.988
11103.6,-4687.21,348.848
11107.9,-4689.01,350.626
11112.1,-4690.81,352.384
11116.5,-4692.61,354.183
11121.4,-4694.41,356.167
11125.8,-4696.21,357.879
11130,-4698.01,358.98
11134.3,-4699.81,358.06
11138.5,-4701.61,356.552
11142.7,-4703.41,354.964
11147,-4705.21,353.355
11151.2,-4707.01,351.569
11155.4,-4708.81,349.781
11159.7,-4710.61,347.993
11163.9,-4712.41,346.199
11168.1,-4714.21,344.363
11172.4,-4716.01,342.522
11176.6,-4717.81,340.688
11180.8,-4719.61,338.853
11185.1,-4721.41,337.033
11189.3,-4723.21,335.209
11193.5,-4725.01,333.394
11197.8,-4726.81,331.595
11202,-4728.61,329.798
11206.2,-4730.41,328.001
11210.5,-4732.21,326.205
11214.7,-4734.01,324.402
11218.9,-4735.81,322.605
11223.2,-4737.61,320.799
11227.6,-4739.41,318.89
11231.9,-4741.21,317.086
11236.1,-4743.01,315.288
11240.3,-4744.81,313.495
11244.9,-4746.61,311.607
11249.1,-4748.41,309.855
11253.4,-4750.21,308.104
11257.6,-4752.01,306.394
11261.8,-4753.81,304.682
11266.1,-4755.61,302.962
11270.3,-4757.41,301.247
11274.5,-4759.21,299.448
11278.8,-4761.01,297.654
11283,-4762.81,295.855
11287.2,-4764.61,294.049
11291.4,-4766.41,292.238
11295.7,-4768.21,290.43
11299.9,-4770.01,288.609
11304.2,-4771.81,286.792
11308.4,-4773.6,284.987
11312.7,-4775.4,283.18
11317.2,-4777.2,281.271
11321.4,-4779,279.462
11325.6,-4780.8,277.665
11330.2,-4782.6,275.924
11334.4,-4784.4,274.032
11338.7,-4786.2,272.291
11342.9,-4788,270.542
11347.4,-4789.8,268.703
11351.6,-4791.6,266.968
11355.9,-4793.4,265.245
11360.1,-4795.2,263.52
11364.3,-4797,261.778
11368.6,-4798.8,260.034
11372.8,-4800.6,258.299
11377,-4802.4,256.508
11381.3,-4804.2,254.708
11385.5,-4806,252.919
11389.7,-4807.8,251.129
11393.9,-4809.6,249.345
11398.2,-4811.4,247.535
11402.6,-4813.2,245.686
11406.8,-4815,243.882
11411.1,-4816.8,242.073
11415.3,-4818.6,240.265
11419.5,-4820.4,238.462
11423.8,-4822.2,236.689
11428,-4824,234.912
11432.2,-4825.8,233.142
11436.5,-4827.6,231.267
11440.7,-4829.4,229.413
11445,-4831.2,227.56
11449.2,-4833,225.715
11453.4,-4834.8,223.927
11457.7,-4836.6,222.134
11461.9,-4838.4,220.35
11466.1,-4840.2,218.541
11470.4,-4842,216.736
11474.6,-4843.8,214.929
11478.8,-4845.6,213.121
11483,-4847.4,211.334
11487.3,-4849.2,209.543
11491.5,-4851,207.751
11495.7,-4852.8,205.963
11499.9,-4854.6,204.171
11504.2,-4856.4,202.367
11508.4,-4858.2,200.571
11512.7,-4860,198.779
11516.9,-4861.8,196.981
11521.1,-4863.6,195.182
11525.6,-4865.4,193.306
11529.8,-4867.19,191.51
11534,-4868.99,189.72
11538.3,-4870.79,187.925
11542.8,-4872.59,186.041
11547,-4874.39,184.264
11551.2,-4876.19,182.494
11555.4,-4877.99,180.727
11560,-4879.79,178.806
11564.2,-4881.59,177.022
11568.5,-4883.39,175.248
11573,-4885.19,173.356
11577.2,-4886.99,171.601
11581.5,-4888.79,169.846
11585.7,-4890.59,168.093
11590.3,-4892.39,166.186
11594.5,-4894.19,164.422
11598.7,-4895.99,162.666
11603.3,-4897.79,160.811
11607.5,-4899.59,159.089
11611.7,-4901.39,157.37
11616,-4903.19,155.637
11620.2,-4904.99,153.895
11624.4,-4906.79,152.153
11628.7,-4908.59,150.419
11632.9,-4910.39,148.615
11637.1,-4912.19,146.806
11641.4,-4913.99,145.003
11645.6,-4915.79,143.2
11649.8,-4917.59,141.396
11654,-4919.39,139.586
11658.3,-4921.19,137.777
11662.5,-4922.99,135.94
11666.7,-4924.79,134.114
11671,-4926.59,132.287
11675.2,-4928.39,130.451
11679.8,-4930.19,128.486
11684,-4931.99,126.656
11688.2,-4933.79,124.832
11692.8,-4935.59,122.951
11697,-4937.39,121.192
11701.2,-4939.19,119.431
11705.5,-4940.99,117.678
11710,-4942.79,115.788
11714.2,-4944.59,114.031
11718.5,-4946.39,112.278
11723,-4948.19,110.416
11727.3,-4949.99,108.684
11731.5,-4951.79,106.958
11735.7,-4953.59,105.235
11740.3,-4955.39,103.32
11744.6,-4957.19,101.577
11748.8,-4958.98,99.8312
11753,-4960.78,98.1148
11757.3,-4962.58,96.3945
11761.5,-4964.38,94.6777
11765.7,-4966.18,92.8632
11769.9,-4967.98,91.0466
11774.2,-4969.78,89.2162
11778.4,-4971.58,87.4
11782.7,-4973.38,85.5713
11786.9,-4975.18,83.7498
11791.1,-4976.98,81.9208
11795.3,-4978.78,80.1092
11799.6,-4980.58,78.2926
11803.8,-4982.38,76.4769
11808.1,-4984.18,74.652
11812.5,-4985.98,72.7145
11816.7,-4987.78,70.8792
11821,-4989.58,69.0435
11825.2,-4991.38,67.2002
11829.8,-4993.18,65.3089
11834,-4994.98,63.5484
11838.2,-4996.78,61.7981
11842.5,-4998.58,60.0414
11846.7,-5000.38,58.2945
11850.9,-5002.18,56.5398
11855.2,-5003.98,54.7845
11859.4,-5005.78,52.9907
11863.6,-5007.58,51.1995
11867.9,-5009.38,49.4066
11872.1,-5011.18,47.6033
11876.3,-5012.98,45.8075
11880.6,-5014.78,43.9981
11884.8,-5016.58,42.195
11889.1,-5018.38,40.4088
11893.3,-5020.18,38.6223
11897.5,-5021.98,36.8371
11901.8,-5023.78,35.0444
11906,-5025.58,33.2477
11910.2,-5027.38,31.4581
11914.4,-5029.18,29.6663
11918.7,-5030.98,27.8533
11922.9,-5032.78,26.0402
11927.1,-5034.58,24.227
11931.4,-5036.38,22.3686
11935.7,-5038.18,20.5424
11939.9,-5039.98,18.7159
11944.3,-5041.78,16.8261
11948.5,-5043.58,15.0185
11952.8,-5045.38,13.2092
11957.1,-5047.18,11.3581
11961.8,-5048.98,9.4153
11966,-5050.77,7.65788
11970.4,-5052.57,5.86316
11974.8,-5054.37,4.03871
11979.3,-5056.17,2.39559
11983.6,-5057.97,1.29662
11987.8,-5059.77,1.83499
11992,-5061.57,3.28207
11996.3,-5063.37,4.88817
12000.5,-5065.17,6.53373
12004.7,-5066.97,8.18991
12008.9,-5068.77,9.98334
12013.2,-5070.57,11.7896
12017.4,-5072.37,13.5957
12021.7,-5074.17,15.4112
12025.9,-5075.97,17.2296
12030.1,-5077.77,19.0525
12034.4,-5079.57,20.8744
12038.6,-5081.37,22.6661
12042.9,-5083.17,24.4827
12047.1,-5084.97,26.2855
12051.3,-5086.77,28.1034
12055.6,-5088.57,29.9262
12059.8,-5090.37,31.7432
12064,-5092.17,33.5626
12068.4,-5093.97,35.4312
12072.6,-5095.77,37.2409
12076.9,-5097.57,39.0402
12081.4,-5099.37,40.8413
12085.6,-5101.17,42.7595
12089.9,-5102.97,44.5354
12094.1,-5104.77,46.3154
12098.7,-5106.57,48.1725
12102.9,-5108.37,49.8982
12107.2,-5110.17,51.6199
12111.4,-5111.97,53.3661
12115.6,-5113.77,55.1108
12119.8,-5115.57,56.8554
12124.1,-5117.37,58.6094
12128.3,-5119.17,60.401
12132.5,-5120.97,62.1902
12136.8,-5122.77,63.9807
12141,-5124.57,65.7744
12145.3,-5126.37,67.5821
12149.6,-5128.17,69.4102
12153.8,-5129.97,71.2076
12158,-5131.77,72.997
12162.2,-5133.57,74.7852
12166.5,-5135.37,76.5717
12170.9,-5137.17,78.482
12175.2,-5138.97,80.2957
12179.4,-5140.77,82.0989
12183.7,-5142.56,83.9068
12188.2,-5144.36,85.785
12192.4,-5146.16,87.5549
12196.6,-5147.96,89.3155
12201.2,-5149.76,91.2016
12205.4,-5151.56,92.9474
12209.6,-5153.36,94.6904
12213.8,-5155.16,96.4333
12218.4,-5156.96,98.2983
12222.6,-5158.76,100.035
12226.9,-5160.56,101.762
12231.4,-5162.36,103.632
12235.7,-5164.16,105.363
12239.9,-5165.96,107.092
12244.1,-5167.76,108.838
12248.4,-5169.56,110.552
12252.6,-5171.36,112.268
12256.8,-5173.16,113.985
12261.1,-5174.96,115.706
12265.3,-5176.76,117.502
12269.5,-5178.56,119.291
12273.8,-5180.36,121.081
12278,-5182.16,122.894
12282.2,-5183.96,124.708
12286.4,-5185.76,126.526
12290.7,-5187.56,128.343
12294.9,-5189.36,130.154
12299.2,-5191.16,131.97
12303.4,-5192.96,133.783
12307.9,-5194.76,135.709
12312.1,-5196.56,137.539
12316.4,-5198.36,139.357
12320.6,-5200.16,141.208
12324.9,-5201.96,142.946
12329.1,-5203.76,144.688
12333.3,-5205.56,146.426
12337.6,-5207.36,148.229
12341.8,-5209.16,150.031
12346,-5210.96,151.843
12350.3,-5212.76,153.649
12354.5,-5214.56,155.421
12358.7,-5216.36,157.193
12363,-5218.16,158.966
12367.2,-5219.96,160.764
12371.4,-5221.76,162.561
12375.7,-5223.56,164.356
12379.9,-5225.36,166.145
12384.1,-5227.16,167.931
12388.4,-5228.96,169.715
12392.6,-5230.76,171.501
12396.8,-5232.56,173.31
12401.1,-5234.35,175.13
12405.3,-5236.15,176.945
12409.5,-5237.95,178.754
12413.9,-5239.75,180.639
12418.1,-5241.55,182.469
12422.4,-5243.35,184.292
12426.6,-5245.15,186.101
12430.8,-5246.95,187.918
12435.1,-5248.75,189.732
12439.3,-5250.55,191.553
12443.5,-5252.35,193.381
12447.8,-5254.15,195.219
12452,-5255.95,197.05
12456.3,-5257.75,198.882
12460.5,-5259.55,200.682
12464.7,-5261.35,202.482
12468.9,-5263.15,204.287
12473.2,-5264.95,206.098
12477.4,-5266.75,207.898
12481.7,-5268.55,209.694
12486.2,-5270.35,211.602
12490.4,-5272.15,213.381
12494.7,-5273.95,215.153
12498.9,-5275.75,216.93
12503.1,-5277.55,218.67
12507.4,-5279.35,220.409
12511.6,-5281.15,222.143
12515.8,-5282.95,223.874
12520.1,-5284.75,225.687
12524.3,-5286.55,227.508
12528.5,-5288.35,229.315
12532.8,-5290.15,231.145
12537,-5291.95,232.966
12541.3,-5293.75,234.794
12545.5,-5295.55,236.613
12549.7,-5297.35,238.44
12554,-5299.15,240.255
12558.2,-5300.95,242.078
12562.4,-5302.75,243.921
12566.7,-5304.55,245.763
12570.9,-5306.35,247.608
12575.1,-5308.15,249.451
12579.3,-5309.95,251.256
12583.6,-5311.75,253.069
12587.8,-5313.55,254.874
12592.1,-5315.35,256.71
12596.3,-5317.15,258.526
12600.5,-5318.95,260.331
12604.8,-5320.75,262.145
12609,-5322.55,263.916
12613.3,-5324.35,265.699
12617.5,-5326.15,267.469
12621.7,-5327.94,269.267
12625.9,-5329.74,271.063
12630.2,-5331.54,272.865
12634.4,-5333.34,274.663
12638.6,-5335.14,276.457
12642.8,-5336.94,278.254
12647.1,-5338.74,280.061
12651.3,-5340.54,281.865
12655.6,-5342.34,283.669
12659.8,-5344.14,285.468
12664,-5345.94,287.274
12668.5,-5347.74,289.218
12672.8,-5349.54,291.045
12677,-5351.34,292.861
12681.3,-5353.14,294.688
12685.5,-5354.94,296.441
12689.7,-5356.74,298.199
12693.9,-5358.54,299.956
12698.2,-5360.34,301.81
12702.4,-5362.14,303.663
12706.7,-5363.94,305.509
12710.9,-5365.74,307.35
12715.1,-5367.54,309.142
12719.3,-5369.34,310.949
12723.6,-5371.14,312.754
12727.8,-5372.94,314.568
12732,-5374.74,316.391
12736.3,-5376.54,318.209
12740.5,-5378.34,320.028
12744.7,-5380.14,321.798
12749,-5381.94,323.574
12753.2,-5383.74,325.364
12757.5,-5385.54,327.158
12761.7,-5387.34,328.955
12765.9,-5389.14,330.752
12770.1,-5390.94,332.549
12774.4,-5392.74,334.331
12778.6,-5394.54,336.111
12782.9,-5396.34,337.883
12787.1,-5398.14,339.679
12791.3,-5399.94,341.488
12795.6,-5401.74,343.318
12799.9,-5403.54,345.111
12804.1,-5405.34,346.922
12808.5,-5407.14,348.759
12812.8,-5408.94,350.59
12817,-5410.74,352.371
12821.3,-5412.54,354.174
12825.9,-5414.34,356.064
12830.6,-5416.14,357.833
12834.8,-5417.94,358.682
12839.1,-5419.73,357.71
12843.3,-5421.53,356.104
12847.5,-5423.33,354.456
12851.8,-5425.13,352.752
12856.1,-5426.93,351.028
12860.3,-5428.73,349.325
12864.6,-5430.53,347.544
12868.8,-5432.33,345.759
12873,-5434.13,343.969
12877.3,-5435.93,342.177
12881.5,-5437.73,340.385
12885.7,-5439.53,338.598
12889.9,-5441.33,336.804
12894.2,-5443.13,335.01
12898.5,-5444.93,333.211
12902.8,-5446.73,331.373
12907.1,-5448.53,329.555
12911.3,-5450.33,327.76
12915.5,-5452.13,325.971
12919.8,-5453.93,324.173
12924,-5455.73,322.39
12928.2,-5457.53,320.604
12932.5,-5459.33,318.826
12936.7,-5461.13,316.991
12940.9,-5462.93,315.154
12945.2,-5464.73,313.306
12949.4,-5466.53,311.47
12953.7,-5468.33,309.642
12957.9,-5470.13,307.834
12962.1,-5471.93,306.024
12966.5,-5473.73,304.193
12970.7,-5475.53,302.408
12974.9,-5477.33,300.626
12979.2,-5479.13,298.832
12983.4,-5480.93,297.059
12987.6,-5482.73,295.286
12991.9,-5484.53,293.514
12996.1,-5486.33,291.745
13000.3,-5488.13,289.957
13004.6,-5489.93,288.166
13008.8,-5491.73,286.383
13013,-5493.53,284.573
13017.3,-5495.33,282.764
13021.5,-5497.13,280.958
13025.7,-5498.93,279.159
13030,-5500.73,277.382
13034.2,-5502.53,275.6
13038.4,-5504.33,273.821
13042.7,-5506.13,272.019
13046.9,-5507.93,270.216
13051.1,-5509.73,268.404
13055.4,-5511.52,266.589
13059.6,-5513.32,264.791
13063.8,-5515.12,262.992
13068.1,-5516.92,261.187
13072.3,-5518.72,259.359
13076.6,-5520.52,257.536
13080.8,-5522.32,255.718
13085,-5524.12,253.899
13089.3,-5525.92,252.098
13093.5,-5527.72,250.291
13097.7,-5529.52,248.496
13101.9,-5531.32,246.699
13106.2,-5533.12,244.892
13110.4,-5534.92,243.089
13114.6,-5536.72,241.29
13118.9,-5538.52,239.493
13123.1,-5540.32,237.695
13127.4,-5542.12,235.9
13131.6,-5543.92,234.124
13135.8,-5545.72,232.345
13140.1,-5547.52,230.566
13144.3,-5549.32,228.782
13148.8,-5551.12,226.883
13153,-5552.92,225.085
13157.3,-5554.72,223.281
13161.8,-5556.52,221.434
13166.1,-5558.32,219.703
13170.3,-5560.12,217.973
13174.5,-5561.92,216.243
13179,-5563.72,214.398
13183.3,-5565.52,212.65
13187.5,-5567.32,210.912
13191.7,-5569.12,209.173
13196.3,-5570.92,207.223
13200.5,-5572.72,205.438
13204.8,-5574.52,203.644
13209.3,-5576.32,201.783
13213.5,-5578.12,200.034
13217.7,-5579.92,198.293
13222.3,-5581.72,196.548
13226.5,-5583.52,194.643
13230.7,-5585.32,192.878
13235,-5587.12,191.114
13239.2,-5588.92,189.397
13243.4,-5590.72,187.682
13247.7,-5592.52,185.963
13251.9,-5594.32,184.165
13256.1,-5596.12,182.364
13260.4,-5597.92,180.559
13264.6,-5599.72,178.758
13268.8,-5601.52,176.974
13273.1,-5603.31,175.18
13277.3,-5605.11,173.389
13281.5,-5606.91,171.596
13285.8,-5608.71,169.808
13290,-5610.51,168.008
13294.2,-5612.31,166.217
13298.6,-5614.11,164.314
13302.9,-5615.91,162.468
13307.1,-5617.71,160.636
13311.3,-5619.51,158.802
13315.5,-5621.31,157.037
13319.7,-5623.11,155.271
13323.9,-5624.91,153.504
13328.1,-5626.71,151.641
13332.4,-5628.51,149.775
13336.6,-5630.31,147.913
13340.8,-5632.11,146.049
13345,-5633.91,144.245
13349.2,-5635.71,142.436
13353.5,-5637.51,140.63
13357.7,-5639.31,138.832
13361.9,-5641.11,137.021
13366.1,-5642.91,135.225
13370.3,-5644.71,133.428
13374.6,-5646.51,131.661
13378.8,-5648.31,129.895
13383,-5650.11,128.128
13387.2,-5651.91,126.363
13391.4,-5653.71,124.552
13395.6,-5655.51,122.744
13399.8,-5657.31,120.936
13404.1,-5659.11,119.149
13408.3,-5660.91,117.365
13412.5,-5662.71,115.579
13416.7,-5664.51,113.796
13420.9,-5666.31,111.984
13425.1,-5668.11,110.173
13429.3,-5669.91,108.363
13433.6,-5671.71,106.551
13437.8,-5673.51,104.741
13442,-5675.31,102.931
13446.2,-5677.11,101.121
13450.4,-5678.91,99.2858
13454.6,-5680.71,97.4516
13458.9,-5682.51,95.6209
13463.1,-5684.31,93.7608
13467.3,-5686.11,91.9136
13471.5,-5687.91,90.0647
13475.7,-5689.71,88.2188
13480,-5691.51,86.4178
13484.2,-5693.31,84.6143
13488.4,-5695.1,82.8133
13492.6,-5696.9,80.9847
13496.8,-5698.7,79.1575
13501,-5700.5,77.3299
13505.2,-5702.3,75.5044
13509.5,-5704.1,73.7269
13513.7,-5705.9,71.9469
13517.9,-5707.7,70.1682
13522.1,-5709.5,68.3883
13526.3,-5711.3,66.5855
13530.5,-5713.1,64.7819
13534.7,-5714.9,62.9772
13538.9,-5716.7,61.2072
13543.2,-5718.5,59.4356
13547.4,-5720.3,57.6653
13551.6,-5722.1,55.8885
13555.8,-5723.9,54.0924
13560.1,-5725.7,52.2711
13564.3,-5727.5,50.4632
13568.6,-5729.3,48.6679
13572.8,-5731.1,46.8723
13577,-5732.9,45.0777
13581.2,-5734.7,43.2828
13585.4,-5736.5,41.47
13589.6,-5738.3,39.6578
13593.8,-5740.1,37.8433
13598,-5741.9,35.9881
13602.3,-5743.7,34.1283
13606.5,-5745.5,32.2711
13610.7,-5747.3,30.4134
13614.9,-5749.1,28.6143
13619.1,-5750.9,26.8145
13623.3,-5752.7,25.0144
13627.6,-5754.5,23.197
13631.8,-5756.3,21.3798
13636,-5758.1,19.5659
13640.2,-5759.9,17.7538
13644.5,-5761.7,15.9744
13648.7,-5763.5,14.2127
13655.4,-5765.3,11.4383
13659.8,-5767.1,9.62307
13664,-5768.9,7.86188
13668.3,-5770.7,6.13709
13672.8,-5772.5,4.61006
13677.3,-5774.3,3.18352
13681.6,-5776.1,2.13616
13685.8,-5777.9,1.99284
13690,-5779.7,2.90397
13694.2,-5781.5,4.2464
13698.5,-5783.3,5.72272
13702.7,-5785.1,7.54235
13706.9,-5786.9,9.38988
13711.1,-5788.69,11.2561
13715.3,-5790.49,13.1295
13719.5,-5792.29,14.9469
13723.7,-5794.09,16.7713
13728,-5795.89,18.5955
13732.2,-5797.69,20.4243
13736.4,-5799.49,22.206
13740.6,-5801.29,24.0061
13744.9,-5803.09,25.7904
13749.1,-5804.89,27.5842
13753.3,-5806.69,29.3757
13757.5,-5808.49,31.165
13761.7,-5810.29,32.9553
13766,-5812.09,34.7539
13770.2,-5813.89,36.5372
13774.4,-5815.69,38.3227
13778.6,-5817.49,40.1191
13782.9,-5819.29,41.9173
13787.1,-5821.09,43.7144
13791.3,-5822.89,45.512
13795.5,-5824.69,47.286
13799.7,-5826.49,49.0609
13803.9,-5828.29,50.8371
13808.2,-5830.09,52.6533
13812.4,-5831.89,54.4718
13816.6,-5833.69,56.2869
13820.8,-5835.49,58.1054
13825,-5837.29,59.908
13829.2,-5839.09,61.7132
13833.4,-5840.89,63.5188
13837.7,-5842.69,65.3381
13841.9,-5844.49,67.1584
13846.1,-5846.29,68.9942
13850.3,-5848.09,70.8192
13854.6,-5849.89,72.6373
13858.8,-5851.69,74.4529
13863,-5853.49,76.2698
13867.2,-5855.29,78.0972
13871.5,-5857.09,79.8878
13875.7,-5858.89,81.6747
13879.9,-5860.69,83.462
13884.1,-5862.49,85.2551
13888.3,-5864.29,87.0462
13892.5,-5866.09,88.839
13896.8,-5867.89,90.6297
13901,-5869.69,92.4142
13905.2,-5871.49,94.1957
13909.4,-5873.29,95.9777
13913.6,-5875.09,97.7675
13917.8,-5876.89,99.5566
13922,-5878.69,101.346
13926.3,-5880.48,103.133
13930.5,-5882.28,104.909
13934.7,-5884.08,106.686
13938.9,-5885.88,108.46
13943.1,-5887.68,110.272
13947.3,-5889.48,112.085
13951.6,-5891.28,113.911
13955.8,-5893.08,115.722
13960,-5894.88,117.52
13964.2,-5896.68,119.32
13968.5,-5898.48,121.129
13972.7,-5900.28,122.949
13976.9,-5902.08,124.768
13981.1,-5903.88,126.588
13985.3,-5905.68,128.405
13989.5,-5907.48,130.217
13993.8,-5909.28,132.037
13998,-5911.08,133.856
14002.2,-5912.88,135.671
14006.4,-5914.68,137.469
14010.6,-5916.48,139.268
14014.9,-5918.28,141.064
14019.1,-5920.08,142.88
14023.6,-5921.88,144.766
14028,-5923.68,146.649
14032.4,-5925.48,148.515
14036.7,-5927.28,150.302
14041.1,-5929.08,152.107
14045.5,-5930.88,153.903
14050.1,-5932.68,155.72
14054.6,-5934.48,157.518
14059,-5936.28,159.284
14063.7,-5938.08,161.175
14068.2,-5939.88,162.948
14072.6,-5941.68,164.717
14076.9,-5943.48,166.451
14081.2,-5945.28,168.12
14085.4,-5947.08,169.783
14089.6,-5948.88,171.446
14093.8,-5950.68,173.279
14098,-5952.48,175.109
14102.2,-5954.28,176.942
14106.4,-5956.08,178.774
14110.7,-5957.88,180.604
14114.9,-5959.68,182.431
14119.1,-5961.48,184.258
14123.3,-5963.28,186.088
14127.5,-5965.08,187.894
14131.7,-5966.88,189.703
14135.9,-5968.68,191.508
14140.1,-5970.48,193.272
14144.4,-5972.27,195.038
14148.6,-5974.07,196.803
14152.8,-5975.87,198.623
14157,-5977.67,200.428
14161.3,-5979.47,202.236
14165.5,-5981.27,204.041
14169.7,-5983.07,205.829
14174,-5984.87,207.635
14178.2,-5986.67,209.424
14182.4,-5988.47,211.213
14186.6,-5990.27,213.045
14190.8,-5992.07,214.877
14195,-5993.87,216.707
14199.2,-5995.67,218.514
14203.5,-5997.47,220.322
14207.7,-5999.27,222.128
14211.9,-6001.07,223.935
14216.1,-6002.87,225.773
14220.3,-6004.67,227.613
14224.5,-6006.47,229.454
14228.7,-6008.27,231.298
14233,-6010.07,233.144
14237.2,-6011.87,234.987
14241.4,-6013.67,236.833
14245.6,-6015.47,238.642
14249.8,-6017.27,240.453
14254.1,-6019.07,242.278
14258.3,-6020.87,244.089
14262.5,-6022.67,245.9
14266.7,-6024.47,247.711
14270.9,-6026.27,249.522
14275.2,-6028.07,251.312
14279.4,-6029.87,253.078
14283.6,-6031.67,254.844
14287.8,-6033.47,256.652
14292.1,-6035.27,258.463
14296.3,-6037.07,260.27
14300.5,-6038.87,262.077
14304.7,-6040.67,263.875
14308.9,-6042.47,265.672
14313.1,-6044.27,267.47
14317.4,-6046.07,269.266
14321.6,-6047.87,271.092
14325.8,-6049.67,272.916
14330,-6051.47,274.742
14334.2,-6053.27,276.564
14338.4,-6055.07,278.386
14342.6,-6056.87,280.209
14346.9,-6058.67,282.031
14351.1,-6060.47,283.88
14355.3,-6062.27,285.716
14359.5,-6064.06,287.552
14363.7,-6065.86,289.392
14368,-6067.66,291.231
14372.2,-6069.46,293.07
14376.4,-6071.26,294.921
14380.6,-6073.06,296.735
14384.9,-6074.86,298.546
14389.1,-6076.66,300.356
14393.3,-6078.46,302.173
14397.5,-6080.26,303.989
14401.8,-6082.06,305.828
14406.1,-6083.86,307.696
14410.3,-6085.66,309.475
14414.5,-6087.46,311.258
14418.8,-6089.26,313.035
14423,-6091.06,314.812
14427.2,-6092.86,316.608
14431.4,-6094.66,318.408
14435.6,-6096.46,320.203
14439.8,-6098.26,321.978
14444,-6100.06,323.754
14448.3,-6101.86,325.528
14452.5,-6103.66,327.318
14456.7,-6105.46,329.108
14460.9,-6107.26,330.899
14465.2,-6109.06,332.686
14469.4,-6110.86,334.49
14473.6,-6112.66,336.295
14477.8,-6114.46,338.113
14482,-6116.26,339.917
14486.3,-6118.06,341.714
14490.5,-6119.86,343.51
14494.7,-6121.66,345.325
14499,-6123.46,347.139
14507.2,-6125.26,350.67
14511.6,-6127.06,352.524
14515.8,-6128.86,354.244
14529.4,-6130.66,358.071
14533.8,-6132.46,357.921
14538,-6134.26,356.911
14542.2,-6136.06,355.603
14546.4,-6137.86,354.9
14550.7,-6139.66,354.177
14554.9,-6141.46,353.437
14559.1,-6143.26,352.047
14563.3,-6145.06,350.644
14567.6,-6146.86,349.235
14571.8,-6148.66,347.822
14576,-6150.46,345.934
14580.2,-6152.26,344.06
14584.5,-6154.06,342.182
14588.7,-6155.85,340.317
14592.9,-6157.65,338.449
14597.1,-6159.45,336.58
14601.3,-6161.25,334.708
14605.5,-6163.05,332.958
14609.8,-6164.85,331.206
14614,-6166.65,329.452
14618.2,-6168.45,327.68
14622.4,-6170.25,325.905
14626.6,-6172.05,324.134
14630.8,-6173.85,322.36
14635,-6175.65,320.531
14639.3,-6177.45,318.702
14643.5,-6179.25,316.871
14647.7,-6181.05,315.04
14651.9,-6182.85,313.22
14656.2,-6184.65,311.412
14660.4,-6186.45,309.605
14664.6,-6188.25,307.803
14668.8,-6190.05,306.002
14673,-6191.85,304.199
14677.3,-6193.65,302.387
14681.5,-6195.45,300.576
14685.7,-6197.25,298.768
14689.9,-6199.05,296.958
14694.1,-6200.85,295.166
14698.3,-6202.65,293.377
14702.5,-6204.45,291.585
14706.8,-6206.25,289.795
14711,-6208.05,288.013
14715.2,-6209.85,286.236
14719.4,-6211.65,284.456
14723.6,-6213.45,282.675
14727.8,-6215.25,280.873
14732.1,-6217.05,279.069
14736.3,-6218.85,277.269
14740.5,-6220.65,275.485
14744.7,-6222.45,273.7
14748.9,-6224.25,271.914
14753.2,-6226.05,270.107
14757.4,-6227.85,268.313
14761.6,-6229.65,266.517
14765.8,-6231.45,264.725
14770,-6233.25,262.924
14774.2,-6235.05,261.121
14778.5,-6236.85,259.311
14782.7,-6238.65,257.509
14786.9,-6240.45,255.701
14791.1,-6242.25,253.891
14795.3,-6244.05,252.084
14799.5,-6245.85,250.269
14803.8,-6247.65,248.451
14808,-6249.44,246.636
14812.2,-6251.24,244.819
14816.4,-6253.04,243.006
14820.7,-6254.84,241.206
14824.9,-6256.64,239.41
14829.1,-6258.44,237.609
14833.3,-6260.24,235.807
14837.5,-6262.04,234.008
14841.7,-6263.84,232.206
14845.9,-6265.64,230.428
14850.2,-6267.44,228.648
14854.4,-6269.24,226.855
14858.6,-6271.04,225.064
14862.8,-6272.84,223.271
14867,-6274.64,221.481
14871.3,-6276.44,219.69
14875.5,-6278.24,217.914
14879.7,-6280.04,216.126
14883.9,-6281.84,214.346
14888.1,-6283.64,212.56
14892.4,-6285.44,210.773
14896.6,-6287.24,208.988
14900.8,-6289.04,207.201
14905,-6290.84,205.395
14909.2,-6292.64,203.587
14913.4,-6294.44,201.777
14917.6,-6296.24,199.97
14921.9,-6298.04,198.154
14926.1,-6299.84,196.341
14930.3,-6301.64,194.527
14934.5,-6303.44,192.69
14938.7,-6305.24,190.855
14942.9,-6307.04,189.019
14947.1,-6308.84,187.184
14951.4,-6310.64,185.379
14955.6,-6312.44,183.566
14959.8,-6314.24,181.763
14964,-6316.04,179.959
14968.2,-6317.84,178.154
14972.5,-6319.64,176.346
14976.7,-6321.44,174.541
14980.9,-6323.24,172.75
14985.1,-6325.04,170.972
14989.4,-6326.84,169.168
14993.6,-6328.64,167.371
14997.8,-6330.44,165.576
15002,-6332.24,163.78
15006.3,-6334.04,161.987
15010.5,-6335.84,160.201
15014.7,-6337.64,158.413
15018.9,-6339.44,156.629
15023.1,-6341.23,154.843
15027.3,-6343.03,153.032
15031.5,-6344.83,151.218
15035.8,-6346.63,149.409
15040,-6348.43,147.605
15044.2,-6350.23,145.798
15048.4,-6352.03,143.994
15052.6,-6353.83,142.174
15056.9,-6355.63,140.326
15061.1,-6357.43,138.476
15065.3,-6359.23,136.63
15069.5,-6361.03,134.8
15073.7,-6362.83,132.971
15077.9,-6364.63,131.143
15082.2,-6366.43,129.302
15086.4,-6368.23,127.492
15090.6,-6370.03,125.665
15094.9,-6371.83,123.855
15099.1,-6373.63,122.045
15103.3,-6375.43,120.254
15107.5,-6377.23,118.462
15111.7,-6379.03,116.672
15115.9,-6380.83,114.902
15120.1,-6382.63,113.134
15124.4,-6384.43,111.366
15128.6,-6386.23,109.554
15132.8,-6388.03,107.738
15137,-6389.83,105.925
15141.2,-6391.63,104.112
15145.4,-6393.43,102.329
15149.6,-6395.23,100.544
15153.9,-6397.03,98.7475
15158.1,-6398.83,96.9637
15162.3,-6400.63,95.1459
15166.5,-6402.43,93.3302
15170.7,-6404.23,91.5133
15175,-6406.03,89.7033
15179.2,-6407.83,87.8908
15183.4,-6409.63,86.0666
15187.6,-6411.43,84.2545
15191.8,-6413.23,82.4239
15196.1,-6415.03,80.5967
15200.3,-6416.83,78.7691
15204.5,-6418.63,76.9267
15208.7,-6420.43,75.0855
15212.9,-6422.23,73.2431
15217.1,-6424.03,71.4028
15221.3,-6425.83,69.5836
15225.6,-6427.63,67.766
15229.8,-6429.43,65.9489
15234,-6431.23,64.1298
15238.2,-6433.02,62.3027
15242.4,-6434.82,60.4753
15246.6,-6436.62,58.6501
15250.8,-6438.42,56.8719
15255.1,-6440.22,55.083
15259.3,-6442.02,53.3066
15263.5,-6443.82,51.5066
15267.7,-6445.62,49.7087
15272,-6447.42,47.9093
15276.2,-6449.22,46.1121
15280.4,-6451.02,44.3308
15284.6,-6452.82,42.5372
15288.8,-6454.62,40.7553
15293,-6456.42,38.9714
15297.3,-6458.22,37.184
15301.5,-6460.02,35.3946
15305.7,-6461.82,33.6076
15309.9,-6463.62,31.7997
15314.1,-6465.42,29.9918
15318.3,-6467.22,28.1855
15322.5,-6469.02,26.3775
15326.8,-6470.82,24.5721
15331,-6472.62,22.7637
15335.2,-6474.42,20.9606
15339.4,-6476.22,19.1284
15343.6,-6478.02,17.2954
15347.8,-6479.82,15.4666
15352.1,-6481.62,13.6184
15356.3,-6483.42,11.8203
15364.6,-6485.22,8.35703
15368.9,-6487.02,6.54427
15373.2,-6488.82,4.82822
15386.9,-6490.62,1.69161
15391.2,-6492.42,2.33905
15395.4,-6494.22,3.49013
15399.6,-6496.02,4.05786
15403.9,-6497.82,4.6466
15408.1,-6499.62,5.24796
15412.3,-6501.42,5.85995
15416.5,-6503.22,7.26691
15420.7,-6505.02,8.68984
15424.9,-6506.82,10.1179
15429.1,-6508.62,12.0682
15433.4,-6510.42,14.0274
15437.6,-6512.22,15.9878
15441.8,-6514.02,17.9536
15446,-6515.82,19.785
15450.2,-6517.62,21.6202
15454.5,-6519.42,23.4716
15458.7,-6521.22,25.3084
15462.9,-6523.02,27.057
15467.1,-6524.81,28.8043
15471.3,-6526.61,30.5536
15475.6,-6528.41,32.3396
15479.8,-6530.21,34.1276
15484,-6532.01,35.9165
15488.2,-6533.81,37.7181
15492.5,-6535.61,39.5699
15496.7,-6537.41,41.42
15500.9,-6539.21,43.2711
15505.1,-6541.01,45.0688
15509.3,-6542.81,46.8675
15513.5,-6544.61,48.6678
15517.7,-6546.41,50.4657
15522,-6548.21,52.2619
15526.2,-6550.01,54.0548
15530.4,-6551.81,55.8478
15534.6,-6553.61,57.6671
15538.8,-6555.41,59.4841
15543,-6557.21,61.3035
15547.2,-6559.01,63.1205
15551.5,-6560.81,64.8945
15555.7,-6562.61,66.6776
15559.9,-6564.41,68.4508
15564.1,-6566.21,70.224
15568.3,-6568.01,72.016
15572.6,-6569.81,73.8105
15576.8,-6571.61,75.6025
15581,-6573.41,77.4021
15585.2,-6575.21,79.2
15589.4,-6577.01,81.008
15593.7,-6578.81,82.8084
15597.9,-6580.61,84.5941
15602.1,-6582.41,86.3814
15606.3,-6584.21,88.1655
15610.5,-6586.01,89.9691
15614.7,-6587.81,91.7737
15619,-6589.61,93.5765
15623.2,-6591.41,95.3811
15627.4,-6593.21,97.1861
15631.6,-6595.01,98.9927
15635.8,-6596.81,100.797
15640,-6598.61,102.613
15644.2,-6600.41,104.432
15648.4,-6602.21,106.247
15652.7,-6604.01,108.068
15656.9,-6605.81,109.881
15661.1,-6607.61,111.685
15665.3,-6609.41,113.486
15669.5,-6611.21,115.281
15673.8,-6613.01,117.076
15678,-6614.81,118.871
15682.2,-6616.6,120.667
15686.4,-6618.4,122.467
15690.7,-6620.2,124.266
15694.9,-6622,126.05
15699.1,-6623.8,127.835
15703.4,-6625.6,129.641
15707.6,-6627.4,131.417
15711.8,-6629.2,133.196
15716,-6631,134.96
15720.2,-6632.8,136.724
15724.5,-6634.6,138.49
15728.7,-6636.4,140.276
15732.9,-6638.2,142.065
15737.1,-6640,143.851
15741.3,-6641.8,145.638
15745.5,-6643.6,147.449
15749.7,-6645.4,149.264
15754,-6647.2,151.091
15758.2,-6649,152.905
15762.4,-6650.8,154.717
15766.6,-6652.6,156.528
15770.9,-6654.4,158.34
15775.1,-6656.2,160.182
15779.3,-6658,162.026
15783.5,-6659.8,163.871
15787.7,-6661.6,165.714
15791.9,-6663.4,167.523
15796.1,-6665.2,169.331
15800.3,-6667,171.139
15804.6,-6668.8,172.951
15808.8,-6670.6,174.761
15813,-6672.4,176.573
15817.2,-6674.2,178.384
15821.4,-6676,180.177
15825.6,-6677.8,181.965
15829.8,-6679.6,183.755
15834,-6681.4,185.546
15838.3,-6683.2,187.337
15842.5,-6685,189.13
15846.7,-6686.8,190.92
15850.9,-6688.6,192.725
15855.2,-6690.4,194.538
15859.4,-6692.2,196.342
15863.6,-6694,198.147
15867.8,-6695.8,199.933
15872,-6697.6,201.72
15876.2,-6699.4,203.503
15880.4,-6701.2,205.335
15884.7,-6703,207.169
15888.9,-6704.8,208.999
15893.1,-6706.6,210.843
15897.3,-6708.4,212.666
15901.6,-6710.19,214.508
15905.9,-6711.99,216.385
15910.1,-6713.79,218.227
15914.4,-6715.59,220.07
15918.6,-6717.39,221.909
15922.8,-6719.19,223.747
15927,-6720.99,225.543
15931.2,-6722.79,227.345
15935.4,-6724.59,229.143
15939.6,-6726.39,230.95
15943.9,-6728.19,232.758
15948.1,-6729.99,234.565
15952.3,-6731.79,236.377
15956.5,-6733.59,238.16
15960.8,-6735.39,239.933
15965,-6737.19,241.702
15969.2,-6738.99,243.473
15973.4,-6740.79,245.275
15977.6,-6742.59,247.074
15981.8,-6744.39,248.877
15986,-6746.19,250.664
15990.3,-6747.99,252.452
15994.5,-6749.79,254.262
15998.7,-6751.59,256.078
16003,-6753.39,257.894
16007.2,-6755.19,259.708
16011.4,-6756.99,261.523
16015.6,-6758.79,263.329
16019.8,-6760.59,265.134
16024,-6762.39,266.939
16028.2,-6764.19,268.744
16032.5,-6765.99,270.574
16036.7,-6767.79,272.4
16040.9,-6769.59,274.23
16045.1,-6771.39,276.072
16049.3,-6773.19,277.916
16053.5,-6774.99,279.764
16057.8,-6776.79,281.62
16062,-6778.59,283.44
16066.2,-6780.39,285.256
16070.4,-6782.19,287.072
16074.6,-6783.99,288.902
16078.9,-6785.79,290.73
16083.1,-6787.59,292.561
16087.3,-6789.39,294.388
16091.5,-6791.19,296.176
16095.7,-6792.99,297.975
16100,-6794.79,299.764
16104.2,-6796.59,301.553
16108.4,-6798.39,303.356
16112.6,-6800.19,305.159
16116.8,-6801.98,306.961
16121,-6803.78,308.747
16125.2,-6805.58,310.528
16129.5,-6807.38,312.311
16133.7,-6809.18,314.096
16137.9,-6810.98,315.889
16142.1,-6812.78,317.684
16146.3,-6814.58,319.475
16150.5,-6816.38,321.29
16154.8,-6818.18,323.116
16159,-6819.98,324.931
16163.2,-6821.78,326.746
16167.4,-6823.58,328.536
16171.6,-6825.38,330.327
16175.9,-6827.18,332.115
16180.1,-6828.98,333.946
16184.3,-6830.78,335.777
16188.5,-6832.58,337.607
16192.7,-6834.38,339.437
16196.9,-6836.18,341.241
16201.2,-6837.98,343.048
16205.4,-6839.78,344.849
16209.6,-6841.58,346.658
16213.8,-6843.38,348.449
16222.2,-6845.18,351.946
16226.6,-6846.98,353.738
16230.8,-6848.78,355.421
16241.7,-6850.58,358.162
16246.1,-6852.38,357.924
16250.3,-6854.18,356.91
16254.6,-6855.98,356.092
16258.8,-6857.78,355.226
16263.1,-6859.58,354.324
16267.3,-6861.38,353.407
16271.5,-6863.18,352.035
16275.8,-6864.98,350.65
16280,-6866.78,349.26
16284.2,-6868.58,347.861
16288.5,-6870.38,345.969
16292.7,-6872.18,344.066
16297,-6873.98,342.15
16301.2,-6875.78,340.294
16305.4,-6877.58,338.436
16309.7,-6879.38,336.58
16313.9,-6881.18,334.726
16318.1,-6882.98,332.968
16322.4,-6884.78,331.206
16326.6,-6886.58,329.453
16330.8,-6888.38,327.668
16335.1,-6890.18,325.871
16339.3,-6891.98,324.076
16343.5,-6893.77,322.29
16347.8,-6895.57,320.47
16352,-6897.37,318.645
16356.2,-6899.17,316.823
16360.4,-6900.97,315.003
16364.7,-6902.77,313.182
16368.9,-6904.57,311.36
16373.1,-6906.37,309.535
16377.4,-6908.17,307.731
16381.6,-6909.97,305.93
16385.9,-6911.77,304.14
16390.1,-6913.57,302.341
16394.3,-6915.37,300.531
16398.6,-6917.17,298.713
16402.8,-6918.97,296.911
16407.1,-6920.77,295.127
16411.3,-6922.57,293.344
16415.5,-6924.37,291.565
16419.8,-6926.17,289.787
16424,-6927.97,287.999
16428.3,-6929.77,286.186
16432.5,-6931.57,284.398
16436.8,-6933.37,282.614
16441,-6935.17,280.82
16445.2,-6936.97,279.03
16449.7,-6938.77,277.168
16453.9,-6940.57,275.384
16458.2,-6942.37,273.599
16462.4,-6944.17,271.817
16466.9,-6945.97,269.963
16471.1,-6947.77,268.198
16475.3,-6949.57,266.446
16479.6,-6951.37,264.691
16484.1,-6953.17,262.784
16488.4,-6954.97,261.02
16492.6,-6956.77,259.26
16496.8,-6958.57,257.515
16501.1,-6960.37,255.781
16505.3,-6962.17,254.042
16509.5,-6963.97,252.232
16513.8,-6965.77,250.42
16518,-6967.57,248.607
16522.2,-6969.37,246.791
16526.4,-6971.17,244.99
16530.7,-6972.97,243.182
16534.9,-6974.77,241.382
16539.2,-6976.57,239.586
16543.4,-6978.37,237.811
16547.7,-6980.17,236.042
16551.9,-6981.97,234.268
16556.4,-6983.77,232.374
16560.7,-6985.56,230.571
16564.9,-6987.36,228.794
16569.4,-6989.16,226.959
16573.7,-6990.96,225.238
16577.9,-6992.76,223.526
16582.1,-6994.56,221.805
16586.4,-6996.36,220.075
16590.6,-6998.16,218.328
16594.8,-6999.96,216.596
16599.1,-7001.76,214.841
16603.3,-7003.56,213.009
16607.6,-7005.36,211.179
16611.8,-7007.16,209.349
16616,-7008.96,207.517
16620.3,-7010.76,205.683
16624.5,-7012.56,203.849
16628.7,-7014.36,202.023
16632.9,-7016.16,200.217
16637.2,-7017.96,198.406
16641.4,-7019.76,196.595
16645.7,-7021.56,194.794
16649.9,-7023.36,192.991
16654.1,-7025.16,191.18
16658.3,-7026.96,189.375
16662.6,-7028.76,187.597
16666.8,-7030.56,185.816
16671.1,-7032.36,184.03
16675.3,-7034.16,182.228
16679.5,-7035.96,180.428
16683.8,-7037.76,178.636
16688,-7039.56,176.84
16692.2,-7041.36,175.051
16696.5,-7043.16,173.262
16700.7,-7044.96,171.47
16705,-7046.76,169.686
16709.2,-7048.56,167.876
16713.4,-7050.36,166.058
16717.6,-7052.16,164.252
16721.9,-7053.96,162.424
16726.1,-7055.76,160.6
16730.4,-7057.56,158.777
16734.6,-7059.36,156.954
16738.8,-7061.16,155.123
16743.2,-7062.96,153.232
16747.4,-7064.76,151.403
16751.8,-7066.56,149.527
16756,-7068.36,147.688
16760.2,-7070.16,145.851
16764.8,-7071.96,144.018
16769,-7073.76,142.113
16773.2,-7075.56,140.341
16777.5,-7077.35,138.579
16782,-7079.15,136.716
16786.2,-7080.95,134.981
16790.4,-7082.75,133.247
16794.7,-7084.55,131.509
16799.3,-7086.35,129.614
16803.5,-7088.15,127.874
16807.7,-7089.95,126.136
16812.3,-7091.75,124.274
16816.5,-7093.55,122.54
16820.7,-7095.35,120.813
16825.3,-7097.15,119.089
16829.5,-7098.95,117.2
16833.7,-7100.75,115.453
16838,-7102.55,113.705
16842.6,-7104.35,111.787
16846.8,-7106.15,110.042
16851.1,-7107.95,108.293
16855.3,-7109.75,106.517
16859.5,-7111.55,104.744
16863.8,-7113.35,102.975
16868,-7115.15,101.209
16872.2,-7116.95,99.3887
16876.5,-7118.75,97.5716
16880.7,-7120.55,95.7553
16884.9,-7122.35,93.939
16889.2,-7124.15,92.1107
16893.4,-7125.95,90.2901
16897.6,-7127.75,88.4761
16901.9,-7129.55,86.6637
16906.1,-7131.35,84.8644
16910.4,-7133.15,83.0686
16914.9,-7134.95,81.1533
16919.2,-7136.75,79.3628
16923.4,-7138.55,77.5863
16927.7,-7140.35,75.8056
16932.1,-7142.15,73.9693
16936.4,-7143.95,72.2353
16940.6,-7145.75,70.4918
16945.2,-7147.55,68.6071
16949.4,-7149.35,66.8503
16953.7,-7151.15,65.0992
16957.9,-7152.95,63.3425
16962.4,-7154.75,61.4939
16966.6,-7156.55,59.7533
16970.8,-7158.35,58.0095
16975.1,-7160.15,56.2609
16979.6,-7161.95,54.3314
16983.9,-7163.75,52.539
16988.1,-7165.55,50.7558
16992.3,-7167.35,48.9993
16996.5,-7169.15,47.2493
17000.8,-7170.94,45.48
17005,-7172.74,43.7318
17009.3,-7174.54,41.9135
17013.5,-7176.34,40.0946
17017.7,-7178.14,38.2825
17021.9,-7179.94,36.4839
17026.2,-7181.74,34.679
17030.4,-7183.54,32.8842
17034.7,-7185.34,31.083
17038.9,-7187.14,29.2985
17043.2,-7188.94,27.5086
17047.4,-7190.74,25.7233
17051.9,-7192.54,23.8398
17056.1,-7194.34,22.0564
17060.3,-7196.14,20.2835
17064.6,-7197.94,18.51
17068.8,-7199.74,16.7805
17073.1,-7201.54,15.0116
17077.4,-7203.34,13.2903
17081.6,-7205.14,11.5005
17086,-7206.94,9.66216
17090.3,-7208.74,7.85261
17094.5,-7210.54,6.10357
17105,-7212.34,2.21778
17109.4,-7214.14,1.68512
17113.6,-7215.94,2.65679
17117.8,-7217.74,4.13014
17122.1,-7219.54,5.73639
17126.3,-7221.34,6.93742
17130.5,-7223.14,8.15483
17134.8,-7224.94,9.37769
17139,-7226.74,10.6073
17143.3,-7228.54,12.3222
17147.5,-7230.34,14.009
17151.8,-7232.14,15.7011
17156,-7233.94,17.615
17160.2,-7235.74,19.5344
17164.5,-7237.54,21.4515
17168.7,-7239.34,23.3741
17172.9,-7241.14,25.1802
17177.2,-7242.94,27.0026
17181.4,-7244.74,28.8163
17185.9,-7246.54,30.7135
17190.2,-7248.34,32.5033
17194.4,-7250.14,34.2835
17198.6,-7251.94,36.0664
17203.2,-7253.74,37.9306
17207.4,-7255.54,39.678
17211.6,-7257.34,41.4207
17215.8,-7259.14,43.191
17220.1,-7260.94,44.972
17224.3,-7262.73,46.7606
17228.5,-7264.53,48.5377
17232.8,-7266.33,50.31
17237,-7268.13,52.0857
17241.2,-7269.93,53.8639
17245.5,-7271.73,55.6307
17249.7,-7273.53,57.437
17253.9,-7275.33,59.2516
17258.2,-7277.13,61.0722
17262.4,-7278.93,62.8731
17266.7,-7280.73,64.6707
17270.9,-7282.53,66.4642
17275.4,-7284.33,68.3679
17279.7,-7286.13,70.1382
17283.9,-7287.93,71.9094
17288.1,-7289.73,73.6822
17292.6,-7291.53,75.549
17296.9,-7293.33,77.2988
17301.1,-7295.13,79.0493
17305.7,-7296.93,80.9566
17309.9,-7298.73,82.7197
17314.1,-7300.53,84.4877
17318.4,-7302.33,86.254
17322.6,-7304.13,87.9799
17326.8,-7305.93,89.7049
17331.1,-7307.73,91.4395
17335.3,-7309.53,93.1726
17339.5,-7311.33,95.0005
17343.8,-7313.13,96.826
17348,-7314.93,98.6539
17352.2,-7316.73,100.444
17356.5,-7318.53,102.23
17360.7,-7320.33,104.014
17364.9,-7322.13,105.792
17369.2,-7323.93,107.578
17373.4,-7325.73,109.346
17377.7,-7327.53,111.12
17381.9,-7329.33,112.9
17386.1,-7331.13,114.687
17390.3,-7332.93,116.464
17394.6,-7334.73,118.243
17398.8,-7336.53,120.021
17403.1,-7338.33,121.813
17407.5,-7340.13,123.668
17411.7,-7341.93,125.48
17416,-7343.73,127.284
17420.2,-7345.53,129.098
17424.4,-7347.33,130.908
17428.8,-7349.13,132.735
17433.1,-7350.93,134.516
17437.3,-7352.73,136.295
17441.5,-7354.52,138.118
17445.8,-7356.32,139.944
17450,-7358.12,141.765
17454.2,-7359.92,143.586
17458.4,-7361.72,145.368
17462.7,-7363.52,147.148
17466.9,-7365.32,148.93
17471.1,-7367.12,150.748
17475.4,-7368.92,152.56
17479.6,-7370.72,154.37
17483.8,-7372.52,156.184
17488,-7374.32,157.955
17492.3,-7376.12,159.732
17496.5,-7377.92,161.499
17500.7,-7379.72,163.281
17505,-7381.52,165.063
17509.2,-7383.32,166.86
17513.5,-7385.12,168.64
17517.7,-7386.92,170.429
17521.9,-7388.72,172.22
17526.1,-7390.52,174.01
17530.4,-7392.32,175.797
17534.6,-7394.12,177.589
17538.8,-7395.92,179.376
17543.1,-7397.72,181.176
17547.3,-7399.52,183.01
17551.5,-7401.32,184.846
17555.8,-7403.12,186.674
17560.3,-7404.92,188.642
17564.6,-7406.72,190.473
17568.8,-7408.52,192.293
17573,-7410.32,194.123
17577.5,-7412.12,195.964
17581.7,-7413.92,197.708
17586,-7415.72,199.445
17590.2,-7417.52,201.179
17594.8,-7419.32,203.092
17599,-7421.12,204.867
17603.2,-7422.92,206.635
17607.5,-7424.72,208.358
17611.7,-7426.52,210.07
17615.9,-7428.32,211.784
17620.2,-7430.12,213.502
17624.4,-7431.92,215.304
17628.6,-7433.72,217.101
17632.9,-7435.52,218.899
17637.1,-7437.32,220.674
17641.3,-7439.12,222.446
17645.6,-7440.92,224.215
17649.8,-7442.72,226.026
17654.1,-7444.52,227.834
17658.3,-7446.31,229.643
17662.6,-7448.11,231.45
17666.8,-7449.91,233.245
17671,-7451.71,235.042
17675.2,-7453.51,236.835
17679.5,-7455.31,238.628
17683.7,-7457.11,240.461
17687.9,-7458.91,242.293
17692.2,-7460.71,244.135
17696.4,-7462.51,246.015
17700.7,-7464.31,247.885
17704.9,-7466.11,249.745
17709.2,-7467.91,251.624
17713.4,-7469.71,253.434
17717.6,-7471.51,255.231
17721.9,-7473.31,257.029
17726.1,-7475.11,258.825
17730.3,-7476.91,260.627
17734.5,-7478.71,262.433
17738.8,-7480.51,264.232
17743,-7482.31,266.009
17747.2,-7484.11,267.786
17751.5,-7485.91,269.563
17755.7,-7487.71,271.361
17759.9,-7489.51,273.168
17764.2,-7491.31,274.977
17768.4,-7493.11,276.782
17772.9,-7494.91,278.653
17777.1,-7496.71,280.432
17781.3,-7498.51,282.207
17785.6,-7500.31,283.98
17790.1,-7502.11,285.896
17794.4,-7503.91,287.663
17798.6,-7505.71,289.426
17803.1,-7507.51,291.282
17807.4,-7509.31,293.011
17811.6,-7511.11,294.743
17816.2,-7512.91,296.668
17820.4,-7514.71,298.463
17824.7,-7516.51,300.247
17828.9,-7518.31,302.036
17833.2,-7520.11,303.776
17837.4,-7521.91,305.5
17841.6,-7523.71,307.224
17845.8,-7525.51,308.948
17850.1,-7527.31,310.824
17854.4,-7529.11,312.675
17858.6,-7530.91,314.516
17862.8,-7532.71,316.264
17867.1,-7534.51,318.015
17871.3,-7536.31,319.774
17875.5,-7538.1,321.586
17879.8,-7539.9,323.4
17884,-7541.7,325.207
17888.3,-7543.5,327.018
17892.6,-7545.3,328.846
17896.9,-7547.1,330.618
17901.1,-7548.9,332.388
17905.7,-7550.7,334.149
17909.9,-7552.5,336.056
17914.1,-7554.3,337.82
17918.4,-7556.1,339.583
17922.9,-7557.9,341.405
17927.1,-7559.7,343.119
17931.4,-7561.5,344.87
17935.9,-7563.3,346.747
17940.2,-7565.1,348.532
17944.6,-7566.9,350.338
17948.8,-7568.7,352.078
17953.2,-7570.5,353.819
17957.7,-7572.3,355.474
17962.3,-7574.1,357.054
17966.7,-7575.9,357.921
17970.9,-7577.7,357.451
17975.1,-7579.5,356.129
17979.4,-7581.3,354.548
17983.6,-7583.1,352.944
17987.8,-7584.9,351.311
17992.1,-7586.7,349.652
17996.3,-7588.5,347.848
18000.5,-7590.3,346.043
18004.8,-7592.1,344.236
18009,-7593.9,342.42
18013.2,-7595.7,340.634
18017.5,-7597.5,338.848
18021.7,-7599.3,337.065
18025.9,-7601.1,335.276
18030.2,-7602.9,333.472
18034.4,-7604.7,331.669
18038.6,-7606.5,329.876
18042.9,-7608.3,328.057
18047.1,-7610.1,326.236
18051.3,-7611.9,324.416
18055.7,-7613.7,322.564
18059.9,-7615.5,320.746
18064.2,-7617.3,318.925
18068.4,-7619.1,317.111
18072.9,-7620.9,315.221
18077.1,-7622.7,313.43
18081.3,-7624.5,311.645
18085.5,-7626.3,309.861
18090.1,-7628.1,307.959
18094.3,-7629.9,306.194
18098.6,-7631.69,304.438
18103.1,-7633.49,302.55
18107.4,-7635.29,300.803
18111.6,-7637.09,299.048
18116.2,-7638.89,297.17
18120.4,-7640.69,295.423
18124.7,-7642.49,293.681
18128.9,-7644.29,291.935
18133.4,-7646.09,290.118
18137.6,-7647.89,288.4
18141.8,-7649.69,286.688
18146.1,-7651.49,284.978
18150.7,-7653.29,283.074
18154.9,-7655.09,281.332
18159.1,-7656.89,279.583
18163.6,-7658.69,277.742
18167.8,-7660.49,276.006
18172.1,-7662.29,274.273
18176.3,-7664.09,272.49
18180.5,-7665.89,270.705
18184.8,-7667.69,268.925
18189,-7669.49,267.144
18193.2,-7671.29,265.338
18197.4,-7673.09,263.532
18201.7,-7674.89,261.724
18205.9,-7676.69,259.919
18210.1,-7678.49,258.113
18214.4,-7680.29,256.301
18218.6,-7682.09,254.497
18222.9,-7683.89,252.67
18227.1,-7685.69,250.869
18231.3,-7687.49,249.077
18235.6,-7689.29,247.286
18240.1,-7691.09,245.392
18244.4,-7692.89,243.636
18248.6,-7694.69,241.86
18253.1,-7696.49,240.03
18257.4,-7698.29,238.302
18261.6,-7700.09,236.58
18266.2,-7701.89,234.863
18270.4,-7703.69,232.982
18274.7,-7705.49,231.257
18278.9,-7707.29,229.527
18283.4,-7709.09,227.691
18287.6,-7710.89,225.958
18291.8,-7712.69,224.231
18296.1,-7714.49,222.505
18300.7,-7716.29,220.56
18304.9,-7718.09,218.786
18309.1,-7719.89,217.005
18313.4,-7721.69,215.26
18317.6,-7723.48,213.532
18321.9,-7725.28,211.804
18326.1,-7727.08,210.078
18330.3,-7728.88,208.264
18334.6,-7730.68,206.448
18338.8,-7732.48,204.641
18343,-7734.28,202.849
18347.3,-7736.08,201.055
18351.5,-7737.88,199.264
18355.8,-7739.68,197.462
18360.1,-7741.48,195.688
18364.3,-7743.28,193.914
18368.5,-7745.08,192.143
18373,-7746.88,190.274
18377.3,-7748.68,188.495
18381.5,-7750.48,186.727
18385.7,-7752.28,184.961
18389.9,-7754.08,183.238
18394.2,-7755.88,181.501
18398.4,-7757.68,179.774
18402.7,-7759.48,177.967
18406.9,-7761.28,176.165
18411.1,-7763.08,174.359
18415.4,-7764.88,172.55
18419.6,-7766.68,170.695
18423.8,-7768.48,168.841
18428.1,-7770.28,166.98
18432.3,-7772.08,165.134
18436.5,-7773.88,163.29
18440.8,-7775.68,161.45
18445,-7777.48,159.612
18449.2,-7779.28,157.802
18453.4,-7781.08,155.988
18457.7,-7782.88,154.175
18461.9,-7784.68,152.358
18466.1,-7786.48,150.541
18470.3,-7788.28,148.725
18474.6,-7790.08,146.908
18478.9,-7791.88,145.09
18483.1,-7793.68,143.303
18487.3,-7795.48,141.529
18491.6,-7797.28,139.752
18495.8,-7799.08,137.971
18500,-7800.88,136.196
18504.3,-7802.68,134.415
18508.5,-7804.48,132.632
18512.7,-7806.28,130.846
18517,-7808.08,129.044
18521.2,-7809.88,127.26
18525.4,-7811.68,125.443
18529.7,-7813.48,123.622
18533.9,-7815.27,121.805
18538.1,-7817.07,119.987
18542.4,-7818.87,118.179
18546.6,-7820.67,116.381
18551.2,-7822.47,114.401
18555.4,-7824.27,112.563
18559.6,-7826.07,110.73
18563.9,-7827.87,108.866
18568.2,-7829.67,107.113
18572.4,-7831.47,105.359
18576.6,-7833.27,103.613
18580.9,-7835.07,101.867
18585.1,-7836.87,100.053
18589.3,-7838.67,98.2421
18593.5,-7840.47,96.4283
18597.8,-7842.27,94.6378
18602,-7844.07,92.8499
18606.2,-7845.87,91.0612
18610.5,-7847.67,89.279
18614.7,-7849.47,87.4869
18619,-7851.27,85.6841
18623.2,-7853.07,83.8829
18627.4,-7854.87,82.0911
18631.6,-7856.67,80.2952
18635.9,-7858.47,78.5017
18640.1,-7860.27,76.705
18644.3,-7862.07,74.9226
18648.6,-7863.87,73.1361
18652.8,-7865.67,71.3537
18657.1,-7867.47,69.5028
18661.3,-7869.27,67.6688
18665.5,-7871.07,65.8449
18669.8,-7872.87,64.0143
18674,-7874.67,62.2302
18678.2,-7876.47,60.4412
18682.5,-7878.27,58.6555
18686.7,-7880.07,56.8129
18690.9,-7881.87,54.9668
18695.2,-7883.67,53.1123
18699.4,-7885.47,51.2681
18703.6,-7887.27,49.4492
18707.9,-7889.07,47.6372
18712.1,-7890.87,45.8201
18716.3,-7892.67,44.016
18720.6,-7894.47,42.1902
18724.8,-7896.27,40.3787
18729,-7898.07,38.5589
18733.5,-7899.87,36.6751
18737.7,-7901.67,34.8867
18742,-7903.47,33.0958
18746.2,-7905.27,31.2985
18750.4,-7907.06,29.5523
18754.7,-7908.86,27.8062
18758.9,-7910.66,26.0668
18763.1,-7912.46,24.2678
18767.4,-7914.26,22.475
18771.6,-7916.06,20.6828
18775.8,-7917.86,18.8911
18780,-7919.66,17.0997
18784.4,-7921.46,15.2668
18788.6,-7923.26,13.4859
18792.9,-7925.06,11.6885
18797.2,-7926.86,9.8482
18801.5,-7928.66,8.04945
18805.7,-7930.46,6.29033
18810.1,-7932.26,4.52678
18814.6,-7934.06,2.77073
18819,-7935.86,1.50138
18823.2,-7937.66,1.83626
18827.4,-7939.46,3.29208
18831.7,-7941.26,4.96004
18836.1,-7943.06,6.74579
18840.3,-7944.86,8.48725
18844.5,-7946.66,10.2285
18848.8,-7948.46,11.983
18853.3,-7950.26,13.8692
18857.5,-7952.06,15.6521
18861.7,-7953.86,17.4326
18866,-7955.66,19.216
18870.2,-7957.46,20.943
18874.4,-7959.26,22.6785
18878.7,-7961.06,24.4081
18882.9,-7962.86,26.1948
18887.1,-7964.66,27.9836
18891.3,-7966.46,29.7701
18895.6,-7968.26,31.5535
18899.8,-7970.06,33.3498
18904.1,-7971.86,35.181
18908.5,-7973.66,37.0356
18912.7,-7975.46,38.8511
18917,-7977.26,40.67
18921.2,-7979.06,42.5107
18925.5,-7980.86,44.3197
18929.7,-7982.66,46.0954
18933.9,-7984.46,47.8736
18938.2,-7986.26,49.6608
18942.4,-7988.06,51.5011
18946.6,-7989.86,53.3262
18950.9,-7991.66,55.1582
18955.1,-7993.46,56.9868
18959.3,-7995.26,58.7871
18963.6,-7997.06,60.5841
18967.8,-7998.85,62.3812
18972,-8000.65,64.1856
18976.3,-8002.45,65.9908
18980.5,-8004.25,67.791
18984.7,-8006.05,69.5905
18988.9,-8007.85,71.3883
18993.2,-8009.65,73.1945
18997.6,-8011.45,75.0671
19001.8,-8013.25,76.8617
19006.1,-8015.05,78.6576
19010.3,-8016.85,80.4576
19016.2,-8018.65,82.9312
19020.5,-8020.45,84.7625
19025,-8022.25,86.6494
19029.4,-8024.05,88.4947
19033.8,-8025.85,90.1133
19038.2,-8027.65,91.7414
19042.6,-8029.45,93.3694
19047,-8031.25,95.0447
19051.4,-8033.05,96.7327
19055.8,-8034.85,98.4374
19060.5,-8036.65,100.242
19065.1,-8038.45,102.238
19073,-8040.25,105.636
19077.4,-8042.05,107.344
19081.7,-8043.85,108.999
19085.9,-8045.65,110.626
19090.1,-8047.45,112.253
19094.4,-8049.25,113.508
19098.6,-8051.05,114.763
19102.8,-8052.85,116.019
19107,-8054.65,117.953
19111.2,-8056.45,119.888
19115.5,-8058.25,121.82
19119.7,-8060.05,123.75
19123.9,-8061.85,125.608
19128.1,-8063.65,127.449
19132.4,-8065.45,129.292
19136.6,-8067.25,131.133
19140.8,-8069.05,132.93
19145,-8070.85,134.726
19149.2,-8072.65,136.522
19153.4,-8074.45,138.328
19157.7,-8076.25,140.135
19161.9,-8078.05,141.957
19166.1,-8079.85,143.761
19170.3,-8081.65,145.566
19174.6,-8083.45,147.374
19178.8,-8085.25,149.18
19183,-8087.05,150.98
19187.2,-8088.85,152.78
19191.4,-8090.65,154.579
19195.6,-8092.44,156.374
19199.9,-8094.24,158.124
19204.1,-8096.04,159.876
19208.3,-8097.84,161.625
19212.5,-8099.64,163.445
19216.7,-8101.44,165.265
19221,-8103.24,167.085
19225.2,-8105.04,168.913
19229.4,-8106.84,170.666
19233.6,-8108.64,172.424
19237.8,-8110.44,174.177
19242.1,-8112.24,175.963
19246.3,-8114.04,177.745
19250.5,-8115.84,179.529
19254.7,-8117.64,181.315
19259.1,-8119.44,183.193
19263.3,-8121.24,185.011
19267.6,-8123.04,186.815
19271.8,-8124.84,188.619
19276.3,-8126.64,190.557
19280.5,-8128.44,192.353
19284.8,-8130.24,194.15
19289,-8132.04,195.891
19293.2,-8133.84,197.637
19297.4,-8135.64,199.378
19301.6,-8137.44,201.12
19305.8,-8139.24,202.952
19310.1,-8141.04,204.785
19314.3,-8142.84,206.619
19318.5,-8144.64,208.388
19322.7,-8146.44,210.158
19327,-8148.24,211.936
19331.4,-8150.04,213.823
19335.6,-8151.84,215.614
19339.8,-8153.64,217.407
19344,-8155.44,219.2
19348.3,-8157.24,220.944
19352.5,-8159.04,222.691
19356.7,-8160.84,224.437
19360.9,-8162.64,226.184
19365.2,-8164.44,227.996
19369.4,-8166.24,229.798
19373.6,-8168.04,231.599
19377.8,-8169.84,233.403
19382,-8171.64,235.212
19386.2,-8173.44,237.016
19390.5,-8175.24,238.822
19394.7,-8177.04,240.67
19398.9,-8178.84,242.515
19403.1,-8180.64,244.361
19407.3,-8182.44,246.23
19411.5,-8184.23,248.103
19415.8,-8186.03,249.973
19420,-8187.83,251.842
19424.2,-8189.63,253.672
19428.5,-8191.43,255.498
19432.7,-8193.23,257.316
19436.9,-8195.03,259.131
19441.1,-8196.83,260.936
19445.3,-8198.63,262.74
19449.5,-8200.43,264.542
19453.8,-8202.23,266.335
19458,-8204.03,268.128
19462.2,-8205.83,269.932
19466.5,-8207.63,271.725
19470.7,-8209.43,273.521
19474.9,-8211.23,275.316
19479.1,-8213.03,277.109
19483.3,-8214.83,278.909
19487.5,-8216.63,280.709
19491.8,-8218.43,282.508
19496,-8220.23,284.305
19500.2,-8222.03,286.097
19504.4,-8223.83,287.893
19508.6,-8225.63,289.686
19512.8,-8227.43,291.514
19517.1,-8229.23,293.341
19521.3,-8231.03,295.169
19525.5,-8232.83,296.992
19529.7,-8234.63,298.802
19533.9,-8236.43,300.606
19538.1,-8238.23,302.407
19542.4,-8240.03,304.238
19546.6,-8241.83,306.068
19550.8,-8243.63,307.898
19555,-8245.43,309.725
19559.3,-8247.23,311.578
19563.5,-8249.03,313.418
19567.7,-8250.83,315.243
19572.1,-8252.63,317.121
19576.4,-8254.43,318.914
19580.6,-8256.23,320.72
19584.8,-8258.03,322.51
19589,-8259.83,324.269
19593.3,-8261.63,326.03
19597.5,-8263.43,327.789
19601.7,-8265.23,329.549
19605.9,-8267.03,331.338
19610.1,-8268.83,333.127
19614.3,-8270.63,334.919
19618.6,-8272.43,336.715
19622.8,-8274.23,338.512
19627,-8276.03,340.306
19631.4,-8277.83,342.166
19635.6,-8279.62,343.941
19640.1,-8281.42,345.837
19644.4,-8283.22,347.612
19651.3,-8285.02,350.416
19655.6,-8286.82,352.195
19659.8,-8288.62,353.891
19665.6,-8290.42,355.843
19670.2,-8292.22,357.265
19674.5,-8294.02,358.22
19678.9,-8295.82,358.125
19683.2,-8297.62,357.198
19687.4,-8299.42,355.992
19691.9,-8301.22,354.465
19696.1,-8303.02,352.785
19700.3,-8304.82,351.184
19704.5,-8306.62,349.573
19708.8,-8308.42,347.759
19713,-8310.22,345.938
19717.2,-8312.02,344.119
19721.4,-8313.82,342.293
19725.6,-8315.62,340.492
19729.8,-8317.42,338.688
19734.1,-8319.22,336.864
19738.3,-8321.02,335.061
19742.5,-8322.82,333.256
19746.8,-8324.62,331.453
19751,-8326.42,329.648
19755.2,-8328.22,327.855
19759.4,-8330.02,326.059
19763.7,-8331.82,324.251
19767.9,-8333.62,322.419
19772.1,-8335.42,320.585
19776.3,-8337.22,318.756
19780.5,-8339.02,316.924
19784.8,-8340.82,315.132
19789,-8342.62,313.339
19793.2,-8344.42,311.545
19797.4,-8346.22,309.753
19801.9,-8348.02,307.831
19806.1,-8349.82,306.029
19810.3,-8351.62,304.228
19814.6,-8353.42,302.469
19818.8,-8355.22,300.71
19823,-8357.02,298.953
19827.2,-8358.82,297.169
19831.4,-8360.62,295.383
19835.7,-8362.42,293.588
19839.9,-8364.22,291.805
19844.1,-8366.02,289.993
19848.3,-8367.82,288.183
19852.5,-8369.62,286.372
19856.8,-8371.42,284.563
19861,-8373.21,282.768
19865.2,-8375.01,280.965
19869.4,-8376.81,279.173
19873.7,-8378.61,277.376
19877.9,-8380.41,275.581
19882.1,-8382.21,273.787
19886.3,-8384.01,271.994
19890.7,-8385.81,270.122
19894.9,-8387.61,268.328
19899.2,-8389.41,266.536
19903.4,-8391.21,264.739
19907.6,-8393.01,262.942
19911.8,-8394.81,261.143
19916,-8396.61,259.348
19920.2,-8398.41,257.567
19924.5,-8400.21,255.78
19928.7,-8402.01,253.997
19932.9,-8403.81,252.176
19937.1,-8405.61,250.344
19941.4,-8407.41,248.522
19945.6,-8409.21,246.704
19950,-8411.01,244.84
19954.2,-8412.81,243.05
19958.4,-8414.61,241.263
19962.7,-8416.41,239.496
19966.9,-8418.21,237.743
19971.1,-8420.01,235.989
19975.3,-8421.81,234.238
19979.5,-8423.61,232.463
19983.8,-8425.41,230.661
19988,-8427.21,228.886
19992.2,-8429.01,227.099
19996.5,-8430.81,225.311
20000.7,-8432.61,223.524
20004.9,-8434.41,221.74
20009.2,-8436.21,219.894
20013.4,-8438.01,218.093
20017.7,-8439.81,216.293
20021.9,-8441.61,214.492
20026.1,-8443.41,212.708
20030.3,-8445.21,210.922
20034.5,-8447.01,209.136
20038.8,-8448.81,207.292
20043,-8450.61,205.455
20047.2,-8452.41,203.623
20051.4,-8454.21,201.787
20055.6,-8456.01,199.995
20059.8,-8457.81,198.198
20064.1,-8459.61,196.389
20068.3,-8461.41,194.59
20072.5,-8463.21,192.787
20076.7,-8465,190.988
20081,-8466.8,189.188
20085.2,-8468.6,187.417
20089.4,-8470.4,185.644
20093.6,-8472.2,183.871
20097.9,-8474,182.06
20102.1,-8475.8,180.275
20106.3,-8477.6,178.494
20110.5,-8479.4,176.713
20114.8,-8481.2,174.943
20119,-8483,173.173
20123.2,-8484.8,171.4
20127.4,-8486.6,169.632
20131.6,-8488.4,167.83
20135.8,-8490.2,166.031
20140.1,-8492,164.222
20144.3,-8493.8,162.398
20148.5,-8495.6,160.574
20152.7,-8497.4,158.751
20157.1,-8499.2,156.855
20161.4,-8501,155.041
20165.6,-8502.8,153.221
20169.8,-8504.6,151.41
20174,-8506.4,149.626
20178.3,-8508.2,147.843
20182.5,-8510,146.059
20186.7,-8511.8,144.279
20190.9,-8513.6,142.465
20195.1,-8515.4,140.653
20199.3,-8517.2,138.843
20203.6,-8519,137.028
20207.8,-8520.8,135.215
20212,-8522.6,133.402
20216.2,-8524.4,131.59
20220.4,-8526.2,129.795
20224.6,-8528,127.998
20228.8,-8529.8,126.204
20233.1,-8531.6,124.409
20237.3,-8533.4,122.615
20241.5,-8535.2,120.808
20245.7,-8537,119.014
20250,-8538.8,117.221
20254.2,-8540.6,115.426
20258.4,-8542.4,113.605
20262.7,-8544.2,111.798
20266.9,-8546,110.002
20271.1,-8547.8,108.207
20275.3,-8549.6,106.415
20279.5,-8551.4,104.622
20283.8,-8553.2,102.826
20288,-8555,101.033
20292.2,-8556.79,99.2376
20296.7,-8558.59,97.2997
20300.9,-8560.39,95.4913
20305.1,-8562.19,93.6806
20309.4,-8563.99,91.8569
20313.6,-8565.79,90.0306
20317.8,-8567.59,88.2078
20322.1,-8569.39,86.3543
20326.4,-8571.19,84.5476
20330.6,-8572.99,82.7308
20334.8,-8574.79,80.9257
20339,-8576.59,79.135
20343.3,-8578.39,77.3302
20347.5,-8580.19,75.5387
20351.7,-8581.99,73.7465
20355.9,-8583.79,71.9615
20360.2,-8585.59,70.175
20364.4,-8587.39,68.3768
20368.6,-8589.19,66.5846
20372.8,-8590.99,64.7907
20377.1,-8592.79,63.0001
20381.3,-8594.59,61.2087
20385.5,-8596.39,59.4324
20389.7,-8598.19,57.6546
20393.9,-8599.99,55.8767
20398.1,-8601.79,54.0731
20402.4,-8603.59,52.2638
20406.7,-8605.39,50.4118
20411,-8607.19,48.5675
20415.2,-8608.99,46.765
20419.4,-8610.79,44.9635
20423.6,-8612.59,43.1612
20428.1,-8614.39,41.2423
20432.4,-8616.19,39.4353
20436.6,-8617.99,37.6327
20440.8,-8619.79,35.8319
20445,-8621.59,34.0426
20449.3,-8623.39,32.2676
20453.5,-8625.19,30.4911
20457.7,-8626.99,28.7183
20461.9,-8628.79,26.9182
20466.2,-8630.59,25.1071
20470.4,-8632.39,23.3096
20474.6,-8634.19,21.5141
20478.8,-8635.99,19.7218
20483,-8637.79,17.9281
20487.2,-8639.59,16.1392
20491.8,-8641.39,14.242
20496,-8643.19,12.4668
20502.5,-8644.99,9.72771
20506.9,-8646.79,7.94365
20511.1,-8648.58,6.23657
20515.4,-8650.38,4.548
20520.1,-8652.18,3.0083
20524.4,-8653.98,1.8545
20528.6,-8655.78,1.69484
20532.9,-8657.58,2.69772
20537.1,-8659.38,4.09052
20541.3,-8661.18,5.59025
20545.6,-8662.98,7.14332
20549.8,-8664.78,8.9641
20554,-8666.58,10.798
20558.2,-8668.38,12.6367
20562.4,-8670.18,14.4826
20566.7,-8671.98,16.3343
20570.9,-8673.78,18.1762
20575.1,-8675.58,20.0146
20579.3,-8677.38,21.8116
20583.6,-8679.18,23.6136
20587.8,-8680.98,25.4114
20592,-8682.78,27.2113
20596.2,-8684.58,28.9783
20600.4,-8686.38,30.7482
20604.6,-8688.18,32.5184
20608.9,-8689.98,34.3109
20613.1,-8691.78,36.1053
20617.3,-8693.58,37.8983
20621.5,-8695.38,39.693
20625.7,-8697.18,41.4726
20629.9,-8698.98,43.2514
20634.2,-8700.78,45.0337
20638.6,-8702.58,46.9391
20642.9,-8704.38,48.7334
20647.1,-8706.18,50.5369
20651.3,-8707.98,52.3297
20655.5,-8709.78,54.0859
20659.8,-8711.58,55.8477
20664,-8713.38,57.621
20668.2,-8715.18,59.3804
20672.4,-8716.98,61.189
20676.7,-8718.78,62.9976
20680.9,-8720.58,64.8071
20685.1,-8722.38,66.6244
20689.3,-8724.18,68.4442
20693.5,-8725.98,70.2649
20697.9,-8727.78,72.1475
20702.2,-8729.58,73.9939
20706.4,-8731.38,75.8125
20710.7,-8733.18,77.653
20715.1,-8734.98,79.5135
20719.3,-8736.78,81.2815
20723.5,-8738.58,83.0503
20727.7,-8740.38,84.8167
20732,-8742.17,86.5581
20736.2,-8743.97,88.2987
20740.4,-8745.77,90.0385
20744.6,-8747.57,91.8339
20748.9,-8749.37,93.6385
20753.1,-8751.17,95.4356
20757.3,-8752.97,97.2278
20761.5,-8754.77,99.0203
20765.8,-8756.57,100.823
20770,-8758.37,102.614
20774.2,-8760.17,104.409
20778.4,-8761.97,106.201
20782.6,-8763.77,107.996
20786.8,-8765.57,109.788
20791.1,-8767.37,111.596
20795.3,-8769.17,113.402
20799.5,-8770.97,115.207
20803.7,-8772.77,117.034
20807.9,-8774.57,118.861
20812.1,-8776.37,120.687
20816.4,-8778.17,122.511
20820.6,-8779.97,124.322
20824.8,-8781.77,126.125
20829,-8783.57,127.924
20833.2,-8785.37,129.718
20837.5,-8787.17,131.51
20841.7,-8788.97,133.303
20845.9,-8790.77,135.092
20850.1,-8792.57,136.886
20854.3,-8794.37,138.685
20858.5,-8796.17,140.479
20863,-8797.97,142.367
20867.3,-8799.77,144.161
20871.5,-8801.57,145.945
20875.7,-8803.37,147.726
20879.9,-8805.17,149.455
20884.1,-8806.97,151.185
20888.3,-8808.77,152.912
20892.6,-8810.57,154.641
20896.8,-8812.37,156.422
20901,-8814.17,158.204
20905.2,-8815.97,159.981
20909.4,-8817.77,161.796
20913.6,-8819.57,163.613
20917.9,-8821.37,165.428
20922.1,-8823.17,167.244
20926.3,-8824.97,169.04
20930.5,-8826.77,170.838
20934.7,-8828.57,172.637
20938.9,-8830.37,174.471
20943.2,-8832.17,176.307
20947.4,-8833.96,178.139
20951.6,-8835.76,179.985
20955.8,-8837.56,181.796
20960.1,-8839.36,183.607
20964.3,-8841.16,185.43
20968.5,-8842.96,187.24
20972.7,-8844.76,189.038
20977,-8846.56,190.836
20981.2,-8848.36,192.635
20985.4,-8850.16,194.417
20989.6,-8851.96,196.2
20993.8,-8853.76,197.985
20998,-8855.56,199.768
21002.2,-8857.36,201.549
21006.5,-8859.16,203.33
21010.7,-8860.96,205.11
21015.1,-8862.76,206.987
21019.3,-8864.56,208.782
21023.5,-8866.36,210.579
21027.7,-8868.16,212.375
21032,-8869.96,214.124
21036.2,-8871.76,215.871
21040.4,-8873.56,217.617
21044.6,-8875.36,219.451
21048.8,-8877.16,221.284
21053.1,-8878.96,223.127
21057.3,-8880.76,224.959
21061.5,-8882.56,226.782
21065.7,-8884.36,228.612
21070,-8886.16,230.431
21074.2,-8887.96,232.261
21078.4,-8889.76,234.089
21082.6,-8891.56,235.918
21086.8,-8893.36,237.746
21091,-8895.16,239.56
21095.3,-8896.96,241.372
21099.5,-8898.76,243.184
21103.8,-8900.56,245.029
21108,-8902.36,246.842
21112.2,-8904.16,248.656
21116.4,-8905.96,250.468
21120.6,-8907.76,252.255
21124.8,-8909.56,254.04
21129.1,-8911.36,255.824
21133.3,-8913.16,257.611
21137.5,-8914.96,259.418
21141.7,-8916.76,261.228
21145.9,-8918.56,263.035
21150.1,-8920.36,264.854
21154.4,-8922.16,266.687
21158.6,-8923.96,268.506
21163,-8925.75,270.387
21167.3,-8927.55,272.197
21171.5,-8929.35,273.997
21175.7,-8931.15,275.793
21179.9,-8932.95,277.57
21184.1,-8934.75,279.349
21188.3,-8936.55,281.124
21192.6,-8938.35,282.9
21196.8,-8940.15,284.724
21201,-8941.95,286.551
21205.2,-8943.75,288.375
21209.4,-8945.55,290.216
21213.7,-8947.35,292.059
21217.9,-8949.15,293.9
21222.1,-8950.95,295.742
21226.3,-8952.75,297.558
21230.5,-8954.55,299.374
21234.7,-8956.35,301.191
21239,-8958.15,303.004
21243.2,-8959.95,304.82
21247.4,-8961.75,306.632
21251.6,-8963.55,308.446
21255.9,-8965.35,310.253
21260.1,-8967.15,312.07
21264.4,-8968.95,313.873
21268.9,-8970.75,315.66
21273.1,-8972.55,317.565
21277.3,-8974.35,319.35
21281.5,-8976.15,321.137
21285.7,-8977.95,322.871
21290,-8979.75,324.608
21294.2,-8981.55,326.344
21298.4,-8983.35,328.143
21302.6,-8985.15,329.944
21306.8,-8986.95,331.743
21311.1,-8988.75,333.541
21315.3,-8990.55,335.35
21319.5,-8992.35,337.162
21323.7,-8994.15,338.973
21327.9,-8995.95,340.781
21332.4,-8997.75,342.702
21336.6,-8999.55,344.503
21341.1,-9001.35,346.421
21345.5,-9003.15,348.23
21351.9,-9004.95,350.903
21356.3,-9006.75,352.737
21360.7,-9008.55,354.481
21366.2,-9010.35,356.629
21370.9,-9012.15,358.231
21375.3,-9013.95,358.575
21379.5,-9015.75,357.644
21383.7,-9017.54,356.316
21388,-9019.34,354.894
21392.2,-9021.14,353.367
21396.4,-9022.94,351.823
21400.7,-9024.74,350.252
21404.9,-9026.54,348.324
21409.2,-9028.34,346.359
21413.4,-9030.14,344.421
21417.6,-9031.94,342.485
21421.8,-9033.74,340.665
21426,-9035.54,338.846
21430.2,-9037.34,337.025
21434.5,-9039.14,335.227
21438.7,-9040.94,333.429
21442.9,-9042.74,331.631
21447.1,-9044.54,329.835
21451.3,-9046.34,328.024
21455.6,-9048.14,326.202
21459.8,-9049.94,324.398
21464,-9051.74,322.576
21468.3,-9053.54,320.743
21472.5,-9055.34,318.924
21476.7,-9057.14,317.107
21480.9,-9058.94,315.329
21485.2,-9060.74,313.554
21489.4,-9062.54,311.779
21493.6,-9064.34,309.989
21497.8,-9066.14,308.199
21502,-9067.94,306.409
21506.2,-9069.74,304.621
21510.6,-9071.54,302.757
21514.8,-9073.34,300.945
21519,-9075.14,299.135
21523.2,-9076.94,297.326
21527.5,-9078.74,295.567
21531.7,-9080.54,293.806
21535.9,-9082.34,292.047
21540.1,-9084.14,290.258
21544.3,-9085.94,288.464
21548.6,-9087.74,286.675
21552.8,-9089.54,284.885
21557,-9091.34,283.053
21561.2,-9093.14,281.23
21565.5,-9094.94,279.398
21569.7,-9096.74,277.583
21573.9,-9098.54,275.767
21578.1,-9100.34,273.953
21582.4,-9102.14,272.139
21586.6,-9103.94,270.348
21590.8,-9105.74,268.555
21595,-9107.54,266.767
21599.2,-9109.33,264.958
21603.4,-9111.13,263.142
21607.7,-9112.93,261.332
21611.9,-9114.73,259.519
21616.1,-9116.53,257.736
21620.3,-9118.33,255.952
21624.5,-9120.13,254.167
21628.7,-9121.93,252.384
21633,-9123.73,250.588
21637.2,-9125.53,248.794
21641.4,-9127.33,246.999
21645.6,-9129.13,245.221
21649.8,-9130.93,243.444
21654,-9132.73,241.665
21658.5,-9134.53,239.784
21662.8,-9136.33,238.015
21667,-9138.13,236.236
21671.2,-9139.93,234.468
21675.7,-9141.73,232.615
21679.9,-9143.53,230.87
21684.1,-9145.33,229.125
21688.4,-9147.13,227.382
21692.6,-9148.93,225.617
21696.8,-9150.73,223.852
21701,-9152.53,222.088
21705.2,-9154.33,220.243
21709.5,-9156.13,218.397
21713.7,-9157.93,216.55
21717.9,-9159.73,214.706
21722.1,-9161.53,212.89
21726.3,-9163.33,211.077
21730.5,-9165.13,209.264
21734.8,-9166.93,207.468
21739,-9168.73,205.674
21743.2,-9170.53,203.879
21747.4,-9172.33,202.085
21751.6,-9174.13,200.304
21755.8,-9175.93,198.522
21760.1,-9177.73,196.732
21764.3,-9179.53,194.943
21768.5,-9181.33,193.145
21772.8,-9183.13,191.356
21777,-9184.93,189.571
21781.2,-9186.73,187.794
21785.4,-9188.53,186.019
21789.6,-9190.33,184.245
21793.9,-9192.13,182.449
21798.1,-9193.93,180.654
21802.3,-9195.73,178.859
21806.5,-9197.53,177.066
21810.7,-9199.33,175.247
21814.9,-9201.12,173.431
21819.1,-9202.92,171.615
21823.4,-9204.72,169.797
21827.6,-9206.52,167.98
21831.8,-9208.32,166.16
21836,-9210.12,164.345
21840.2,-9211.92,162.505
21844.4,-9213.72,160.665
21848.7,-9215.52,158.828
21852.9,-9217.32,156.989
21857.1,-9219.12,155.188
21861.3,-9220.92,153.383
21865.6,-9222.72,151.571
21869.8,-9224.52,149.766
21874,-9226.32,147.959
21878.2,-9228.12,146.152
21882.4,-9229.92,144.343
21886.7,-9231.72,142.566
21890.9,-9233.52,140.786
21895.1,-9235.32,139.009
21899.3,-9237.12,137.218
21903.5,-9238.92,135.423
21907.9,-9240.72,133.581
21912.2,-9242.52,131.743
21916.6,-9244.32,129.883
21920.8,-9246.12,128.091
21925,-9247.92,126.307
21929.2,-9249.72,124.518
21933.7,-9251.52,122.643
21937.9,-9253.32,120.888
21942.2,-9255.12,119.136
21946.4,-9256.92,117.365
21950.6,-9258.72,115.563
21954.9,-9260.52,113.791
21959.1,-9262.32,112.019
21963.3,-9264.12,110.158
21967.6,-9265.92,108.301
21971.8,-9267.72,106.456
21976,-9269.52,104.61
21980.2,-9271.32,102.762
21984.4,-9273.12,100.915
21988.8,-9274.92,99.0515
21993,-9276.72,97.2325
21997.2,-9278.52,95.4161
22001.4,-9280.32,93.5997
22005.6,-9282.12,91.7972
22009.9,-9283.92,89.9939
22014.1,-9285.72,88.1898
22018.3,-9287.52,86.3874
22022.5,-9289.32,84.5815
22026.7,-9291.12,82.7758
22031,-9292.92,80.9703
22035.2,-9294.71,79.1225
22039.4,-9296.51,77.2738
22043.6,-9298.31,75.4227
22047.8,-9300.11,73.5759
22052,-9301.91,71.7897
22056.3,-9303.71,70.0061
22060.5,-9305.51,68.2242
22064.7,-9307.31,66.4287
22069.3,-9309.11,64.4738
22073.5,-9310.91,62.6659
22077.7,-9312.71,60.8764
22082,-9314.51,59.1503
22086.2,-9316.31,57.4242
22090.4,-9318.11,55.7022
22094.6,-9319.91,53.8546
22098.8,-9321.71,52.0334
22103.1,-9323.51,50.2105
22107.3,-9325.31,48.3632
22111.8,-9327.11,46.4196
22116,-9328.91,44.5976
22120.3,-9330.71,42.7741
22124.5,-9332.51,41.0123
22128.7,-9334.31,39.2507
22132.9,-9336.11,37.4885
22137.1,-9337.91,35.7298
22141.4,-9339.71,33.9229
22145.6,-9341.51,32.1171
22149.8,-9343.31,30.315
22154,-9345.11,28.52
22158.2,-9346.91,26.7254
22162.5,-9348.71,24.9315
22166.7,-9350.51,23.1291
22171.1,-9352.31,21.265
22175.3,-9354.11,19.4772
22179.5,-9355.91,17.6916
22183.7,-9357.71,15.9052
22188,-9359.51,14.1714
22192.5,-9361.31,12.3156
22196.7,-9363.11,10.5896
22205.3,-9364.91,7.07701
22209.6,-9366.71,5.32586
22213.8,-9368.51,3.70997
22223.2,-9370.31,1.89045
22227.5,-9372.11,2.4505
22231.8,-9373.91,3.55723
22236,-9375.71,4.85184
22240.2,-9377.51,6.21821
22244.6,-9379.31,7.65082
22248.9,-9381.11,9.02325
22253.1,-9382.91,10.4111
22257.3,-9384.71,11.8007
22261.5,-9386.5,13.4772
22265.7,-9388.3,15.1587
22270,-9390.1,16.8553
22274.2,-9391.9,18.542
22278.4,-9393.7,20.4241
22282.6,-9395.5,22.311
22286.9,-9397.3,24.1937
22291.1,-9399.1,26.0145
22295.3,-9400.9,27.8334
22299.5,-9402.7,29.6503
22303.9,-9404.5,31.5004
22308.1,-9406.3,33.2848
22312.3,-9408.1,35.0703
22316.5,-9409.9,36.8512
22320.8,-9411.7,38.6355
22325,-9413.5,40.4168
22329.2,-9415.3,42.1981
22333.4,-9417.1,43.9821
22337.6,-9418.9,45.7695
22341.8,-9420.7,47.5587
22346.1,-9422.5,49.3431
22350.3,-9424.3,51.1418
22354.5,-9426.1,52.9432
22358.7,-9427.9,54.7422
22362.9,-9429.7,56.5438
22367.2,-9431.5,58.3402
22371.4,-9433.3,60.1267
22375.6,-9435.1,61.9074
22379.8,-9436.9,63.6926
22384,-9438.7,65.4811
22388.3,-9440.5,67.2664
22392.5,-9442.3,69.0542
22396.7,-9444.1,70.8523
22400.9,-9445.9,72.6463
22405.1,-9447.7,74.437
22409.4,-9449.5,76.2285
22413.6,-9451.3,78.0338
22417.8,-9453.1,79.8383
22422,-9454.9,81.6436
22426.2,-9456.7,83.4532
22430.4,-9458.5,85.2645
22434.7,-9460.3,87.0766
22438.9,-9462.1,88.8754
22443.1,-9463.9,90.6799
22447.3,-9465.7,92.4787
22451.5,-9467.5,94.2791
22456,-9469.3,96.1782
22460.2,-9471.1,97.9862
22464.4,-9472.9,99.8058
22468.7,-9474.7,101.624
22472.9,-9476.5,103.379
22477.1,-9478.29,105.132
22481.3,-9480.09,106.885
22485.5,-9481.89,108.659
22489.8,-9483.69,110.434
22494,-9485.49,112.209
22498.2,-9487.29,113.982
22502.4,-9489.09,115.771
22506.6,-9490.89,117.558
22510.8,-9492.69,119.346
22515.1,-9494.49,121.144
22519.3,-9496.29,122.943
22523.5,-9498.09,124.742
22527.7,-9499.89,126.538
22531.9,-9501.69,128.336
22536.2,-9503.49,130.132
22540.4,-9505.29,131.928
22544.6,-9507.09,133.758
22548.9,-9508.89,135.562
22553.1,-9510.69,137.368
22557.3,-9512.49,139.172
22561.5,-9514.29,140.973
22565.8,-9516.09,142.78
22570,-9517.89,144.591
22574.2,-9519.69,146.389
22578.4,-9521.49,148.181
22582.7,-9523.29,149.974
22586.9,-9525.09,151.765
22591.1,-9526.89,153.563
22595.3,-9528.69,155.359
22599.5,-9530.49,157.154
22603.9,-9532.29,159
22608.1,-9534.09,160.783
22612.3,-9535.89,162.565
22616.5,-9537.69,164.347
22620.8,-9539.49,166.114
22625,-9541.29,167.878
22629.2,-9543.09,169.643
22633.4,-9544.89,171.409
22637.6,-9546.69,173.199
22641.8,-9548.49,174.99
22646,-9550.29,176.78
22650.3,-9552.09,178.594
22654.5,-9553.89,180.411
22658.7,-9555.69,182.225
22662.9,-9557.49,184.042
22667.2,-9559.29,185.883
22671.4,-9561.09,187.706
22675.6,-9562.89,189.524
22679.8,-9564.69,191.345
22684.1,-9566.49,193.166
22688.3,-9568.29,194.985
22692.5,-9570.08,196.806
22696.7,-9571.88,198.637
22700.9,-9573.68,200.47
22705.1,-9575.48,202.299
22709.4,-9577.28,204.129
22713.6,-9579.08,205.936
22717.8,-9580.88,207.741
22722,-9582.68,209.546
22726.2,-9584.48,211.355
22730.4,-9586.28,213.164
22734.7,-9588.08,214.973
22738.9,-9589.88,216.781
22743.1,-9591.68,218.568
22747.3,-9593.48,220.355
22751.5,-9595.28,222.143
22755.7,-9597.08,223.951
22760,-9598.88,225.76
22764.2,-9600.68,227.573
22768.5,-9602.48,229.404
22772.7,-9604.28,231.198
22776.9,-9606.08,232.989
22781.1,-9607.88,234.781
22785.4,-9609.68,236.603
22789.7,-9611.48,238.421
22793.9,-9613.28,240.231
22798.1,-9615.08,242.046
22802.4,-9616.88,243.844
22806.6,-9618.68,245.643
22810.8,-9620.48,247.441
22815.1,-9622.28,249.28
22819.3,-9624.08,251.115
22823.5,-9625.88,252.955
22827.8,-9627.68,254.81
22832.1,-9629.48,256.631
22836.3,-9631.28,258.452
22840.5,-9633.08,260.268
22844.8,-9634.88,262.069
22849,-9636.68,263.865
22853.2,-9638.48,265.669
22857.4,-9640.28,267.463
22861.7,-9642.08,269.283
22865.9,-9643.88,271.084
22870.2,-9645.68,272.913
22874.4,-9647.48,274.716
22878.7,-9649.28,276.499
22882.9,-9651.08,278.282
22887.1,-9652.88,280.067
22891.4,-9654.68,281.869
22895.6,-9656.48,283.662
22899.8,-9658.28,285.46
22904.1,-9660.08,287.255
22908.3,-9661.88,289.055
22912.5,-9663.67,290.845
22916.8,-9665.47,292.641
22921,-9667.27,294.465
22925.2,-9669.07,296.291
22929.5,-9670.87,298.11
22933.7,-9672.67,299.931
22937.9,-9674.47,301.747
22942.2,-9676.27,303.575
22946.4,-9678.07,305.388
22950.7,-9679.87,307.236
22954.9,-9681.67,309.058
22959.1,-9683.47,310.886
22963.3,-9685.27,312.713
22967.6,-9687.07,314.52
22971.8,-9688.87,316.345
22976.1,-9690.67,318.15
22980.3,-9692.47,319.964
22984.5,-9694.27,321.778
22988.7,-9696.07,323.588
22993,-9697.87,325.399
22997.2,-9699.67,327.196
23001.4,-9701.47,328.989
23005.7,-9703.27,330.779
23009.9,-9705.07,332.576
23014.1,-9706.87,334.366
23018.4,-9708.67,336.153
23022.6,-9710.47,337.937
23026.8,-9712.27,339.732
23031.1,-9714.07,341.517
23035.3,-9715.87,343.303
23039.5,-9717.67,345.083
23043.8,-9719.47,346.847
23048,-9721.27,348.625
23052.3,-9723.07,350.391
23056.5,-9724.87,352.148
23060.9,-9726.67,353.954
23065.2,-9728.47,355.721
23069.5,-9730.27,357.336
23074,-9732.07,358.497
23078.5,-9733.87,357.879
23082.8,-9735.67,356.336
23087.1,-9737.47,354.664
23091.3,-9739.27,352.943
23095.5,-9741.07,351.21
23099.7,-9742.87,349.467
23104,-9744.67,347.726
23108.2,-9746.47,345.982
23112.4,-9748.27,344.237
23116.6,-9750.07,342.418
23120.9,-9751.87,340.585
23125.1,-9753.67,338.76
23129.7,-9755.46,336.85
23133.9,-9757.26,335.066
23138.2,-9759.06,333.28
23142.4,-9760.86,331.495
23146.6,-9762.66,329.769
23150.9,-9764.46,328.037
23155.1,-9766.26,326.307
23159.3,-9768.06,324.582
23163.5,-9769.86,322.808
23167.8,-9771.66,321.033
23172,-9773.46,319.259
23176.3,-9775.26,317.404
23180.5,-9777.06,315.571
23184.7,-9778.86,313.737
23189,-9780.66,311.895
23193.5,-9782.46,309.981
23197.7,-9784.26,308.189
23201.9,-9786.06,306.398
23206.2,-9787.86,304.61
23210.4,-9789.66,302.824
23214.6,-9791.46,301.044
23218.9,-9793.26,299.266
23223.1,-9795.06,297.475
23227.3,-9796.86,295.693
23231.5,-9798.66,293.907
23235.8,-9800.46,292.091
23240,-9802.26,290.272
23244.2,-9804.06,288.452
23248.4,-9805.86,286.636
23252.7,-9807.66,284.818
23257,-9809.46,283.034
23261.2,-9811.26,281.247
23265.4,-9813.06,279.469
23269.7,-9814.86,277.68
23273.9,-9816.66,275.894
23278.2,-9818.46,274.09
23282.4,-9820.26,272.3
23286.6,-9822.06,270.515
23290.9,-9823.86,268.727
23295.1,-9825.66,266.938
23299.3,-9827.46,265.151
23303.6,-9829.26,263.365
23307.8,-9831.06,261.575
23312,-9832.86,259.759
23316.3,-9834.66,257.942
23320.5,-9836.46,256.133
23325.1,-9838.26,254.188
23329.3,-9840.06,252.377
23333.5,-9841.86,250.574
23337.8,-9843.66,248.768
23342.2,-9845.46,246.914
23346.5,-9847.25,245.165
23350.7,-9849.05,243.421
23355.3,-9850.85,241.682
23359.5,-9852.65,239.78
23363.7,-9854.45,238.017
23368,-9856.25,236.251
23372.5,-9858.05,234.391
23376.8,-9859.85,232.638
23381,-9861.65,230.897
23385.5,-9863.45,229.028
23389.8,-9865.25,227.287
23394,-9867.05,225.547
23398.2,-9868.85,223.81
23402.7,-9870.65,221.968
23407,-9872.45,220.241
23411.4,-9874.25,218.469
23415.9,-9876.05,216.618
23420.1,-9877.85,214.873
23424.4,-9879.65,213.134
23428.6,-9881.45,211.4
23433,-9883.25,209.604
23437.2,-9885.05,207.88
23441.5,-9886.85,206.164
23445.7,-9888.65,204.357
23449.9,-9890.45,202.54
23454.2,-9892.25,200.71
23458.4,-9894.05,198.899
23462.6,-9895.85,197.08
23466.8,-9897.65,195.262
23471.1,-9899.45,193.44
23475.3,-9901.25,191.637
23479.6,-9903.05,189.824
23483.8,-9904.85,188.023
23488,-9906.65,186.227
23492.2,-9908.45,184.444
23496.5,-9910.25,182.66
23500.7,-9912.05,180.881
23505.3,-9913.85,179.107
23509.5,-9915.65,177.196
23513.7,-9917.45,175.425
23518,-9919.25,173.652
23522.5,-9921.05,171.82
23526.7,-9922.85,170.112
23530.9,-9924.65,168.404
23535.2,-9926.45,166.687
23539.8,-9928.25,164.792
23544,-9930.05,163.056
23548.3,-9931.85,161.315
23552.7,-9933.65,159.491
23557,-9935.45,157.748
23561.2,-9937.25,156.008
23565.8,-9939.04,154.065
23570,-9940.84,152.256
23574.2,-9942.64,150.444
23578.5,-9944.44,148.629
23582.7,-9946.24,146.911
23587,-9948.04,145.195
23591.2,-9949.84,143.471
23595.4,-9951.64,141.63
23599.6,-9953.44,139.788
23603.9,-9955.24,137.946
23608.1,-9957.04,136.1
23612.3,-9958.84,134.343
23616.5,-9960.64,132.584
23620.8,-9962.44,130.827
23625,-9964.24,129.012
23629.3,-9966.04,127.21
23633.5,-9967.84,125.42
23637.8,-9969.64,123.623
23642.3,-9971.44,121.75
23646.5,-9973.24,119.982
23650.7,-9975.04,118.217
23655.3,-9976.84,116.347
23659.5,-9978.64,114.61
23663.7,-9980.44,112.873
23668,-9982.24,111.135
23672.2,-9984.04,109.39
23676.5,-9985.84,107.652
23680.7,-9987.64,105.897
23684.9,-9989.44,104.164
23689.2,-9991.24,102.287
23693.4,-9993.04,100.421
23697.6,-9994.84,98.5601
23701.9,-9996.64,96.7214
23706.1,-9998.44,94.8852
23710.3,-10000.2,93.0507
23714.6,-10002,91.2239
23718.8,-10003.8,89.3853
23723,-10005.6,87.5432
23727.3,-10007.4,85.696
23731.5,-10009.2,83.8819
23735.7,-10011,82.0695
23740,-10012.8,80.2538
23744.2,-10014.6,78.4405
23748.4,-10016.4,76.6477
23752.6,-10018.2,74.8525
23756.9,-10020,73.0639
23761.2,-10021.8,71.2283
23765.4,-10023.6,69.4219
23769.6,-10025.4,67.6206
23773.9,-10027.2,65.8142
23778.1,-10029,64.0477
23782.4,-10030.8,62.2722
23786.6,-10032.6,60.5091
23790.8,-10034.4,58.7453
23795,-10036.2,56.9151
23799.3,-10038,55.0825
23803.5,-10039.8,53.2577
23807.7,-10041.6,51.4421
23812,-10043.4,49.6283
23816.2,-10045.2,47.8113
23820.4,-10047,45.9931
23824.7,-10048.8,44.1642
23828.9,-10050.6,42.3438
23833.1,-10052.4,40.5111
23837.6,-10054.2,38.574
23841.9,-10056,36.7403
23846.1,-10057.8,34.9121
23850.3,-10059.6,33.0868
23854.9,-10061.4,31.2048
23859.1,-10063.2,29.4594
23863.3,-10065,27.7204
23867.9,-10066.8,25.8631
23872.1,-10068.6,24.1261
23876.3,-10070.4,22.4049
23880.9,-10072.2,20.5434
23885.2,-10074,18.8104
23889.4,-10075.8,17.0907
23893.6,-10077.6,15.3684
23898.1,-10079.4,13.5593
23902.5,-10081.2,11.8067
23906.7,-10083,10.1162
23911.3,-10084.8,8.26911
23915.7,-10086.6,6.55204
23919.9,-10088.4,4.91628
23924.2,-10090.2,3.38423
23928.6,-10092,2.16491
23933.1,-10093.8,2.05701
23937.5,-10095.6,3.17885
23941.7,-10097.4,4.71999
23945.9,-10099.2,6.37946
23950.2,-10101,8.09747
23954.4,-10102.8,9.82621
23958.6,-10104.6,11.5921
23962.8,-10106.4,13.3642
23967,-10108.2,15.1497
23971.3,-10110,16.9412
23975.9,-10111.8,18.8962
23980.1,-10113.6,20.7104
23984.4,-10115.4,22.5368
23988.6,-10117.2,24.2356
23992.8,-10119,25.9415
23997.1,-10120.8,27.6526
24001.3,-10122.6,29.432
24005.5,-10124.4,31.2069
24009.7,-10126.2,32.9797
24014,-10128,34.7578
24018.2,-10129.8,36.5407
24022.5,-10131.6,38.332
24026.8,-10133.4,40.178
24031.3,-10135.2,42.107
24035.8,-10137,43.997
24040.2,-10138.8,45.903
24044.7,-10140.6,47.7923
24049.1,-10142.4,49.57
24053.5,-10144.2,51.354
24058.2,-10146,53.2181
24062.7,-10147.8,55.0738
24067.4,-10149.6,56.9791
24072.1,-10151.4,58.8845
24076.5,-10153.2,60.6283
24080.8,-10155,62.3429
24085.1,-10156.8,64.0352
24089.3,-10158.6,65.6968
24093.5,-10160.4,67.3779
24097.8,-10162.2,69.0574
24102,-10164,70.7378
24106.2,-10165.8,72.4166
24110.4,-10167.6,74.2592
24114.6,-10169.4,76.1053
24118.8,-10171.2,77.9488
24123,-10173,79.7456
24127.2,-10174.8,81.5407
24131.5,-10176.6,83.3367
24135.7,-10178.4,85.1261
24139.9,-10180.2,86.9139
24144.1,-10182,88.7057
24148.3,-10183.8,90.4943
24152.5,-10185.6,92.3088
24156.7,-10187.4,94.1198
24161,-10189.2,95.9351
24165.2,-10191,97.7462
24169.4,-10192.8,99.5611
24173.6,-10194.6,101.381
24177.8,-10196.4,103.197
24182,-10198.2,105.02
24186.2,-10200,106.839
24190.5,-10201.8,108.66
24194.7,-10203.6,110.482
24198.9,-10205.4,112.28
24203.1,-10207.2,114.077
24207.3,-10209,115.873
24211.5,-10210.8,117.687
24215.7,-10212.6,119.498
24219.9,-10214.4,121.31
24224.2,-10216.2,123.124
24228.4,-10218,124.904
24232.6,-10219.8,126.687
24236.8,-10221.6,128.468
24241,-10223.4,130.252
24245.2,-10225.2,132.033
24249.4,-10227,133.817
24253.6,-10228.8,135.602
24257.9,-10230.6,137.422
24262.1,-10232.4,139.218
24266.3,-10234.2,141.012
24270.6,-10236,142.819
24274.8,-10237.8,144.586
24279,-10239.6,146.351
24283.2,-10241.4,148.116
24287.5,-10243.2,149.92
24291.7,-10245,151.727
24295.9,-10246.8,153.53
24300.1,-10248.6,155.335
24304.3,-10250.4,157.149
24308.5,-10252.2,158.961
24312.7,-10254,160.772
24317,-10255.8,162.61
24321.2,-10257.6,164.45
24325.4,-10259.4,166.286
24329.6,-10261.2,168.123
24333.8,-10263,169.933
24338,-10264.8,171.739
24342.2,-10266.6,173.548
24346.4,-10268.4,175.355
24350.7,-10270.2,177.162
24354.9,-10272,178.965
24359.1,-10273.8,180.77
24363.3,-10275.6,182.552
24367.5,-10277.4,184.332
24371.7,-10279.2,186.114
24375.9,-10281,187.895
24380.1,-10282.8,189.666
24384.4,-10284.6,191.439
24388.6,-10286.4,193.211
24392.8,-10288.2,195.004
24397,-10290,196.794
24401.2,-10291.8,198.587
24405.4,-10293.6,200.372
24409.6,-10295.4,202.156
24413.9,-10297.2,203.943
24418.1,-10299,205.727
24422.3,-10300.8,207.554
24426.5,-10302.6,209.38
24430.7,-10304.4,211.209
24434.9,-10306.2,213.033
24439.1,-10308,214.847
24443.3,-10309.8,216.665
24447.6,-10311.6,218.48
24451.8,-10313.4,220.314
24456,-10315.2,222.149
24460.2,-10317,223.984
24464.4,-10318.8,225.818
24468.6,-10320.6,227.627
24472.8,-10322.4,229.438
24477.1,-10324.2,231.248
24481.3,-10326,233.043
24485.5,-10327.8,234.835
24489.7,-10329.6,236.629
24493.9,-10331.4,238.424
24498.1,-10333.2,240.215
24502.3,-10335,242.01
24506.6,-10336.8,243.802
24510.8,-10338.6,245.595
24515,-10340.4,247.375
24519.2,-10342.2,249.158
24523.4,-10344,250.941
24527.6,-10345.8,252.754
24531.8,-10347.6,254.572
24536.1,-10349.4,256.386
24540.3,-10351.2,258.201
24544.5,-10353,259.998
24548.7,-10354.8,261.798
24552.9,-10356.6,263.6
24557.1,-10358.4,265.425
24561.3,-10360.2,267.248
24565.5,-10362,269.068
24569.8,-10363.8,270.892
24574,-10365.6,272.721
24578.2,-10367.4,274.546
24582.4,-10369.2,276.37
24586.6,-10371,278.224
24590.8,-10372.8,280.086
24595,-10374.6,281.944
24599.3,-10376.4,283.801
24603.5,-10378.2,285.626
24607.7,-10380,287.449
24611.9,-10381.8,289.274
24616.1,-10383.6,291.098
24620.3,-10385.4,292.921
24624.5,-10387.2,294.746
24628.8,-10389,296.57
24633,-10390.8,298.363
24637.2,-10392.6,300.155
24641.4,-10394.4,301.948
24645.6,-10396.2,303.738
24649.8,-10398,305.524
24654,-10399.8,307.313
24658.2,-10401.6,309.099
24662.5,-10403.4,310.896
24666.7,-10405.2,312.689
24670.9,-10407,314.487
24675.1,-10408.8,316.285
24679.3,-10410.6,318.058
24683.5,-10412.4,319.834
24687.8,-10414.2,321.606
24692,-10416,323.418
24696.2,-10417.8,325.228
24700.4,-10419.6,327.037
24704.6,-10421.4,328.845
24708.8,-10423.2,330.65
24713,-10425,332.456
24717.3,-10426.8,334.261
24721.5,-10428.6,336.064
24725.7,-10430.4,337.907
24729.9,-10432.2,339.749
24734.1,-10434,341.591
24738.3,-10435.8,343.399
24742.5,-10437.6,345.207
24746.8,-10439.4,347.009
24751,-10441.2,348.827
24755.2,-10443,350.595
24763.5,-10444.8,354
24767.9,-10446.6,355.711
24772.1,-10448.4,357.181
24781.6,-10450.2,357.799
24786,-10452,356.893
24790.3,-10453.8,355.731
24794.5,-10455.6,354.492
24798.7,-10457.4,353.612
24802.9,-10459.2,352.717
24807.2,-10461,351.814
24811.4,-10462.8,350.902
24815.6,-10464.6,349.007
24819.8,-10466.4,347.104
24824,-10468.2,345.194
24828.2,-10470,343.349
24832.5,-10471.8,341.499
24836.7,-10473.6,339.65
24840.9,-10475.4,337.797
24845.1,-10477.2,336.023
24849.3,-10479,334.249
24853.5,-10480.8,332.475
24857.7,-10482.6,330.703
24862,-10484.4,328.93
24866.2,-10486.2,327.159
24870.4,-10488,325.387
24874.6,-10489.8,323.59
24878.8,-10491.6,321.796
24883,-10493.4,320
24887.2,-10495.2,318.184
24891.5,-10497,316.351
24895.7,-10498.8,314.532
24899.9,-10500.6,312.716
24907.1,-10502.4,309.68
24911.4,-10504.2,307.812
24915.6,-10506,306.017
24919.8,-10507.8,304.387
24924,-10509.6,302.754
24928.3,-10511.4,301.125
24932.5,-10513.2,299.581
24936.7,-10515,298.039
24940.9,-10516.8,296.494
24945.1,-10518.6,294.954
24949.3,-10520.4,293.09
24953.5,-10522.2,291.224
24957.8,-10524,289.359
24962,-10525.8,287.53
24966.2,-10527.6,285.704
24970.4,-10529.4,283.874
24974.6,-10531.2,282.039
24978.8,-10533,280.261
24983.1,-10534.8,278.457
24987.3,-10536.6,276.679
24991.6,-10538.4,274.892
24995.8,-10540.2,273.123
25000,-10542,271.355
25004.2,-10543.8,269.585
25008.4,-10545.6,267.768
25012.7,-10547.4,265.949
25016.9,-10549.2,264.131
25021.1,-10551,262.312
25025.3,-10552.8,260.505
25029.5,-10554.6,258.697
25033.7,-10556.4,256.887
25037.9,-10558.2,255.078
25042.2,-10560,253.265
25046.4,-10561.8,251.454
25050.6,-10563.6,249.628
25054.8,-10565.4,247.82
25059.1,-10567.2,246.012
25063.3,-10569,244.201
25067.5,-10570.8,242.407
25071.7,-10572.6,240.611
25075.9,-10574.4,238.815
25080.1,-10576.2,237.022
25084.3,-10578,235.242
25088.6,-10579.8,233.464
25092.8,-10581.6,231.674
25097,-10583.4,229.883
25101.2,-10585.2,228.091
25105.4,-10587,226.301
25109.7,-10588.8,224.512
25113.9,-10590.6,222.739
25118.1,-10592.4,220.966
25122.3,-10594.2,219.193
25126.5,-10596,217.414
25130.7,-10597.8,215.63
25134.9,-10599.6,213.848
25139.1,-10601.4,212.066
25143.4,-10603.2,210.254
25147.6,-10605,208.443
25151.8,-10606.8,206.63
25156,-10608.6,204.821
25160.2,-10610.4,203.01
25164.4,-10612.2,201.199
25168.6,-10614,199.39
25172.9,-10615.8,197.549
25177.1,-10617.6,195.706
25181.3,-10619.4,193.865
25185.5,-10621.2,192.026
25189.7,-10623,190.216
25194,-10624.8,188.391
25198.2,-10626.6,186.579
25202.4,-10628.4,184.791
25206.6,-10630.2,183.004
25210.8,-10632,181.215
25215,-10633.8,179.43
25219.2,-10635.6,177.654
25223.4,-10637.4,175.878
25227.7,-10639.2,174.103
25231.9,-10641,172.328
25236.1,-10642.8,170.551
25240.3,-10644.6,168.773
25244.5,-10646.4,166.994
25248.7,-10648.2,165.197
25252.9,-10650,163.399
25257.1,-10651.8,161.602
25261.4,-10653.6,159.804
25265.6,-10655.4,158.018
25269.8,-10657.2,156.232
25274,-10659,154.44
25278.2,-10660.8,152.603
25282.5,-10662.6,150.761
25286.7,-10664.4,148.926
25290.9,-10666.2,147.088
25295.1,-10668,145.268
25299.3,-10669.8,143.448
25303.5,-10671.6,141.625
25307.7,-10673.4,139.788
25312,-10675.2,137.948
25316.2,-10677,136.11
25320.4,-10678.8,134.273
25324.6,-10680.6,132.466
25328.8,-10682.4,130.659
25333,-10684.2,128.851
25337.2,-10686,127.049
25341.5,-10687.8,125.243
25345.7,-10689.6,123.44
25349.9,-10691.4,121.639
25354.1,-10693.2,119.858
25358.3,-10695,118.08
25362.5,-10696.8,116.3
25366.7,-10698.6,114.522
25371,-10700.4,112.686
25375.2,-10702.2,110.85
25379.4,-10704,109.015
25383.6,-10705.8,107.205
25387.8,-10707.6,105.398
25392,-10709.4,103.589
25396.3,-10711.2,101.782
25400.5,-10713,99.9849
25404.7,-10714.8,98.1889
25408.9,-10716.6,96.3921
25413.1,-10718.4,94.5921
25417.3,-10720.2,92.7938
25421.6,-10722,90.9947
25425.8,-10723.8,89.1965
25430,-10725.6,87.3605
25434.2,-10727.4,85.5237
25438.4,-10729.2,83.6887
25442.6,-10731,81.8232
25446.8,-10732.8,79.9596
25451.1,-10734.6,78.0925
25455.3,-10736.4,76.2307
25459.5,-10738.2,74.4014
25463.7,-10740,72.5696
25467.9,-10741.8,70.7395
25472.1,-10743.6,68.9095
25476.4,-10745.4,67.0769
25480.6,-10747.2,65.2273
25484.8,-10749,63.3964
25489,-10750.8,61.6158
25493.3,-10752.6,59.8327
25497.5,-10754.4,58.0407
25501.7,-10756.2,56.2578
25505.9,-10758,54.4623
25510.1,-10759.8,52.667
25514.4,-10761.6,50.87
25518.6,-10763.4,49.0895
25522.8,-10765.2,47.3075
25527,-10767,45.5265
25531.2,-10768.8,43.7441
25535.4,-10770.6,41.9591
25539.6,-10772.4,40.1726
25543.9,-10774.2,38.3846
25548.1,-10776,36.5615
25552.3,-10777.8,34.737
25556.5,-10779.6,32.9152
25560.7,-10781.4,31.092
25564.9,-10783.2,29.2935
25569.1,-10785,27.4955
25573.4,-10786.8,25.6963
25577.6,-10788.6,23.8799
25581.8,-10790.4,22.0635
25586,-10792.2,20.2515
25590.2,-10794,18.4401
25594.4,-10795.8,16.6284
25598.7,-10797.6,14.8118
25602.9,-10799.4,13.009
25607.1,-10801.2,11.1931
25611.4,-10803,9.41747
25619.7,-10804.8,5.96852
25624.1,-10806.6,4.25763
25628.3,-10808.4,2.77383
25637.4,-10810.2,2.06688
25641.7,-10812,2.96295
25646,-10813.8,4.11247
25650.2,-10815.5,5.36293
25654.4,-10817.3,6.28884
25658.6,-10819.1,7.22844
25662.8,-10820.9,8.17852
25667,-10822.7,9.13406
25671.2,-10824.5,10.9727
25675.5,-10826.3,12.8224
25679.7,-10828.1,14.6749
25683.9,-10829.9,16.5498
25688.1,-10831.7,18.4249
25692.3,-10833.5,20.3036
25696.5,-10835.3,22.184
25700.8,-10837.1,23.9707
25705,-10838.9,25.7327
25709.2,-10840.7,27.4961
25713.4,-10842.5,29.2477
25717.7,-10844.3,30.9989
25721.9,-10846.1,32.752
25726.1,-10847.9,34.5029
25730.3,-10849.7,36.295
25734.5,-10851.5,38.0914
25738.7,-10853.3,39.8847
25742.9,-10855.1,41.7077
25747.2,-10856.9,43.5292
25751.4,-10858.7,45.3532
25755.6,-10860.5,47.1723
25759.8,-10862.3,48.9637
25764,-10864.1,50.7568
25768.2,-10865.9,52.5482
25772.4,-10867.7,54.3406
25776.6,-10869.5,56.1732
25780.9,-10871.3,58.0068
25785.1,-10873.1,59.8387
25789.3,-10874.9,61.6553
25793.5,-10876.7,63.4727
25797.8,-10878.5,65.302
25802,-10880.3,67.1204
25806.2,-10882.1,68.903
25810.4,-10883.9,70.6873
25814.6,-10885.7,72.4732
25818.8,-10887.5,74.2744
25823,-10889.3,76.0781
25827.2,-10891.1,77.8793
25831.5,-10892.9,79.6839
25835.7,-10894.7,81.4683
25839.9,-10896.5,83.2544
25844.1,-10898.3,85.0421
25848.3,-10900.1,86.8367
25852.5,-10901.9,88.6346
25856.7,-10903.7,90.4308
25861,-10905.5,92.2279
25865.2,-10907.3,94.0207
25869.5,-10909.1,95.8684
25873.7,-10910.9,97.667
25878,-10912.7,99.4753
25882.2,-10914.5,101.284
25886.4,-10916.3,103.089
25890.6,-10918.1,104.914
25894.8,-10919.9,106.7
25899.1,-10921.7,108.5
25903.3,-10923.5,110.289
25907.5,-10925.3,112.118
25911.7,-10927.1,113.95
25915.9,-10928.9,115.777
25920.2,-10930.7,117.604
25924.4,-10932.5,119.416
25928.6,-10934.3,121.225
25932.8,-10936.1,123.034
25937,-10937.9,124.828
25941.2,-10939.7,126.624
25945.4,-10941.5,128.417
25949.7,-10943.3,130.209
25953.9,-10945.1,132.021
25958.1,-10946.9,133.832
25962.3,-10948.7,135.643
25966.5,-10950.5,137.454
25970.7,-10952.3,139.226
25974.9,-10954.1,140.997
25979.2,-10955.9,142.769
25983.4,-10957.7,144.563
25987.6,-10959.5,146.356
25991.8,-10961.3,148.15
25996,-10963.1,149.941
26000.3,-10964.9,151.728
26004.5,-10966.7,153.506
26008.7,-10968.5,155.282
26012.9,-10970.3,157.078
26017.1,-10972.1,158.873
26021.3,-10973.9,160.669
26025.5,-10975.7,162.464
26029.8,-10977.5,164.267
26034,-10979.3,166.074
26038.2,-10981.1,167.878
26042.4,-10982.9,169.683
26046.6,-10984.7,171.511
26050.8,-10986.5,173.339
26055,-10988.3,175.166
26059.2,-10990.1,177.001
26063.5,-10991.9,178.839
26067.7,-10993.7,180.676
26071.9,-10995.5,182.513
26076.1,-10997.3,184.316
26080.3,-10999.1,186.12
26084.5,-11000.9,187.924
26088.7,-11002.7,189.689
26093,-11004.5,191.456
26097.2,-11006.3,193.221
26101.4,-11008.1,194.996
26105.6,-11009.9,196.769
26109.8,-11011.7,198.541
26114,-11013.5,200.314
26118.3,-11015.3,202.082
26122.5,-11017.1,203.853
26126.7,-11018.9,205.62
26130.9,-11020.7,207.39
26135.1,-11022.5,209.171
26139.3,-11024.3,210.952
26143.5,-11026.1,212.736
26147.8,-11027.9,214.563
26152,-11029.7,216.392
26156.2,-11031.5,218.218
26160.4,-11033.3,220.045
26164.6,-11035.1,221.865
26168.8,-11036.9,223.683
26173,-11038.7,225.503
26177.3,-11040.5,227.321
26181.5,-11042.3,229.187
26185.7,-11044.1,231.052
26189.9,-11045.9,232.915
26194.1,-11047.7,234.74
26198.3,-11049.5,236.563
26202.6,-11051.3,238.399
26206.8,-11053.1,240.222
26211,-11054.9,242.035
26215.2,-11056.7,243.845
26219.4,-11058.5,245.654
26223.6,-11060.3,247.443
26227.8,-11062.1,249.228
26232.1,-11063.9,251.015
26236.3,-11065.7,252.799
26240.5,-11067.5,254.598
26244.7,-11069.3,256.4
26248.9,-11071.1,258.201
26253.1,-11072.9,260
26257.3,-11074.7,261.828
26261.6,-11076.5,263.657
26265.8,-11078.3,265.484
26270,-11080.1,267.276
26274.2,-11081.9,269.072
26278.4,-11083.7,270.867
26282.6,-11085.5,272.678
26286.8,-11087.3,274.488
26291.1,-11089.1,276.299
26295.3,-11090.9,278.107
26299.5,-11092.7,279.912
26303.7,-11094.5,281.731
26307.9,-11096.3,283.536
26312.2,-11098.1,285.344
26316.4,-11099.9,287.185
26320.6,-11101.7,289.046
26324.8,-11103.5,290.886
26329,-11105.3,292.716
26333.3,-11107.1,294.548
26337.5,-11108.9,296.377
26341.7,-11110.7,298.209
26345.9,-11112.5,300.034
26350.1,-11114.3,301.86
26354.3,-11116.1,303.687
26358.5,-11117.9,305.496
26362.8,-11119.7,307.308
26367,-11121.5,309.116
26371.2,-11123.3,310.927
26375.4,-11125.1,312.711
26379.6,-11126.9,314.496
26383.8,-11128.7,316.282
26388,-11130.5,318.088
26392.3,-11132.3,319.895
26396.5,-11134.1,321.701
26400.7,-11135.9,323.508
26406.7,-11137.7,326.041
26411.1,-11139.5,327.903
26415.5,-11141.3,329.722
26419.7,-11143.1,331.252
26423.9,-11144.9,332.786
26428.2,-11146.7,334.323
26432.4,-11148.5,336.098
26436.7,-11150.3,337.861
26440.9,-11152.1,339.613
26445.1,-11153.9,341.37
26449.6,-11155.7,343.342
26453.9,-11157.5,345.197
26458.1,-11159.3,347.044
26462.7,-11161.1,348.903
26466.9,-11162.9,350.613
26471.1,-11164.7,352.323
26475.5,-11166.5,354.054
26480,-11168.3,355.743
26485.1,-11170.1,357.473
26489.7,-11171.9,358.196
26494.2,-11173.7,357.379
26498.4,-11175.5,355.947
26502.6,-11177.3,354.357
26506.9,-11179.1,352.69
26511.2,-11180.9,351.09
26515.4,-11182.7,349.488
26519.6,-11184.5,347.875
26523.9,-11186.3,346.03
26528.1,-11188.1,344.177
26532.3,-11189.9,342.327
26536.5,-11191.7,340.477
26540.8,-11193.5,338.674
26545,-11195.3,336.875
26549.2,-11197.1,335.071
26553.4,-11198.9,333.24
26557.7,-11200.7,331.41
26561.9,-11202.5,329.58
26566.1,-11204.3,327.747
26570.3,-11206.1,325.952
26574.6,-11207.9,324.147
26578.8,-11209.7,322.337
26583.1,-11211.5,320.536
26587.3,-11213.3,318.732
26591.5,-11215.1,316.927
26595.7,-11216.9,315.13
26600,-11218.7,313.34
26604.2,-11220.5,311.553
26608.5,-11222.3,309.751
26612.7,-11224.1,307.97
26616.9,-11225.9,306.187
26621.2,-11227.7,304.396
26625.4,-11229.5,302.608
26629.9,-11231.3,300.715
26634.1,-11233.1,298.913
26638.3,-11234.9,297.12
26642.9,-11236.7,295.328
26647.1,-11238.5,293.434
26651.3,-11240.3,291.683
26655.6,-11242.1,289.936
26660.1,-11243.9,288.073
26664.4,-11245.7,286.34
26668.6,-11247.5,284.615
26673.2,-11249.3,282.89
26677.5,-11251.1,280.927
26681.7,-11252.9,279.149
26686,-11254.7,277.375
26690.4,-11256.5,275.578
26694.6,-11258.3,273.847
26698.8,-11260.1,272.127
26703,-11261.9,270.405
26707.6,-11263.7,268.481
26711.8,-11265.5,266.709
26716.1,-11267.3,264.942
26720.3,-11269.1,263.209
26724.5,-11270.9,261.478
26728.8,-11272.7,259.745
26733,-11274.5,258.016
26737.2,-11276.3,256.223
26741.6,-11278.1,254.377
26745.8,-11279.9,252.589
26750,-11281.7,250.79
26754.3,-11283.5,248.986
26758.5,-11285.3,247.192
26762.8,-11287.1,245.43
26767,-11288.9,243.673
26771.2,-11290.7,241.908
26775.4,-11292.5,240.154
26779.7,-11294.3,238.337
26783.9,-11296.1,236.528
26788.2,-11297.9,234.711
26792.4,-11299.7,232.903
26796.6,-11301.5,231.101
26800.8,-11303.3,229.302
26805.1,-11305.1,227.5
26809.3,-11306.9,225.674
26813.5,-11308.7,223.837
26817.8,-11310.5,222.009
26822,-11312.3,220.174
26826.2,-11314.1,218.375
26830.5,-11315.9,216.573
26834.7,-11317.7,214.778
26838.9,-11319.5,212.98
26843.2,-11321.3,211.167
26847.4,-11323.1,209.362
26851.6,-11324.9,207.561
26855.8,-11326.7,205.786
26860.1,-11328.5,204.011
26864.3,-11330.3,202.24
26868.5,-11332.1,200.447
26872.8,-11333.9,198.651
26877,-11335.7,196.857
26881.3,-11337.5,195.05
26885.5,-11339.3,193.27
26889.8,-11341.1,191.495
26894,-11342.9,189.719
26898.2,-11344.7,187.936
26902.4,-11346.5,186.151
26906.7,-11348.3,184.362
26910.9,-11350.1,182.566
26915.2,-11351.9,180.737
26919.4,-11353.7,178.92
26923.6,-11355.5,177.101
26927.8,-11357.3,175.297
26932.1,-11359.1,173.488
26936.3,-11360.9,171.676
26940.5,-11362.7,169.862
26945,-11364.5,167.918
26949.2,-11366.3,166.07
26953.4,-11368.1,164.23
26957.7,-11369.9,162.391
26962.2,-11371.7,160.518
26966.5,-11373.5,158.788
26970.7,-11375.3,157.059
26975.3,-11377.1,155.191
26979.5,-11378.9,153.443
26983.7,-11380.7,151.713
26988.3,-11382.5,149.885
26992.5,-11384.3,148.178
26996.7,-11386.1,146.477
27001,-11387.9,144.77
27005.5,-11389.7,142.957
27009.8,-11391.5,141.24
27014,-11393.3,139.539
27018.5,-11395.1,137.66
27022.8,-11396.9,135.906
27027,-11398.7,134.164
27031.2,-11400.5,132.412
27035.7,-11402.3,130.588
27040,-11404.1,128.871
27044.2,-11405.9,127.156
27048.4,-11407.7,125.443
27053,-11409.5,123.481
27057.2,-11411.3,121.665
27061.4,-11413.1,119.854
27065.7,-11414.9,118.118
27069.9,-11416.7,116.386
27074.3,-11418.5,114.583
27078.5,-11420.3,112.745
27082.8,-11422.1,110.915
27087,-11423.9,109.091
27091.2,-11425.7,107.261
27095.4,-11427.5,105.545
27099.7,-11429.3,103.826
27103.9,-11431.1,102.106
27108.1,-11432.9,100.282
27112.4,-11434.7,98.4495
27116.7,-11436.5,96.6046
27120.9,-11438.3,94.78
27125.2,-11440.1,92.9737
27129.5,-11441.9,91.2137
27133.7,-11443.7,89.4594
27138.3,-11445.5,87.7068
27142.5,-11447.3,85.7781
27146.7,-11449.1,83.9914
27151,-11450.9,82.2031
27155.5,-11452.7,80.3578
27159.7,-11454.5,78.6361
27163.9,-11456.3,76.9127
27168.2,-11458.1,75.1823
27172.7,-11459.9,73.2466
27177,-11461.7,71.4477
27181.2,-11463.5,69.6348
27185.7,-11465.3,67.7793
27190,-11467.1,66.0288
27194.2,-11468.9,64.2784
27198.4,-11470.7,62.5346
27203,-11472.5,60.5906
27207.2,-11474.3,58.7872
27211.5,-11476.1,56.9822
27216,-11477.9,55.1449
27220.2,-11479.7,53.4268
27224.4,-11481.5,51.708
27228.6,-11483.3,49.9442
27232.9,-11485.1,48.1714
27237.1,-11486.9,46.4053
27241.4,-11488.7,44.6343
27245.6,-11490.5,42.8541
27249.8,-11492.3,41.0723
27254,-11494.1,39.2857
27258.3,-11495.9,37.4926
27262.5,-11497.7,35.6753
27266.7,-11499.5,33.864
27271,-11501.3,32.0522
27275.4,-11503.1,30.1772
27279.6,-11504.9,28.36
27283.9,-11506.7,26.5565
27288.4,-11508.5,24.6297
27292.6,-11510.3,22.8334
27296.9,-11512.1,21.0477
27301.1,-11513.9,19.2547
27305.3,-11515.7,17.5017
27309.5,-11517.5,15.7491
27313.8,-11519.3,13.9788
27318.7,-11521.1,11.8942
27322.9,-11522.9,10.0738
27329.6,-11524.7,7.25008
27334,-11526.5,5.53733
27338.2,-11528.3,3.92628
27342.5,-11530.1,2.40765
27347.1,-11531.9,1.37057
27351.5,-11533.7,1.93869
27355.7,-11535.5,3.13596
27360,-11537.3,4.48333
27364.2,-11539.1,6.1812
27368.4,-11540.9,7.9053
27372.6,-11542.7,9.64088
27376.9,-11544.5,11.3832
27381.2,-11546.3,13.2794
27385.4,-11548.1,15.1544
27389.6,-11549.9,17.026
27393.8,-11551.7,18.8999
27398.1,-11553.5,20.7028
27402.3,-11555.3,22.5032
27406.5,-11557.1,24.3022
27410.8,-11558.9,26.1088
27415.1,-11560.7,27.9415
27419.3,-11562.5,29.7395
27423.5,-11564.3,31.548
27427.8,-11566.1,33.351
27432,-11567.9,35.1591
27436.2,-11569.7,36.9674
27440.5,-11571.5,38.7792
27444.7,-11573.3,40.5828
27449,-11575.1,42.3807
27453.5,-11576.9,44.2838
27457.7,-11578.7,46.0491
27462,-11580.5,47.8121
27466.2,-11582.3,49.5678
27470.7,-11584.1,51.4415
27475,-11585.9,53.1875
27479.2,-11587.7,54.9415
27483.8,-11589.5,56.8186
27488,-11591.3,58.5642
27492.2,-11593.1,60.3155
27496.5,-11594.9,62.0652
27501,-11596.7,63.9045
27505.2,-11598.5,65.633
27509.4,-11600.3,67.3544
27514,-11602.1,69.3026
27518.3,-11603.9,71.1044
27522.5,-11605.7,72.8946
27526.8,-11607.5,74.6881
27531,-11609.3,76.4227
27535.2,-11611.1,78.1588
27539.4,-11612.9,79.8902
27543.7,-11614.7,81.7041
27547.9,-11616.5,83.5171
27552.1,-11618.3,85.3352
27556.3,-11620.1,87.1475
27560.6,-11621.9,88.9634
27564.8,-11623.7,90.7643
27569.1,-11625.5,92.5611
27573.3,-11627.3,94.3437
27577.6,-11629.1,96.1131
27581.8,-11630.9,97.8932
27586,-11632.7,99.6635
27590.5,-11634.5,101.536
27594.7,-11636.3,103.326
27599,-11638.1,105.109
27603.2,-11639.9,106.888
27607.7,-11641.7,108.761
27612,-11643.5,110.506
27616.2,-11645.3,112.249
27620.7,-11647.1,114.113
27625,-11648.9,115.862
27629.2,-11650.7,117.607
27633.8,-11652.5,119.347
27638,-11654.3,121.239
27642.2,-11656.1,123
27646.4,-11657.9,124.754
27651,-11659.7,126.624
27655.2,-11661.5,128.363
27659.4,-11663.3,130.103
27663.6,-11665.1,131.845
27668.2,-11666.9,133.745
27672.6,-11668.7,135.564
27676.9,-11670.5,137.332
27681.3,-11672.3,139.102
27685.5,-11674.1,140.81
27689.7,-11675.9,142.513
27694.3,-11677.7,144.382
27698.5,-11679.5,146.117
27702.7,-11681.3,147.85
27707,-11683.1,149.584
27711.2,-11684.9,151.285
27715.4,-11686.7,152.994
27719.7,-11688.5,154.703
27723.9,-11690.3,156.512
27728.1,-11692.1,158.324
27732.3,-11693.9,160.133
27736.6,-11695.7,161.94
27740.8,-11697.5,163.705
27745,-11699.3,165.472
27749.3,-11701.1,167.24
27753.5,-11702.9,169.047
27757.8,-11704.7,170.839
27762,-11706.5,172.626
27766.2,-11708.3,174.416
27770.7,-11710.1,176.351
27775,-11711.9,178.173
27779.2,-11713.7,180.002
27783.8,-11715.5,181.852
27788,-11717.3,183.573
27792.2,-11719.1,185.298
27796.5,-11720.9,187.022
27801,-11722.7,188.825
27805.2,-11724.5,190.52
27809.4,-11726.3,192.208
27813.7,-11728.1,193.9
27818.3,-11729.9,195.776
27822.5,-11731.7,197.494
27826.7,-11733.5,199.213
27831.3,-11735.2,201.037
27835.6,-11737,202.767
27839.8,-11738.8,204.47
27844.3,-11740.6,206.307
27848.5,-11742.4,208.044
27852.7,-11744.2,209.775
27857,-11746,211.511
27861.5,-11747.8,213.389
27865.7,-11749.6,215.157
27869.9,-11751.4,216.924
27874.2,-11753.2,218.688
27878.7,-11755,220.648
27883,-11756.8,222.477
27887.2,-11758.6,224.291
27891.4,-11760.4,226.058
27895.6,-11762.2,227.825
27899.9,-11764,229.597
27904.1,-11765.8,231.404
27909.2,-11767.6,233.583
27913.6,-11769.4,235.464
27917.9,-11771.2,237.265
27922.1,-11773,238.93
27926.3,-11774.8,240.587
27930.5,-11776.6,242.247
27934.8,-11778.4,244.087
27939,-11780.2,245.931
27943.2,-11782,247.778
27947.4,-11783.8,249.617
27951.7,-11785.6,251.401
27955.9,-11787.4,253.184
27960.1,-11789.2,254.969
27964.3,-11791,256.821
27968.6,-11792.8,258.667
27972.8,-11794.6,260.514
27977,-11796.4,262.367
27981.3,-11798.2,264.206
27985.5,-11800,266.03
27989.8,-11801.8,267.853
27994.3,-11803.6,269.816
27998.5,-11805.4,271.656
28002.8,-11807.2,273.487
28007,-11809,275.335
28011.5,-11810.8,277.184
28015.7,-11812.6,278.939
28020,-11814.4,280.713
28024.2,-11816.2,282.518
28028.4,-11818,284.314
28032.7,-11819.8,286.119
28036.9,-11821.6,287.913
28041.2,-11823.4,289.73
28045.4,-11825.2,291.528
28049.6,-11827,293.329
28053.8,-11828.8,295.128
28058.1,-11830.6,296.928
28062.3,-11832.4,298.734
28066.5,-11834.2,300.539
28070.7,-11836,302.335
28075,-11837.8,304.135
28079.2,-11839.6,305.931
28083.8,-11841.4,307.885
28088,-11843.2,309.687
28092.2,-11845,311.497
28096.5,-11846.8,313.301
28100.7,-11848.6,315.046
28104.9,-11850.4,316.79
28109.2,-11852.2,318.546
28113.4,-11854,320.299
28117.6,-11855.8,322.156
28121.9,-11857.6,324.029
28126.1,-11859.4,325.896
28130.4,-11861.2,327.747
28134.6,-11863,329.593
28138.8,-11864.8,331.443
28143.1,-11866.6,333.293
28147.3,-11868.4,335.106
28151.5,-11870.2,336.925
28155.8,-11872,338.743
28160,-11873.8,340.523
28164.2,-11875.6,342.311
28168.4,-11877.4,344.088
28172.7,-11879.2,345.868
28177.3,-11881,347.785
28181.5,-11882.8,349.563
28188.2,-11884.6,352.351
28192.6,-11886.4,354.122
28196.8,-11888.2,355.826
28201.2,-11890,357.509
28206,-11891.8,358.904
28210.4,-11893.6,358.828
28214.6,-11895.4,357.605
28218.8,-11897.2,356.028
28223.1,-11899,354.395
28227.3,-11900.8,352.769
28231.6,-11902.6,351.141
28235.8,-11904.4,349.251
28240,-11906.2,347.349
28244.3,-11908,345.443
28248.5,-11909.8,343.548
28253.1,-11911.6,341.593
28257.3,-11913.4,339.786
28261.6,-11915.2,337.982
28266.1,-11917,336.138
28270.4,-11918.8,334.424
28274.6,-11920.6,332.714
28279.2,-11922.4,330.867
28283.4,-11924.2,329.145
28287.6,-11926,327.435
28291.9,-11927.8,325.719
28296.4,-11929.6,323.908
28300.7,-11931.4,322.153
28304.9,-11933.2,320.439
28309.4,-11935,318.595
28313.7,-11936.8,316.852
28317.9,-11938.6,315.118
28322.1,-11940.4,313.365
28326.6,-11942.2,311.511
28330.8,-11944,309.75
28335.1,-11945.8,307.994
28339.6,-11947.6,306.242
28343.9,-11949.4,304.316
28348.1,-11951.2,302.528
28352.3,-11953,300.747
28356.9,-11954.8,298.886
28361.1,-11956.6,297.136
28365.3,-11958.4,295.402
28369.6,-11960.2,293.651
28373.8,-11962,291.892
28378.1,-11963.8,290.098
28382.4,-11965.6,288.325
28386.6,-11967.4,286.529
28390.8,-11969.2,284.732
28395.1,-11971,282.932
28399.3,-11972.8,281.135
28403.5,-11974.6,279.368
28407.8,-11976.4,277.594
28412,-11978.2,275.826
28416.2,-11980,274.024
28420.4,-11981.8,272.228
28424.7,-11983.6,270.419
28429.2,-11985.4,268.521
28433.4,-11987.2,266.725
28437.6,-11989,264.935
28441.9,-11990.8,263.141
28446.4,-11992.6,261.296
28450.6,-11994.4,259.534
28454.9,-11996.2,257.793
28459.4,-11998,255.901
28463.6,-11999.8,254.143
28467.8,-12001.6,252.384
28472.1,-12003.4,250.62
28476.6,-12005.2,248.738
28480.9,-12007,246.968
28485.1,-12008.8,245.212
28489.6,-12010.6,243.333
28493.9,-12012.4,241.586
28498.1,-12014.2,239.837
28502.3,-12016,238.087
28506.9,-12017.8,236.254
28511.1,-12019.6,234.529
28515.3,-12021.4,232.816
28519.5,-12023.2,231.101
28524.1,-12025,229.201
28528.4,-12026.8,227.461
28532.6,-12028.6,225.713
28537.1,-12030.4,223.901
28541.4,-12032.2,222.194
28545.6,-12034,220.498
28549.8,-12035.8,218.753
28554.1,-12037.6,216.996
28558.4,-12039.4,215.215
28562.6,-12041.2,213.467
28566.8,-12043,211.672
28571,-12044.8,209.872
28575.3,-12046.6,208.07
28579.5,-12048.4,206.224
28583.8,-12050.2,204.366
28588,-12052,202.514
28592.2,-12053.8,200.66
28596.5,-12055.6,198.86
28600.7,-12057.4,197.062
28604.9,-12059.2,195.267
28609.4,-12061,193.345
28613.6,-12062.8,191.527
28617.9,-12064.6,189.717
28622.1,-12066.4,187.898
28626.6,-12068.2,186.131
28630.9,-12070,184.467
28635.1,-12071.8,182.81
28639.6,-12073.6,180.961
28643.9,-12075.4,179.244
28648.1,-12077.2,177.521
28652.3,-12079,175.804
28656.9,-12080.8,173.999
28661.1,-12082.6,172.312
28665.3,-12084.4,170.635
28669.5,-12086.2,168.959
28674.1,-12088,167.068
28678.3,-12089.8,165.321
28682.6,-12091.6,163.558
28687.1,-12093.4,161.689
28691.4,-12095.2,159.934
28695.6,-12097,158.188
28700.2,-12098.8,156.442
28704.4,-12100.6,154.484
28708.6,-12102.4,152.684
28712.8,-12104.2,150.878
28717.3,-12106,149.019
28721.6,-12107.8,147.275
28725.8,-12109.6,145.523
28730.1,-12111.4,143.76
28734.3,-12113.2,141.993
28738.5,-12115,140.227
28742.8,-12116.8,138.465
28747,-12118.6,136.627
28751.2,-12120.4,134.784
28755.5,-12122.2,132.945
28759.7,-12124,131.19
28763.9,-12125.8,129.428
28768.2,-12127.6,127.662
28772.4,-12129.4,125.901
28776.7,-12131.2,124.091
28781,-12133,122.305
28785.2,-12134.8,120.537
28789.8,-12136.6,118.642
28794,-12138.4,116.867
28798.3,-12140.2,115.098
28802.5,-12142,113.326
28807,-12143.8,111.488
28811.2,-12145.6,109.747
28815.4,-12147.4,108.016
28819.6,-12149.2,106.285
28824.2,-12151,104.319
28828.5,-12152.8,102.489
28832.8,-12154.6,100.674
28837,-12156.4,98.9239
28841.2,-12158.2,97.1667
28845.4,-12160,95.4192
28849.7,-12161.8,93.5906
28853.9,-12163.6,91.7579
28858.1,-12165.4,89.9211
28862.4,-12167.2,88.0843
28866.6,-12169,86.2983
28870.8,-12170.8,84.5098
28875,-12172.6,82.718
28879.3,-12174.4,80.9172
28883.5,-12176.2,79.1016
28887.8,-12178,77.3001
28892,-12179.8,75.4853
28896.5,-12181.6,73.6113
28900.7,-12183.4,71.8268
28905,-12185.2,70.0498
28909.5,-12187,68.276
28913.7,-12188.8,66.4063
28918,-12190.6,64.6695
28922.2,-12192.4,62.9335
28926.8,-12194.2,61.0613
28931,-12196,59.3146
28935.2,-12197.8,57.5719
28939.8,-12199.6,55.694
28944,-12201.4,53.9453
28948.2,-12203.2,52.1967
28952.5,-12205,50.4449
28957,-12206.8,48.56
28961.2,-12208.6,46.7893
28965.4,-12210.4,45.0293
28969.6,-12212.2,43.2694
28974.3,-12214,41.3842
28978.5,-12215.8,39.6592
28982.8,-12217.6,37.9184
28987.2,-12219.4,36.1139
28991.5,-12221.2,34.4006
28995.9,-12223,32.6293
29000.3,-12224.8,30.8079
29004.5,-12226.6,29.0656
29008.8,-12228.4,27.3268
29013,-12230.2,25.5762
29017.5,-12232,23.7418
29023.3,-12233.8,21.3487
29027.7,-12235.6,19.5404
29032.2,-12237.4,17.735
29036.6,-12239.2,15.942
29041,-12241,14.1134
29045.5,-12242.8,12.4335
29052.4,-12244.6,9.79618
29056.9,-12246.4,8.10927
29061.3,-12248.2,6.31257
29067.4,-12250,3.88499
29071.8,-12251.8,2.25383
29076.4,-12253.6,1.33117
29081.2,-12255.4,1.92938
29085.7,-12257.2,3.24417
29090,-12259,4.76686
29094.3,-12260.8,6.28933
29098.5,-12262.6,7.84153
29102.8,-12264.4,9.38863
29107,-12266.2,11.2545
29111.2,-12268,13.1286
29115.4,-12269.8,15.0021
29119.6,-12271.6,16.8775
29123.8,-12273.4,18.7053
29128.1,-12275.2,20.551
29132.3,-12277,22.3805
29136.5,-12278.8,24.195
29140.8,-12280.6,26.0116
29145,-12282.4,27.8252
29149.2,-12284.2,29.639
29153.4,-12286,31.4184
29157.6,-12287.8,33.1971
29161.9,-12289.6,34.9759
29166.1,-12291.4,36.7937
29170.3,-12293.2,38.6098
29174.5,-12295,40.4286
29178.7,-12296.8,42.2458
29183,-12298.6,44.0114
29187.2,-12300.4,45.7746
29191.4,-12302.2,47.5411
29195.6,-12304,49.3036
29199.8,-12305.8,51.0981
29204,-12307.6,52.8943
29208.3,-12309.4,54.6914
29212.5,-12311.2,56.491
29216.7,-12313,58.2889
29220.9,-12314.8,60.0868
29225.1,-12316.6,61.8791
29229.4,-12318.4,63.6805
29233.6,-12320.2,65.4737
29237.8,-12322,67.2635
29242.1,-12323.8,69.0698
29246.3,-12325.6,70.8769
29250.5,-12327.4,72.6815
29254.7,-12329.2,74.4878
29258.9,-12331,76.3026
29263.2,-12332.8,78.1216
29267.4,-12334.6,79.9372
29271.6,-12336.4,81.7585
29275.8,-12338.2,83.578
29280,-12340,85.3976
29284.2,-12341.8,87.2163
29288.7,-12343.6,89.1378
29293,-12345.4,90.9436
29297.2,-12347.2,92.7428
29301.4,-12349,94.4981
29305.6,-12350.8,96.2519
29309.8,-12352.6,98.0048
29314.1,-12354.4,99.761
29318.3,-12356.2,101.542
29322.5,-12358,103.326
29326.7,-12359.8,105.105
29330.9,-12361.6,106.896
29335.1,-12363.4,108.686
29339.4,-12365.2,110.474
29343.6,-12367,112.266
29347.8,-12368.8,114.042
29352,-12370.6,115.821
29356.2,-12372.4,117.599
29360.4,-12374.2,119.393
29364.7,-12376,121.187
29368.9,-12377.8,122.982
29373.1,-12379.6,124.777
29377.3,-12381.4,126.59
29381.5,-12383.2,128.406
29385.7,-12385,130.219
29390,-12386.8,132.033
29394.2,-12388.6,133.845
29398.4,-12390.4,135.657
29402.6,-12392.2,137.47
29406.8,-12394,139.295
29411.1,-12395.8,141.145
29415.4,-12397.6,143.018
29419.6,-12399.4,144.846
29423.9,-12401.2,146.631
29428.1,-12403,148.408
29432.4,-12404.8,150.208
29436.6,-12406.6,151.996
29440.8,-12408.4,153.784
29445,-12410.2,155.572
29449.2,-12412,157.362
29453.4,-12413.8,159.072
29457.7,-12415.6,160.78
29461.9,-12417.4,162.49
29466.1,-12419.2,164.24
29470.3,-12421,165.991
29474.5,-12422.8,167.746
29478.7,-12424.6,169.497
29483,-12426.4,171.266
29487.2,-12428.2,173.035
29491.4,-12430,174.804
29495.6,-12431.8,176.571
29499.8,-12433.6,178.376
29504,-12435.4,180.181
29508.3,-12437.2,181.988
29512.5,-12439,183.813
29516.7,-12440.8,185.635
29520.9,-12442.6,187.461
29525.1,-12444.4,189.309
29529.3,-12446.2,191.16
29533.6,-12448,193.023
29537.8,-12449.8,194.868
29542,-12451.6,196.696
29546.2,-12453.4,198.523
29550.4,-12455.2,200.347
29554.6,-12457,202.175
29558.9,-12458.8,203.981
29563.1,-12460.6,205.792
29567.3,-12462.4,207.598
29571.5,-12464.2,209.383
29575.7,-12466,211.165
29579.9,-12467.8,212.947
29584.2,-12469.6,214.732
29588.4,-12471.4,216.517
29592.6,-12473.2,218.305
29596.8,-12475,220.088
29601,-12476.8,221.854
29605.2,-12478.6,223.617
29609.5,-12480.4,225.382
29613.7,-12482.2,227.149
29617.9,-12484,228.898
29622.1,-12485.8,230.648
29626.3,-12487.6,232.397
29630.5,-12489.4,234.246
29634.8,-12491.2,236.112
29639,-12493,237.962
29643.2,-12494.8,239.815
29647.4,-12496.6,241.754
29651.7,-12498.4,243.693
29655.9,-12500.2,245.63
29660.1,-12502,247.568
29664.3,-12503.8,249.372
29668.5,-12505.6,251.174
29672.8,-12507.4,252.979
29677,-12509.2,254.753
29681.2,-12511,256.529
29685.4,-12512.8,258.301
29689.6,-12514.6,260.075
29693.8,-12516.4,261.874
29698.1,-12518.2,263.673
29702.3,-12520,265.472
29706.5,-12521.8,267.304
29710.7,-12523.6,269.14
29714.9,-12525.4,270.969
29719.1,-12527.2,272.805
29723.4,-12529,274.617
29727.6,-12530.8,276.427
29731.8,-12532.6,278.239
29736,-12534.4,280.055
29740.3,-12536.2,281.864
29744.5,-12538,283.669
29748.7,-12539.8,285.474
29752.9,-12541.6,287.278
29757.1,-12543.4,289.082
29761.4,-12545.2,290.886
29765.6,-12547,292.714
29769.8,-12548.8,294.542
29774,-12550.6,296.373
29778.2,-12552.4,298.203
29782.4,-12554.2,300.046
29786.7,-12556,301.888
29790.9,-12557.8,303.733
29795.1,-12559.6,305.574
29799.3,-12561.4,307.43
29803.5,-12563.2,309.289
29807.7,-12565,311.144
29812,-12566.8,312.975
29816.2,-12568.6,314.803
29820.4,-12570.4,316.632
29824.6,-12572.2,318.462
29828.8,-12574,320.261
29833,-12575.8,322.062
29837.3,-12577.6,323.874
29841.5,-12579.4,325.644
29845.7,-12581.2,327.409
29849.9,-12583,329.177
29854.2,-12584.8,330.943
29858.4,-12586.6,332.687
29862.6,-12588.4,334.432
29866.8,-12590.2,336.174
29871,-12592,337.944
29875.3,-12593.8,339.716
29879.5,-12595.6,341.484
29883.7,-12597.4,343.254
29887.9,-12599.2,345.028
29892.2,-12601,346.82
29896.4,-12602.8,348.586
29902.5,-12604.6,351.083
29906.9,-12606.4,352.857
29911.2,-12608.2,354.55
29915.5,-12610,355.9
29920,-12611.8,357.189
29924.5,-12613.6,358.156
29928.7,-12615.4,358.236
29932.9,-12617.2,357.125
29937.2,-12619,355.552
29941.4,-12620.8,353.885
29945.7,-12622.6,352.077
29949.9,-12624.4,350.239
29954.2,-12626.2,348.387
29958.4,-12628,346.533
29962.8,-12629.8,344.682
29967.1,-12631.6,342.919
29971.3,-12633.4,341.157
29975.5,-12635.2,339.398
29980.1,-12637,337.541
29984.3,-12638.8,335.824
29988.6,-12640.6,334.095
29993.1,-12642.4,332.291
29997.3,-12644.2,330.594
30001.7,-12646,328.87
30006.2,-12647.8,327.001
30010.4,-12649.6,325.245
30014.6,-12651.4,323.496
30018.9,-12653.2,321.743
30023.4,-12655,319.883
30027.6,-12656.8,318.141
30031.8,-12658.5,316.402
30036.4,-12660.3,314.479
30040.7,-12662.1,312.658
30044.9,-12663.9,310.873
30049.2,-12665.7,309.077
30053.4,-12667.5,307.349
30057.6,-12669.3,305.627
30061.9,-12671.1,303.906
30066.1,-12672.9,302.186
30070.3,-12674.7,300.385
30074.5,-12676.5,298.577
30078.8,-12678.3,296.774
30083,-12680.1,295.01
30087.2,-12681.9,293.247
30091.5,-12683.7,291.478
30095.7,-12685.5,289.666
30100,-12687.3,287.854
30104.2,-12689.1,286.039
30108.4,-12690.9,284.233
30112.8,-12692.7,282.39
30117.1,-12694.5,280.629
30121.3,-12696.3,278.871
30125.5,-12698.1,277.118
30130.1,-12699.9,275.194
30134.3,-12701.7,273.411
30138.6,-12703.5,271.638
30143.2,-12705.3,269.764
30147.4,-12707.1,268.04
30151.6,-12708.9,266.32
30156.2,-12710.7,264.701
30160.4,-12712.5,263.192
30164.6,-12714.3,261.681
30168.9,-12716.1,260.167
30173.1,-12717.9,258.487
30177.3,-12719.7,256.809
30181.6,-12721.5,255.134
30185.8,-12723.3,253.307
30190,-12725.1,251.461
30194.3,-12726.9,249.622
30198.5,-12728.7,247.791
30202.7,-12730.5,246.038
30207,-12732.3,244.291
30211.2,-12734.1,242.54
30215.4,-12735.9,240.8
30219.6,-12737.7,239.026
30223.9,-12739.5,237.255
30228.1,-12741.3,235.481
30232.3,-12743.1,233.685
30236.6,-12744.9,231.886
30240.8,-12746.7,230.081
30245,-12748.5,228.291
30249.3,-12750.3,226.471
30253.5,-12752.1,224.652
30257.7,-12753.9,222.841
30262,-12755.7,221.043
30266.2,-12757.5,219.247
30270.4,-12759.3,217.456
30274.7,-12761.1,215.66
30278.9,-12762.9,213.762
30283.1,-12764.7,211.856
30287.3,-12766.5,209.952
30291.6,-12768.3,208.151
30295.8,-12770.1,206.357
30300.1,-12771.9,204.569
30304.3,-12773.7,202.773
30308.5,-12775.5,200.958
30312.8,-12777.3,199.136
30317,-12779.1,197.325
30321.4,-12780.9,195.462
30325.6,-12782.7,193.682
30329.8,-12784.5,191.904
30334.1,-12786.3,190.121
30338.7,-12788.1,188.253
30343,-12789.9,186.526
30347.2,-12791.7,184.818
30351.4,-12793.5,183.109
30355.6,-12795.3,181.397
30359.9,-12797.1,179.69
30364.1,-12798.9,177.974
30368.3,-12800.7,176.227
30372.5,-12802.5,174.479
30376.8,-12804.3,172.73
30381,-12806.1,170.982
30385.2,-12807.9,169.113
30389.5,-12809.7,167.229
30393.7,-12811.5,165.363
30398,-12813.3,163.529
30402.2,-12815.1,161.701
30406.4,-12816.9,159.868
30410.9,-12818.7,157.936
30415.2,-12820.5,156.104
30419.4,-12822.3,154.284
30423.6,-12824.1,152.457
30428.1,-12825.9,150.618
30432.4,-12827.7,148.886
30436.6,-12829.5,147.163
30441.2,-12831.3,145.261
30445.4,-12833.1,143.508
30449.6,-12834.9,141.76
30453.9,-12836.7,140.004
30458.4,-12838.5,138.282
30462.6,-12840.3,136.657
30466.8,-12842.1,135.04
30471.4,-12843.9,133.421
30475.6,-12845.7,131.573
30479.8,-12847.5,129.859
30484.1,-12849.3,128.144
30488.6,-12851.1,126.295
30492.9,-12852.9,124.565
30497.2,-12854.7,122.844
30501.4,-12856.5,121.082
30505.6,-12858.3,119.313
30509.9,-12860.1,117.553
30514.1,-12861.9,115.785
30518.3,-12863.7,113.916
30522.5,-12865.5,112.042
30526.8,-12867.3,110.168
30531,-12869.1,108.317
30535.2,-12870.9,106.461
30539.4,-12872.7,104.612
30543.7,-12874.5,102.748
30547.9,-12876.3,100.905
30552.2,-12878.1,99.0475
30556.4,-12879.9,97.181
30560.7,-12881.7,95.3394
30564.9,-12883.5,93.5473
30569.1,-12885.3,91.7419
30573.3,-12887.1,89.9416
30577.6,-12888.9,88.1272
30581.8,-12890.7,86.3111
30586,-12892.5,84.4858
30590.3,-12894.3,82.653
30594.5,-12896.1,80.8674
30598.8,-12897.9,79.0777
30603,-12899.7,77.2947
30607.2,-12901.5,75.5644
30611.5,-12903.3,73.8302
30615.7,-12905.1,72.1073
30619.9,-12906.9,70.3838
30624.2,-12908.7,68.5917
30628.4,-12910.5,66.8113
30632.6,-12912.3,65.0271
30636.8,-12914.1,63.2219
30641.1,-12915.9,61.4151
30645.3,-12917.7,59.5959
30649.5,-12919.5,57.7802
30653.8,-12921.3,55.9355
30658,-12923.1,54.0875
30662.3,-12924.9,52.2396
30666.5,-12926.7,50.3948
30670.8,-12928.5,48.5424
30675,-12930.3,46.7002
30679.2,-12932.1,44.8531
30683.4,-12933.9,43.0289
30687.7,-12935.7,41.2041
30691.9,-12937.5,39.3575
30696.2,-12939.3,37.5364
30700.4,-12941.1,35.7418
30704.7,-12942.9,33.9474
30708.9,-12944.7,32.1425
30713.2,-12946.5,30.3577
30717.4,-12948.3,28.579
30721.6,-12950.1,26.8031
30726,-12951.9,25.0386
30730.3,-12953.7,23.3464
30734.5,-12955.5,21.6671
30738.7,-12957.3,19.9873
30743.3,-12959.1,18.2116
30747.6,-12960.9,16.5323
30751.9,-12962.7,14.8939
30756.5,-12964.5,13.0314
30760.9,-12966.3,11.2712
30765.1,-12968.1,9.56737
30769.3,-12969.9,7.88556
30773.9,-12971.7,6.17905
30778.5,-12973.5,4.47477
30782.8,-12975.3,3.01142
30787.2,-12977.1,1.96635
30791.5,-12978.9,2.25383
30795.7,-12980.7,3.50959
30799.9,-12982.5,5.05572
30804.2,-12984.3,6.74312
30808.4,-12986.1,8.46081
30812.6,-12987.9,10.1906
30816.8,-12989.7,11.9699
30821.1,-12991.5,13.762
30825.3,-12993.3,15.5507
30829.5,-12995.1,17.3371
30833.8,-12996.9,19.0981
30838,-12998.7,20.8558
30842.2,-13000.5,22.6195
30846.5,-13002.3,24.3865
30850.7,-13004.1,26.1446
30855,-13005.9,27.9
30859.2,-13007.7,29.6574
30863.4,-13009.5,31.3989
30867.7,-13011.3,33.1455
30871.9,-13013.1,34.8868
30876.1,-13014.9,36.6364
30880.3,-13016.7,38.4448
30884.6,-13018.5,40.2645
30888.8,-13020.3,42.0745
30893.2,-13022.1,44.0122
30897.5,-13023.9,45.8588
30901.7,-13025.7,47.7001
30906.3,-13027.5,49.5387
30910.7,-13029.3,51.5447
30915.1,-13031.1,53.4037
30919.4,-13032.9,55.1735
30923.6,-13034.7,56.8657
30927.8,-13036.5,58.5549
30932,-13038.3,60.2488
30936.6,-13040.1,62.1991
30940.8,-13041.9,64.0033
30945.1,-13043.7,65.8284
30949.3,-13045.5,67.6285
30953.7,-13047.3,69.4182
30957.9,-13049.1,71.1282
30962.2,-13050.9,72.8327
30966.4,-13052.7,74.5364
30971,-13054.5,76.4519
30975.2,-13056.3,78.2113
30979.4,-13058.1,79.9666
30984,-13059.9,81.772
30988.2,-13061.7,83.4495
30992.4,-13063.5,85.1394
30996.7,-13065.3,86.8145
31001.3,-13067.1,88.703
31005.5,-13068.9,90.4263
31009.7,-13070.7,92.1544
31014,-13072.5,93.8914
31018.2,-13074.3,95.6316
31022.4,-13076.1,97.367
31026.6,-13077.9,99.2172
31030.9,-13079.7,101.073
31035.1,-13081.5,102.928
31039.3,-13083.3,104.78
31043.5,-13085.1,106.597
31047.8,-13086.9,108.429
31052,-13088.7,110.252
31056.3,-13090.5,112.068
31060.5,-13092.3,113.885
31064.7,-13094.1,115.697
31069,-13095.9,117.512
31073.5,-13097.7,119.402
31077.7,-13099.5,121.175
31081.9,-13101.3,122.95
31086.2,-13103.1,124.734
31090.8,-13104.9,126.6
31095,-13106.7,128.31
31099.3,-13108.5,130.018
31103.7,-13110.3,131.744
31108,-13112.1,133.381
31112.2,-13113.9,135.018
31116.4,-13115.7,136.65
31120.7,-13117.5,138.416
31124.9,-13119.3,140.182
31129.1,-13121.1,141.956
31133.4,-13122.9,143.817
31137.6,-13124.7,145.676
31141.8,-13126.5,147.535
31146.1,-13128.3,149.412
31150.3,-13130.1,151.241
31154.5,-13131.9,153.073
31158.8,-13133.7,154.907
31163,-13135.5,156.717
31167.2,-13137.3,158.533
31171.5,-13139.1,160.344
31175.7,-13140.9,162.147
31179.9,-13142.7,163.952
31184.2,-13144.5,165.763
31188.4,-13146.3,167.563
31192.6,-13148.1,169.376
31196.9,-13149.9,171.172
31201.1,-13151.7,172.977
31205.3,-13153.5,174.77
31209.6,-13155.3,176.542
31213.8,-13157.1,178.293
31218.1,-13158.9,180.035
31222.3,-13160.7,181.793
31226.5,-13162.5,183.552
31230.8,-13164.3,185.308
31235,-13166.1,187.058
31239.2,-13167.9,188.849
31243.4,-13169.7,190.638
31247.7,-13171.5,192.432
31251.9,-13173.3,194.26
31256.1,-13175.1,196.097
31260.4,-13176.9,197.931
31264.6,-13178.7,199.758
31268.8,-13180.5,201.608
31273.1,-13182.3,203.466
31277.3,-13184.1,205.308
31281.9,-13185.9,207.151
31286.1,-13187.7,209.173
31290.4,-13189.5,211.05
31294.6,-13191.3,212.927
31299.1,-13193.1,214.71
31303.3,-13194.9,216.39
31307.6,-13196.7,218.06
31311.8,-13198.5,219.731
31316.4,-13200.3,221.605
31320.6,-13202.1,223.365
31324.9,-13203.9,225.103
31329.1,-13205.7,226.814
31333.4,-13207.5,228.514
31337.6,-13209.3,230.209
31341.8,-13211.1,231.909
31346,-13212.9,233.704
31350.3,-13214.7,235.52
31354.5,-13216.5,237.317
31358.8,-13218.3,239.049
31363,-13220.1,240.779
31367.2,-13221.9,242.511
31371.5,-13223.7,244.376
31375.7,-13225.5,246.233
31379.9,-13227.3,248.087
31384.1,-13229.1,249.957
31388.4,-13230.9,251.863
31392.6,-13232.7,253.778
31396.9,-13234.5,255.677
31401.1,-13236.3,257.588
31405.3,-13238.1,259.418
31409.6,-13239.9,261.242
31413.8,-13241.7,263.07
31418.1,-13243.5,264.898
31422.4,-13245.3,266.693
31426.6,-13247.1,268.486
31430.8,-13248.9,270.275
31435.1,-13250.7,272.092
31439.3,-13252.5,273.919
31443.5,-13254.3,275.739
31447.7,-13256.1,277.57
31452,-13257.9,279.427
31456.3,-13259.7,281.27
31460.5,-13261.5,283.099
31464.7,-13263.3,284.873
31469,-13265.1,286.651
31473.2,-13266.9,288.429
31477.4,-13268.7,290.151
31481.7,-13270.5,291.886
31485.9,-13272.3,293.61
31490.1,-13274.1,295.339
31494.5,-13275.9,297.154
31498.7,-13277.7,298.915
31502.9,-13279.5,300.674
31507.2,-13281.3,302.454
31511.4,-13283.1,304.234
31515.6,-13284.9,306.005
31519.8,-13286.7,307.776
31524.1,-13288.5,309.616
31528.3,-13290.3,311.453
31532.5,-13292.1,313.289
31536.7,-13293.9,315.122
31541,-13295.7,316.979
31545.2,-13297.5,318.834
31549.4,-13299.3,320.687
31553.7,-13301.1,322.553
31558,-13302.9,324.377
31562.2,-13304.7,326.201
31566.5,-13306.5,328.021
31570.7,-13308.3,329.75
31574.9,-13310.1,331.481
31579.2,-13311.9,333.214
31583.4,-13313.7,334.991
31587.6,-13315.5,336.763
31591.9,-13317.3,338.547
31596.1,-13319.1,340.319
31600.4,-13320.9,342.13
31604.7,-13322.7,343.912
31608.9,-13324.5,345.696
31613.3,-13326.3,347.442
31617.6,-13328.1,349.149
31621.8,-13329.9,350.819
31626.2,-13331.7,352.503
31630.7,-13333.5,354.206
31635.1,-13335.3,355.75
31639.3,-13337.1,356.999
31643.5,-13338.9,357.599
31647.8,-13340.7,357.147
31652.1,-13342.5,355.964
31656.3,-13344.3,354.53
31660.5,-13346.1,352.81
31664.7,-13347.9,351.034
31669,-13349.7,349.225
31673.2,-13351.5,347.427
31677.5,-13353.3,345.625
31681.7,-13355.1,343.821
31685.9,-13356.9,342.007
31690.2,-13358.7,340.195
31694.4,-13360.5,338.364
31698.7,-13362.3,336.556
31703.1,-13364.1,334.685
31707.4,-13365.9,332.92
31711.6,-13367.7,331.157
31715.8,-13369.5,329.395
31720.1,-13371.3,327.689
31724.3,-13373.1,325.978
31728.5,-13374.9,324.268
31732.8,-13376.7,322.485
31737,-13378.5,320.702
31741.2,-13380.3,318.914
31745.4,-13382.1,317.13
31749.7,-13383.9,315.353
31754,-13385.7,313.548
31758.2,-13387.5,311.769
31762.4,-13389.3,309.967
31766.6,-13391.1,308.166
31770.9,-13392.9,306.365
31775.1,-13394.7,304.563
31779.6,-13396.5,302.626
31783.8,-13398.3,300.799
31788.1,-13400.1,298.975
31792.7,-13401.9,297.037
31796.9,-13403.7,295.242
31801.2,-13405.5,293.438
31805.4,-13407.3,291.647
31809.6,-13409.1,289.935
31813.8,-13410.9,288.214
31818.1,-13412.7,286.497
31822.3,-13414.5,284.683
31826.5,-13416.3,282.868
31830.7,-13418.1,281.052
31835,-13419.9,279.241
31839.2,-13421.7,277.473
31843.4,-13423.5,275.701
31847.6,-13425.3,273.93
31851.9,-13427.1,272.114
31856.2,-13428.9,270.293
31860.4,-13430.7,268.499
31864.6,-13432.5,266.694
31869.1,-13434.3,264.829
31873.4,-13436.1,263.059
31877.6,-13437.9,261.293
31882.2,-13439.7,259.42
31886.4,-13441.5,257.667
31890.7,-13443.3,255.935
31894.9,-13445.1,254.182
31899.4,-13446.9,252.398
31903.6,-13448.7,250.686
31907.8,-13450.5,248.979
31912.4,-13452.3,247.274
31916.6,-13454.1,245.33
31920.8,-13455.9,243.533
31925.1,-13457.7,241.733
31929.6,-13459.5,239.895
31933.8,-13461.3,238.17
31938.1,-13463.1,236.447
31942.6,-13464.9,234.554
31946.9,-13466.7,232.796
31951.1,-13468.5,231.034
31955.3,-13470.3,229.268
31959.8,-13472.1,227.467
31964.1,-13473.9,225.77
31968.3,-13475.7,224.085
31972.5,-13477.5,222.344
31976.8,-13479.3,220.6
31981,-13481.1,218.857
31985.2,-13482.9,217.116
31989.4,-13484.7,215.318
31993.7,-13486.5,213.507
31997.9,-13488.3,211.712
32002.2,-13490.1,209.909
32006.4,-13491.9,208.128
32010.6,-13493.7,206.325
32014.9,-13495.5,204.544
32019.1,-13497.3,202.702
32023.4,-13499.1,200.864
32027.6,-13500.9,199.037
32032.1,-13502.7,197.207
32036.4,-13504.5,195.217
32040.6,-13506.3,193.364
32044.9,-13508.1,191.522
32049.3,-13509.9,189.723
32053.6,-13511.7,188.023
32057.8,-13513.5,186.324
32062.4,-13515.3,184.398
32066.6,-13517.1,182.607
32070.8,-13518.9,180.817
32075.1,-13520.7,179.027
32079.6,-13522.5,177.239
32083.8,-13524.3,175.569
32088.1,-13526.1,173.903
32092.7,-13527.9,172.039
32096.9,-13529.7,170.314
32101.1,-13531.5,168.584
32105.4,-13533.3,166.858
32109.8,-13535.1,165.103
32114.1,-13536.9,163.435
32118.3,-13538.7,161.778
32122.9,-13540.5,159.819
32127.2,-13542.3,158.005
32131.4,-13544.1,156.201
32135.6,-13545.9,154.395
32140.1,-13547.7,152.502
32144.4,-13549.5,150.719
32148.6,-13551.3,148.946
32152.8,-13553.1,147.121
32157.1,-13554.9,145.286
32161.3,-13556.7,143.469
32165.5,-13558.5,141.652
32169.7,-13560.3,139.821
32174,-13562.1,137.984
32178.2,-13563.9,136.151
32182.4,-13565.7,134.419
32186.6,-13567.5,132.689
32190.9,-13569.3,130.955
32195.1,-13571.1,129.205
32199.4,-13572.9,127.403
32203.6,-13574.7,125.603
32207.8,-13576.5,123.811
32212.4,-13578.2,121.87
32216.6,-13580,120.068
32220.8,-13581.8,118.265
32225.1,-13583.6,116.457
32229.6,-13585.4,114.706
32233.8,-13587.2,113.07
32238.1,-13589,111.437
32242.6,-13590.8,109.806
32246.9,-13592.6,107.97
32251.1,-13594.4,106.264
32255.3,-13596.2,104.565
32259.9,-13598,102.667
32264.1,-13599.8,100.903
32268.3,-13601.6,99.1434
32272.9,-13603.4,97.1987
32277.1,-13605.2,95.3875
32281.4,-13607,93.5781
32285.6,-13608.8,91.7721
32290.2,-13610.6,89.9043
32294.5,-13612.4,88.1638
32298.7,-13614.2,86.4425
32303.2,-13616,84.6578
32307.4,-13617.8,82.9637
32311.6,-13619.6,81.276
32315.9,-13621.4,79.5853
32320.3,-13623.2,77.734
32324.6,-13625,75.9797
32328.8,-13626.8,74.2352
32333,-13628.6,72.5738
32337.3,-13630.4,70.905
32341.5,-13632.2,69.2364
32345.7,-13634,67.5772
32350,-13635.8,65.7668
32354.2,-13637.6,63.9566
32358.4,-13639.4,62.1399
32362.7,-13641.2,60.3458
32366.9,-13643,58.5521
32371.1,-13644.8,56.7536
32375.3,-13646.6,54.9621
32379.6,-13648.4,53.1051
32383.8,-13650.2,51.2652
32388.1,-13652,49.4291
32392.6,-13653.8,47.4186
32396.9,-13655.6,45.556
32401.1,-13657.4,43.6854
32405.4,-13659.2,41.8238
32411.6,-13661,39.2909
32416,-13662.8,37.514
32420.2,-13664.6,35.8042
32424.5,-13666.4,34.5575
32428.7,-13668.2,33.3135
32432.9,-13670,32.0703
32437.1,-13671.8,30.8313
32441.3,-13673.6,28.8421
32445.5,-13675.4,26.8567
32449.8,-13677.2,24.8702
32454,-13679,23.1805
32458.2,-13680.8,21.4797
32462.5,-13682.6,19.7795
32466.7,-13684.4,18.0966
32471.1,-13686.2,16.3868
32475.4,-13688,14.7015
32479.6,-13689.8,13.0691
32483.9,-13691.6,11.329
32488.3,-13693.4,9.54572
32492.7,-13695.2,7.86427
32496.9,-13697,6.34931
32501.1,-13698.8,5.02044
32505.3,-13700.6,4.09473
32509.6,-13702.4,3.86823
32513.8,-13704.2,4.5032
32518,-13706,5.77299
32522.2,-13707.8,7.35774
32526.4,-13709.6,9.10692
32530.7,-13711.4,10.7738
32534.9,-13713.2,12.4794
32539.1,-13715,14.2132
32543.3,-13716.8,15.8834
32547.5,-13718.6,17.562
32551.7,-13720.4,19.2511
32555.9,-13722.2,20.9429
32560.2,-13724,22.6187
32564.4,-13725.8,24.3162
32568.6,-13727.6,25.9974
32572.9,-13729.4,27.7279
32577.1,-13731.2,29.4553
32581.3,-13733,31.189
32585.5,-13734.8,32.9192
32589.7,-13736.6,34.698
32593.9,-13738.4,36.4844
32598.2,-13740.2,38.2667
32602.4,-13742,40.0515
32606.6,-13743.8,41.8581
32610.8,-13745.6,43.6688
32615,-13747.4,45.4785
32619.2,-13749.2,47.3097
32623.5,-13751,49.1449
32627.7,-13752.8,50.9789
32631.9,-13754.6,52.8151
32636.1,-13756.4,54.6982
32640.3,-13758.2,56.5853
32644.5,-13760,58.4711
32648.7,-13761.8,60.3217
32653,-13763.6,62.176
32657.2,-13765.4,64.0306
32661.4,-13767.2,65.8854
32665.6,-13769,67.6564
32669.8,-13770.8,69.4293
32674,-13772.6,71.2072
32678.3,-13774.4,72.9725
32682.5,-13776.2,74.7413
32686.7,-13778,76.5085
32690.9,-13779.8,78.2774
32695.1,-13781.6,80.0702
32699.3,-13783.4,81.8615
32703.6,-13785.2,83.6578
32707.8,-13787,85.4624
32712,-13788.8,87.267
32716.2,-13790.6,89.0701
32720.4,-13792.4,90.875
32724.6,-13794.2,92.6556
32728.8,-13796,94.433
32733.1,-13797.8,96.2137
32737.3,-13799.6,97.9929
32741.5,-13801.4,99.7706
32745.7,-13803.2,101.547
32749.9,-13805,103.321
32754.1,-13806.8,105.13
32758.3,-13808.6,106.939
32762.6,-13810.4,108.748
32766.8,-13812.2,110.567
32771,-13814,112.398
32775.2,-13815.8,114.226
32779.4,-13817.6,116.055
32783.7,-13819.4,117.874
32787.9,-13821.2,119.693
32792.1,-13823,121.515
32796.3,-13824.8,123.334
32800.5,-13826.6,125.151
32804.8,-13828.4,126.971
32809,-13830.2,128.79
32813.2,-13832,130.587
32817.4,-13833.8,132.382
32821.6,-13835.6,134.178
32825.8,-13837.4,135.972
32830,-13839.2,137.76
32834.3,-13841,139.551
32838.5,-13842.8,141.363
32842.7,-13844.6,143.153
32847,-13846.4,144.934
32851.2,-13848.2,146.72
32855.4,-13850,148.502
32859.6,-13851.8,150.263
32863.8,-13853.6,152.025
32868.1,-13855.4,153.798
32872.3,-13857.2,155.561
32876.5,-13859,157.339
32880.7,-13860.8,159.116
32884.9,-13862.6,160.891
32889.1,-13864.4,162.702
32893.4,-13866.2,164.519
32897.6,-13868,166.332
32901.8,-13869.8,168.149
32906,-13871.6,170.002
32910.2,-13873.4,171.859
32914.4,-13875.2,173.715
32918.6,-13877,175.557
32922.9,-13878.8,177.399
32927.1,-13880.6,179.24
32931.3,-13882.4,181.084
32935.5,-13884.2,182.9
32939.7,-13886,184.72
32943.9,-13887.8,186.54
32948.1,-13889.6,188.359
32952.4,-13891.4,190.153
32956.6,-13893.2,191.949
32960.8,-13895,193.744
32965,-13896.8,195.521
32969.2,-13898.6,197.297
32973.4,-13900.4,199.077
32977.6,-13902.2,200.854
32981.9,-13904,202.638
32986.1,-13905.8,204.42
32990.3,-13907.6,206.201
32994.5,-13909.4,207.929
32998.7,-13911.2,209.653
33002.9,-13913,211.377
33007.1,-13914.8,213.098
33011.4,-13916.6,214.873
33015.6,-13918.4,216.646
33019.8,-13920.2,218.419
33024,-13922,220.266
33028.2,-13923.8,222.114
33032.4,-13925.6,223.962
33036.6,-13927.4,225.808
33040.9,-13929.2,227.668
33045.1,-13931,229.525
33049.3,-13932.8,231.38
33053.5,-13934.6,233.22
33057.7,-13936.4,235.061
33061.9,-13938.2,236.901
33066.1,-13940,238.736
33070.4,-13941.8,240.549
33074.6,-13943.6,242.365
33078.8,-13945.4,244.176
33083,-13947.2,245.991
33087.2,-13949,247.809
33091.4,-13950.8,249.627
33095.7,-13952.6,251.448
33099.9,-13954.4,253.238
33104.1,-13956.2,255.028
33108.3,-13958,256.815
33112.5,-13959.8,258.603
33116.7,-13961.6,260.412
33120.9,-13963.4,262.221
33125.2,-13965.2,264.028
33129.4,-13967,265.844
33133.6,-13968.8,267.664
33137.8,-13970.6,269.483
33142,-13972.4,271.301
33146.2,-13974.2,273.054
33150.4,-13976,274.811
33154.7,-13977.8,276.568
33158.9,-13979.6,278.323
33163.1,-13981.4,280.141
33167.3,-13983.2,281.957
33171.5,-13985,283.785
33175.8,-13986.8,285.639
33180,-13988.6,287.494
33184.2,-13990.4,289.351
33188.4,-13992.2,291.204
33192.6,-13994,293.069
33196.8,-13995.8,294.933
33201.1,-13997.6,296.8
33205.3,-13999.4,298.555
33209.5,-14001.2,300.311
33213.7,-14003,302.067
33217.9,-14004.8,303.821
33222.1,-14006.6,305.605
33226.3,-14008.4,307.385
33230.6,-14010.2,309.177
33234.8,-14012,310.948
33239,-14013.8,312.716
33243.2,-14015.6,314.484
33247.5,-14017.4,316.249
33251.7,-14019.2,317.985
33255.9,-14021,319.717
33260.1,-14022.8,321.448
33264.3,-14024.6,323.162
33268.5,-14026.4,324.873
33272.8,-14028.2,326.593
33277,-14030,328.3
33281.2,-14031.8,330.077
33285.4,-14033.6,331.843
33289.6,-14035.4,333.596
33293.9,-14037.2,335.411
33298.1,-14039,337.218
33302.3,-14040.8,339.036
33306.5,-14042.6,340.828
33310.8,-14044.4,342.635
33315.1,-14046.2,344.467
33319.4,-14048,346.267
33323.6,-14049.8,348.007
33332.8,-14051.6,351.586
33337.2,-14053.4,353.143
33341.4,-14055.2,354.363
33345.6,-14057,355.218
33349.8,-14058.8,355.499
33354,-14060.6,355.214
33358.2,-14062.4,354.39
33362.5,-14064.2,353.22
33366.7,-14066,351.854
33370.9,-14067.8,350.295
33375.1,-14069.6,348.708
33379.4,-14071.4,347.094
33383.6,-14073.2,345.459
33387.8,-14075,343.692
33392,-14076.8,341.911
33396.2,-14078.6,340.118
33400.4,-14080.4,338.344
33404.7,-14082.2,336.561
33408.9,-14084,334.774
33413.1,-14085.8,332.983
33417.3,-14087.6,331.149
33421.5,-14089.4,329.31
33425.7,-14091.2,327.472
33430,-14093,325.647
33434.2,-14094.8,323.82
33438.4,-14096.6,321.993
33442.6,-14098.4,320.165
33446.8,-14100.2,318.386
33451,-14102,316.604
33455.2,-14103.8,314.825
33459.5,-14105.6,313.052
33463.7,-14107.4,311.277
33467.9,-14109.2,309.503
33472.1,-14111,307.716
33476.4,-14112.8,305.943
33480.6,-14114.6,304.152
33484.8,-14116.4,302.38
33489,-14118.2,300.605
33493.3,-14120,298.84
33497.5,-14121.8,297.074
33501.7,-14123.6,295.306
33505.9,-14125.4,293.516
33510.1,-14127.2,291.723
33514.3,-14129,289.929
33518.6,-14130.8,288.131
33522.8,-14132.6,286.33
33527,-14134.4,284.531
33531.2,-14136.2,282.73
33535.4,-14138,280.937
33539.6,-14139.8,279.142
33543.9,-14141.6,277.346
33548.1,-14143.4,275.551
33552.3,-14145.2,273.701
33556.6,-14147,271.829
33560.8,-14148.8,269.979
33565,-14150.6,268.175
33569.2,-14152.4,266.373
33573.4,-14154.2,264.557
33577.7,-14156,262.752
33581.9,-14157.8,260.954
33586.1,-14159.6,259.158
33590.3,-14161.4,257.362
33594.5,-14163.2,255.559
33598.7,-14165,253.759
33603,-14166.8,251.959
33607.2,-14168.6,250.157
33611.4,-14170.4,248.359
33615.6,-14172.2,246.561
33619.8,-14174,244.762
33624,-14175.8,242.964
33628.2,-14177.6,241.187
33632.5,-14179.4,239.408
33636.7,-14181.2,237.63
33640.9,-14183,235.853
33645.1,-14184.8,234.081
33649.3,-14186.6,232.306
33653.5,-14188.4,230.512
33657.8,-14190.2,228.719
33662,-14192,226.925
33666.2,-14193.8,225.131
33670.4,-14195.6,223.311
33674.6,-14197.4,221.476
33678.9,-14199.2,219.652
33683.1,-14201,217.827
33687.3,-14202.8,215.935
33691.5,-14204.6,214.037
33695.7,-14206.4,212.141
33699.9,-14208.2,210.362
33704.2,-14210,208.579
33708.4,-14211.8,206.798
33712.6,-14213.6,205.014
33716.8,-14215.4,203.182
33721,-14217.2,201.348
33725.2,-14219,199.517
33729.4,-14220.8,197.728
33733.7,-14222.6,195.935
33737.9,-14224.4,194.148
33742.1,-14226.2,192.357
33746.3,-14228,190.582
33750.5,-14229.8,188.807
33754.7,-14231.6,187.03
33758.9,-14233.4,185.254
33763.2,-14235.2,183.516
33767.4,-14237,181.778
33771.6,-14238.8,180.041
33775.8,-14240.6,178.259
33780,-14242.4,176.486
33784.3,-14244.2,174.715
33788.5,-14246,172.88
33792.7,-14247.8,171.058
33796.9,-14249.6,169.236
33801.2,-14251.4,167.414
33805.4,-14253.2,165.59
33809.6,-14255,163.765
33813.8,-14256.8,161.939
33818,-14258.6,160.116
33822.2,-14260.4,158.246
33826.5,-14262.2,156.379
33830.7,-14264,154.508
33834.9,-14265.8,152.655
33839.1,-14267.6,150.801
33843.3,-14269.4,148.946
33847.5,-14271.2,147.092
33851.8,-14273,145.288
33856,-14274.8,143.484
33860.2,-14276.6,141.681
33864.4,-14278.4,139.914
33868.6,-14280.2,138.148
33872.8,-14282,136.379
33877.1,-14283.8,134.606
33881.3,-14285.6,132.833
33885.5,-14287.4,131.064
33889.7,-14289.2,129.296
33893.9,-14291,127.525
33898.2,-14292.8,125.745
33902.4,-14294.6,123.965
33906.6,-14296.4,122.187
33910.8,-14298.2,120.402
33915.2,-14300,118.57
33919.5,-14301.8,116.743
33923.7,-14303.6,115.01
33927.9,-14305.4,113.282
33932.2,-14307.2,111.555
33936.4,-14309,109.83
33940.6,-14310.8,107.916
33944.8,-14312.6,106.021
33949,-14314.4,104.126
33953.4,-14316.2,102.211
33957.6,-14318,100.347
33961.8,-14319.8,98.4814
33966,-14321.6,96.6174
33970.2,-14323.4,94.8231
33974.5,-14325.2,93.0254
33978.7,-14327,91.2145
33982.9,-14328.8,89.4186
33987.2,-14330.6,87.6635
33991.4,-14332.4,85.9021
33997.3,-14334.2,83.453
34001.5,-14336,81.7298
34005.7,-14337.8,80.01
34009.9,-14339.6,78.2906
34014.1,-14341.4,76.4769
34018.4,-14343.2,74.665
34022.6,-14345,72.8501
34026.8,-14346.8,71.0387
34031.1,-14348.6,69.376
34035.5,-14350.4,67.667
34039.9,-14352.2,65.966
34044.3,-14354,64.1344
34048.7,-14355.8,62.3225
34053.1,-14357.6,60.4947
34057.5,-14359.4,58.6834
34061.8,-14361.2,56.7516
34066.3,-14363,54.8081
34070.8,-14364.8,52.784
34075.3,-14366.6,50.8277
34080,-14368.4,48.9139
34084.5,-14370.2,47.1329
34088.8,-14372,45.3746
34093.1,-14373.8,43.618
34097.3,-14375.6,41.8699
34101.5,-14377.4,40.1224
34105.7,-14379.2,38.3374
34109.9,-14381,36.5514
34114.2,-14382.8,34.766
34118.4,-14384.6,32.983
34122.6,-14386.4,31.3248
34126.8,-14388.2,29.6711
34131,-14390,28.0157
34135.3,-14391.8,26.3001
34139.5,-14393.6,24.5864
34143.7,-14395.4,22.8735
34147.9,-14397.2,21.1681
34152.1,-14399,19.4004
