10.1628,-0
20.3382,0.167859
30.5123,0.326259
40.7079,0.478062
50.8234,0.573347
60.9135,0.571981
71.077,0.573347
81.2099,0.512817
91.306,0.424284
101.469,-0.34264
111.613,-0.288035
121.71,-0.282548
131.837,-0.279765
141.933,-0.331022
152.006,-0.389667
162.112,-0.452839
172.203,-0.482949
182.292,-0.474777
192.446,-0.466461
202.587,-0.438794
212.687,-0.413068
222.808,-0.403482
232.929,-0.393664
243.023,0.395647
253.154,0.401538
263.299,0.40926
273.395,0.4316
283.518,0.489388
293.75,0.545362
303.845,0.603929
314.005,0.616753
324.149,0.630558
334.251,0.597414
344.397,0.543925
354.536,0.490985
364.635,0.456282
374.794,0.451107
384.937,0.447624
395.036,0.46478
405.201,0.457995
415.339,0.447624
425.441,0.427958
435.586,0.418713
445.719,0.413068
455.819,0.440574
465.952,0.490985
476.104,0.545362
486.205,0.605224
496.363,0.658488
506.507,0.713264
516.609,0.773286
526.748,0.835557
536.865,0.903083
546.96,0.971556
557.125,1.04379
567.259,1.12534
577.357,1.20851
587.522,1.29662
597.775,1.39603
607.875,1.49564
618.028,1.59933
628.15,1.7036
638.254,1.81051
648.413,1.93182
658.528,2.06839
668.625,2.20681
678.774,2.35073
688.892,2.49294
698.99,2.63906
709.154,2.79632
719.278,2.96611
729.375,3.13745
739.534,3.31293
749.654,3.48385
759.753,3.65555
769.91,3.82754
780.029,3.9978
790.126,4.16863
800.291,4.34788
810.411,4.53421
820.509,4.72098
830.743,4.91389
840.866,5.11453
850.966,5.31482
861.131,5.52346
871.262,5.73721
881.357,5.96025
891.525,6.18475
901.643,6.40897
911.741,6.63742
921.911,6.86672
932.04,7.09812
942.135,7.33354
952.31,7.57024
962.438,7.82533
972.533,8.10627
982.684,8.38912
992.8,8.71109
1002.9,9.08538
1013.03,9.46461
1023.15,9.87514
1033.27,10.2747
1043.44,10.6766
1053.55,11.0456
1063.65,11.3894
1073.8,11.7392
1083.93,12.0714
1094.03,12.3991
1104.2,12.7324
1114.34,13.0787
1124.44,13.4558
1134.57,13.8341
1144.7,14.2086
1154.79,14.5656
1164.95,14.9246
1175.07,15.2763
1185.17,15.6346
1195.29,15.9934
1205.46,16.3544
1215.56,16.7144
1225.68,17.0727
1235.8,17.4224
1245.9,17.7674
1256.02,18.1155
1266.13,18.4659
1276.24,18.8283
1286.38,19.1971
1296.5,19.5681
1306.6,19.9309
1316.76,20.2956
1326.88,20.6608
1336.98,21.0152
1347.11,21.3629
1357.23,21.7119
1367.33,22.0512
1377.52,22.3771
1387.66,22.7028
1397.75,23.0071
1407.92,23.3065
1418.05,23.6057
1428.15,23.9096
1438.35,24.2206
1448.48,24.5314
1458.58,24.8388
1468.75,25.1471
1478.88,25.4559
1488.98,25.7616
1499.16,26.0701
1509.28,26.3786
1519.38,26.6808
1529.56,26.9722
1539.68,27.2633
1549.78,27.5547
1559.94,27.84
1570.06,28.1282
1580.15,28.4161
1590.26,28.6945
1600.38,28.9738
1610.49,29.2567
1620.69,29.5356
1630.81,29.8135
1640.9,30.091
1651.02,30.3669
1661.15,30.6542
1671.27,30.9421
1681.39,31.2309
1691.51,31.5078
1701.64,31.7851
1711.77,32.0591
1721.89,32.3296
1732.01,32.6004
1742.14,32.8836
1752.28,33.1688
1762.41,33.454
1772.52,33.7215
1782.64,33.9779
1792.77,34.2345
1802.89,34.4862
1813.02,34.7364
1823.15,34.9866
1833.28,35.2281
1843.41,35.4825
1853.52,35.7364
1863.64,35.9901
1873.81,36.2434
1883.94,36.4966
1894.05,36.7541
1904.2,37.0082
1914.32,37.262
1924.44,37.5134
1934.58,37.7734
1944.71,38.0331
1954.82,38.3063
1964.96,38.5805
1975.08,38.8462
1985.2,39.1121
1995.34,39.3682
2005.49,39.6247
2015.61,39.8721
2025.74,40.12
2035.87,40.3542
2045.99,40.5889
2056.16,40.83
2066.28,41.0843
2076.4,41.3388
2086.58,41.5874
2096.7,41.8526
2106.81,42.1176
2116.96,42.3668
2127.08,42.6112
2137.19,42.8552
2147.32,43.1146
2157.43,43.3699
2167.55,43.6254
2177.68,43.8752
2187.8,44.1202
2197.91,44.3655
2208.04,44.627
2218.16,44.8845
2228.28,45.1425
2238.41,45.3933
2248.52,45.6351
2258.65,45.8774
2268.84,46.1314
2278.96,46.3701
2289.08,46.6084
2299.24,46.8396
2309.37,47.091
2319.49,47.3423
2329.63,47.5755
2339.74,47.8318
2349.85,48.07
2359.99,48.3087
2370.11,48.5616
2380.23,48.7994
2390.38,49.0383
2400.5,49.2727
2410.6,49.4849
2420.81,49.6988
2430.94,49.9112
2441.05,50.1467
2451.2,50.3831
2461.31,50.6265
2471.44,50.8963
2481.63,51.1674
2491.75,51.4576
2501.86,51.7219
2512.01,51.987
2522.13,52.2643
2532.25,52.5549
2542.43,52.847
2552.56,53.1564
2562.69,53.4603
2572.94,53.7667
2583.07,54.0609
2593.2,54.3265
2603.43,54.5937
2613.55,54.8532
2623.68,55.1028
2633.86,55.3532
2643.98,55.599
2654.11,55.8183
2664.27,56.038
2674.38,56.2635
2684.51,56.483
2694.69,56.7061
2704.81,56.929
2714.94,57.1484
2725.09,57.3682
2735.23,57.5885
2745.37,57.8059
2755.54,58.0301
2765.65,58.254
2775.77,58.4793
2785.96,58.711
2796.08,58.9423
2806.2,59.1812
2816.41,59.4364
2826.54,59.6909
2836.66,59.9583
2846.85,60.2262
2856.98,60.4936
2867.11,60.7593
2877.37,61.0278
2887.49,61.2948
2897.61,61.59
2907.82,61.8745
2917.95,62.1582
2928.08,62.4551
2938.32,62.7104
2948.49,62.9653
2958.61,63.2295
2968.83,63.4859
2978.97,63.7419
2989.11,63.9908
2999.37,64.2359
3009.5,64.509
3019.63,64.7808
3029.85,65.028
3039.97,65.2888
3050.1,65.5489
3060.34,65.8196
3070.46,66.1012
3080.59,66.3817
3090.8,66.6721
3100.92,66.9496
3111.04,67.2263
3121.28,67.502
3131.4,67.7836
3141.51,68.0636
3151.74,68.3499
3161.88,68.6288
3172.02,68.9066
3182.27,69.1866
3192.39,69.4744
3202.5,69.7607
3212.71,70.0774
3222.84,70.3982
3232.96,70.7076
3243.17,71.019
3253.28,71.2925
3263.4,71.5621
3273.62,71.8339
3283.75,72.1114
3293.87,72.3837
3304.09,72.6582
3314.23,72.9218
3324.34,73.1766
3334.57,73.4333
3344.71,73.6733
3354.84,73.9001
3365.04,74.1282
3375.16,74.3337
3385.28,74.5107
3395.55,74.6898
3405.68,74.8478
3415.81,74.9699
3425.92,75.0917
3435.98,75.2123
3446.14,75.3263
3456.24,75.441
3466.31,75.5623
3476.48,75.6805
3486.59,75.7992
3496.66,75.9399
3506.82,76.1643
3516.97,76.3893
3527.07,76.561
3537.19,76.7748
3547.4,76.99
3557.52,77.1556
3567.65,77.343
3577.9,77.532
3588.03,77.6934
3598.16,77.8729
3608.35,78.0186
3618.47,78.1641
3628.61,78.3105
3638.8,78.4575
3648.92,78.612
3659.05,78.756
3669.28,78.9079
3679.4,79.0597
3689.53,79.2546
3699.71,79.4333
3709.84,79.6118
3719.97,79.7574
3730.17,79.9119
3740.29,80.0659
3750.42,80.2456
3760.66,80.4663
3770.79,80.6866
3780.92,80.9211
3791.14,81.1412
3801.27,81.3606
3811.4,81.5708
3821.62,81.7698
3831.75,81.9679
3841.88,82.104
3852.12,82.1944
3862.25,82.2653
3872.38,82.336
3882.62,82.3797
3892.76,82.3928
3902.89,82.4059
3913.13,82.4326
3923.26,82.4865
3933.4,82.5405
3943.62,82.614
3953.75,82.7223
3963.87,82.8303
3974.11,82.9591
3984.23,83.0931
3994.36,83.2265
4004.79,83.3656
4014.96,83.5016
4025.19,83.6378
4035.59,83.7599
4045.83,83.8769
4055.96,83.9929
4066.14,84.1088
4076.3,84.2129
4086.42,84.3166
4096.59,84.4119
4106.73,84.5081
4116.87,84.6042
4127.06,84.701
4137.2,84.7773
4147.37,84.8329
4157.58,84.8888
4167.8,84.9517
4177.95,85.0467
4188.15,85.1422
4198.38,85.255
4208.54,85.3566
4218.78,85.4586
4228.92,85.5659
4239.06,85.6764
4249.2,85.787
4259.36,85.903
4269.51,86.0019
4279.84,86.1026
4289.98,86.1943
4300.15,86.2981
4310.36,86.4021
4320.51,86.5165
4330.65,86.629
4340.84,86.7419
4351.01,86.8577
4361.19,86.9998
4371.55,87.1418
4381.7,87.3151
4391.85,87.5
4402.02,87.6853
4412.18,87.8715
4422.32,88.0566
4432.48,88.257
4442.63,88.4577
4452.77,88.677
4462.91,88.9109
4473.05,89.1454
4483.19,89.3684
4493.43,89.5938
4503.77,89.8236
4513.93,90.0383
4524.08,90.2104
4534.28,90.3834
4544.44,90.5088
4554.58,90.6039
4564.73,90.6992
4574.88,90.7856
4585.04,90.8625
4595.2,90.9394
4605.37,91.0281
4615.83,91.1436
4625.98,91.2554
4636.14,91.3699
4646.3,91.5024
4656.45,91.6347
4666.61,91.7695
4676.84,91.9062
4686.98,92.055
4697.13,92.2034
4707.31,92.3573
4717.44,92.5128
4727.75,92.6709
4737.92,92.8197
4748.06,92.9351
4758.2,93.0505
4768.41,93.1601
4778.55,93.2838
4788.69,93.4076
4798.89,93.5192
4809.05,93.6172
4819.19,93.7148
4829.41,93.8233
4839.74,93.9438
4849.89,94.0618
4860.08,94.1765
4870.26,94.288
4880.41,94.3991
4890.58,94.4937
4900.71,94.5747
4910.85,94.6558
4921.08,94.7369
4931.31,94.8195
4941.44,94.8969
4951.7,94.975
4961.85,95.0479
4971.98,95.1268
4982.26,95.2062
4992.4,95.2794
5002.53,95.3487
5012.74,95.4184
5022.88,95.4682
5033.01,95.5121
5043.33,95.5567
5053.5,95.6112
5063.66,95.6614
5074.01,95.7124
5084.16,95.7585
5094.31,95.8155
5104.55,95.8729
5114.69,95.9316
5124.83,95.9756
5135.08,96.0199
5145.3,96.0582
5155.48,96.1083
5165.62,96.1597
5175.77,96.2113
5185.91,96.2653
5196.07,96.3356
5206.29,96.4066
5216.41,96.483
5226.57,96.5616
5236.8,96.6411
5246.93,96.7009
5257.07,96.748
5267.26,96.7955
5277.41,96.8297
5287.61,96.8709
5297.76,96.9122
5307.9,96.9674
5318.07,97.0089
5328.28,97.0508
5338.42,97.0803
5348.6,97.1018
5358.75,97.1235
5368.91,97.1547
5379.15,97.1657
5389.31,97.1768
5399.46,97.2123
5409.64,97.2246
5419.77,97.2369
5429.91,97.2624
5440.17,97.2805
5450.31,97.2782
5460.45,97.2758
5470.64,97.2603
5480.77,97.2419
5490.91,97.2236
5501.3,97.2099
5511.44,97.1946
5521.58,97.1795
5531.94,97.1498
5542.11,97.1146
5552.27,97.0794
5562.51,97.0535
5572.64,97.0274
5582.79,97.0013
5593.03,96.9793
5603.17,96.9559
5613.31,96.9325
5623.54,96.9081
5633.67,96.8942
5643.82,96.8804
5654.16,96.87
5664.3,96.8487
5674.45,96.8275
5684.67,96.808
5694.82,96.7951
5704.95,96.7784
5715.15,96.7616
5725.29,96.7363
5735.46,96.7007
5745.64,96.6651
5755.77,96.6331
5765.9,96.6194
5776.07,96.6058
5786.24,96.5979
5796.38,96.5901
5806.57,96.5823
5816.77,96.5788
5826.92,96.575
5837.29,96.5712
5847.43,96.5603
5857.57,96.5497
5867.77,96.5391
5877.91,96.5343
5888.06,96.5404
5898.33,96.5467
5908.51,96.569
5918.67,96.5788
5928.99,96.5888
5939.15,96.5879
5949.32,96.5846
5959.66,96.5812
5969.8,96.5755
5979.95,96.5648
5990.18,96.5462
6000.32,96.5276
6010.45,96.5002
6020.64,96.4638
6030.79,96.4274
6040.94,96.3906
6051.14,96.3614
6061.3,96.3322
6071.44,96.312
6081.59,96.2952
6091.74,96.2784
6101.9,96.261
6112.17,96.2437
6122.32,96.2263
6132.46,96.2184
6142.69,96.2074
6152.85,96.1966
6162.99,96.1739
6173.41,96.174
6183.55,96.1741
6193.7,96.1941
6203.93,96.2168
6214.08,96.2394
6224.25,96.2491
6234.52,96.2412
6244.77,96.2332
6254.92,96.2108
6265.28,96.1938
6275.45,96.1866
6285.59,96.1795
6295.8,96.1881
6305.95,96.1975
6316.08,96.2069
6326.38,96.198
6336.54,96.1902
6346.68,96.1826
6356.97,96.1813
6367.13,96.2004
6377.27,96.2195
6387.48,96.2432
6397.63,96.2602
6407.77,96.2773
6417.94,96.2858
6428.07,96.2909
6438.23,96.296
6448.43,96.3031
6458.57,96.3113
6468.74,96.3195
6478.93,96.329
6489.13,96.3496
6499.37,96.3705
6509.61,96.3911
6519.75,96.4132
6529.88,96.4275
6540.09,96.4419
6550.29,96.4395
6560.42,96.4376
6570.61,96.4356
6580.75,96.436
6590.88,96.4358
6601.05,96.4357
6611.18,96.4413
6621.33,96.452
6631.54,96.4627
6641.68,96.462
6651.83,96.4412
6662.01,96.4203
6672.15,96.3904
6682.3,96.3519
6692.56,96.3131
6702.7,96.268
6712.85,96.2216
6723.14,96.175
6733.29,96.1313
6743.43,96.0866
6753.56,96.042
6763.64,95.9905
6773.82,95.9383
6783.96,95.9095
6794.04,95.8808
6804.32,95.8712
6814.49,95.8618
6824.56,95.848
6834.73,95.8161
6844.84,95.7939
6854.92,95.7718
6865.12,95.7558
6875.24,95.7332
6885.31,95.7107
6895.49,95.6761
6905.6,95.6393
6915.68,95.6027
6925.85,95.582
6935.96,95.5677
6946.03,95.5535
6956.26,95.529
6966.38,95.5078
6976.45,95.4867
6986.63,95.4825
6996.74,95.4781
7006.81,95.4737
7016.98,95.4665
7027.09,95.4629
7037.19,95.4593
7047.37,95.4676
7057.48,95.4912
7067.55,95.5146
7077.76,95.5362
7087.88,95.5503
7097.95,95.5642
7108.17,95.5736
7118.27,95.561
7128.35,95.5144
7138.51,95.4676
7148.63,95.3921
7158.7,95.3171
7168.88,95.2419
7179,95.1726
7189.07,95.1121
7199.28,95.0513
7209.4,95.0034
7219.47,94.9722
7229.66,94.9408
7239.78,94.9379
7249.86,94.9549
7259.99,94.9719
7270.31,94.9881
7280.45,95.0025
7290.6,95.0169
7300.88,95.0258
7311.03,95.0196
7321.19,95.0134
7331.42,94.9917
7341.57,94.9577
7351.7,94.9239
7361.89,94.8964
7372.03,94.87
7382.18,94.8437
7392.37,94.7945
7402.51,94.7306
7412.64,94.6729
7422.86,94.615
7433,94.5891
7443.15,94.5745
7453.47,94.5596
7463.61,94.5462
7473.74,94.5492
7483.94,94.5522
7494.14,94.5685
7504.29,94.5961
7514.5,94.6237
7524.65,94.6565
7534.8,94.6837
7545.03,94.7109
7555.17,94.7479
7565.3,94.7983
7575.51,94.8489
7585.64,94.8875
7595.77,94.9093
7606,94.9313
7616.16,94.9419
7626.3,94.9394
7636.52,94.937
7646.67,94.9285
7656.8,94.9262
7666.95,94.9238
7677.15,94.9234
7687.3,94.9253
7697.7,94.9273
7707.85,94.9283
7717.99,94.9367
7728.18,94.9425
7738.33,94.9483
7748.48,94.9548
7758.64,94.9688
7768.78,94.9829
7778.92,94.9989
7789.26,95.0156
7799.42,95.0326
7809.56,95.0446
7819.78,95.0512
7829.93,95.0579
7840.06,95.0683
7850.31,95.0822
7860.45,95.096
7870.64,95.0992
7880.9,95.0935
7891.05,95.0878
7901.23,95.0914
7911.47,95.0939
7921.61,95.0732
7931.75,95.0525
7941.95,95.0199
7952.11,94.9872
7962.27,94.9615
7972.46,94.9522
7982.61,94.9451
7992.76,94.9379
8003.07,94.9154
8013.29,94.89
8023.43,94.8648
8033.67,94.8503
8043.81,94.8382
8053.96,94.8261
8064.26,94.8156
8074.4,94.8044
8084.54,94.7933
8094.79,94.7779
8104.93,94.7628
8115.07,94.7477
8125.49,94.7276
8135.63,94.6966
8145.77,94.666
8155.98,94.6332
8166.14,94.6025
8176.29,94.572
8186.46,94.5387
8196.6,94.4969
8206.73,94.4593
8216.89,94.4216
8227.02,94.3903
8237.17,94.3595
8247.39,94.3286
8257.54,94.2996
8267.67,94.2778
8277.86,94.2559
8288.01,94.2439
8298.17,94.2384
8308.37,94.2329
8318.51,94.2286
8328.66,94.2194
8338.9,94.2102
8349.04,94.2065
8359.18,94.2104
8369.33,94.2144
8379.46,94.2221
8389.61,94.2291
8399.87,94.2364
8410.02,94.2445
8420.18,94.2663
8430.48,94.2882
8440.62,94.3175
8450.76,94.3417
8460.96,94.366
8471.13,94.3801
8481.28,94.3988
8491.55,94.4176
8501.69,94.4423
8511.83,94.4614
8522.01,94.4671
8532.17,94.4728
8542.32,94.4804
8552.47,94.4833
8562.61,94.4861
8572.75,94.4945
8582.92,94.5088
8593.06,94.5232
8603.2,94.5379
8613.39,94.5586
8623.55,94.5792
8633.69,94.5889
8643.87,94.6002
8654.02,94.6115
8664.18,94.6395
8674.33,94.6787
8684.48,94.7178
8694.62,94.7591
8704.9,94.7942
8715.04,94.8297
8725.19,94.8669
8735.38,94.9012
8745.6,94.9356
8755.74,94.9562
8765.9,94.9605
8776.04,94.967
8786.16,94.9736
8796.32,95.0003
8806.48,95.0274
8816.63,95.0546
8826.9,95.0812
8837.04,95.1076
8847.18,95.1337
8857.45,95.1627
8867.6,95.2014
8877.74,95.24
8887.97,95.2679
8898.12,95.2773
8908.28,95.2867
8918.51,95.2971
8928.65,95.3176
8938.79,95.338
8948.99,95.36
8959.13,95.3688
8969.28,95.3776
8979.5,95.375
8989.64,95.3799
8999.78,95.3847
9009.97,95.4025
9020.16,95.4203
9030.34,95.4367
9040.66,95.4395
9050.82,95.4381
9060.95,95.4407
9071.13,95.4433
9081.27,95.4445
9091.41,95.4443
9101.61,95.444
9111.76,95.4415
9121.91,95.4485
9132.28,95.4555
9142.42,95.4668
9152.55,95.4645
9162.8,95.4622
9172.94,95.449
9183.1,95.4364
9193.42,95.4235
9203.56,95.4096
9213.71,95.3974
9224.04,95.3851
9234.17,95.374
9244.32,95.3665
9254.75,95.3587
9264.89,95.352
9275.03,95.3457
9285.33,95.3394
9295.6,95.3387
9305.74,95.3386
9315.89,95.3414
9326.03,95.3443
9336.17,95.351
9346.3,95.3585
9356.45,95.3661
9366.62,95.3685
9376.78,95.3706
9386.93,95.3727
9397.06,95.3711
9407.28,95.3645
9417.42,95.3578
9427.56,95.3519
9437.72,95.3503
9447.88,95.3487
9458.02,95.3546
9468.28,95.3663
9478.43,95.378
9488.57,95.3914
9498.79,95.4127
9508.94,95.434
9519.1,95.4559
9529.3,95.4686
9539.44,95.4813
9549.58,95.4881
9559.79,95.5021
9569.92,95.516
9580.07,95.5248
9590.34,95.5296
9600.48,95.5382
9610.62,95.5468
9620.84,95.5551
9630.98,95.5652
9641.15,95.5752
9651.43,95.5788
9661.61,95.5697
9671.77,95.5607
9681.99,95.5496
9692.14,95.5415
9702.3,95.5335
9712.56,95.5362
9722.7,95.5339
9732.85,95.5316
9743.16,95.5283
9753.29,95.5212
9763.43,95.5141
9773.67,95.5114
9783.81,95.5119
9793.95,95.5124
9804.2,95.5127
9814.44,95.5118
9824.65,95.511
9834.85,95.5044
9844.99,95.499
9855.14,95.4965
9865.51,95.494
9875.65,95.4872
9885.78,95.4834
9895.94,95.4796
9906.08,95.4755
9916.24,95.4669
9926.53,95.4583
9936.67,95.4548
9946.8,95.4555
9957.02,95.4562
9967.16,95.4586
9977.29,95.4605
9987.47,95.4623
9997.6,95.463
10007.7,95.4716
10018,95.4803
10028.1,95.4866
10038.3,95.4858
10048.5,95.485
10058.6,95.4825
10068.8,95.4836
10078.9,95.4848
10089.1,95.4891
10099.3,95.4914
10109.6,95.4937
10119.8,95.492
10129.9,95.4871
10140,95.4875
10150.2,95.4879
10160.3,95.4824
10170.4,95.4664
10180.6,95.4505
10190.7,95.4292
10200.8,95.4091
10211,95.3889
10221.1,95.3851
10231.3,95.3927
10241.5,95.4004
10251.6,95.411
10261.8,95.4096
10272,95.4081
10282.2,95.3993
10292.3,95.3971
10302.5,95.3949
10312.6,95.4005
10322.8,95.4043
10333,95.4081
10343.1,95.4115
10353.3,95.4147
10363.4,95.4215
10373.5,95.4282
10383.7,95.4381
10393.9,95.4436
10404,95.4491
10414.2,95.4562
10424.3,95.4705
10434.4,95.4848
10444.6,95.5027
10454.8,95.5197
10464.9,95.5368
10475,95.552
10485.2,95.5611
10495.3,95.5701
10505.4,95.5705
10515.5,95.5727
10525.6,95.5748
10535.7,95.5797
10545.7,95.5902
10555.8,95.6005
10565.9,95.6072
10576,95.6083
10586.1,95.6094
10596.2,95.614
10606.4,95.6169
10616.5,95.6198
10626.7,95.6257
10636.8,95.6295
10646.9,95.6332
10657.1,95.6366
10667.2,95.6453
10677.3,95.654
10687.5,95.6602
10697.6,95.6534
10707.7,95.6467
10717.9,95.6339
10728.1,95.6253
10738.2,95.6167
10748.4,95.6206
10758.5,95.6267
10768.6,95.6306
10778.8,95.6345
10788.9,95.6369
10799,95.637
10809.3,95.6371
10819.4,95.6376
10829.5,95.6346
10839.7,95.6315
10849.9,95.6326
10860,95.6372
10870.2,95.6418
10880.4,95.6515
10890.5,95.6588
10900.7,95.6662
10910.8,95.6667
10920.9,95.6688
10931.1,95.6709
10941.3,95.6703
10951.4,95.6847
10961.6,95.6991
10971.7,95.7143
10981.8,95.7272
10992,95.7402
11002.2,95.742
11012.3,95.7406
11022.5,95.7392
11032.7,95.7382
11042.8,95.7391
11053.1,95.7401
11063.3,95.7429
11073.4,95.7383
11083.5,95.7336
11093.7,95.7264
11103.8,95.7262
11114,95.7254
11124.1,95.7246
11134.3,95.7215
11144.4,95.7106
11154.6,95.6996
11164.7,95.6958
11174.8,95.7073
11184.9,95.7188
11195,95.728
11205.3,95.7248
11215.5,95.7216
11225.6,95.7043
11235.8,95.6992
11246,95.6942
11256.1,95.702
11266.3,95.7041
11276.5,95.7063
11286.6,95.6982
11296.8,95.6916
11306.9,95.685
11317,95.692
11327.2,95.6953
11337.4,95.6905
11347.5,95.6857
11357.7,95.6713
11367.8,95.6596
11377.9,95.6479
11388.1,95.6563
11398.3,95.661
11408.4,95.6657
11418.6,95.6621
11428.7,95.6534
11438.9,95.6447
11449.2,95.6425
11459.3,95.6568
11469.4,95.671
11479.6,95.6815
11489.7,95.6811
11499.8,95.6807
11510,95.6755
11520.2,95.6824
11530.3,95.6892
11540.4,95.7015
11550.6,95.703
11560.7,95.7044
11570.8,95.7
11580.9,95.6973
11591,95.6945
11601.3,95.7015
11611.4,95.7037
11621.5,95.7059
11631.7,95.7029
11641.9,95.6962
11652,95.6896
11662.2,95.6918
11672.4,95.692
11682.5,95.6923
11692.7,95.6919
11702.8,95.6877
11712.9,95.6809
11723.2,95.674
11733.3,95.6744
11743.4,95.676
11753.6,95.6777
11763.8,95.6765
11773.9,95.6745
11784.1,95.6725
11794.3,95.6654
11804.4,95.6596
11814.6,95.6537
11824.7,95.6482
11834.8,95.6405
11845,95.6328
11855.2,95.6166
11865.3,95.6026
11875.5,95.5884
11885.7,95.5748
11895.8,95.5705
11905.9,95.5663
11916.1,95.569
11926.2,95.5644
11936.3,95.5598
11946.5,95.5582
11956.6,95.5611
11966.7,95.5641
11976.9,95.5665
11987,95.5661
11997.2,95.5634
12007.4,95.5608
12017.5,95.5608
12027.6,95.5519
12037.8,95.5429
12047.9,95.5322
12058,95.5184
12068.2,95.5046
12078.3,95.4878
12088.5,95.4697
12098.7,95.4515
12108.8,95.4371
12119,95.4222
12129.2,95.4071
12139.3,95.3862
12149.5,95.3469
12159.7,95.3078
12169.8,95.2654
12179.9,95.2185
12190.1,95.1715
12200.2,95.1255
12210.4,95.0692
12220.5,95.0128
12230.6,94.945
12240.8,94.8802
12251,94.8153
12261.1,94.7558
12271.3,94.7059
12281.5,94.6562
12291.6,94.6055
12301.9,94.5642
12312,94.5378
12322.1,94.5116
12332.3,94.4865
12342.5,94.4591
12352.6,94.4319
12362.8,94.404
12372.9,94.3767
12383,94.3495
12393.3,94.3218
12403.4,94.2957
12413.5,94.2696
12423.7,94.2426
12433.9,94.2115
12444,94.1805
12454.2,94.1467
12464.4,94.1141
12474.5,94.0819
12484.7,94.0383
12494.8,93.9842
12504.9,93.9302
12515.1,93.8645
12525.3,93.8049
12535.4,93.7457
12545.6,93.6991
12555.7,93.6679
12565.8,93.6369
12576,93.6024
12586.1,93.5738
12596.3,93.5475
12606.4,93.5212
12616.6,93.4964
12626.7,93.4717
12636.9,93.4559
12647,93.4376
12657.1,93.4063
12667.4,93.3748
12677.5,93.3323
12687.6,93.2703
12697.9,93.208
12708,93.1475
12718.1,93.092
12728.3,93.0362
12738.5,92.987
12748.6,92.9481
12758.8,92.9091
12768.9,92.8647
12779,92.8313
12789.3,92.7976
12799.4,92.7794
12809.5,92.7698
12819.7,92.7602
12829.9,92.7486
12840,92.7239
12850.2,92.6989
12860.4,92.6531
12870.5,92.6015
12880.8,92.5491
12891,92.496
12901.1,92.441
12911.3,92.3892
12921.4,92.3375
12931.5,92.2871
12941.7,92.2536
12951.8,92.2201
12961.9,92.2148
12972.1,92.1959
12982.2,92.177
12992.3,92.1373
13002.5,92.102
13012.7,92.067
13022.8,92.032
13032.9,91.9892
13043.1,91.9466
13053.2,91.8889
13063.4,91.8228
13073.5,91.7565
13083.6,91.6957
13093.9,91.6449
13104,91.5941
13114.2,91.5412
13124.4,91.4774
13134.5,91.4138
13144.6,91.3529
13154.8,91.3201
13165,91.2874
13175.1,91.2788
13185.4,91.2636
13195.6,91.2324
13205.7,91.2015
13215.9,91.1522
13226,91.0959
13236.1,91.04
13246.4,90.977
13256.5,90.9038
13266.6,90.8313
13276.8,90.7452
13287,90.6642
13297.1,90.5835
13307.3,90.5118
13317.4,90.4348
13327.5,90.358
13337.7,90.2704
13347.9,90.1799
13358,90.0897
13368.2,90.0065
13378.4,89.9325
13388.5,89.8591
13398.7,89.7807
13408.8,89.6817
13418.9,89.5829
13429.2,89.46
13439.4,89.311
13449.5,89.1631
13459.7,89.0009
13469.8,88.8502
13479.9,88.7
13490.1,88.5434
13500.2,88.3811
13510.3,88.2179
13520.5,88.0542
13530.7,87.8985
13540.8,87.7586
13550.9,87.618
13561.1,87.4856
13571.3,87.3721
13581.5,87.2578
13591.6,87.1522
13601.7,87.039
13611.9,86.9252
13622,86.7837
13632.1,86.6177
13642.4,86.4506
13652.5,86.2721
13662.6,86.0789
13672.9,85.8834
13683.1,85.6586
13693.2,85.4296
13703.5,85.1989
13713.6,84.9639
13723.7,84.7329
13733.9,84.5011
13744,84.2657
13754.1,84.0455
13764.3,83.824
13774.5,83.6121
13784.6,83.3889
13794.7,83.1446
13804.9,82.8994
13815,82.6584
13825.2,82.4158
13835.3,82.1741
13845.4,81.9255
13855.5,81.6823
13865.6,81.4389
13875.7,81.2015
13885.8,80.9768
13895.8,80.7518
13905.9,80.5366
13916,80.3252
13926.1,80.1138
13936.2,79.9182
13946.2,79.7502
13956.3,79.5823
13966.4,79.4359
13976.5,79.3001
13986.6,79.1643
13996.6,79.0171
14006.7,78.8542
14016.9,78.6907
14027,78.5178
14037.1,78.3341
14047.3,78.1507
14057.4,77.9789
14067.5,77.8071
14077.7,77.635
14087.8,77.4532
14098,77.2544
14108.3,77.0532
14118.4,76.843
14128.6,76.6294
14138.7,76.4162
14148.8,76.2128
14159,76.0201
14169.2,75.8259
14179.3,75.6327
14189.5,75.4262
14199.6,75.2053
14209.7,74.9852
14219.9,74.7594
14230.1,74.5268
14240.2,74.2948
14250.5,74.0681
14260.6,73.8518
14270.8,73.6364
14281,73.4083
14291.2,73.1735
14301.3,72.9394
14311.5,72.7079
14321.6,72.4694
14331.7,72.2316
14341.9,71.9952
14352.1,71.7573
14362.2,71.5202
14372.4,71.2814
14382.5,71.0351
14392.6,70.7897
14402.9,70.5318
14413,70.2687
14423.1,70.0072
14433.4,69.7422
14443.5,69.4861
14453.6,69.2314
14463.8,68.9875
14473.9,68.7403
14484,68.4744
14494.2,68.2075
14504.4,67.9374
14514.5,67.6759
14524.7,67.4131
14534.8,67.1688
14545,66.9376
14555.2,66.7048
14565.3,66.4769
14575.4,66.2467
14585.6,66.0146
14595.8,65.7854
14605.9,65.5548
14616.1,65.3232
14626.2,65.0812
14636.4,64.8374
14646.6,64.5931
14656.7,64.3567
14666.8,64.1175
14677,63.8773
14687.1,63.6193
14697.2,63.3699
14707.4,63.1202
14717.5,62.8966
14727.7,62.6856
14737.8,62.4788
14748,62.2711
14758.1,62.0568
14768.2,61.8469
14778.4,61.636
14788.5,61.4224
14798.6,61.2028
14808.8,60.9823
14818.9,60.7603
14829,60.5342
14839.2,60.3071
14849.3,60.0726
14859.4,59.8156
14869.6,59.5583
14879.7,59.2737
14889.8,58.9616
14900,58.6489
14910.1,58.3348
14920.3,58.0307
14930.4,57.7275
14940.5,57.4393
14950.7,57.1515
14960.9,56.8644
14971,56.5682
14981.2,56.2662
14991.3,55.9666
15001.4,55.6832
15011.6,55.4217
15021.7,55.161
15031.8,54.906
15042,54.6532
15052.2,54.3997
15062.2,54.1518
15072.4,53.9083
15082.6,53.6648
15092.7,53.4126
15102.9,53.1615
15113,52.9111
15123.1,52.6616
15133.4,52.4095
15143.6,52.1603
15153.7,51.9084
15163.9,51.6425
15174,51.3576
15184.1,51.0738
15194.4,50.7768
15204.5,50.4814
15214.6,50.1871
15224.8,49.9061
15234.9,49.6204
15245,49.3364
15255.2,49.0464
15265.3,48.7548
15275.4,48.4657
15285.7,48.1781
15295.8,47.9069
15305.9,47.6371
15316.1,47.3719
15326.3,47.111
15336.4,46.8524
15346.6,46.5842
15356.7,46.3117
15366.8,46.0403
15377,45.7573
15387.1,45.4671
15397.3,45.1815
15407.4,44.8954
15417.6,44.6244
15427.7,44.357
15437.9,44.0885
15448,43.7975
15458.1,43.4984
15468.3,43.1978
15478.5,42.9116
15488.6,42.639
15498.8,42.3647
15508.9,42.0881
15519,41.8064
15529.3,41.5217
15539.4,41.2428
15549.5,40.9804
15559.7,40.7158
15569.9,40.435
15580,40.1509
15590.3,39.8649
15600.4,39.5739
15610.5,39.296
15620.7,39.0171
15630.9,38.7439
15641,38.4625
15651.2,38.1794
15661.4,37.8733
15671.5,37.5745
15681.7,37.2744
15691.8,36.993
15701.9,36.7222
15712.1,36.4499
15722.3,36.1807
15732.4,35.9111
15742.5,35.6398
15752.7,35.3694
15762.8,35.0995
15772.9,34.809
15783.1,34.5189
15793.2,34.2208
15803.3,33.955
15813.5,33.6885
15823.6,33.4431
15833.8,33.2106
15844,32.9783
15854.1,32.7501
15864.3,32.5215
15874.4,32.2935
15884.5,32.0615
15894.7,31.8267
15904.9,31.5928
15915,31.3575
15925.2,31.1094
15935.3,30.8636
15945.4,30.6187
15955.6,30.3892
15965.9,30.1569
15976,29.9434
15986.2,29.7277
15996.3,29.5127
16006.4,29.2919
16016.6,29.0661
16026.7,28.845
16036.8,28.625
16047,28.4181
16057.2,28.2099
16067.3,28.0027
16077.5,27.7829
16087.6,27.5552
16097.7,27.3286
16107.9,27.0871
16118,26.83
16128.1,26.5744
16138.4,26.3271
16148.6,26.0898
16158.7,25.8541
16168.9,25.6382
16179,25.4291
16189.1,25.2222
16199.4,25.0121
16209.5,24.789
16219.6,24.5679
16229.8,24.3441
16240,24.1244
16250.1,23.9058
16260.3,23.6938
16270.4,23.4931
16280.5,23.2933
16290.8,23.0853
16300.9,22.873
16311,22.6625
16321.2,22.4515
16331.4,22.2187
16341.5,21.9761
16351.7,21.7337
16361.9,21.4866
16372,21.2639
16382.2,21.0451
16392.3,20.8757
16402.4,20.727
16412.6,20.5857
16422.7,20.4116
16432.8,20.2341
16443,20.0579
16453.2,19.9001
16463.3,19.7668
16473.5,19.6348
16483.6,19.5143
16493.7,19.3945
16503.9,19.2762
16514.1,19.1399
16524.2,18.9917
16534.4,18.8438
16544.6,18.6845
16554.7,18.5187
16565,18.3515
16575.1,18.1763
16585.2,18.0023
16595.5,17.8286
16605.6,17.6627
16615.7,17.5016
16625.9,17.3414
16636,17.1797
16646.1,17.0155
16656.3,16.8523
16666.4,16.6901
16676.5,16.527
16686.7,16.3809
16696.8,16.2363
16707,16.1015
16717.1,15.9691
16727.3,15.8389
16737.4,15.7055
16747.5,15.5646
16757.7,15.4249
16767.8,15.2731
16777.9,15.114
16788,14.9564
16798.1,14.8052
16808.3,14.6701
16818.4,14.5373
16828.6,14.4139
16838.8,14.294
16848.9,14.1751
16859,14.0458
16869.3,13.9045
16879.5,13.7672
16889.6,13.6186
16899.8,13.4632
16910,13.3149
16920.1,13.1684
16930.3,13.0192
16940.5,12.875
16950.6,12.7301
16960.8,12.58
16970.9,12.4397
16981,12.3005
16991.3,12.162
17001.4,12.0266
17011.5,11.8934
17021.7,11.7579
17031.8,11.6293
17041.9,11.502
17052.2,11.3908
17062.3,11.3075
17072.4,11.2256
17082.6,11.1488
17092.8,11.0648
17102.9,10.9829
17113.2,10.9046
17123.3,10.8359
17133.4,10.7683
17143.6,10.7175
17153.8,10.6805
17163.9,10.6441
17174.1,10.6255
17184.3,10.6172
17194.4,10.6096
17204.6,10.6012
17214.7,10.5892
17224.8,10.565
17235,10.5407
17245.2,10.5159
17255.3,10.5017
17265.5,10.4875
17275.6,10.4895
17285.7,10.4994
17295.9,10.5096
17306.1,10.5161
17316.2,10.515
17326.4,10.514
17336.5,10.5096
17346.6,10.5041
17356.8,10.4985
17366.9,10.5
17377,10.5022
17387.3,10.5044
17397.5,10.4978
17407.6,10.4887
17417.7,10.4798
17427.9,10.4686
17438,10.4514
17448.2,10.4342
17458.3,10.4153
17468.4,10.4081
17478.6,10.4009
17488.8,10.4046
17498.9,10.4045
17509,10.4044
17519.2,10.4029
17529.3,10.3986
17539.5,10.3944
17549.7,10.3827
17559.8,10.3745
17570,10.3665
17580.1,10.3676
17590.2,10.3782
17600.4,10.396
17610.5,10.4137
17620.6,10.4232
17630.8,10.4229
17641,10.4227
17651.1,10.4175
17661.3,10.4055
17671.4,10.3936
17681.5,10.3838
17691.7,10.3811
17701.9,10.3787
17712,10.377
17722.2,10.3733
17732.4,10.3699
17742.5,10.367
17752.7,10.3646
17762.9,10.3624
17773,10.3588
17783.2,10.3461
17793.3,10.3336
17803.5,10.3136
17813.6,10.2898
17823.8,10.2669
17833.9,10.2384
17844.1,10.2061
17854.4,10.1731
17864.5,10.1447
17874.7,10.1271
17884.9,10.1158
17895,10.1047
17905.2,10.0941
17915.4,10.0745
17925.5,10.0552
17935.6,10.0362
17945.8,10.0188
17955.9,10.0016
17966.1,9.98648
17976.3,9.96905
17986.4,9.95166
17996.5,9.93187
18006.7,9.91647
18016.8,9.90113
18027,9.89496
18037.2,9.89036
18047.3,9.88592
18057.5,9.87577
18067.6,9.85496
18077.7,9.83434
18087.9,9.80322
18098.1,9.7675
18108.2,9.73173
18118.4,9.69584
18128.5,9.66135
18138.6,9.62698
18148.8,9.60187
18159,9.59314
18169.1,9.59044
18179.3,9.58766
18189.4,9.57711
18199.6,9.55893
18209.8,9.5408
18219.9,9.52485
18230,9.51827
18240.2,9.51168
18250.4,9.51456
18260.5,9.51489
18270.7,9.51563
18280.8,9.49948
18290.9,9.4747
18301.1,9.45011
18311.3,9.42137
18321.4,9.39847
18331.6,9.37535
18341.7,9.3567
18351.8,9.33733
18362,9.31801
18372.2,9.28778
18382.3,9.24575
18392.5,9.20388
18402.6,9.14718
18412.7,9.089
18422.9,9.03089
18433.3,8.9868
18443.4,8.96393
18453.6,8.94126
18463.7,8.92863
18473.8,8.91195
18484,8.89003
18494.1,8.86823
18504.2,8.85028
18514.4,8.83504
18524.6,8.81978
18534.7,8.81124
18544.8,8.79692
18554.9,8.78292
18565,8.76605
18575.2,8.7426
18585.4,8.71927
18595.5,8.6847
18605.6,8.64999
18615.8,8.61551
18625.9,8.58271
18636,8.55775
18646.2,8.53263
18656.3,8.51269
18666.5,8.49389
18676.7,8.47496
18686.8,8.45794
18696.9,8.44366
18707.1,8.42964
18717.2,8.41867
18727.4,8.39882
18737.6,8.37903
18747.7,8.35731
18757.9,8.33356
18768,8.3055
18778.1,8.27744
18788.3,8.24796
18798.5,8.21856
18808.6,8.19594
18818.9,8.17498
18829,8.15944
18839.1,8.14387
18849.4,8.13194
18859.5,8.12133
18869.6,8.11081
18879.8,8.09873
18890,8.08024
18900.1,8.0618
18910.3,8.04282
18920.4,8.03503
18930.5,8.02742
18940.7,8.0361
18950.8,8.04594
18961,8.05596
18971.2,8.06141
18981.3,8.06034
18991.4,8.05956
19001.6,8.05042
19011.8,8.04029
19022,8.03035
19032.3,8.02508
19042.5,8.02625
19052.7,8.02752
19062.9,8.03376
19073,8.03035
19083.1,8.01991
19093.4,8.00935
19103.5,8.00044
19113.6,7.9981
19123.8,7.99584
19134,8.007
19144.1,8.02264
19154.3,8.03883
19164.4,8.04993
19174.5,8.06053
19184.7,8.0716
19194.9,8.08876
19205,8.11197
19215.2,8.13588
19225.3,8.16059
19235.4,8.18762
19245.6,8.21503
19255.8,8.24948
19265.9,8.28633
19276,8.32359
19286.2,8.3619
19296.3,8.39855
19306.5,8.43577
19316.7,8.47737
19326.8,8.5375
19336.9,8.5983
19347.1,8.67757
19357.2,8.76507
19367.4,8.85143
19377.5,8.93863
19387.6,9.01474
19397.8,9.08107
19407.9,9.14881
19418,9.21332
19428.2,9.28938
19438.3,9.36741
19448.5,9.46668
19458.6,9.58725
19468.8,9.70892
19478.9,9.83602
19489.1,9.95961
19499.3,10.085
19509.4,10.1998
19519.5,10.3066
19529.7,10.4151
19539.8,10.517
19549.9,10.6109
19560.1,10.7075
19570.2,10.8042
19580.4,10.9076
19590.5,11.0128
19600.6,11.1187
19610.8,11.2351
19621,11.353
19631.1,11.4796
19641.3,11.6171
19651.5,11.7565
19661.6,11.8986
19671.9,12.0378
19682.1,12.1789
19692.3,12.3107
19702.4,12.4433
19712.6,12.5919
19722.7,12.7414
19732.9,12.9049
19743,13.0739
19753.1,13.2437
19763.4,13.4175
19773.5,13.5805
19783.6,13.7438
19793.8,13.9044
19804,14.0743
19814.1,14.2444
19824.4,14.4331
19834.5,14.6264
19844.6,14.8194
19854.9,15.0014
19865,15.1682
19875.1,15.3364
19885.4,15.5048
19895.5,15.692
19905.6,15.8791
19915.8,16.0739
19925.9,16.2755
19936,16.4772
19946.3,16.6792
19956.4,16.874
19966.5,17.0682
19976.7,17.2645
19986.9,17.4479
19997,17.6317
20007.2,17.8009
20017.4,17.966
20027.5,18.1452
20037.7,18.3252
20047.8,18.5249
20057.9,18.7318
20068.1,18.9405
20078.3,19.159
20088.4,19.3807
20098.6,19.6038
20108.7,19.8179
20118.8,20.0212
20128.9,20.2246
20139,20.4294
20149,20.6435
20159.1,20.8584
20169.2,21.0725
20179.3,21.2734
20189.4,21.4749
20199.5,21.6791
20209.6,21.888
20219.8,22.0985
20229.9,22.3144
20240,22.5308
20250.2,22.7486
20260.4,22.9656
20270.5,23.175
20280.7,23.3857
20290.8,23.6031
20301,23.822
20311.2,24.046
20321.4,24.2704
20331.5,24.4905
20341.7,24.7112
20351.8,24.9365
20361.9,25.1665
20372.2,25.3963
20382.4,25.6255
20392.5,25.8426
20402.6,26.0512
20412.8,26.2605
20422.9,26.4576
20433,26.666
20443.2,26.8752
20453.3,27.0911
20463.5,27.3116
20473.6,27.5323
20483.7,27.747
20493.9,27.9559
20504.1,28.1648
20514.2,28.373
20524.4,28.5884
20534.6,28.803
20544.7,29.0355
20555,29.2787
20565.2,29.5217
20575.3,29.7604
20585.5,30.0036
20595.7,30.2542
20605.8,30.5045
20616,30.7599
20626.1,31.0027
20636.2,31.2446
20646.4,31.4778
20656.6,31.7137
20666.7,31.9473
20677,32.187
20687.1,32.4369
20697.2,32.6856
20707.4,32.95
20717.5,33.2099
20727.6,33.4691
20737.8,33.7302
20748,33.9782
20758.1,34.2256
20768.3,34.4598
20778.5,34.684
20788.6,34.9076
20798.8,35.1277
20808.9,35.3527
20819,35.577
20829.3,35.8275
20839.4,36.084
20849.6,36.3406
20859.8,36.5999
20869.9,36.8488
20880,37.097
20890.2,37.3306
20900.4,37.5531
20910.5,37.7755
20920.7,37.9989
20930.8,38.225
20940.9,38.4557
20951.1,38.6873
20961.2,38.9264
20971.3,39.1645
20981.5,39.4038
20991.7,39.6343
21001.8,39.848
21012,40.063
21022.1,40.2734
21032.3,40.4856
21042.5,40.7004
21052.7,40.9333
21062.8,41.1784
21072.9,41.4244
21083.1,41.6722
21093.2,41.9065
21103.4,42.1413
21113.6,42.3827
21123.7,42.6301
21133.9,42.8788
21144,43.1292
21154.1,43.3708
21164.4,43.6143
21174.5,43.8409
21184.6,44.0556
21194.8,44.2716
21204.9,44.4948
21215.1,44.7268
21225.5,44.9627
21235.6,45.1966
21245.7,45.4212
21255.9,45.6455
21266,45.8704
21276.1,46.1071
21286.3,46.3308
21296.4,46.5545
21306.5,46.7568
21316.7,46.9426
21326.8,47.1291
21336.9,47.3142
21347.2,47.5145
21357.3,47.7144
21367.4,47.9055
21377.7,48.0894
21387.8,48.2729
21398,48.4473
21408.2,48.6359
21418.3,48.8239
21428.4,49.0178
21438.6,49.2061
21448.8,49.3942
21458.9,49.5694
21469.2,49.7326
21479.3,49.8914
21489.4,50.0498
21499.6,50.2086
21509.7,50.3816
21519.8,50.5541
21530,50.7484
21540.1,50.9662
21550.2,51.1834
21560.5,51.3987
21570.6,51.6005
21580.8,51.8006
21591,51.9991
21601.2,52.2045
21611.3,52.4091
21621.5,52.6217
21631.6,52.8242
21641.7,53.0261
21651.9,53.2217
21662.1,53.4295
21672.2,53.6369
21682.4,53.8591
21692.5,54.079
21702.6,54.2984
21712.8,54.5168
21723,54.7266
21733.1,54.9355
21743.4,55.1417
21753.5,55.3424
21763.6,55.5422
21773.8,55.7486
21783.9,55.9578
21794.1,56.1664
21804.3,56.3801
21814.4,56.5966
21824.5,56.797
21834.7,56.998
21844.8,57.1687
21854.9,57.3117
21865.2,57.4567
21875.3,57.5851
21885.4,57.7322
21895.6,57.8795
21905.7,58.0441
21915.8,58.2079
21926,58.3725
21936.2,58.5419
21946.3,58.7178
21956.5,58.8946
21966.7,59.0702
21976.8,59.2494
21987,59.4295
21997.1,59.6134
22007.2,59.7978
22017.4,59.9827
22027.6,60.1689
22037.7,60.3563
22047.8,60.5437
22058,60.7234
22068.1,60.8988
22078.2,61.0811
22088.4,61.2644
22098.5,61.4533
22108.7,61.6425
22118.9,61.8225
22129,61.9925
22139.1,62.1657
22149.3,62.3393
22159.4,62.5203
22169.6,62.7037
22179.8,62.8879
22189.9,63.0591
22200,63.231
22210.1,63.4028
22220.2,63.5792
22230.4,63.7567
22240.6,63.934
22250.7,64.1053
22260.8,64.2656
22271,64.4264
22281.1,64.5975
22291.3,64.7682
22301.5,64.9387
22311.6,65.1185
22321.8,65.3166
22331.9,65.5156
22342,65.7248
22352.2,65.9373
22362.4,66.1504
22372.5,66.3536
22382.6,66.5523
22392.8,66.7513
22402.9,66.9408
22413.2,67.1232
22423.5,67.3094
22433.6,67.4703
22443.8,67.6115
22453.9,67.7399
22464,67.868
22474.3,68.0156
22484.4,68.1928
22494.5,68.3696
22504.7,68.5643
22514.8,68.7458
22524.9,68.9265
22535.1,69.078
22545.3,69.2134
22555.4,69.3479
22565.6,69.4928
22575.7,69.6575
22585.8,69.8213
22596.1,69.9808
22606.3,70.1212
22616.4,70.2604
22626.5,70.3844
22636.7,70.529
22646.8,70.6733
22656.9,70.8449
22667.1,71.0173
22677.2,71.1895
22687.4,71.3493
22697.5,71.4901
22707.6,71.6057
22717.8,71.723
22727.9,71.823
22738,71.921
22748.3,72.0213
22758.4,72.1746
22768.5,72.3857
22778.7,72.5986
22788.9,72.8407
22799,73.0769
22809.3,73.3171
22819.4,73.5278
22829.5,73.7266
22839.7,73.9264
22849.9,74.1237
22860,74.3156
22870.2,74.5091
22880.4,74.691
22890.5,74.8495
22900.7,75.0086
22910.8,75.1707
22920.9,75.3504
22931.1,75.5309
22941.2,75.7326
22951.4,75.9361
22961.7,76.1405
22971.9,76.3388
22982,76.5344
22992.2,76.7315
23002.3,76.9426
23012.4,77.1486
23022.6,77.3547
23032.8,77.5501
23042.9,77.7353
23053,77.9129
23063.2,78.0915
23073.3,78.2684
23083.4,78.4391
23093.6,78.6107
23103.7,78.7605
23113.8,78.8995
23124,79.0395
23134.1,79.1971
23144.3,79.377
23154.5,79.5583
23164.6,79.7384
23174.8,79.9169
23185,80.0956
23195.1,80.2639
23205.3,80.4273
23215.5,80.5907
23225.6,80.7554
23235.8,80.9205
23245.9,81.0861
23256,81.2361
23266.2,81.3641
23276.4,81.4925
23286.5,81.6095
23296.7,81.7269
23306.8,81.8372
23316.9,81.9471
23327.1,82.0515
23337.3,82.1554
23347.4,82.2647
23357.6,82.4012
23367.8,82.546
23377.9,82.6902
23388.1,82.8287
23398.3,82.9701
23408.4,83.1105
23418.6,83.2512
23428.7,83.4119
23438.8,83.5722
23449,83.718
23459.1,83.8477
23469.2,83.9769
23479.3,84.0945
23489.3,84.2209
23499.4,84.3471
23509.5,84.4681
23519.6,84.5825
23529.7,84.6966
23539.8,84.8085
23549.9,84.9218
23559.9,85.035
23570,85.1486
23580.1,85.2495
23590.2,85.3503
23600.3,85.4482
23610.4,85.5522
23620.4,85.6561
23630.6,85.763
23640.6,85.879
23650.7,85.9949
23660.9,86.1131
23671.1,86.2117
23681.2,86.3102
23691.4,86.4046
23701.6,86.4964
23711.8,86.5879
23722,86.6622
23732.1,86.713
23742.2,86.7639
23752.4,86.8091
23762.6,86.8671
23772.7,86.9372
23782.9,87.0075
23793,87.064
23803.1,87.1025
23813.3,87.1413
23823.5,87.1775
23833.6,87.2321
23843.8,87.2869
23853.9,87.3534
23864,87.4192
23874.3,87.4855
23884.4,87.552
23894.5,87.6337
23904.7,87.7158
23914.9,87.8144
23925,87.9024
23935.4,87.9911
23945.5,88.0589
23955.6,88.1353
23965.8,88.2119
23975.9,88.2949
23986,88.3721
23996.2,88.4496
24006.4,88.5148
24016.5,88.5827
24026.6,88.6505
24036.8,88.7284
24046.9,88.811
24057.3,88.9176
24067.5,89.0227
24077.6,89.1309
24087.8,89.235
24097.9,89.3392
24108,89.4304
24118.2,89.499
24128.3,89.5677
24138.5,89.6429
24148.6,89.7124
24158.8,89.7824
24168.9,89.854
24179.1,89.9205
24189.3,89.9874
24199.4,90.0434
24209.5,90.1048
24219.7,90.1663
24229.8,90.2137
24240,90.26
24250.1,90.3063
24260.2,90.3385
24270.4,90.3608
24280.5,90.3722
24290.6,90.3836
24300.9,90.4077
24311,90.432
24321.1,90.4602
24331.4,90.4894
24341.5,90.4952
24351.6,90.5011
24361.9,90.5007
24372,90.5179
24382.1,90.5351
24392.4,90.5487
24402.5,90.5577
24412.6,90.5668
24422.8,90.561
24432.9,90.5482
24443,90.5354
24453.3,90.5202
24463.4,90.4969
24473.5,90.4737
24483.7,90.4479
24493.9,90.4187
24504,90.3896
24514.3,90.3583
24524.4,90.3479
24534.5,90.3376
24544.7,90.3257
24554.9,90.3025
24565,90.2704
24575.2,90.238
24585.4,90.2101
24595.5,90.1976
24605.7,90.1851
24615.8,90.1834
24625.9,90.1586
24636,90.1337
24646.2,90.095
24656.3,90.0517
24666.5,90.0082
24676.7,89.994
24686.8,89.991
24697,89.988
24707.2,89.9771
24717.3,89.9515
24727.5,89.9258
24737.6,89.9079
24747.7,89.8987
24757.9,89.8894
24768.1,89.8834
24778.2,89.879
24788.4,89.8746
24798.6,89.8616
24808.7,89.8559
24818.8,89.8502
24829,89.8518
24839.1,89.8553
24849.3,89.8588
24859.5,89.867
24869.6,89.8793
24880,89.8918
24890.1,89.8993
24900.2,89.8967
24910.4,89.8941
24920.6,89.891
24930.7,89.8916
24940.9,89.9065
24951,89.9215
24961.1,89.929
24971.3,89.925
24981.4,89.9212
24991.5,89.9218
25001.7,89.9341
25011.8,89.9465
25022,89.9552
25032.1,89.9663
25042.3,89.9775
25052.4,89.9812
25062.6,89.9758
25072.8,89.9704
25082.9,89.9577
25093.2,89.9399
25103.4,89.9222
25113.5,89.9197
25123.6,89.9141
25133.8,89.9084
25143.9,89.8957
25154.1,89.8831
25164.3,89.8807
25174.4,89.8783
25184.6,89.8795
25194.7,89.8806
25204.8,89.8822
25215,89.8804
25225.2,89.8711
25235.4,89.8618
25245.6,89.8675
25255.8,89.8708
25265.9,89.8739
25276.1,89.8689
25286.3,89.8567
25296.4,89.8446
25306.6,89.8372
25316.7,89.8393
25326.8,89.8413
25337,89.8452
25347.1,89.8514
25357.2,89.8576
25367.5,89.8597
25377.6,89.8629
25387.7,89.8661
25397.9,89.879
25408,89.8971
25418.1,89.9153
25428.4,89.9237
25438.5,89.9283
25448.7,89.9328
25458.9,89.9377
25469,89.9452
25479.1,89.9515
25489.3,89.9579
25499.5,89.9517
25509.6,89.9353
25519.7,89.9189
25529.9,89.8929
25540,89.8766
25550.2,89.8602
25560.3,89.8617
25570.4,89.8601
25580.6,89.8585
25590.8,89.8436
25600.9,89.8188
25611.1,89.794
25621.3,89.7767
25631.4,89.7733
25641.6,89.7698
25651.7,89.7607
25661.8,89.7455
25672,89.7302
25682.2,89.7125
25692.3,89.6826
25702.4,89.6526
25712.6,89.6285
25722.7,89.6
25732.9,89.5714
25743,89.5424
25753.2,89.5137
25763.3,89.4851
25773.5,89.4535
25783.6,89.4325
25793.7,89.4082
25803.9,89.3838
25814,89.3553
25824.2,89.324
25834.3,89.2927
25844.5,89.2646
25854.6,89.2374
25864.8,89.2101
25874.9,89.1799
25885,89.1588
25895.3,89.1376
25905.4,89.1197
25915.6,89.1033
25925.7,89.0868
25935.8,89.0643
25946,89.049
25956.1,89.0336
25966.2,89.0191
25976.4,89.015
25986.6,89.011
25996.7,89.0016
26006.9,88.9856
26017,88.9696
26027.1,88.9461
26037.3,88.9407
26047.5,88.9354
26057.6,88.9333
26067.9,88.9207
26078,88.908
26088.1,88.8833
26098.3,88.8608
26108.5,88.8384
26118.6,88.8155
26128.8,88.8084
26138.9,88.7993
26149,88.7903
26159.2,88.7642
26169.4,88.7258
26179.5,88.6877
26189.7,88.6649
26199.8,88.6593
26209.9,88.6538
26220.1,88.6504
26230.3,88.6405
26240.4,88.6307
26250.6,88.6094
26260.7,88.5857
26270.8,88.5621
26281,88.5336
26291.2,88.4931
26301.4,88.453
26311.6,88.4167
26321.7,88.3883
26331.8,88.3601
26342,88.3315
26352.1,88.2862
26362.2,88.241
26372.5,88.1911
26382.6,88.1415
26392.7,88.0921
26403,88.0342
26413.2,87.9795
26423.3,87.9266
26433.5,87.8734
26443.6,87.8104
26453.7,87.74
26464,87.6691
26474.1,87.5856
26484.2,87.5012
26494.4,87.4166
26504.6,87.3586
26514.7,87.3035
26524.8,87.2483
26535,87.1854
26545.1,87.1093
26555.3,87.033
26565.5,86.9485
26575.6,86.866
26585.7,86.7835
26595.9,86.7004
26606,86.6001
26616.2,86.4993
26626.3,86.3863
26636.5,86.2827
26646.6,86.1788
26656.8,86.0987
26666.9,86.0156
26677.2,85.9321
26687.4,85.845
26697.5,85.7702
26707.7,85.6955
26717.9,85.6308
26728,85.567
26738.1,85.5031
26748.3,85.4405
26758.4,85.3733
26768.5,85.3054
26778.7,85.2371
26788.8,85.1622
26799,85.0752
26809.1,84.9876
26819.3,84.9081
26829.4,84.8496
26839.6,84.7909
26849.7,84.7275
26859.9,84.6455
26870.1,84.5637
26880.2,84.4768
26890.4,84.4171
26900.4,84.3578
26910.5,84.3168
26920.6,84.2737
26930.7,84.2305
26940.8,84.1763
26950.9,84.1316
26960.9,84.0869
26971,84.0466
26981.1,83.9793
26991.2,83.912
27001.3,83.8496
27011.5,83.7974
27021.7,83.7454
27031.8,83.7125
27042,83.68
27052.1,83.6458
27062.2,83.6118
27072.4,83.5803
27082.6,83.5484
27092.7,83.5166
27102.9,83.4913
27113.1,83.463
27123.2,83.4347
27133.5,83.4076
27143.6,83.3853
27153.7,83.3632
27164,83.3449
27174.1,83.3285
27184.2,83.3121
27194.4,83.2965
27204.6,83.2718
27214.7,83.2472
27224.9,83.2109
27235,83.179
27245.1,83.147
27255.4,83.1216
27265.5,83.1017
27275.6,83.082
27285.8,83.0841
27296,83.0845
27306.1,83.0848
27316.4,83.0769
27326.5,83.0517
27336.6,83.0267
27346.8,82.996
27356.9,82.9914
27367,82.9985
27377.2,83.0056
27387.4,83.0096
27397.5,83.0072
27407.7,83.0049
27417.8,82.9881
27427.9,82.9863
27438.1,82.9845
27448.3,83.0009
27458.4,83.0229
27468.5,83.0449
27478.7,83.061
27488.8,83.0621
27499,83.0632
27509.2,83.0652
27519.3,83.0778
27529.5,83.0905
27539.7,83.1161
27549.8,83.1482
27559.9,83.1803
27570.1,83.2155
27580.2,83.2365
27590.4,83.2575
27600.6,83.291
27610.7,83.3386
27620.8,83.3864
27631,83.4406
27641.1,83.4808
27651.3,83.503
27661.4,83.5253
27671.5,83.5428
27681.7,83.5789
27691.8,83.6151
27701.9,83.6615
27712.1,83.7086
27722.3,83.7561
27732.4,83.7983
27742.5,83.8274
27752.7,83.8566
27762.8,83.8719
27773,83.8762
27783.3,83.8805
27793.4,83.8642
27803.6,83.8178
27813.8,83.7714
27823.9,83.7001
27834.1,83.6114
27844.3,83.5222
27854.4,83.4305
27864.6,83.3334
27874.7,83.2363
27884.8,83.1363
27895,83.0294
27905.2,82.9223
27915.3,82.8082
27925.5,82.6797
27935.8,82.5517
27945.9,82.4042
27956.1,82.2417
27966.2,82.0791
27976.3,81.9102
27986.5,81.7358
27996.7,81.5671
28006.8,81.3991
28017,81.23
28027.1,81.0428
28037.2,80.8563
28047.4,80.6626
28057.6,80.4734
28067.7,80.2847
28077.8,80.1068
28088,79.9349
28098.1,79.7635
28108.4,79.5897
28118.5,79.4071
28128.6,79.2262
28138.8,79.0404
28149,78.8419
28159.1,78.6439
28169.4,78.4343
28179.5,78.2437
28189.6,78.0544
28199.8,77.8745
28210,77.7128
28220.1,77.5516
28230.3,77.382
28240.4,77.1916
28250.5,76.9889
28260.7,76.7864
28270.8,76.6007
28280.9,76.4155
28291.1,76.2441
28301.3,76.0722
28311.4,75.89
28321.6,75.7069
28331.7,75.5217
28341.9,75.3512
28352.1,75.1796
28362.3,75.0132
28372.4,74.8453
28382.6,74.6766
28392.7,74.5145
28402.8,74.366
28413,74.2168
28423.2,74.0685
28433.3,73.9217
28443.5,73.7747
28453.7,73.6296
28463.8,73.491
28474,73.352
28484.1,73.2193
28494.2,73.0911
28504.5,72.9621
28514.6,72.8481
28524.7,72.7405
28535.1,72.6311
28545.3,72.5124
28555.4,72.3884
28565.6,72.264
28575.7,72.1287
28585.8,71.9924
28596,71.8656
28606.1,71.7386
28616.2,71.6277
28626.4,71.5211
28636.5,71.4142
28646.6,71.3072
28656.8,71.2024
28666.9,71.0975
28677,71.0004
28687.2,70.9016
28697.4,70.802
28707.5,70.7003
28717.7,70.5868
28727.9,70.4728
28738,70.3577
28748.2,70.2464
28758.4,70.1357
28768.5,70.0078
28778.7,69.8694
28788.9,69.7312
28799,69.5916
28809.2,69.4534
28819.4,69.3265
28829.5,69.2005
28839.6,69.0726
28849.8,68.9452
28859.9,68.807
28870.1,68.6676
28880.3,68.5193
28890.4,68.3721
28900.6,68.2275
28910.7,68.0884
28920.8,67.95
28931,67.814
28941.2,67.6773
28951.4,67.5418
28961.6,67.396
28971.7,67.2452
28981.8,67.0949
28992,66.9417
29002.2,66.7716
29012.2,66.6023
29022.4,66.4296
29032.6,66.2565
29042.8,66.0783
29052.9,65.8872
29063.1,65.685
29073.3,65.4819
29083.5,65.2834
29093.6,65.1002
29103.8,64.9179
29114,64.7341
29124.1,64.548
29134.2,64.3792
29144.4,64.2097
29154.6,64.0525
29164.7,63.896
29174.8,63.7334
29185,63.5555
29195.1,63.3663
29205.3,63.1755
29215.5,62.9735
29225.6,62.773
29235.8,62.5717
29246,62.3824
29256.1,62.1968
29266.3,62.0105
29276.5,61.8307
29286.6,61.6442
29296.8,61.457
29306.9,61.2642
29317,61.0619
29327.3,60.858
29337.4,60.6601
29347.5,60.4843
29357.7,60.3076
29367.8,60.1376
29377.9,59.9684
29388.1,59.7985
29398.3,59.6245
29408.4,59.4436
29418.6,59.2612
29428.8,59.0895
29438.9,58.9201
29449,58.751
29459.2,58.5817
29469.3,58.4165
29479.6,58.2508
29489.7,58.0847
29499.8,57.9216
29510,57.7399
29520.1,57.5577
29530.2,57.3656
29540.4,57.1633
29550.5,56.9605
29560.7,56.7651
29570.8,56.5836
29581,56.4029
29591.1,56.2274
29601.3,56.054
29611.5,55.881
29621.6,55.7133
29631.8,55.5465
29641.9,55.3801
29652,55.228
29662.2,55.0855
29672.4,54.9428
29682.5,54.7991
29692.7,54.6389
29702.9,54.4792
29713,54.3069
29723.1,54.1314
29733.3,53.9561
29743.4,53.7684
29753.6,53.5761
29763.8,53.3898
29773.9,53.2041
29784.1,53.021
29794.3,52.8339
29804.4,52.6485
29814.6,52.455
29824.7,52.2723
29834.8,52.0908
29845,51.9089
29855.2,51.7136
29865.2,51.5188
29875.5,51.3074
29885.8,51.103
29895.9,50.9001
29906,50.7095
29916.2,50.5236
29926.3,50.3382
29936.4,50.1475
29946.6,49.9611
29956.7,49.7755
29966.8,49.5973
29977,49.4142
29987.1,49.2319
29997.4,49.0473
30007.5,48.8616
30017.6,48.6772
30027.8,48.4879
30038,48.2996
30048.1,48.1123
30058.3,47.9197
30068.5,47.7223
30078.6,47.5177
30088.8,47.3126
30098.9,47.0978
30109,46.8715
30119.2,46.6432
30129.4,46.4123
30139.5,46.1994
30149.7,45.9855
30159.8,45.7859
30169.9,45.5992
30180.1,45.4113
30190.3,45.2296
30200.4,45.0466
30210.6,44.8626
30220.7,44.6718
30230.8,44.4628
30240.9,44.2538
30251,44.0383
30261.1,43.8251
30271.2,43.6114
30281.3,43.4138
30291.3,43.2335
30301.4,43.0528
30311.5,42.8654
30321.6,42.658
30331.7,42.4499
30341.8,42.2398
30351.8,42.0305
30362,41.8209
30372,41.6199
30382.1,41.4266
30392.2,41.2327
30402.3,41.0439
30412.4,40.8526
30422.5,40.6609
30432.6,40.466
30442.6,40.2475
30452.7,40.0169
30462.8,39.786
30472.9,39.5686
30483,39.3508
30493,39.1532
30503.1,38.9529
30513.2,38.7356
30523.3,38.518
30533.4,38.3005
30543.5,38.0865
30553.5,37.8725
30563.6,37.6714
30573.7,37.4563
30583.8,37.2412
30593.8,37.0102
30603.9,36.7789
30614,36.5476
30624.1,36.3358
30634.2,36.129
30644.3,35.9218
30654.3,35.6977
30664.4,35.4655
30674.5,35.2331
30684.6,35.0026
30694.7,34.7785
30704.7,34.5542
30714.8,34.3274
30724.9,34.0994
30735,33.8713
30745,33.6502
30755.2,33.4258
30765.2,33.2019
30775.3,32.9838
30785.4,32.7581
30795.5,32.5318
30805.6,32.3023
30815.7,32.0836
30825.8,31.8651
30835.8,31.652
30845.9,31.4378
30856,31.2235
30866.1,31.0004
30876.2,30.7684
30886.3,30.5369
30896.4,30.3175
30906.5,30.1121
30916.5,29.9073
30926.6,29.7227
30936.7,29.5017
30946.8,29.2665
30956.9,29.0319
30967,28.7949
30977,28.5581
30987.1,28.3279
30997.2,28.1078
31007.3,27.8991
31017.4,27.691
31027.5,27.4697
31037.6,27.2512
31047.6,27.0332
31057.7,26.8248
31067.8,26.6307
31077.9,26.437
31088,26.2448
31098.1,26.0351
31108.1,25.8255
31118.2,25.6096
31128.3,25.407
31138.4,25.2047
31148.6,25.0161
31158.7,24.8295
31168.8,24.6442
31179.1,24.4475
31189.2,24.2392
31199.3,24.033
31209.5,23.8216
31219.7,23.6252
31229.8,23.4299
31240,23.254
31250.2,23.082
31260.3,22.9113
31270.5,22.7392
31280.6,22.5638
31290.7,22.3887
31300.9,22.2161
31311,22.0532
31321.1,21.8907
31331.3,21.7304
31341.5,21.5714
31351.6,21.4079
31361.8,21.2437
31371.9,21.07
31382,20.8992
31392.2,20.7273
31402.4,20.5642
31412.5,20.3948
31422.7,20.2242
31432.9,20.0525
31443,19.8857
31453.3,19.7169
31463.4,19.5427
31473.5,19.3637
31483.7,19.184
31493.9,19.015
31504,18.8543
31514.2,18.6929
31524.3,18.5386
31534.4,18.3766
31544.6,18.2141
31554.7,18.0411
31564.8,17.8646
31575,17.6875
31585.1,17.525
31595.2,17.3709
31605.5,17.2152
31615.7,17.0412
31625.8,16.8611
31636.2,16.6786
31646.3,16.4931
31656.4,16.3225
31666.6,16.1526
31676.7,15.9894
31686.8,15.8248
31697,15.6693
31707.1,15.5132
31717.2,15.3765
31727.4,15.2542
31737.6,15.1317
31747.7,15.0046
31757.8,14.8632
31768,14.7214
31778.1,14.5698
31788.2,14.4215
31798.4,14.2734
31808.5,14.1395
31818.7,14.0144
31828.8,13.8885
31839,13.7481
31849.2,13.596
31859.4,13.4444
31869.5,13.2962
31879.7,13.1585
31889.9,13.0213
31900,12.8873
31910.2,12.7448
31920.4,12.6028
31930.5,12.4584
31940.7,12.321
31950.8,12.1808
31960.9,12.0416
31971.1,11.89
31981.3,11.7382
31991.4,11.5866
32001.6,11.4434
32011.8,11.3092
32021.9,11.1761
32032.1,11.0418
32042.3,10.8937
32052.4,10.7471
32062.6,10.5973
32072.7,10.4526
32082.8,10.3092
32093,10.169
32103.2,10.0296
32113.3,9.89179
32123.5,9.75032
32133.6,9.59657
32143.7,9.44513
32153.9,9.28904
32164.1,9.13303
32174.2,8.97999
32184.4,8.82777
32194.6,8.67288
32204.7,8.52087
32214.9,8.37585
32225,8.24587
32235.2,8.11863
32245.4,7.99359
32255.5,7.86158
32265.6,7.73269
32275.8,7.60543
32285.9,7.48062
32296,7.35891
32306.2,7.23841
32316.4,7.12092
32326.5,7.0094
32336.6,6.89972
32346.8,6.80371
32356.9,6.71426
32367.1,6.62644
32377.3,6.54271
32387.4,6.45584
32397.6,6.37037
32407.8,6.28236
32417.8,6.19816
32428.1,6.11523
32438.2,6.04724
32448.3,5.99614
32458.5,5.94644
32468.7,5.89831
32478.8,5.85608
32489,5.81502
32499.1,5.76158
32509.2,5.70271
32519.4,5.64502
32529.6,5.59962
32539.7,5.5744
32549.9,5.56259
32560,5.55301
32570.1,5.5362
32580.3,5.52516
32590.5,5.51551
32600.6,5.51509
32610.8,5.52445
32620.9,5.53691
32631,5.55611
32641.2,5.5765
32651.4,5.60004
32661.5,5.62279
32671.7,-5.631
32681.8,-5.6435
32691.9,-5.64724
32702.1,-5.64405
32712.3,-5.6453
32722.4,-5.63586
32732.4,-5.62432
32742.5,-5.61568
32752.6,-5.61247
32762.7,-5.60912
32772.8,-5.60689
32783,-5.60479
32793.1,-5.59585
32803.3,-5.58815
32813.4,-5.58057
32823.5,-5.5751
32833.7,-5.56962
32843.9,-5.57004
32854,-5.57566
32864.2,-5.58212
32874.4,-5.58745
32884.5,-5.57959
32894.7,-5.56864
32904.9,-5.55822
32915,-5.55822
32925.2,-5.5661
32935.5,-5.5744
32945.6,-5.58394
32955.7,-5.57384
32965.9,-5.56413
32976,-5.53366
32986.1,-5.4909
32996.3,-5.44838
33006.4,-5.41494
33016.6,-5.40206
33026.7,-5.38914
33036.8,-5.38071
33047,-5.36307
33057.1,-5.34509
33067.2,-5.316
33077.4,-5.27683
33087.6,-5.23766
33097.7,-5.21519
33107.9,-5.22329
33118.1,-5.23153
33128.2,-5.25408
33138.4,-5.2703
33148.5,-5.26643
33158.6,-5.26257
33168.8,-5.24662
33179,-5.23063
33189.1,-5.22584
33199.3,-5.22029
33209.5,-5.20256
33219.6,-5.18508
33229.8,-5.17404
33239.9,-5.16268
33250,-5.15129
33260.2,-5.13485
33270.4,-5.12478
33280.5,-5.11484
33290.7,-5.11101
33300.8,-5.12463
33310.9,-5.1379
33321.2,-5.15934
33331.3,-5.16056
33341.4,-5.16177
33351.6,-5.15448
33361.8,-5.14795
33371.9,-5.1414
33382.1,-5.14186
33392.3,-5.14688
33402.4,-5.15205
33412.6,-5.1519
33422.7,-5.15646
33432.8,-5.16101
33443.1,-5.17283
33453.3,-5.18206
33463.4,-5.19126
33473.5,-5.18538
33483.7,-5.18281
33493.8,-5.19579
33504,-5.20888
33514.1,-5.22434
33524.2,-5.23183
33534.4,-5.2393
33544.6,-5.23422
33554.7,-5.21984
33564.8,-5.20512
33575,-5.19217
33585.1,-5.18508
33595.3,-5.17797
33605.5,-5.17329
33615.6,-5.17344
33625.8,-5.17359
33636,-5.18523
33646.1,-5.20136
33656.3,-5.21774
33666.5,-5.22853
33676.6,-5.22539
33686.7,-5.22224
33696.9,-5.20602
33707,-5.19066
33717.2,-5.17525
33727.4,-5.17041
33737.5,-5.17207
33747.6,-5.17389
33757.8,-5.16905
33767.9,-5.1557
33778,-5.14247
33788.2,-5.12738
33798.3,-5.12295
33808.5,-5.12783
33818.6,-5.13241
33828.8,-5.12692
33839,-5.12157
33849.1,-5.10795
33859.2,-5.09674
33869.4,-5.09275
33879.6,-5.08906
33889.7,-5.08444
33899.9,-5.07859
33910,-5.07303
33920.1,-5.07473
33930.3,-5.07689
33940.5,-5.07905
33950.5,-5.0829
33960.7,-5.08506
33970.8,-5.08706
33980.9,-5.07612
33991.2,-5.06005
34001.4,-5.04424
34011.5,-5.04828
34021.6,-5.08644
34031.8,-5.12493
34041.9,-5.16783
34055.6,-5.1979
34065.9,-5.20738
34076.1,-5.21684
34086.2,-5.22164
34096.4,-5.22074
34106.5,-5.22014
34116.7,-5.22823
34126.8,-5.24603
34137,-5.26376
34147.2,-5.28291
34157.3,-5.30052
34167.5,-5.31851
34177.7,-5.33086
34187.8,-5.31821
34197.9,-5.30568
34208.1,-5.27223
34218.3,-5.23706
34228.4,-5.23257
34238.6,-5.22808
34248.7,-5.25482
34258.8,-5.27802
34269,-5.3017
34279.2,-5.29948
34289.3,-5.27371
34299.5,-5.24811
34309.7,-5.22419
34319.9,-5.22194
34330.1,-5.21984
34340.2,-5.23198
34350.3,-5.2414
34360.5,-5.25065
34370.7,-5.24035
34380.8,-5.1988
34390.9,-5.15767
34401,-5.09751
34411.1,-5.04859
34421.2,-4.9995
34431.3,-4.98429
34441.5,-4.9879
34451.6,-4.99213
34461.7,-4.99746
34471.8,-4.99887
34481.9,-5.00075
34492,-5.01029
34502.2,-5.03057
34512.3,-5.06438
34522.3,-5.09936
34532.5,-5.15995
34542.6,-5.22269
34552.7,-5.2946
34562.8,-5.36366
34572.9,-5.41552
34583,-5.46818
34593.2,-5.49973
34603.3,-5.50158
34613.4,-5.50358
34623.5,-5.48162
34633.6,-5.46589
34643.7,-5.44997
34653.9,-5.47018
34664,-5.51083
34674.1,-5.55188
34684.2,-5.58674
34694.3,-5.59137
34704.4,-5.59641
34714.5,-5.57861
34724.6,-5.56962
34734.7,-5.56076
34744.9,-5.57749
34755,-5.61108
34765.1,-5.64489
34775.2,-5.67477
34785.3,-5.68869
34795.4,-5.70243
34805.5,-5.69859
34815.6,-5.68745
34825.7,-5.6767
34835.8,-5.67118
34845.9,-5.67601
34856,-5.68125
34866.1,-5.6902
34876.2,-5.71176
34886.3,-5.74307
34896.5,-5.77489
34906.6,-5.78275
34916.6,-5.76471
34926.8,-5.74702
34936.9,-5.72354
34947,-5.71464
34957.2,-5.70641
34967.3,-5.70738
34977.4,5.71492
34987.5,5.72395
34997.6,5.72163
35007.7,5.70875
35017.8,5.699
35027.8,5.69213
35037.9,5.69433
35048,5.69886
35058,5.70436
35068.1,5.72833
35078.2,5.75397
35088.3,5.77936
35098.4,5.79857
35108.5,5.81946
35118.5,5.86703
35128.6,5.94328
35138.7,6.02142
35148.8,6.08519
35158.9,6.10344
35169,6.12508
35179,6.13134
35189.1,6.16026
35199.2,6.19259
35209.3,6.25863
35219.4,6.33239
35229.5,6.40824
35239.5,6.48296
35249.6,6.55073
35259.7,6.62148
35269.8,6.69978
35279.9,6.79288
35290,6.88757
35300.1,6.9703
35310.3,7.03906
35320.5,7.10903
35330.6,7.18225
35340.8,7.26928
35351.1,7.35859
35361.2,7.44347
35371.4,7.49673
35381.5,7.55232
35391.6,7.59575
35401.8,7.67208
35412,7.79896
35422.1,7.92618
35432.3,8.06665
35442.5,8.18321
35452.6,8.30041
35462.8,8.39211
35472.9,8.48097
35483,8.57093
35493.2,8.66944
35503.4,8.78533
35513.5,8.90227
35523.7,9.04121
35533.9,9.18905
35544,9.33675
35554.2,9.47023
35564.4,9.59158
35574.5,9.71376
35584.7,9.84263
35594.8,9.98813
35604.9,10.1346
35615.1,10.2881
35625.2,10.4473
35635.3,10.6073
35645.6,10.7613
35655.7,10.9038
35665.8,11.042
35676,11.1814
35686.2,11.3234
35696.3,11.4663
35706.5,11.6119
35716.6,11.7719
35726.7,11.9452
35736.9,12.1194
35747.1,12.2984
35757.2,12.4884
35767.4,12.6801
35777.6,12.8785
35787.7,13.0629
35797.9,13.249
35808.1,13.4318
35818.2,13.6192
35828.4,13.8079
35838.5,14.0001
35848.6,14.1783
35858.8,14.3581
35869,14.522
35879.1,14.6852
35889.3,14.85
35899.5,15.0269
35909.6,15.2166
35919.8,15.4078
35930,15.6058
35940.1,15.7947
35950.3,15.9851
35960.5,16.1757
35970.6,16.3767
35980.7,16.5832
35990.9,16.79
36001,16.9997
36011.1,17.2128
36021.3,17.4268
36031.4,17.6268
36041.5,17.8206
36051.7,18.0154
36061.8,18.2289
36072,18.4587
36082.2,18.6901
36092.3,18.9328
36102.5,19.1761
36112.7,19.4205
36122.8,19.621
36132.9,19.8034
36143.1,19.9865
36153.2,20.1949
36163.4,20.4306
36173.6,20.6666
36183.7,20.9018
36193.9,21.1361
36204,21.3702
36214.1,21.5866
36224.3,21.7821
36234.5,21.9781
36244.6,22.1538
36254.8,22.3437
36265.1,22.5351
36275.2,22.7405
36285.5,22.9577
36295.7,23.1474
36305.8,23.3367
36315.9,23.5117
36326.1,23.6815
36336.2,23.8511
36346.4,24.018
36356.5,24.1924
36366.6,24.3663
36376.8,24.5444
36386.9,24.7153
36397.1,24.8857
36407.3,25.06
36417.5,25.2271
36427.6,25.3932
36437.8,25.5527
36447.9,25.718
36458.1,25.8829
36468.3,26.0531
36478.4,26.2334
36488.5,26.4134
36498.7,26.609
36508.9,26.8005
36519,26.9916
36529.2,27.1699
36539.4,27.3325
36549.5,27.4901
36559.7,27.6485
36569.8,27.8098
36579.9,27.981
36590.1,28.1532
36600.3,28.3349
36610.4,28.5098
36620.6,28.6857
36630.8,28.8545
36640.9,29.0255
36651.1,29.1974
36661.3,29.3976
36671.4,29.5964
36681.5,29.7959
36691.7,29.9657
36701.8,30.1493
36712,30.3331
36722.1,30.5009
36732.3,30.6738
36742.5,30.848
36752.6,31.0406
36762.8,31.2443
36773,31.449
36783.1,31.6394
36793.3,31.8122
36803.5,31.9858
36813.7,32.1511
36823.8,32.3258
36834,32.5013
36844.1,32.6725
36854.2,32.8392
36864.4,33.0081
36874.5,33.1776
36884.6,33.3351
36894.8,33.4882
36904.9,33.6417
36915,33.7839
36925.2,33.9207
36935.4,34.0586
36945.5,34.1846
36955.6,34.3239
36965.8,34.4636
36975.9,34.6155
36986,34.7778
36996.2,34.9409
37006.3,35.1164
37016.5,35.3013
37026.6,35.4862
37036.7,35.6506
37046.9,35.7941
37057.1,35.9379
37067.2,36.0778
37077.4,36.2345
37087.6,36.3904
37097.7,36.5539
37107.9,36.7176
37118.1,36.8814
37128.2,37.0314
37138.3,37.1763
37148.5,37.3212
37158.6,37.4784
37168.8,37.6437
37179.1,37.81
37189.2,37.9713
37199.4,38.1131
37209.5,38.2496
37219.6,38.3858
37229.8,38.5456
37240,38.7079
37250.1,38.8701
37260.3,39.0249
37270.4,39.1665
37280.6,39.3083
37290.7,39.4576
37300.9,39.6167
37311,39.7759
37321.3,39.9503
37331.4,40.138
37341.5,40.3251
37351.7,40.5077
37361.9,40.6907
37372,40.8726
37382.2,41.0741
37392.3,41.2717
37402.4,41.4685
37412.6,41.6445
37422.8,41.8158
37432.9,41.9873
37443.1,42.1708
37453.2,42.3751
37463.3,42.599
37473.5,42.8237
37483.7,43.0348
37493.8,43.245
37504,43.4492
37514.1,43.6593
37524.2,43.8745
37534.5,44.091
37544.6,44.3151
37554.7,44.53
37564.9,44.7463
37575.1,44.9528
37585.2,45.1741
37595.5,45.3967
37605.6,45.6319
37615.7,45.8627
37625.9,46.0937
37636,46.3153
37646.1,46.5219
37656.3,46.7288
37666.5,46.926
37676.6,47.1152
37686.8,47.3059
37697,47.4937
37707.1,47.6826
37717.3,47.8729
37727.5,48.0698
37737.6,48.2635
37747.7,48.4572
37757.9,48.628
37768,48.7683
37778.1,48.9088
37788.3,49.0517
37798.4,49.2506
37808.6,49.4726
37818.7,49.6954
37828.8,49.8892
37839,50.0568
37849.2,50.2251
37859.3,50.3958
37869.5,50.5736
37879.7,50.7515
37889.8,50.9314
37900,51.1257
37910.2,51.3197
37920.3,51.5202
37930.5,51.7068
37940.7,51.8934
37950.8,52.0581
37961,52.2109
37971.1,52.3639
37981.2,52.5368
37991.4,52.7308
38001.6,52.9241
38011.7,53.1198
38021.9,53.2945
38032,53.469
38042.1,53.6343
38052.3,53.8217
38062.5,54.0096
38072.6,54.2161
38082.8,54.4226
38093,54.629
38103.1,54.8039
38113.3,54.9522
38123.5,55.1041
38133.6,55.2558
38143.7,55.4279
38153.9,55.6022
38164,55.7763
38174.2,55.9335
38184.3,56.0695
38194.4,56.2054
38204.6,56.3387
38214.8,56.4694
38224.9,56.5999
38235.1,56.7409
38245.2,56.8989
38255.3,57.056
38265.6,57.2404
38275.8,57.4314
38285.9,57.6217
38296,57.7969
38306.2,57.9604
38316.3,58.1239
38326.4,58.2915
38336.6,58.47
38346.7,58.6479
38356.8,58.8383
38367,59.0285
38377.1,59.2183
38387.3,59.3944
38397.5,59.5412
38407.6,59.698
38417.8,59.8555
38427.9,60.0316
38438,60.223
38448.2,60.4157
38458.4,60.6003
38468.5,60.754
38478.7,60.9085
38488.9,61.0455
38499,61.1892
38509.2,61.3344
38519.4,61.4851
38529.5,61.6309
38539.7,61.7775
38549.8,61.9227
38559.9,62.0687
38570.2,62.216
38580.3,62.3604
38590.4,62.4946
38600.6,62.6297
38610.8,62.7627
38620.9,62.91
38631,63.057
38641.1,63.2185
38651.1,63.3851
38661.2,63.5521
38671.3,63.7079
38681.4,63.8716
38691.5,64.0357
38701.6,64.214
38711.6,64.3806
38721.7,64.5476
38731.8,64.6916
38741.9,64.8299
38752,64.9686
38762.1,65.1166
38772.1,65.2824
38782.2,65.4493
38792.3,65.6161
38802.4,65.7746
38812.5,65.9334
38822.6,66.0791
38832.6,66.2233
38842.7,66.3808
38852.8,66.5383
38862.9,66.6981
38873,66.842
38883.1,66.986
38893.1,67.1128
38903.2,67.2418
38913.3,67.3709
38923.4,67.506
38933.5,67.6357
38943.5,67.7655
38953.6,67.8766
38963.7,67.9745
38973.8,68.0729
38983.9,68.1842
38994,68.331
39004.1,68.4778
39014.1,68.642
39024.2,68.7971
39034.4,68.9524
39044.5,69.0766
39054.6,69.1713
39064.8,69.2658
39074.8,69.3647
39085,69.4875
39095.1,69.61
39105.1,69.7399
39115.3,69.8676
39125.4,69.9953
39135.5,70.1019
39145.6,70.212
39155.8,70.3219
39165.9,70.4336
39176.1,70.5579
39186.2,70.6803
39196.3,70.8019
39206.5,70.9388
39216.7,71.0776
39226.8,71.2158
39237,71.3358
39247.1,71.4415
39257.2,71.5468
39267.4,71.6588
39277.6,71.8036
39287.7,71.9479
39297.9,72.1015
39308.1,72.2303
39318.2,72.3582
39328.4,72.4619
39338.6,72.5635
39348.7,72.6647
39358.9,72.7869
39369,72.9153
39379.1,73.0433
39389.3,73.1494
39399.5,73.2405
39409.6,73.3315
39419.8,73.4426
39429.9,73.5828
39440.1,73.7224
39450.3,73.8804
39460.5,74.0327
39470.6,74.1842
39480.8,74.331
39491,74.4665
39501.1,74.6013
39511.4,74.7356
39521.5,74.8678
39531.6,74.9865
39541.8,75.1058
39552,75.2291
39562.1,75.358
39572.3,75.4879
39582.5,75.6222
39592.6,75.7722
39602.8,75.9229
39612.9,76.0706
39623.1,76.2029
39633.3,76.3365
39643.5,76.4533
39653.6,76.5732
39663.8,76.6937
39673.9,76.8227
39684.1,76.9463
39694.3,77.071
39704.5,77.1879
39714.6,77.307
39724.8,77.4267
39734.9,77.5613
39745,77.7111
39755.2,77.8622
39765.5,78.0066
39775.6,78.148
39785.8,78.2891
39796.1,78.4241
39806.2,78.5739
39816.3,78.7324
39826.5,78.8911
39836.6,79.0395
39846.8,79.1713
39857,79.3032
39867.1,79.4243
39877.3,79.5509
39887.5,79.6775
39897.6,79.8131
39907.7,79.9603
39917.9,80.1082
39928,80.2508
39938.2,80.372
39948.4,80.4926
39958.5,80.6038
39968.7,80.7242
39978.9,80.844
39989,80.9768
39999.2,81.1156
40009.4,81.2534
40019.5,81.3916
40029.7,81.5241
40039.8,81.6466
40049.9,81.7687
40060.1,81.9038
40070.3,82.0269
40080.5,82.1493
40090.7,82.2626
40100.8,82.3761
40110.9,82.4892
40121.2,82.6174
40131.4,82.7595
40141.5,82.9007
40151.7,83.0493
40161.8,83.181
40171.9,83.3123
40182.1,83.4144
40192.3,83.5149
40202.4,83.6151
40212.6,83.7216
40222.7,83.8209
40232.8,83.9198
40243,83.9985
40253.1,84.0688
40263.2,84.1389
40273.4,84.2186
40283.6,84.2934
40293.7,84.3679
40304,84.453
40314.1,84.5457
40324.2,84.6376
40334.4,84.7337
40344.6,84.8124
40354.7,84.8909
40364.9,84.9651
40375.1,85.0474
40385.2,85.1236
40395.3,85.2001
40405.5,85.26
40415.6,85.3053
40425.8,85.3508
40435.9,85.3917
40446.1,85.4582
40456.3,85.5252
40466.4,85.6004
40476.5,85.6653
40486.7,85.7305
40496.9,85.7914
40507,85.8528
40517.3,85.9147
40527.5,85.9944
40537.6,86.0859
40547.8,86.1777
40557.9,86.2672
40568.1,86.3485
40578.3,86.4304
40588.4,86.5046
40598.5,86.5845
40608.7,86.6649
40618.9,86.7624
40629,86.8753
40639.2,86.9894
40649.4,87.0965
40659.6,87.1859
40669.8,87.2761
40680,87.3551
40690.1,87.4313
40700.3,87.5225
40710.4,87.6133
40720.5,87.7002
40730.7,87.7899
40740.9,87.8795
40751,87.9562
40761.2,88.0289
40771.4,88.1012
40781.7,88.1814
40791.9,88.2652
40802.1,88.349
40812.2,88.402
40822.4,88.4507
40832.6,88.4994
40842.7,88.5478
40852.9,88.614
40863.1,88.6801
40873.2,88.7513
40883.4,88.8073
40893.5,88.8633
40903.6,88.9003
40913.8,88.9393
40924,88.9808
40934.1,89.0221
40944.3,89.0608
40954.5,89.0816
40964.6,89.1022
40974.8,89.0974
40985,89.0813
40995.1,89.0653
41005.3,89.0471
41015.5,89.0319
41025.6,89.0169
41035.7,89.0125
41045.9,89.0215
41056,89.0304
41066.2,89.0444
41076.3,89.0409
41086.4,89.0374
41096.6,89.0235
41106.8,89.0077
41117,88.9921
41127.2,88.9984
41137.4,89.0039
41147.5,89.0094
41157.7,89.0019
41167.9,88.9715
41178,88.9413
41188.2,88.9165
41198.4,88.9067
41208.5,88.9015
41218.7,88.8962
41228.8,88.8883
41238.9,88.8753
41249.2,88.8622
41259.4,88.8384
41269.5,88.831
41279.7,88.8237
41289.9,88.8396
41300,88.8506
41310.2,88.8616
41320.4,88.8642
41330.5,88.8592
41340.7,88.8542
41350.8,88.8515
41361,88.8461
41371.2,88.8406
41381.4,88.8404
41391.5,88.8326
41401.7,88.8248
41411.8,88.8137
41421.9,88.8045
41432.2,88.7951
41442.4,88.7933
41452.5,88.7952
41462.7,88.7971
41472.9,88.7997
41483,88.7981
41493.2,88.7965
41503.4,88.7795
41513.5,88.7598
41523.6,88.7541
41533.8,88.7485
41543.9,88.7505
41554.1,88.7485
41565.5,88.7463
41575.7,88.7441
41585.8,88.7364
41596,88.7288
41606.1,88.722
41616.3,88.714
41626.5,88.7059
41636.6,88.7032
41646.7,88.6953
41656.9,88.6873
41667,88.6756
41677.2,88.6695
41687.4,88.6635
41697.5,88.6591
41707.7,88.6509
41717.8,88.6478
41727.9,88.6446
41738.1,88.6435
41748.3,88.6526
41758.4,88.6617
41768.6,88.6649
41778.8,88.6612
41788.9,88.6574
41799.1,88.6544
41809.2,88.6478
41819.3,88.6412
41829.6,88.6426
41839.7,88.6367
41849.8,88.6308
41860.1,88.6213
41870.2,88.6132
41880.3,88.6052
41890.5,88.5958
41900.6,88.5902
41910.8,88.5845
41921,88.5862
41931.1,88.5823
41941.2,88.5784
41951.4,88.5708
41961.6,88.5637
41971.6,88.5567
41981.9,88.5471
41992,88.5413
42002.1,88.5356
42012.3,88.5327
42022.5,88.5356
42032.6,88.5384
42042.8,88.5333
42053,88.5231
42063.1,88.522
42073.3,88.5209
42083.5,88.5282
42093.6,88.5414
42103.8,88.5546
42113.9,88.5608
42124,88.5615
42134.2,88.5621
42144.4,88.5672
42154.5,88.5683
42164.7,88.5694
42174.9,88.5701
42185,88.5673
42195.2,88.5644
42205.4,88.566
42215.5,88.5794
42225.7,88.5927
42235.9,88.6038
42246,88.6098
42256.1,88.6158
42266.3,88.6267
42276.4,88.6447
42286.6,88.6628
42296.8,88.6766
42306.9,88.6829
42317,88.684
42327.2,88.6852
42337.3,88.7006
42347.5,88.7161
42357.6,88.7316
42367.7,88.744
42377.8,88.7435
42387.9,88.7429
42398,88.735
42408.1,88.7295
42418.1,88.724
42428.2,88.7277
42438.3,88.74
42448.4,88.7523
42458.5,88.7691
42468.6,88.7813
42478.6,88.7936
42488.7,88.7856
42498.8,88.7597
42508.9,88.7339
42519,88.7075
42529.1,88.6909
42539.2,88.6742
42549.2,88.67
42559.3,88.6609
42569.4,88.6518
42579.5,88.6275
42589.6,88.6115
42599.7,88.5955
42609.8,88.5935
42619.9,88.5923
42629.9,88.5911
42640,88.5779
42650.1,88.558
42660.2,88.538
42670.3,88.5176
42680.5,88.5024
42690.7,88.4872
42700.8,88.4722
42711,88.468
42721.1,88.4562
42731.2,88.4444
42741.4,88.4235
42751.6,88.3881
42761.7,88.3528
42771.9,88.3312
42782,88.321
42792.1,88.311
42802.3,88.2974
42812.5,88.2755
42822.6,88.2537
42832.8,88.2268
42843,88.2057
42853.1,88.1848
42863.3,88.1849
42873.5,88.1989
42883.6,88.2129
42893.8,88.2232
42903.9,88.2291
42914,88.235
42924.2,88.2279
42934.4,88.2339
42944.5,88.2398
42954.7,88.2554
42964.8,88.2728
42974.9,88.2902
42985.2,88.3038
42995.3,88.2972
43005.5,88.2907
43015.6,88.2801
43025.8,88.2867
43035.9,88.2933
43046.1,88.3064
43056.3,88.3114
43066.5,88.3165
43076.7,88.3208
43086.8,88.3221
43096.9,88.316
43107.1,88.31
43117.3,88.3137
43127.4,88.3183
43137.6,88.323
43147.7,88.3328
43157.8,88.3337
43168,88.3347
43178.2,88.328
43188.3,88.3165
43198.6,88.3048
43208.7,88.3014
43218.9,88.295
43229.1,88.2887
43239.2,88.2815
43249.4,88.27
43259.5,88.2584
43269.7,88.2453
43279.8,88.2269
43290,88.2084
43300.2,88.1971
43310.3,88.1895
43320.5,88.1819
43330.6,88.1717
43340.8,88.1686
43350.9,88.1639
43361.1,88.1591
43371.2,88.1518
43381.4,88.1355
43391.5,88.1191
43401.6,88.1107
43411.8,88.0985
43421.9,88.0864
43432.1,88.0832
43442.2,88.0821
43452.4,88.0811
43462.5,88.0828
43472.7,88.0718
43482.9,88.0608
43493,88.0562
43503.2,88.0461
43513.4,88.0359
43523.5,88.0137
43533.7,87.9961
43543.9,87.9784
43554,87.9681
43564.2,87.9579
43574.4,87.9477
43584.5,87.926
43594.7,87.8996
43604.8,87.8732
43614.9,87.8535
43625.2,87.858
43635.3,87.857
43645.4,87.8559
43655.6,87.8313
43665.8,87.8067
43675.9,87.7698
43686,87.7412
43696.2,87.7233
43706.3,87.7057
43716.5,87.677
43726.6,87.6458
43736.7,87.6148
43746.9,87.5914
43757,87.5706
43767.2,87.5497
43777.4,87.5351
43787.6,87.5056
43797.7,87.4761
43807.8,87.4364
43818,87.3986
43828.1,87.361
43838.3,87.3172
43848.4,87.2678
43858.6,87.2186
43868.8,87.1692
43878.9,87.1226
43889,87.0762
43899.2,87.0461
43909.4,87.0249
43919.5,87.0039
43929.7,86.9868
43939.9,86.9716
43950,86.9564
43960.2,86.9347
43970.4,86.9017
43980.5,86.8443
43990.7,86.7866
44000.8,86.7171
44011,86.6342
44021.2,86.5503
44031.4,86.4793
44041.5,86.4154
44051.8,86.3512
44062,86.2709
44072.3,86.1787
44082.6,86.0873
44092.9,86.0091
44103,85.9428
44113.2,85.8763
44123.4,85.8176
44133.5,85.7376
44143.7,85.6573
44153.8,85.5577
44163.9,85.4613
44174.2,85.3642
44184.3,85.2812
44194.4,85.2027
44204.8,85.123
44214.9,85.0209
44225.1,84.9027
44235.2,84.7871
44245.4,84.6717
44255.6,84.5672
44265.7,84.4634
44275.8,84.361
44285.9,84.2459
44296.1,84.1219
44306.3,83.9979
44316.4,83.8799
44326.5,83.7814
44336.7,83.6826
44346.8,83.5802
44357,83.4594
44367.1,83.3389
44377.3,83.2116
44387.5,83.0944
44397.7,82.9775
44407.8,82.8635
44418,82.7338
44428.1,82.604
44438.2,82.4579
44448.4,82.3181
44458.6,82.1783
44468.7,82.0591
44478.9,81.9383
44489,81.8174
44499.2,81.6839
44509.4,81.5399
44519.5,81.4056
44529.6,81.2718
44539.9,81.1576
44550,81.0554
44560.1,80.9537
44570.3,80.8347
44580.5,80.7006
44590.6,80.5673
44600.8,80.4467
44610.9,80.3457
44621.1,80.2451
44631.3,80.1391
44641.4,80.0156
44651.5,79.8927
44661.7,79.7491
44671.9,79.5903
44682,79.432
44692.2,79.2514
44702.4,79.0679
44712.5,78.8849
44722.7,78.7042
44732.8,78.5253
44743,78.3471
44753.2,78.1929
44763.4,78.0362
44773.5,77.8805
44783.7,77.7341
44793.8,77.6059
44803.9,77.4742
44814.1,77.3418
44824.3,77.1916
44834.4,77.0429
44844.6,76.8935
44854.8,76.7517
44864.9,76.5964
44875.1,76.4399
44885.3,76.2694
44895.4,76.0972
44905.6,75.9236
44915.8,75.7612
44926,75.5996
44936.2,75.4393
44946.3,75.273
44956.4,75.102
44966.6,74.9306
44976.8,74.766
44987,74.6137
44997.2,74.462
45007.4,74.2965
45017.5,74.1302
45027.7,73.963
45037.9,73.8022
45048,73.6511
45058.3,73.4975
45068.5,73.3478
45078.6,73.1901
45088.7,73.0322
45098.9,72.8648
45109,72.7141
45119.2,72.5818
45129.3,72.4492
45139.4,72.3232
45149.6,72.1565
45159.8,71.9898
45169.9,71.799
45180.1,71.6232
45190.2,71.4471
45200.3,71.3027
45210.6,71.1841
45220.7,71.0652
45230.8,70.9263
45241.1,70.7656
45251.2,70.6048
45261.4,70.4427
45271.6,70.2785
45281.7,70.1143
45291.8,69.9312
45302,69.7306
45312.2,69.5301
45322.3,69.341
45332.5,69.1933
45342.7,69.0457
45352.8,68.9173
45362.9,68.7792
45373.1,68.6409
45383.3,68.4835
45393.5,68.3143
45403.7,68.1451
45413.8,67.9949
45424.1,67.8585
45434.2,67.717
45444.3,67.5766
45454.5,67.4317
45464.6,67.286
45474.8,67.1406
45485,67.0046
45495.1,66.8503
45505.2,66.6969
45515.5,66.5096
45525.6,66.3228
45535.7,66.1381
45545.9,65.9961
45556.1,65.8799
45566.2,65.7647
45576.4,65.6363
45586.5,65.4829
45596.6,65.3301
45606.8,65.1685
45617,65.0016
45627.1,64.8352
45637.3,64.6653
45647.5,64.5061
45657.6,64.3478
45667.8,64.2027
45677.9,64.0454
45688,63.8715
45698.2,63.6964
45708.4,63.5081
45718.5,63.3243
45728.6,63.1404
45738.8,62.9749
45748.9,62.8194
45759.1,62.663
45769.3,62.5035
45779.4,62.3361
45789.6,62.1678
45799.8,61.9959
45809.9,61.8179
45820.1,61.6389
45830.2,61.4447
45840.3,61.2425
45850.5,61.0396
45860.7,60.8351
45870.8,60.6322
45881,60.4282
45891.2,60.2281
45901.3,60.0218
45911.4,59.8157
45921.5,59.6048
45931.6,59.395
45941.7,59.1841
45951.8,58.9817
45961.9,58.7714
45972,58.5593
45982.2,58.3337
45992.2,58.1061
46002.5,57.8747
46012.6,57.6428
46022.6,57.4203
46032.8,57.1835
46042.8,56.9468
46052.9,56.6985
46063,56.4611
46073.1,56.2236
46083.2,56.0008
46093.4,55.7747
46103.5,55.5516
46113.6,55.3126
46123.7,55.0582
46133.8,54.8047
46143.9,54.5547
46154,54.3307
46164,54.1067
46174.1,53.9
46184.2,53.6942
46194.3,53.4889
46204.4,53.2768
46214.6,53.0593
46224.8,52.8416
46234.9,52.6194
46245.1,52.3856
46255.2,52.1512
46265.3,51.9224
46275.6,51.7231
46285.8,51.5247
46295.9,51.3735
46306,51.23
46316.2,51.0866
46326.3,50.9007
46336.5,50.6892
46346.7,50.4776
46356.8,50.2526
46367,50.0433
46377.1,49.8347
46387.2,49.6239
46397.4,49.4073
46407.6,49.2038
46417.7,49.0011
46427.8,48.8121
46438,48.6213
46448.1,48.4311
46458.3,48.2299
46468.4,48.0266
46478.5,47.824
46488.7,47.6517
46498.9,47.4808
46509,47.3105
46519.2,47.1098
46529.3,46.9003
46539.4,46.6917
46549.6,46.5035
46559.8,46.3367
46569.9,46.1709
46580.1,45.9869
46590.2,45.7702
46600.3,45.5542
46610.5,45.3319
46620.7,45.1308
46630.8,44.9359
46641,44.7397
46651.1,44.5275
46661.2,44.3158
46671.4,44.0869
46681.6,43.855
46691.7,43.639
46701.9,43.422
46712.1,43.1883
46722.2,42.9308
46732.4,42.6724
46742.5,42.4251
46752.6,42.1962
46762.8,41.9659
46773,41.7386
46783.1,41.4672
46793.3,41.1945
46803.5,40.9029
46813.6,40.6144
46823.8,40.3244
46833.9,40.0495
46844,39.7742
46854.2,39.4972
46864.4,39.2313
46874.5,38.995
46884.7,38.7586
46894.9,38.5125
46905,38.2412
46915.2,37.968
46925.4,37.7001
46935.5,37.4688
46945.7,37.2384
46955.9,37.0528
46966,36.8651
46976.2,36.6768
46986.3,36.4368
46996.4,36.1659
47006.6,35.9215
47016.8,35.6763
47026.9,35.4623
47037.1,35.2663
47047.2,35.0699
47057.3,34.8562
47067.5,34.627
47077.7,34.3981
47087.8,34.1853
47098,33.9878
47108.2,33.7909
47118.2,33.6039
47128.4,33.4158
47138.6,33.2276
47148.7,33.0523
47158.9,32.8926
47169.1,32.733
47179.2,32.5745
47189.4,32.3861
47199.6,32.1979
47209.7,31.9817
47219.9,31.7788
47230,31.5763
47240.1,31.3977
47250.3,31.2235
47260.5,31.039
47270.6,30.8553
47280.8,30.6715
47290.9,30.5169
47301,30.3628
47311.2,30.2318
47321.4,30.086
47331.5,29.9409
47341.7,29.7618
47351.8,29.5776
47361.9,29.3941
47372.1,29.221
47382.3,29.0479
47392.4,28.8753
47402.6,28.6754
47412.7,28.4534
47422.8,28.2321
47433,28.0082
47443.2,27.8048
47453.3,27.6026
47463.5,27.4032
47473.6,27.1896
47483.7,26.9768
47493.9,26.7602
47504,26.5643
47514.1,26.3689
47524.3,26.2003
47534.5,26.0472
47544.6,25.8952
47554.8,25.7212
47564.9,25.5343
47575.1,25.3477
47585.3,25.1665
47595.5,25.013
47605.6,24.8951
47615.7,24.7776
47625.9,24.6589
47636,24.5408
47646.2,24.4067
47656.3,24.2668
47666.4,24.1271
47676.6,23.9873
47686.8,23.843
47696.9,23.6616
47707.1,23.4796
47717.2,23.2702
47727.4,23.0545
47737.6,22.8379
47747.7,22.6515
47757.8,22.474
47768,22.2962
47778.2,22.1083
47788.3,21.903
47798.5,21.6966
47808.6,21.4868
47818.7,21.2935
47828.9,21.099
47839.1,20.9037
47849.2,20.7041
47859.4,20.5037
47869.6,20.3172
47879.7,20.1287
47889.9,19.9178
47900,19.7069
47910.1,19.4868
47920.3,19.2779
47930.5,19.0686
47940.6,18.873
47950.7,18.6929
47960.9,18.5133
47971,18.3251
47981.2,18.1215
47991.3,17.9179
48001.5,17.7028
48011.7,17.5115
48021.8,17.3204
48031.9,17.1556
48042.1,17.0104
48052.3,16.8655
48062.4,16.7077
48072.6,16.5127
48082.8,16.3174
48092.9,16.1042
48103.1,15.9001
48113.2,15.6965
48123.4,15.528
48133.6,15.3795
48143.7,15.2313
48153.8,15.0686
48164,14.8966
48174.2,14.7248
48184.3,14.5614
48194.5,14.4096
48204.7,14.2585
48214.8,14.117
48225,13.9856
48235.1,13.8733
48245.2,13.7623
48255.5,13.6605
48265.7,13.5224
48275.8,13.3857
48285.9,13.1712
48296.1,12.9916
48306.2,12.8126
48316.4,12.6288
48326.5,12.4569
48336.6,12.286
48346.8,12.119
48357,11.957
48367.1,11.7966
48377.3,11.6439
48387.4,11.5016
48397.5,11.3607
48407.7,11.2004
48417.9,11.0396
48428,10.8801
48438.2,10.7462
48448.4,10.6057
48458.5,10.4666
48468.7,10.2713
48478.8,10.0731
48488.9,9.91078
48499.1,9.7479
48509.3,9.61451
48519.4,9.48305
48529.6,9.35527
48539.8,9.21145
48549.9,9.0612
48560.1,8.91063
48570.2,8.76203
48580.4,8.63268
48590.6,8.50311
48600.7,8.37706
48610.8,8.249
48621,8.12104
48631.2,7.98535
48641.3,7.84672
48651.5,7.70804
48661.7,7.56413
48671.8,7.40951
48682,7.25462
48692.2,7.10154
48702.3,6.95906
48712.5,6.81601
48722.6,6.68644
48732.8,6.57721
48743,6.46832
48753.1,6.35473
48763.2,6.23092
48773.5,6.10703
48783.6,5.98385
48793.7,5.86489
48803.9,5.74675
48814.1,5.64058
48824.2,5.55822
48834.4,5.47748
48844.5,5.40959
48854.6,5.31011
48864.8,5.19413
48875,5.08028
48885.1,4.98806
48895.3,4.95419
48905.5,4.92487
48915.6,4.91676
48925.8,4.86215
48935.9,4.81051
48946,4.67214
48956.2,4.50754
48966.4,4.34572
48976.5,4.24714
48986.7,4.2405
48996.8,4.23884
49006.9,4.28786
49017.1,4.31788
49027.3,4.35202
49037.5,4.32151
49047.7,4.25174
49057.8,4.18456
49068,4.1415
49078.2,4.16167
49088.4,4.18456
49098.6,4.24179
49108.8,4.2864
49118.9,-4.28732
49129.1,-4.29188
49139.2,-4.28074
49149.4,-4.29571
49159.5,-4.31335
49169.6,-4.33399
49179.7,-4.36674
49189.7,-4.40156
49199.9,-4.46969
49210,-4.54731
49220.2,-4.62685
49230.3,-4.66577
49240.4,-4.6775
49250.6,-4.6907
49260.9,-4.72662
49271,-4.80335
49281.1,-4.8808
49291.5,-4.95166
49301.6,-4.9846
49311.7,-5.01795
49322,-5.03321
49332.2,-5.05634
49342.3,-5.07997
49352.5,-5.12172
49362.6,-5.17071
49372.7,-5.19172
49382.9,-5.21294
49393,-5.22014
49403.1,-5.21609
49413.3,-5.21219
49423.4,-5.21339
49433.6,-5.23108
49443.8,-5.24901
49453.8,-5.27431
49464,-5.29712
49474.1,-5.31998
49484.2,-5.32733
49494.3,-5.31968
49504.4,-5.31188
49514.5,-5.30701
49524.7,-5.33056
49534.8,-5.35401
49544.9,-5.40061
49555,-5.44364
49565.1,-5.48676
49575.2,-5.51679
49585.4,-5.53634
49595.5,-5.55625
49605.6,-5.57215
49615.8,-5.59277
49625.9,-5.61387
49635.9,-5.63628
49646.1,-5.65306
49656.2,-5.66994
49666.3,-5.68814
49676.4,-5.70532
49686.5,-5.72245
49696.6,-5.74021
49706.8,-5.74321
49716.9,-5.74593
49727,-5.72969
49737.1,-5.71245
49747.2,-5.72887
49757.3,-5.74525
49767.5,-5.77773
49777.6,-5.78058
49787.7,-5.78369
49797.8,-5.74852
49807.9,-5.70957
49818,-5.67063
49828.2,-5.6568
49838.3,-5.67228
49848.4,-5.68786
49858.5,-5.70545
49868.6,-5.70751
49878.7,-5.70957
49888.9,-5.69818
49899,-5.68483
49909,-5.67132
49919.2,-5.67146
49929.3,-5.69295
49939.4,-5.71464
49949.6,-5.74007
49959.7,-5.74825
49969.7,-5.75642
49979.9,-5.74689
49990,-5.75492
50000.1,-5.76294
50010.2,-5.79843
50020.3,-5.84081
50030.4,-5.88342
50040.6,-5.90919
50050.7,-5.93629
50060.8,-5.96314
50070.9,-5.99352
50081,-6.01114
50091.1,-6.0287
50101.3,-6.04374
50111.4,-6.0594
50121.5,-6.0616
50131.6,-6.06379
50141.7,-6.05514
50151.8,-6.04646
50161.9,-6.03636
50172.1,-6.03155
50182.1,-6.02142
50192.3,-6.01166
50202.4,-5.9714
50212.5,-5.91554
50222.6,-5.85995
50232.7,-5.82538
50242.8,-5.80167
50253,-5.77773
50263.1,-5.73256
50273.2,-5.67684
50283.3,-5.62098
50293.4,-5.59795
50303.5,-5.62084
50313.7,-5.64489
50323.8,-5.67063
50333.9,-5.65597
50344,-5.64142
50354.2,-5.59669
50364.3,-5.55216
50374.9,-5.50571
50385.1,-5.51054
50395.2,-5.53719
50405.9,-5.56568
50416.1,-5.58057
50426.2,-5.57257
50436.9,-5.56639
50447.1,-5.56076
50457.2,-5.57819
50467.9,-5.62334
50478.1,-5.66634
50488.2,-5.70669
50498.9,-5.72628
50509.1,-5.74471
50519.2,-5.75614
50529.8,-5.75519
50540,-5.75438
50550.1,-5.7473
50560.8,-5.75315
50571,-5.759
50581.1,-5.79046
50591.2,-5.82296
50601.4,-5.85514
50611.5,-5.86156
50621.6,-5.84698
50631.8,-5.83236
50641.9,-5.81986
50652,-5.82484
50662.2,-5.83397
50672.3,-5.84349
50682.4,-5.85153
50692.6,-5.85313
50702.7,-5.85474
50712.8,-5.86409
50723,-5.86463
50733.1,-5.8653
50743.2,-5.86209
50753.4,-5.87637
50763.5,-5.89087
50773.6,-5.93431
50783.8,-6.01009
50793.9,-6.08609
50804,-6.15442
50814.2,-6.1979
50824.3,-6.24147
50834.4,-6.26851
50844.6,-6.29369
50854.7,-6.3189
50864.8,-6.33746
50875,-6.34178
50885.1,-6.3461
50895.2,-6.3424
50905.4,-6.33054
50915.5,-6.31865
50925.6,-6.30463
50935.8,-6.29195
50945.9,-6.27924
50956,-6.25963
50966.2,-6.24623
50976.3,-6.24034
50986.4,-6.23456
50996.5,-6.23531
51006.6,-6.23657
51016.8,-6.2382
51026.9,-6.21783
51037,-6.19057
51047.2,-6.1637
51057.3,-6.13887
51067.4,-6.12099
51077.6,-6.10395
51087.7,-6.08416
51097.8,-6.05113
51107.9,-6.01843
51118.1,-5.97442
51128.2,-5.93088
51138.3,-5.88781
51148.5,-5.85367
51158.6,-5.81986
51168.7,-5.78681
51178.9,-5.74593
51189,-5.69955
51199.1,-5.65417
51209.3,-5.61694
51219.4,-5.62348
51229.5,-5.63058
51239.7,-5.6829
51249.8,-5.72942
51259.9,-5.77733
51270.1,-5.76607
51280.2,-5.71135
51290.3,5.65832
51300.5,5.61178
51310.6,5.60968
51320.7,5.62794
51330.9,5.64752
51341,5.66261
51351,5.65998
51361.1,5.65874
51371.2,5.66676
51381.3,5.68814
51391.4,5.71053
51401.5,5.75043
51411.7,5.78478
51421.9,5.82027
51432,5.85514
51442.1,5.87743
51452.3,5.90163
51462.4,5.90654
51476.3,5.91978
51486.4,5.94328
51496.6,5.96813
51507.2,5.98882
51517.3,6.00253
51527.4,6.01687
51538,6.04102
51548.2,6.0754
51558.3,6.11113
51568.9,6.17182
51579.1,6.23946
51589.2,6.30798
51599.7,6.35942
51610,6.3824
51620.1,6.40481
51630.7,6.42946
51640.9,6.48392
51651,6.54666
51661.6,6.61331
51671.7,6.68023
51681.8,6.74893
51692.4,6.82095
51702.6,6.87801
51712.7,6.9191
51723.2,6.96254
51733.4,6.99901
51743.5,7.05462
51754.1,7.11388
51764.3,7.21054
51774.4,7.30968
51785.1,7.36168
51795.2,7.41289
51805.3,7.4206
51816,7.43536
51826.1,7.45072
51836.2,7.51426
51846.9,7.60894
51857.1,7.70031
51867.2,7.79625
51877.8,7.88119
51888,7.96364
51898.1,8.03834
51908.7,8.12172
51918.8,8.203
51928.9,8.27602
51939.5,8.34549
51949.7,8.41336
51959.8,8.4926
51970.4,8.588
51980.6,8.69732
51990.7,8.80671
52001.3,8.89435
52011.5,8.94905
52021.6,9.00413
52032.1,9.04017
52042.3,9.0758
52052.4,9.12728
52062.6,9.22887
52072.7,9.3484
52082.9,9.46759
52093,9.57499
52103.2,9.65144
52113.3,9.72884
52123.5,9.77151
52133.7,9.80873
52143.8,9.84828
52153.9,9.90683
52164.1,9.99895
52174.2,10.0929
52184.4,10.2136
52194.6,10.3291
52204.7,10.4414
52214.8,10.5552
52225,10.6867
52235.1,10.8415
52245.3,10.9969
52255.5,11.1678
52265.6,11.347
52275.7,11.5269
52285.9,11.7076
52296,11.8946
52306.1,12.0818
52316.3,12.2756
52326.4,12.4435
52336.6,12.6115
52346.7,12.754
52356.8,12.8909
52367,13.0283
52377.2,13.2013
52387.3,13.3929
52397.4,13.5849
52407.7,13.7717
52417.8,13.9498
52427.9,14.1284
52438.2,14.3213
52448.3,14.5181
52458.4,14.7206
52468.6,14.9241
52478.7,15.119
52488.8,15.314
52499,15.4877
52509.1,15.651
52519.3,15.8166
52529.5,15.9834
52539.6,16.1562
52549.7,16.3284
52559.9,16.5017
52570,16.667
52580.1,16.8422
52590.3,17.0186
52600.4,17.2225
52610.6,17.4331
52620.8,17.6445
52630.9,17.8296
52641,17.987
52651.2,18.1455
52661.3,18.2973
52671.5,18.4676
52681.6,18.6387
52691.8,18.8176
52701.9,18.9807
52712.1,19.1445
52722.2,19.2881
52732.4,19.4173
52742.5,19.5469
52752.6,19.7119
52762.8,19.8971
52773,20.0832
52783.1,20.2576
52793.3,20.4118
52803.4,20.5667
52813.6,20.7014
52823.7,20.8426
52833.9,20.9838
52844,21.154
52854.1,21.3528
52864.3,21.5567
52874.5,21.7596
52884.6,21.9464
52894.8,22.1132
52904.9,22.28
52915.1,22.4431
52925.3,22.5941
52935.4,22.7444
52945.6,22.8846
52955.8,23.0254
52965.9,23.1655
52976.1,23.3088
52986.3,23.448
52996.4,23.5862
53006.5,23.7275
53016.8,23.8608
53026.9,23.9936
53037,24.1214
53047.3,24.2565
53057.4,24.3906
53067.5,24.5223
53077.8,24.6519
53087.9,24.781
53098,24.9149
53108.3,25.0361
53118.4,25.152
53128.6,25.2679
53138.8,25.4036
53148.9,25.5383
53159.1,25.6792
53169.3,25.8199
53179.4,25.9446
53189.6,26.0696
53199.8,26.1912
53209.9,26.3014
53220.1,26.4118
53230.4,26.5219
53240.5,26.6278
53250.6,26.734
53260.9,26.8476
53271,26.9775
53281.2,27.1076
53291.4,27.2581
53301.5,27.4053
53311.6,27.5528
53321.8,27.694
53331.9,27.8355
53342.1,27.9773
53352.3,28.1051
53362.4,28.2217
53372.5,28.3384
53382.7,28.4388
53392.8,28.5282
53403,28.6243
53413.2,28.7209
53423.3,28.8282
53433.4,28.9358
53443.6,29.0439
53453.7,29.1433
53463.8,29.2533
53474,29.3639
53484.1,29.4928
53494.3,29.6261
53504.5,29.7599
53514.6,29.8931
53524.7,30.0318
53534.9,30.1709
53545,30.3385
53555.2,30.5141
53565.4,30.6907
53575.6,30.8623
53585.7,31.0209
53595.8,31.1794
53605.9,31.3235
53616.1,31.4794
53626.2,31.6351
53636.3,31.808
53646.5,31.9683
53656.6,32.1286
53666.7,32.2822
53676.9,32.4332
53687,32.5842
53697.1,32.7727
53707.3,32.931
53717.4,33.0894
53727.4,33.2573
53737.6,33.4212
53747.8,33.5825
53757.8,33.7431
53768,33.9225
53778.1,34.1231
53788.2,34.3227
53798.4,34.5314
53808.5,34.7412
53818.6,34.9505
53828.8,35.1636
53838.9,35.3701
53849,35.5757
53859.2,35.7717
53869.3,35.9656
53879.3,36.1586
53889.5,36.3436
53899.6,36.5189
53909.7,36.6938
53919.9,36.879
53930,37.0834
53940.1,37.2869
53950.3,37.4865
53960.4,37.6918
53970.5,37.8961
53980.7,38.1037
53990.8,38.3085
54000.8,38.5127
54011,38.7336
54021.1,38.9559
54031.2,39.1768
54041.4,39.3827
54051.6,39.5686
54061.8,39.755
54071.9,39.937
54082,40.1339
54092.1,40.3325
54102.2,40.5319
54112.3,40.7279
54122.4,40.9256
54132.5,41.1237
54142.7,41.3354
54152.7,41.5537
54162.8,41.7724
54172.9,41.9895
54183,42.2031
54193.1,42.4174
54203.2,42.6508
54213.3,42.9209
54223.4,43.1915
54233.6,43.4662
54243.6,43.6998
54253.8,43.934
54263.9,44.1236
54273.9,44.3172
54284.1,44.5114
54294.2,44.7435
54304.3,44.9894
54314.4,45.2358
54324.5,45.4862
54334.6,45.7233
54344.7,45.9611
54354.8,46.2104
54364.9,46.4725
54375,46.7351
54385.1,46.9873
54395.2,47.2218
54405.3,47.4567
54415.4,47.6717
54425.5,47.8842
54435.6,48.097
54445.7,48.3274
54455.8,48.5604
54465.9,48.7936
54476,49.0359
54486.1,49.2813
54496.2,49.5178
54506.3,49.7545
54516.4,49.9922
54526.5,50.2338
54536.6,50.4761
54546.7,50.7178
54556.8,50.957
54566.9,51.1966
54576.9,51.4209
54587,51.6358
54597.1,51.8503
54607.2,52.0641
54617.4,52.2826
54627.5,52.5016
54637.7,52.7033
54647.8,52.8893
54657.9,53.0755
54668.1,53.2603
54678.2,53.4691
54688.4,53.6783
54698.5,53.903
54708.6,54.1166
54718.8,54.3307
54728.9,54.5118
54739.1,54.6827
54749.2,54.8543
54759.4,55.0406
54769.5,55.2544
54779.7,55.4683
54789.8,55.6867
54800,55.8846
54810.1,56.0832
54820.3,56.2528
54830.4,56.4173
54840.6,56.5826
54850.7,56.7649
54860.9,56.9727
54871,57.1809
54881.2,57.3851
54891.3,57.5558
54901.5,57.7126
54911.6,57.8694
54921.7,58.0468
54931.9,58.2508
54942,58.4551
54952.2,58.6655
54962.3,58.8603
54972.4,59.0548
54982.6,59.2314
54992.7,59.4067
55002.9,59.5822
55013,59.7878
55023.2,60.0153
55033.3,60.2426
55043.5,60.4709
55053.6,60.6869
55063.7,60.9028
55073.9,61.1038
55084.1,61.2967
55094.2,61.4891
55104.4,61.6644
55114.5,61.8236
55124.7,61.9829
55134.8,62.1602
55145,62.3571
55155.1,62.5532
55165.2,62.7454
55175.5,62.9129
55185.6,63.0811
55195.7,63.236
55205.9,63.4015
55216,63.561
55226.1,63.7204
55236.3,63.8758
55246.4,64.0251
55256.6,64.1743
55266.7,64.3254
55276.9,64.4762
55287,64.627
55297.2,64.7754
55307.3,64.9061
55317.4,65.0369
55327.6,65.1643
55337.7,65.2918
55347.9,65.4193
55358,65.5533
55368.2,65.7037
55378.3,65.854
55388.4,65.996
55398.6,66.1302
55408.7,66.2645
55418.9,66.3997
55429,66.5372
55439.2,66.6745
55449.3,66.8043
55459.5,66.925
55469.6,67.0457
55479.8,67.1771
55489.9,67.3273
55500,67.4762
55510.2,67.6258
55520.4,67.7548
55530.5,67.8837
55540.7,67.9857
55550.8,68.0961
55560.9,68.2206
55571.1,68.3454
55581.2,68.4905
55591.4,68.6479
55601.5,68.8053
55611.7,68.9542
55621.8,69.1078
55632,69.2619
55642.1,69.4302
55652.3,69.5906
55662.4,69.7512
55672.6,69.9135
55682.7,70.0567
55692.9,70.2004
55703,70.3506
55713.1,70.5052
55723.3,70.6605
55733.5,70.8185
55743.6,70.9609
55753.8,71.1038
55763.9,71.2348
55774,71.3516
55784.2,71.469
55794.4,71.5912
55804.5,71.7172
55814.7,71.8435
55824.8,71.9776
55835,72.1164
55845.1,72.2552
55855.2,72.3962
55865.4,72.5408
55875.5,72.6964
55885.7,72.8525
55895.8,73.011
55906,73.1624
55916.1,73.3137
55926.2,73.4578
55936.4,73.5874
55946.5,73.717
55956.7,73.8531
55966.8,74.0069
55976.9,74.1605
55987.1,74.3215
55997.2,74.4902
56007.4,74.659
56017.5,74.8395
56027.7,75.0139
56037.8,75.1878
56048,75.3585
56058.1,75.5227
56068.3,75.6868
56078.4,75.8368
56088.6,75.9899
56098.8,76.1426
56108.9,76.3068
56119.1,76.4655
56129.2,76.624
56139.3,76.7631
56149.5,76.8843
56159.7,76.9959
56169.8,77.1075
56180,77.2287
56190.1,77.3501
56200.3,77.4879
56210.4,77.6384
56220.6,77.7873
56230.7,77.936
56240.9,78.0844
56251,78.2154
56261.1,78.3463
56271.3,78.4578
56281.4,78.5581
56291.6,78.6582
56301.8,78.7509
56311.9,78.8487
56322,78.9464
56332.2,79.048
56342.3,79.1443
56352.5,79.2404
56362.6,79.347
56372.8,79.4392
56382.9,79.5314
56393.1,79.6171
56403.2,79.7074
56413.4,79.7977
56423.5,79.8978
56433.7,80.0084
56443.8,80.1188
56454,80.2179
56464.1,80.308
56474.2,80.3855
56484.4,80.4633
56494.6,80.5394
56504.7,80.6203
56514.9,80.7016
56525,80.7941
56535.1,80.8669
56545.3,80.9399
56555.5,80.9999
56565.6,81.039
56575.7,81.0782
56585.8,81.1208
56596,81.1714
56606.1,81.222
56616.3,81.2745
56626.4,81.3294
56636.5,81.3844
56646.7,81.4398
56656.8,81.4852
56667,81.5309
56677.1,81.5722
56687.2,81.6166
56697.4,81.6612
56707.6,81.7123
56717.7,81.7579
56727.9,81.8038
56738,81.8328
56748.1,81.8499
56758.3,81.8726
56768.4,81.8954
56778.6,81.9117
56788.7,81.9256
56798.8,81.9396
56809,81.9527
56819.1,82.0003
56829.3,82.0479
56839.4,82.1058
56849.5,82.1548
56859.7,82.2039
56869.8,82.2528
56880,82.2857
56890.1,82.3186
56900.3,82.3589
56910.4,82.412
56920.6,82.4652
56930.7,82.5125
56940.8,82.5411
56951,82.5698
56961.1,82.5861
56971.3,82.6075
56981.4,82.6289
56991.6,82.6453
57001.7,82.6572
57011.9,82.6692
57022,82.6877
57032.2,82.7141
57042.3,82.7404
57052.4,82.775
57062.6,82.8247
57072.8,82.8744
57082.9,82.9157
57093.1,82.9453
57103.2,82.9697
57113.3,82.994
57123.5,83.0345
57133.7,83.0648
57143.8,83.095
57154,83.1149
57164.1,83.1118
57174.2,83.1087
57184.4,83.1074
57194.6,83.1237
57204.7,83.14
57214.9,83.163
57225,83.1841
57235.1,83.2053
57245.3,83.2313
57255.5,83.2628
57265.6,83.2943
57275.7,83.3252
57285.9,83.3409
57296,83.3566
57306.2,83.3668
57316.3,83.3801
57326.4,83.3934
57336.6,83.4076
57346.7,83.4211
57356.9,83.4345
57367,83.4732
57377.2,83.5221
57387.3,83.571
57397.5,83.6226
57407.6,83.6531
57417.7,83.6726
57427.9,83.6922
57438,83.7244
57448.1,83.7599
57458.3,83.7956
57468.5,83.825
57478.6,83.8307
57488.7,83.8364
57498.9,83.8618
57509,83.8945
57519.2,83.9274
57529.3,83.9484
57539.5,83.966
57549.6,83.9836
57559.8,83.9937
57569.9,84.0266
57580.1,84.0598
57590.2,84.095
57600.3,84.1244
57610.5,84.1539
57620.7,84.1704
57630.8,84.1958
57641,84.2213
57651.1,84.2566
57661.2,84.2887
57671.4,84.321
57681.6,84.3335
57691.7,84.3349
57701.9,84.3364
57712.1,84.3344
57722.2,84.3424
57732.4,84.3505
57742.5,84.3647
57752.6,84.3815
57762.8,84.3817
57772.9,84.382
57783.1,84.3711
57793.2,84.3574
57803.4,84.3437
57813.5,84.3394
57823.6,84.3405
57833.8,84.3417
57843.9,84.3421
57854,84.337
57864.1,84.332
57874.1,84.323
57884.2,84.3021
57894.3,84.2811
57904.4,84.2647
57914.5,84.2602
57924.6,84.2558
57934.7,84.2517
57944.8,84.2353
57954.8,84.2189
57964.9,84.1948
57975,84.1689
57985.1,84.1429
57995.2,84.1325
58005.3,84.1237
58015.3,84.1148
58025.4,84.1103
58035.5,84.1075
58045.6,84.1048
58055.7,84.0949
58065.9,84.0785
58076.6,84.0612
58086.7,84.0567
58096.9,84.0596
58107,84.0627
58117.1,84.0627
58127.3,84.0459
58137.5,84.0292
58147.6,84.0077
58157.8,84.0025
58167.9,84.0125
58178,84.0224
58188.2,84.0392
58198.3,84.053
58208.5,84.0668
58218.6,84.0645
58228.8,84.0519
58238.9,84.0394
58249.1,84.0374
58259.2,84.0415
58269.3,84.0457
58279.5,84.0522
58289.7,84.0606
58299.8,84.069
58310,84.0696
58320.1,84.0628
58330.2,84.056
58340.4,84.0544
58350.6,84.0614
58360.7,84.0684
58370.9,84.0782
58381,84.0764
58391.1,84.0705
58401.3,84.0646
58411.4,84.0782
58421.6,84.1121
58431.7,84.1462
58441.9,84.1869
58452,84.2229
58462.2,84.2591
58472.3,84.2743
58482.5,84.2846
58492.7,84.295
58502.8,84.3076
58512.9,84.3285
58523.1,84.3495
58533.2,84.3673
58543.4,84.3696
58553.5,84.3719
58563.7,84.367
58573.8,84.3691
58584,84.3712
58594.1,84.3808
58604.2,84.3891
58614.4,84.3974
58624.6,84.3962
58634.7,84.3859
58644.9,84.3755
58655,84.3684
58665.2,84.3559
58675.4,84.3434
58685.5,84.3315
58695.6,84.3052
58705.8,84.279
58715.9,84.2601
58726,84.2381
58736.2,84.21
58746.3,84.1819
58756.4,84.1559
58766.6,84.1277
58776.7,84.0994
58786.9,84.0712
58797,84.0526
58807.1,84.034
58817.3,84.0246
58827.4,84.0307
58837.6,84.0368
58847.7,84.0514
58857.9,84.0562
58868,84.0611
58878.1,84.0514
58888.3,84.0481
58898.4,84.0449
58908.6,84.0563
58918.7,84.0713
58928.9,84.0864
58939,84.1005
58949.2,84.1113
58959.3,84.1222
58969.5,84.1303
58979.6,84.1402
58989.8,84.1501
58999.9,84.1649
59010.1,84.1938
59020.2,84.2226
59030.3,84.2521
59040.5,84.2554
59050.7,84.2406
59060.9,84.2257
59071.1,84.2142
59081.3,84.217
59091.4,84.2197
59101.6,84.223
59111.7,84.2109
59121.8,84.1988
59132,84.1617
59142.2,84.1208
59152.3,84.08
59162.5,84.0484
59172.6,84.0209
59182.7,83.9935
59192.9,83.9555
59203,83.9125
59213.1,83.8697
59223.3,83.8407
59233.4,83.8183
59243.5,83.7961
59253.7,83.7612
59263.8,83.7076
59273.9,83.6542
59284.1,83.5903
59294.2,83.535
59304.3,83.4797
59314.5,83.4262
59324.6,83.3542
59334.7,83.2809
59344.9,83.2074
59355,83.147
59365.1,83.0868
59375.3,83.0347
59385.5,82.9676
59395.6,82.8855
59405.7,82.8035
59415.8,82.7239
59425.9,82.6468
59436.1,82.5696
59446.2,82.4771
59456.3,82.366
59466.5,82.2548
59476.6,82.1518
59486.7,82.06
59496.9,81.9682
59507.1,81.8662
59517.2,81.7335
59527.3,81.6004
59537.5,81.4545
59547.6,81.3352
59557.7,81.2156
59567.9,81.1264
59578,81.0164
59588.2,80.9061
59598.4,80.7594
59608.4,80.6025
59618.6,80.4449
59628.8,80.3111
59638.9,80.1795
59649,80.0481
59659.2,79.9152
59669.3,79.7954
59679.5,79.6754
59689.6,79.5657
59699.7,79.4662
59709.9,79.3511
59720,79.2355
59730.1,79.0867
59740.3,78.9428
59750.4,78.7987
59760.5,78.6701
59770.6,78.5659
59780.8,78.461
59790.9,78.3545
59801.1,78.2277
59811.2,78.1005
59821.3,77.978
59831.5,77.8895
59841.6,77.801
59851.7,77.7309
59861.9,77.6634
59872,77.5957
59882.1,77.52
59892.3,77.4329
59902.5,77.3457
59912.6,77.2433
59922.7,77.1261
59932.9,77.0088
59943,76.8796
59953.2,76.7525
59963.3,76.6254
59973.4,76.5055
59983.6,76.3966
59993.8,76.2876
60003.9,76.1897
60014.1,76.1228
60024.2,76.0559
60034.3,75.9907
60044.5,75.9036
60054.7,75.7941
60064.8,75.685
60074.9,75.5565
60085.1,75.4212
60095.2,75.2865
60105.4,75.1617
60115.5,75.0569
60125.6,74.9524
60135.8,74.8715
60145.9,74.7758
60156,74.6804
60166.2,74.5533
60176.3,74.4123
60186.4,74.2719
60196.6,74.139
60206.7,74.0217
60216.8,73.9048
60226.9,73.7901
60237.1,73.6794
60247.2,73.569
60257.3,73.4589
60267.5,73.3215
60277.6,73.1845
60287.8,73.0065
60297.9,72.8405
60308,72.6751
60318.2,72.5462
60328.3,72.448
60338.4,72.3505
60348.6,72.2391
60358.7,72.0755
60368.8,71.8729
60379,71.6703
60389.1,71.486
60399.2,71.3458
60409.4,71.2053
60419.6,71.0759
60429.7,70.8952
60439.8,70.7139
60450,70.4892
60460.1,70.2626
60470.3,70.0352
60480.4,69.8239
60490.5,69.616
60500.7,69.4073
60510.8,69.1955
60520.9,68.9847
60531.1,68.7732
60541.3,68.567
60551.4,68.346
60561.6,68.1244
60571.7,67.8972
60581.8,67.6829
60592,67.4679
60602.1,67.2517
60612.2,67.0164
60622.4,66.7804
60632.5,66.4926
60642.6,66.1733
60652.8,65.8538
60662.9,65.5335
60673.1,65.2468
60683.2,64.9594
60693.4,64.704
60703.5,64.469
60713.6,64.2486
60723.8,64.0275
60733.9,63.8081
60744,63.5927
60754.2,63.3769
60764.3,63.166
60774.4,62.973
60784.6,62.7792
60794.7,62.6176
60804.8,62.4526
60815,62.2871
60825.1,62.1077
60835.2,61.8993
60845.5,61.6898
60855.6,61.4807
60865.7,61.2959
60875.9,61.1106
60886,60.935
60896.1,60.7625
60906.3,60.5894
60916.4,60.4192
60926.6,60.2445
60936.7,60.0693
60946.8,59.9051
60957,59.7402
60967.1,59.5749
60977.2,59.3895
60987.4,59.2102
60997.5,59.0306
61007.6,58.8506
61017.8,58.6638
61028,58.4692
61038.1,58.2754
61048.2,58.0645
61058.4,57.8523
61068.5,57.6408
61078.7,57.4249
61088.8,57.2163
61098.9,57.0083
61109.1,56.801
61119.2,56.6007
61129.3,56.4009
61139.5,56.2116
61149.7,56.0159
61159.8,55.8208
61169.9,55.6145
61180.1,55.4071
61190.2,55.2005
61200.4,54.9662
61210.5,54.7119
61220.6,54.4583
61230.8,54.1848
61240.9,53.9143
61251,53.6444
61261.2,53.399
61271.3,53.1788
61281.4,52.96
61291.5,52.7759
61301.6,52.591
61311.6,52.407
61321.7,52.187
61331.8,51.9171
61341.9,51.6481
61352,51.3605
61362.1,51.0997
61372.2,50.8393
61382.3,50.6281
61392.3,50.416
61402.4,50.2048
61412.5,49.9489
61422.6,49.6735
61432.7,49.4058
61442.8,49.1376
61452.8,48.8958
61462.9,48.6744
61473,48.4525
61483.1,48.244
61493.2,48.0416
61503.3,47.8389
61513.3,47.6251
61523.4,47.3855
61533.5,47.1452
61543.6,46.8995
61553.7,46.6781
61563.8,46.456
61573.8,46.2536
61583.9,46.0557
61594,45.8573
61604.1,45.657
61614.2,45.4643
61624.3,45.2711
61634.4,45.0767
61644.4,44.8637
61654.5,44.6503
61664.6,44.4136
61674.7,44.1637
61684.8,43.9128
61694.9,43.6734
61704.9,43.4704
61715,43.2669
61725.1,43.099
61735.2,42.9203
61745.3,42.7417
61755.4,42.5298
61765.5,42.3053
61775.6,42.0808
61785.7,41.8782
61795.7,41.708
61805.8,41.5377
61815.9,41.3804
61826,41.2114
61836.1,41.0421
61846.2,40.8552
61856.2,40.6576
61866.3,40.4592
61876.4,40.2587
61886.5,40.0578
61896.6,39.856
61906.7,39.67
61916.7,39.4852
61926.8,39.2999
61936.9,39.1114
61947,38.9276
61957.1,38.759
61967.2,38.5902
61977.2,38.4374
61987.3,38.2832
61997.4,38.1292
62007.5,37.9456
62017.6,37.7409
62027.6,37.5361
62037.7,37.3325
62047.8,37.1361
62057.9,36.9397
62067.9,36.7404
62078,36.5324
62088.1,36.3246
62098.2,36.1125
62108.3,35.9016
62118.3,35.6909
62128.4,35.4672
62138.5,35.2271
62148.6,34.9869
62158.6,34.7541
62168.7,34.5394
62178.8,34.3249
62188.9,34.1301
62199.1,33.9352
62209.2,33.7407
62219.3,33.5242
62229.5,33.289
62239.7,33.0537
62249.8,32.8266
62259.9,32.6095
62270.1,32.3925
62280.2,32.1914
62290.4,31.9689
62300.5,31.7461
62310.6,31.5064
62320.8,31.2791
62331,31.0755
62341.1,30.8716
62351.3,30.6623
62361.5,30.4528
62371.6,30.2024
62381.8,29.9106
62391.9,29.6242
62402,29.3398
62412.2,29.0719
62422.3,28.8462
62432.4,28.6211
62442.6,28.4229
62452.8,28.2402
62462.9,28.0583
62473.1,27.8696
62483.2,27.6682
62493.3,27.4678
62503.5,27.2534
62513.6,27.0295
62523.7,26.8062
62533.9,26.5765
62544.1,26.3649
62554.1,26.1537
62564.3,25.9618
62574.5,25.7636
62584.6,25.5658
62594.8,25.356
62604.9,25.1574
62615,24.9595
62625.2,24.7736
62635.3,24.5721
62645.4,24.3712
62655.6,24.1507
62665.7,23.935
62675.8,23.7202
62686,23.5224
62696.2,23.3259
62706.3,23.1326
62716.4,22.9392
62726.6,22.7251
62736.7,22.487
62746.8,22.2485
62757,22.0072
62767.1,21.7559
62777.2,21.504
62787.4,21.234
62797.5,20.9697
62807.6,20.7049
62817.8,20.4803
62827.9,20.295
62838.1,20.1097
62848.2,19.9118
62858.3,19.6741
62868.5,19.436
62878.6,19.1744
62888.7,18.9408
62898.9,18.7064
62909.1,18.4942
62919.2,18.2732
62929.3,18.0512
62939.5,17.8153
62949.6,17.5826
62959.8,17.3488
62970,17.1284
62980.1,16.925
62990.2,16.7214
63000.4,16.5293
63010.6,16.3206
63020.7,16.0907
63030.9,15.8601
63041,15.6267
63051.1,15.4126
63061.3,15.1979
63071.4,15.0116
63081.6,14.8346
63091.7,14.657
63101.8,14.4618
63112,14.2562
63122.1,14.0503
63132.2,13.8521
63142.4,13.6586
63152.6,13.4644
63162.7,13.2522
63172.9,12.9996
63183,12.7476
63193.1,12.4977
63203.3,12.2667
63213.4,12.036
63223.5,11.8195
63233.7,11.61
63243.8,11.3999
63253.9,11.1385
63264.1,10.7631
63274.3,10.3977
63284.4,9.95882
63294.6,9.53546
63304.7,9.16814
63314.8,8.8401
63325,8.57211
63335.1,8.33384
63345.2,8.125
63355.4,7.94227
63365.6,7.78408
63375.7,7.63062
63385.8,7.48784
63396,7.3377
63406.1,7.18835
63416.3,7.03383
63426.4,6.89041
63436.5,6.748
63446.7,6.61864
63456.8,6.50358
63466.9,6.38939
63477.1,6.28273
63487.2,6.17005
63497.3,6.05811
63507.5,5.93919
63517.7,5.80936
63527.8,5.67987
63537.9,5.55202
63548.1,5.4399
63558.2,5.32865
63568.3,5.21879
63578.5,5.09536
63588.6,4.97312
63598.8,4.83972
63608.9,4.6877
63619,4.538
63629.2,4.37695
63639.3,4.20267
63649.4,4.02785
63659.6,3.85464
63669.8,3.66902
63679.9,3.48722
63690.1,3.30536
63700.2,3.14095
63710.3,2.99265
63720.5,2.84626
63730.6,2.70728
63740.7,2.56536
63750.9,2.42611
63761.1,2.27664
63771.2,2.13212
63781.3,1.99363
63791.5,1.88132
63801.6,1.78131
63811.8,1.69022
63821.9,1.60079
63832,1.50347
63842.2,1.42104
63852.3,1.34811
63862.4,1.27899
63872.6,1.23224
63882.8,1.20397
63892.9,-1.20657
63903.1,-1.24173
63913.2,-1.32528
63923.3,-1.41386
63933.5,-1.51591
63943.6,-1.59148
63953.7,-1.67487
63963.9,-1.7694
63974,-1.88879
63984.1,-2.02981
63994.3,-2.16419
64004.4,-2.30228
64014.5,-2.42611
64024.7,-2.53034
64034.9,-2.63935
64045,-2.75997
64055.1,-2.8788
64065.3,-2.99944
64075.6,-3.11743
64085.7,-3.22287
64095.9,-3.32779
64106,-3.42973
64116.2,-3.54135
64126.3,-3.65341
64136.4,-3.76173
64146.6,-3.86053
64156.8,-3.95943
64166.9,-4.04627
64177,-4.13374
64187.2,-4.22181
64197.3,-4.32278
64207.4,-4.43311
64217.6,-4.54525
64227.7,-4.66258
64237.9,-4.77211
64248,-4.88176
64258.1,-4.97926
64268.3,-5.06067
64278.4,-5.14232
64288.6,-5.22464
64298.7,-5.31659
64308.9,-5.40886
64319,-5.49332
64329.2,-5.56962
64339.3,-5.63739
64349.4,-5.70532
64359.6,-5.76552
64369.8,-5.83021
64379.9,-5.89459
64390,-5.96301
64400.2,-6.04387
64410.3,-6.12495
64420.5,-6.20384
64430.6,-6.27475
64440.7,-6.34623
64450.9,-6.4075
64461,-6.46457
64471.1,-6.52149
64481.3,-6.57733
64491.4,-6.63223
64501.5,-6.68726
64511.7,-6.73511
64521.9,-6.77684
64532,-6.81866
64542.1,-6.86319
64552.3,-6.92713
64562.4,-6.99083
64572.5,-7.04929
64582.7,-7.09227
64592.8,-7.11696
64603,-7.14179
64613.1,-7.17505
64623.2,-7.23223
64633.4,-7.28962
64643.6,-7.33962
64653.7,-7.37836
64663.8,-7.41701
64674,-7.44673
64684.1,-7.47842
64694.3,-7.5104
64704.4,-7.56527
64714.5,-7.61758
64724.7,-7.67025
64734.8,-7.71627
64744.9,-7.74059
64755.1,-7.76524
64765.3,-7.77442
64775.4,-7.79394
64785.6,-7.81341
64795.7,-7.83613
64805.8,-7.8542
64816,-7.87273
64826.1,-7.87641
64836.2,-7.86616
64846.4,-7.8559
64856.5,-7.85819
64866.6,-7.86128
64876.8,-7.86437
64887,-7.86298
64897.1,-7.85959
64907.2,-7.8562
64917.4,-7.84932
64927.5,-7.84842
64937.7,-7.84762
64947.8,-7.85281
64957.9,-7.85001
64968.1,-7.84722
64978.2,-7.84343
64988.4,-7.83813
64998.5,-7.83063
65008.7,-7.82313
65018.8,-7.81231
65028.9,-7.79273
65039.1,-7.77311
65049.2,-7.75252
65059.3,-7.74008
65069.5,-7.72742
65079.6,-7.72195
65089.8,-7.71667
65099.9,-7.71139
65110,-7.70723
65120.2,-7.70235
65130.4,-7.69787
65140.5,-7.6939
65150.6,-7.69166
65160.8,-7.68942
65170.9,-7.69054
65181.1,-7.69787
65191.2,-7.70509
65201.3,-7.71647
65211.5,-7.72256
65221.7,-7.72915
65231.8,-7.73239
65241.9,-7.73442
65252.1,-7.73644
65262.2,-7.73664
65272.4,-7.74878
65282.5,-7.77351
65292.6,-7.79806
65302.8,-7.82543
65312.9,-7.83603
65323,-7.84682
65333.2,-7.84502
65343.3,-7.84592
65353.4,-7.84682
65363.6,-7.8573
65373.8,-7.86875
65383.9,-7.88019
65394.1,-7.88625
65404.2,-7.88556
65414.3,-7.88496
65424.4,-7.88158
65434.5,-7.87502
65444.6,-7.86825
65454.7,-7.86148
65464.8,-7.86437
65474.9,-7.86726
65485,-7.88109
65495.1,-7.89995
65505.1,-7.91876
65515.2,-7.92845
65525.3,-7.92302
65535.4,-7.91768
65545.5,-7.90352
65555.6,-7.89667
65565.6,-7.88993
65575.7,-7.89757
65585.8,-7.91649
65595.9,-7.93527
65606,-7.94444
65616.1,-7.93793
65626.1,-7.93142
65636.3,-7.92183
65646.3,-7.92608
65656.4,-7.93023
65666.5,-7.94829
65676.6,-7.96148
65686.6,-7.9603
65696.8,-7.95912
65706.8,-7.95321
65716.9,-7.9471
65727,-7.94612
65737.1,-7.95518
65747.1,-7.97112
65757.3,-7.98712
65767.3,-8.01189
65777.4,-8.04487
65787.5,-8.0782
65797.6,-8.11438
65807.6,-8.13155
65817.8,-8.14906
65827.8,-8.14647
65837.9,-8.13791
65848,-8.12933
65858.1,-8.12259
65868.1,-8.12885
65878.2,-8.13502
65888.3,-8.13964
65898.4,-8.12538
65908.5,-8.1113
65918.6,-8.08663
65928.6,-8.07015
65938.7,-8.05353
65948.8,-8.03698
65958.9,-8.02049
65969,-8.00407
65979.1,-7.98741
65989.2,-7.97092
65999.3,-7.95439
66009.4,-7.94079
66019.4,-7.93813
66029.5,-7.93546
66039.6,-7.93221
66049.7,-7.91886
66059.8,-7.9055
66069.9,-7.89132
66079.9,-7.89191
66090,-7.89271
66100.1,-7.9053
66110.2,-7.91174
66120.3,-7.91847
66130.4,-7.90887
66140.4,-7.89499
66150.5,-7.88119
66160.6,-7.88069
66170.7,-7.89122
66180.8,-7.90718
66190.8,-7.92321
66200.9,-7.94089
66211,-7.96571
66221.1,-7.99094
66231.1,-8.02059
66241.2,-8.04322
66251.3,-8.06568
66261.4,-8.07568
66271.5,-8.08895
66281.6,-8.10231
66291.6,-8.11882
66301.7,-8.13261
66311.8,-8.14656
66321.9,-8.15858
66332,-8.16807
66342,-8.17785
66352.1,-8.18178
66362.2,-8.18589
66372.3,-8.19039
66382.3,-8.19249
66392.4,-8.18828
66402.5,-8.18408
66412.6,-8.16462
66422.7,-8.13126
66432.8,-8.09805
66442.8,-8.06267
66452.9,-8.03756
66463,-8.01277
66473.1,-8.00661
66483.2,-8.01844
66493.2,-8.03055
66503.3,-8.02928
66513.4,-8.01893
66523.5,-8.00925
66533.5,-8.01482
66543.6,-8.03639
66553.7,-8.05937
66563.8,-8.07442
66573.9,-8.05392
66583.9,-8.03376
66594,-7.983
66604.1,-7.92657
66614.3,-7.86995
66624.4,-7.81732
66634.5,-7.78116
66644.6,-7.74534
66654.7,-7.7257
66664.9,-7.68137
66675,-7.63781
66685.2,-7.55781
66695.4,-7.44441
66705.5,-7.33097
66715.6,-7.22476
66725.8,-7.14091
66735.9,-7.05329
66746,-6.9667
66756.2,-6.85748
66766.3,-6.73394
66776.4,-6.61153
66786.6,-6.46045
66796.7,-6.31034
66806.8,-6.16103
66817,-6.03025
66827.1,-5.94538
66837.2,-5.86182
66847.4,-5.80316
66857.5,-5.7443
66867.6,-5.68937
66877.8,-5.62446
66888,-5.55301
66898.1,-5.48519
66908.2,-5.39364
66918.4,-5.29446
66928.5,-5.1982
66938.6,-5.10902
66948.8,-5.04238
66958.9,-4.97973
66969.1,-4.94169
66979.2,-4.90464
66989.3,-4.87438
66999.5,-4.80954
67009.6,-4.72778
67019.7,-4.653
67029.9,-4.58435
67040.1,4.54318
67050.2,4.50737
67060.3,4.48909
67070.5,4.4597
67080.9,4.42321
67091,4.39498
67101.1,4.35453
67111.2,4.29753
67121.3,4.25451
67131.4,4.21866
67141.5,4.21717
67151.7,4.22941
67161.9,4.30517
67172,4.42374
67182.1,4.54783
67192.3,4.67549
67202.4,4.7965
67212.5,4.92217
67222.7,5.06113
67232.8,5.21038
67242.9,5.36264
67253.1,5.50599
67263.2,5.64821
67273.3,5.79519
67283.5,5.96077
67293.6,6.14308
67303.7,6.32794
67314,6.51152
67324.1,6.66909
67334.2,6.82726
67344.7,6.95973
67354.8,7.08685
67364.9,7.22888
67375.1,7.37305
67385.2,7.54079
67395.3,7.70702
67405.6,7.87681
67415.7,8.02664
67425.8,8.16251
67436.2,8.30286
67446.3,8.44441
67456.4,8.61487
67466.7,8.78801
67476.8,8.99725
67486.9,9.19655
67497.1,9.39939
67507.2,9.59085
67517.4,9.78185
67527.5,9.97463
67537.7,10.1457
67547.8,10.3169
67558.2,10.4931
67568.3,10.6641
67578.4,10.8307
67588.6,10.998
67598.7,11.1746
67608.8,11.3597
67619,11.5455
67629.1,11.7155
67639.2,11.8556
67649.4,11.9717
67659.5,12.088
67669.6,12.2211
67679.8,12.3919
67689.9,12.5618
67700,12.7464
67710.2,12.9245
67720.3,13.1026
67730.4,13.2603
67740.6,13.421
67750.7,13.5816
67760.8,13.75
67771.1,13.9359
67781.2,14.1197
67791.4,14.3027
67801.8,14.4808
67811.9,14.6545
67822,14.8127
67832.4,14.9821
67842.5,15.1483
67852.6,15.3532
67862.9,15.5653
67873,15.7748
67883.1,15.9489
67893.3,16.0905
67903.4,16.2326
67913.5,16.3748
67923.8,16.5572
67933.9,16.7385
67944,16.9415
67954.3,17.1403
67964.5,17.3028
67974.6,17.4661
67985,17.6166
67995.1,17.7813
68005.2,17.9486
68015.6,18.1522
68025.7,18.3742
68035.8,18.5985
68046,18.8546
68056.1,19.116
68066.2,19.377
68076.5,19.6365
68086.6,19.8776
68096.8,20.1199
68107,20.3443
68117.1,20.5648
68127.2,20.7852
68137.5,20.9977
68147.6,21.1987
68157.7,21.3994
68168,21.5899
68178.1,21.7805
68188.2,21.9707
68198.5,22.1826
68208.6,22.3937
68218.8,22.6071
68229,22.8222
68239.1,23.0276
68249.2,23.2262
68259.4,23.4265
68269.5,23.6519
68279.6,23.8944
68289.8,24.1386
68299.9,24.3944
68310,24.6245
68320.3,24.8587
68330.5,25.0672
68340.6,25.2639
68350.8,25.462
68360.9,25.6546
68371,25.8583
68381.2,26.0637
68391.3,26.2789
68401.5,26.5017
68411.7,26.7265
68421.8,26.9621
68431.9,27.1901
68442.2,27.4218
68452.3,27.6541
68462.5,27.8964
68472.8,28.1421
68482.9,28.3768
68493,28.6058
68503.2,28.8368
68513.3,29.0743
68523.5,29.3356
68533.8,29.6022
68543.9,29.8626
68554,30.1157
68564.3,30.3407
68574.4,30.5628
68584.6,30.7707
68594.8,30.9858
68604.9,31.1996
68615,31.4169
68625.2,31.6548
68635.3,31.8907
68645.5,32.1359
68655.8,32.3861
68665.9,32.6322
68676,32.8826
68686.3,33.1264
68696.4,33.3675
68706.5,33.5862
68716.7,33.7753
68726.8,33.9639
68736.9,34.1366
68747.2,34.3311
68757.3,34.5394
68767.5,34.7477
68777.9,34.9621
68788,35.1763
68798.1,35.3905
68808.4,35.5928
68818.5,35.78
68828.6,35.9679
68839,36.1672
68849.2,36.3642
68859.3,36.5615
68869.5,36.7532
68879.6,36.9358
68889.7,37.1184
68900,37.3003
68910.2,37.4826
68920.3,37.6645
68930.5,37.8453
68940.6,38.0179
68950.8,38.1903
68961,38.3566
68971.1,38.5143
68981.3,38.672
68991.6,38.8351
69001.7,39.0227
69011.8,39.2099
69022,39.4159
69032.2,39.6361
69042.3,39.856
69052.5,40.0895
69062.6,40.3384
69072.8,40.6015
69083,40.8658
69093.1,41.1376
69103.3,41.4106
69113.5,41.6842
69123.6,41.9509
69133.7,42.2063
69143.9,42.4629
69154,42.7053
69164.1,42.9381
69174.3,43.1717
69184.5,43.3931
69194.6,43.6051
69204.7,43.8181
69214.9,44.0364
69225,44.273
69235.2,44.5105
69245.3,44.7711
69255.4,45.0243
69265.6,45.2779
69275.7,45.5234
69285.8,45.7842
69296,46.0455
69306.1,46.3211
69316.2,46.6015
69326.4,46.8826
69336.5,47.16
69346.6,47.4323
69356.8,47.7069
69366.9,47.9827
69377,48.2513
69387.2,48.5204
69397.3,48.7863
69407.4,49.0387
69417.6,49.2936
69427.8,49.5499
69437.9,49.819
69448,50.0803
69458.2,50.3427
69468.3,50.5968
69478.4,50.8482
69488.5,51.0999
69498.6,51.3635
69508.8,51.6537
69519,51.943
69529.1,52.2357
69539.2,52.5213
69549.4,52.8069
69559.5,53.0839
69569.6,53.3549
69579.8,53.6268
69589.9,53.9109
69600.1,54.2166
69610.2,54.5219
69620.3,54.8416
69630.5,55.1508
69640.6,55.4602
69650.7,55.7377
69660.9,55.9883
69671.1,56.2395
69681.2,56.4777
69691.4,56.732
69701.5,56.9863
69711.6,57.2621
69721.8,57.5394
69731.9,57.8167
69742,58.0588
69752.2,58.2826
69762.4,58.5014
69772.5,58.7199
69782.6,58.9457
69792.8,59.1869
69802.9,59.4268
69813,59.6587
69823.2,59.8838
69833.3,60.1079
69843.5,60.3482
69853.6,60.5857
69863.7,60.8228
69873.8,61.0546
69883.9,61.2928
69894,61.5308
69904.1,61.7658
69914.2,61.9836
69924.2,62.2011
69934.4,62.4065
69944.4,62.6087
69954.5,62.8107
69964.6,63.0162
69974.7,63.2123
69984.8,63.4078
69994.9,63.5875
70004.9,63.7721
70015,63.9563
70025.1,64.1592
70035.2,64.3647
70045.2,64.57
70055.4,64.7708
70065.4,64.9545
70075.5,65.1378
70085.6,65.3191
70095.7,65.4959
70105.8,65.6886
70115.9,65.8814
70125.9,66.0863
70136,66.2907
70146.1,66.4779
70156.2,66.6689
70166.3,66.8705
70176.4,67.0728
70186.4,67.2743
70196.5,67.4663
70206.6,67.6587
70216.7,67.8497
70226.8,68.0377
70236.9,68.2261
70246.9,68.4261
70257,68.6327
70267.1,68.84
70277.2,69.047
70287.3,69.2477
70297.4,69.449
70307.5,69.6345
70317.5,69.8259
70327.6,70.0177
70337.7,70.2203
70347.8,70.4258
70357.9,70.6314
70367.9,70.8308
70378,71.0108
70388.1,71.1913
70398.2,71.3683
70408.3,71.5456
70418.4,71.7232
70428.5,71.8883
70438.5,72.0493
70448.6,72.2107
70458.7,72.3845
70468.8,72.5655
70478.9,72.7472
70489,72.9309
70499,73.1033
70509.1,73.2761
70519.2,73.4468
70529.3,73.6105
70539.4,73.7749
70549.5,73.9447
70559.5,74.1224
70569.6,74.301
70579.7,74.4694
70589.8,74.6212
70599.9,74.7735
70610,74.9031
70620,75.0404
70630.1,75.1782
70640.2,75.3237
70650.3,75.4686
70660.4,75.615
70670.4,75.7615
70680.5,75.8993
70690.6,76.022
70700.7,76.1447
70710.8,76.2596
70720.9,76.3816
70730.9,76.5038
70741,76.6395
70751.1,76.7822
70761.2,76.925
70771.2,77.0659
70781.3,77.19
70791.4,77.3141
70801.5,77.4288
70811.6,77.5455
70821.6,77.6624
70831.7,77.7757
70841.8,77.8884
70851.9,78.0012
70861.9,78.1229
70872,78.2541
70882.1,78.3854
70892.2,78.5046
70902.3,78.6145
70912.3,78.7246
70922.4,78.8327
70932.5,78.9468
70942.6,79.0611
70952.7,79.1841
70962.8,79.2978
70972.8,79.4116
70982.9,79.5241
70993.1,79.6502
71003.3,79.7766
71013.4,79.9037
71023.5,80.0585
71033.7,80.2134
71043.8,80.3698
71054,80.5264
71064.2,80.6836
71074.3,80.8232
71084.5,80.9649
71094.6,81.1066
71104.7,81.247
71114.9,81.382
71125.1,81.5184
71135.2,81.6541
71145.4,81.7834
71155.6,81.9141
71165.7,82.0435
71175.9,82.1641
71186,82.3005
71196.1,82.4363
71206.3,82.5862
71216.4,82.7183
71226.5,82.85
71236.7,82.9939
71246.8,83.1532
71256.9,83.3121
71267.1,83.4738
71277.3,83.6079
71287.4,83.7414
71297.6,83.8502
71307.7,83.964
71317.8,84.0777
71328,84.204
71338.1,84.3263
71348.2,84.4482
71358.4,84.5739
71368.6,84.6656
71378.7,84.7569
71388.9,84.8479
71399,84.9333
71409.1,85.0333
71419.3,85.1343
71429.5,85.244
71439.6,85.3619
71449.8,85.4807
71460,85.5893
71470,85.6768
71480.2,85.7649
71490.4,85.8304
71500.5,85.893
71510.7,85.9558
71520.9,86.0289
71531,86.0995
71541.2,86.1703
71551.3,86.2405
71561.4,86.2838
71571.6,86.3272
71582.9,86.3511
71593.1,86.3641
71603.2,86.3772
71613.4,86.3783
71623.5,86.3874
71633.7,86.3964
71643.9,86.3916
71653.9,86.3857
71664.1,86.3819
71674.2,86.3781
71684.4,86.3852
71694.5,86.3839
71704.6,86.3826
71714.7,86.3762
71724.9,86.35
71735.1,86.3237
71745.1,86.305
71755.3,86.2946
71765.5,86.2843
71775.6,86.2742
71785.7,86.2497
71795.9,86.2251
71806,86.1861
71816.1,86.1595
71826.3,86.1327
71836.4,86.1207
71846.5,86.1058
71856.7,86.0908
71866.8,86.0783
71877,86.057
71887.1,86.0357
71897.2,86.0276
71907.4,86.0382
71917.5,86.0489
71927.6,86.072
71937.8,86.0887
71948,86.1054
71958.1,86.1192
71968.2,86.1482
71978.4,86.1773
71988.5,86.2094
71998.6,86.2013
72008.8,86.1932
72018.9,86.1945
72029.1,86.2037
72039.2,86.213
72049.4,86.2234
72059.5,86.2328
72069.7,86.2243
72079.8,86.216
72089.9,86.1958
72100.1,86.215
72110.2,86.2342
72120.4,86.2693
72130.5,86.287
72140.6,86.3046
72150.8,86.2747
72160.9,86.2438
72171,86.2129
72181.2,86.2219
72191.3,86.2487
72201.4,86.2755
72211.6,86.2816
72221.8,86.2611
72231.9,86.2408
72242,86.2057
72252.2,86.1964
72262.3,86.1871
72272.4,86.1893
72282.6,86.1836
72292.7,86.178
72302.9,86.1765
72313,86.1629
72323.1,86.1494
72333.3,86.14
72343.5,86.1513
72353.5,86.158
72363.7,86.1647
72373.9,86.1732
72384,86.1769
72394.1,86.1807
72404.3,86.1904
72414.4,86.2094
72424.6,86.2286
72434.7,86.2656
72444.8,86.3085
72455,86.3516
72465.1,86.3871
72475.2,86.4084
72485.5,86.4298
72495.6,86.4387
72505.7,86.4476
72515.9,86.4565
72526,86.4644
72536.1,86.4709
72546.3,86.4774
72556.5,86.4702
72566.6,86.472
72576.7,86.4738
72586.9,86.4787
72597,86.4844
72607.2,86.49
72617.3,86.4814
72627.4,86.4792
72637.5,86.4805
72647.7,86.4818
72657.8,86.4718
72667.9,86.4452
72678.1,86.4185
72688.2,86.3985
72698.3,86.3895
72708.5,86.3805
72718.6,86.3757
72728.7,86.3649
72738.9,86.354
72749,86.3378
72759.2,86.316
72769.3,86.294
72779.4,86.2835
72789.6,86.2712
72799.7,86.2588
72809.8,86.2521
72820,86.2422
72830.2,86.2323
72840.3,86.2179
72850.4,86.2118
72860.6,86.2057
72870.7,86.1989
72880.9,86.1915
72891,86.1842
72901.1,86.1623
72911.3,86.1133
72921.4,86.0642
72931.5,86.0206
72941.7,86.0073
72951.9,85.9939
72962,85.9827
72972.1,85.9441
72982.3,85.8927
72992.4,85.8414
73002.5,85.8056
73012.7,85.8062
73022.8,85.8068
73033,85.8124
73043.1,85.7853
73053.2,85.7583
73063.4,85.7137
73073.5,85.6684
73085.2,85.6161
73095.4,85.5775
73105.6,85.5272
73115.7,85.4773
73125.9,85.4283
73136,85.3897
73146.1,85.3513
73156.3,85.3086
73166.4,85.2457
73176.5,85.1829
73186.7,85.0909
73196.8,84.9975
73206.9,84.9046
73217.1,84.8188
73227.3,84.7484
73237.4,84.6803
73247.6,84.612
73257.7,84.5306
73267.8,84.4322
73278,84.3335
73288.1,84.2153
73298.2,84.0952
73308.4,83.9747
73318.6,83.876
73328.7,83.7848
73338.9,83.6935
73349,83.5839
73359.1,83.4428
73369.3,83.3013
73379.4,83.1475
73389.5,82.9907
73399.7,82.8333
73409.9,82.7016
73420,82.5778
73430.2,82.4537
73440.3,82.3202
73450.4,82.1471
73460.6,81.9735
73470.8,81.7892
73480.9,81.6217
73491.1,81.4539
73501.2,81.2991
73511.4,81.1262
73521.5,80.9151
73531.7,80.7042
73541.8,80.497
73551.9,80.315
73562.1,80.1326
73572.2,79.9633
73582.3,79.7688
73592.5,79.5743
73602.6,79.3572
73612.8,79.1286
73622.9,78.9
73633,78.6787
73643.2,78.4663
73653.3,78.2536
73663.4,78.0385
73673.6,77.8053
73683.7,77.5721
73693.9,77.3592
73704,77.1904
73714.2,77.022
73724.3,76.8607
73734.4,76.667
73744.6,76.4737
73754.7,76.274
73764.9,76.0959
73775,75.9181
73785.1,75.7532
73795.3,75.5653
73805.5,75.3777
73815.6,75.1779
73825.8,74.9701
73835.9,74.7692
73846,74.5686
73856.2,74.3777
73866.3,74.1837
73876.4,73.99
73886.6,73.7821
73896.7,73.5767
73906.8,73.3722
73917,73.1958
73927.2,73.0209
73937.3,72.8462
73947.5,72.6408
73957.6,72.4142
73967.7,72.188
73977.9,71.9795
73988,71.8157
73998.1,71.6524
74008.3,71.5109
74018.5,71.3623
74028.6,71.2138
74038.8,71.0405
74048.9,70.8656
74059,70.6918
74069.2,70.5266
74079.4,70.405
74089.6,70.2844
74099.8,70.2239
74110,70.1543
74120.1,70.0872
74130.3,69.9991
74140.4,69.8453
74150.5,69.6919
74160.7,69.5064
74170.8,69.3526
74181,69.2481
74191.2,69.1432
74201.3,69.063
74211.4,68.9429
74221.6,68.8221
74231.7,68.6404
74241.8,68.4071
74251.9,68.1736
74262,67.9363
74272.1,67.7313
74282.2,67.5263
74292.2,67.3381
74302.3,67.1149
74312.4,66.8917
74322.5,66.6409
74332.6,66.3833
74342.7,66.1249
74352.8,65.8706
74362.9,65.6281
74373,65.3849
74383.1,65.1565
74393.2,64.9344
74403.3,64.7122
74413.4,64.4923
74423.5,64.2665
74433.6,64.0399
74443.7,63.8057
74453.8,63.5773
74463.9,63.349
74473.9,63.129
74484,62.9208
74494.1,62.7122
74504.2,62.4928
74514.3,62.2352
74524.4,61.9772
74534.5,61.6994
74544.6,61.4351
74554.7,61.1704
74564.8,60.9283
74574.9,60.7057
74585,60.4827
74595.1,60.2785
74605.2,60.0536
74615.3,59.8105
74625.4,59.5679
74635.5,59.2965
74645.6,59.03
74655.6,58.7635
74665.7,58.5123
74675.8,58.2831
74685.9,58.0544
74696,57.8143
74706.1,57.5427
74716.2,57.2716
74726.2,56.9854
74736.4,56.7174
74746.4,56.4499
74756.5,56.2283
74766.6,56.0312
74776.7,55.8346
74786.8,55.6454
74796.9,55.4552
74807,55.2655
74817.1,55.0633
74827.2,54.85
74837.2,54.6375
74847.3,54.4149
74857.4,54.2003
74867.5,53.986
74877.6,53.7784
74887.7,53.5789
74897.8,53.3797
74907.9,53.1778
74918,52.9427
74928,52.7078
74938.1,52.4398
74948.2,52.1709
74958.3,51.9022
74968.4,51.6508
74978.5,51.4251
74988.6,51.1998
74998.7,50.9686
75008.8,50.7061
75018.8,50.4433
75031.4,50.1124
75041.6,49.8636
75051.7,49.6447
75062.3,49.4157
75072.5,49.1972
75082.6,48.9877
75093.2,48.7696
75103.4,48.5597
75113.5,48.3349
75124.2,48.0989
75134.3,47.856
75144.4,47.6133
75155,47.3706
75165.2,47.1371
75175.3,46.9317
75185.5,46.7377
75195.6,46.5441
75205.7,46.3435
75215.9,46.1461
75226,45.9478
75236.1,45.7303
75246.3,45.5049
75256.4,45.2789
75266.5,45.0769
75276.7,44.9033
75286.8,44.7291
75297,44.5772
75307.1,44.4139
75317.3,44.2497
75327.4,44.0499
75337.5,43.8491
75347.7,43.6475
75357.8,43.4632
75368,43.2865
75378.2,43.1091
75388.3,42.9324
75398.4,42.7436
75408.6,42.5541
75418.7,42.3595
75428.9,42.1637
75439.1,41.9669
75449.2,41.7721
75459.3,41.5895
75469.5,41.4068
75479.6,41.2261
75489.8,41.0401
75499.9,40.8718
75510,40.704
75520.2,40.5476
75530.4,40.3996
75540.5,40.2526
75550.6,40.0915
75560.8,39.9143
75570.9,39.7382
75581.1,39.5698
75591.3,39.4228
75601.4,39.2767
75611.5,39.1433
75621.7,38.9836
75631.8,38.8246
75642,38.6349
75652.2,38.4578
75662.3,38.2819
75672.5,38.1169
75682.6,37.954
75692.7,37.7921
75702.9,37.6422
75713.1,37.5257
75723.2,37.4099
75733.3,37.3302
75743.5,37.2658
75753.6,37.1858
75763.8,37.1058
75774,37.0051
75784.1,36.9048
75794.3,36.8269
75804.5,36.7937
75814.6,36.8035
75824.7,36.8133
75834.9,36.8425
75845,36.8989
75855.2,36.9559
75865.3,37.0574
75875.5,37.178
75885.6,37.2985
75895.8,37.4267
75905.9,37.5582
75916,37.6901
75926.2,37.8346
75936.3,38.0089
75946.4,38.1833
75956.6,38.391
75966.7,38.6183
75976.8,38.8459
75987,39.0893
75997.1,39.3347
76007.3,39.5803
76017.5,39.8195
76027.6,40.059
76037.7,40.2985
76047.9,40.5725
76058,40.8698
76068.2,41.1671
76078.4,41.4604
76088.5,41.7375
76098.7,42.0155
76108.8,42.2838
76118.9,42.5468
76129.1,42.8114
76139.3,43.0775
76149.4,43.3675
76159.5,43.68
76169.7,43.9944
76179.8,44.3148
76189.9,44.6189
76200.1,44.9242
76210.2,45.1996
76220.4,45.4546
76230.6,45.7107
76240.7,45.9877
76250.8,46.3038
76261,46.6214
76271.1,46.9515
76281.3,47.2839
76291.5,47.6176
76301.6,47.9462
76311.7,48.2467
76321.9,48.5476
76332,48.8072
76342.1,49.0436
76352.3,49.2812
76362.4,49.5299
76372.6,49.7999
76382.8,50.0645
76392.9,50.3284
76403,50.5743
76413.2,50.8048
76423.3,51.0345
76433.5,51.2675
76443.6,51.5065
76453.7,51.7446
76463.9,51.9802
76474.1,52.2237
76484.2,52.4657
76494.3,52.7275
76504.5,53.0154
76514.6,53.3019
76524.8,53.5954
76535,53.8714
76545.1,54.146
76555.3,54.4012
76565.5,54.66
76575.6,54.9161
76585.7,55.1935
76595.9,55.4949
76606,55.7954
76616.2,56.0916
76626.3,56.3656
76636.4,56.6389
76646.6,56.9115
76656.8,57.1833
76666.9,57.4542
76677,57.7246
76687.2,57.9921
76697.3,58.2626
76707.4,58.533
76717.6,58.8097
76727.7,59.0802
76737.8,59.3508
76748,59.6169
76758.1,59.8772
76768.3,60.138
76778.5,60.4178
76788.6,60.7075
76798.7,60.9976
76808.9,61.2698
76819,61.5216
76829.2,61.7737
76839.4,62.0222
76849.5,62.2795
76859.6,62.5364
76869.9,62.7995
76880,63.0485
76890.1,63.2969
76900.3,63.5276
76910.4,63.7558
76920.6,63.9844
76930.8,64.2125
76940.9,64.4471
76951,64.6816
76961.2,64.9119
76971.3,65.138
76981.5,65.3644
76991.7,65.5864
77001.8,65.8044
77011.9,66.023
77022.1,66.2623
77032.2,66.5138
77042.4,66.7594
77052.5,67.0062
77062.7,67.2318
77072.8,67.4372
77083,67.6432
77093.1,67.8597
77103.2,68.0795
77113.4,68.3005
77123.5,68.5193
77133.6,68.7285
77143.8,68.9387
77153.9,69.1521
77164.1,69.3722
77174.2,69.593
77184.3,69.8069
77194.5,70.0087
77204.7,70.212
77214.8,70.4019
77225,70.6065
77235.1,70.8117
77245.3,71.0334
77255.5,71.2604
77265.6,71.4892
77275.7,71.7104
77285.9,71.8991
77296.1,72.0714
77306.2,72.2434
77316.3,72.4067
77326.5,72.5709
77336.6,72.7373
77346.8,72.899
77356.9,73.0728
77367,73.2462
77377.2,73.4034
77387.4,73.5451
77397.5,73.6867
77407.7,73.8287
77417.9,73.9916
77428,74.1545
77438.1,74.3398
77448.3,74.5078
77458.5,74.6746
77468.6,74.8334
77478.8,74.986
77488.9,75.1374
77499.1,75.296
77509.4,75.4465
77519.5,75.5959
77529.6,75.7475
77539.8,75.8965
77549.9,76.0448
77560.1,76.2064
77570.3,76.3778
77580.4,76.5481
77590.6,76.6854
77600.7,76.8027
77610.9,76.9197
77621,77.0283
77631.2,77.1491
77641.4,77.2697
77651.5,77.4135
77661.8,77.5703
77671.9,77.7271
77682,77.8837
77692.3,78.0221
77702.4,78.1402
77712.6,78.2579
77722.8,78.3877
77733,78.5234
77743.1,78.6589
77753.4,78.7794
77763.5,78.8889
77773.6,78.9981
77783.9,79.1057
77794,79.2152
77804.2,79.3245
77814.4,79.4167
77824.6,79.4937
77834.7,79.5706
77845,79.6433
77855.1,79.7233
77865.3,79.8033
77875.5,79.8884
77885.6,79.9833
77895.8,80.0781
77906,80.1725
77916.1,80.2477
77926.2,80.32
77936.4,80.3923
77946.5,80.4637
77956.7,80.5404
77966.9,80.6176
77977,80.6933
77987.2,80.7407
77997.4,80.7885
78007.6,80.8313
78017.7,80.8584
78027.9,80.8857
78038.1,80.9203
78048.2,80.9539
78058.5,80.9879
78068.6,81.0424
78078.8,81.1029
78089,81.1638
78099.2,81.2415
78109.3,81.2917
78119.6,81.3423
78129.7,81.3848
78139.9,81.433
78150.1,81.4817
78160.3,81.5149
78170.4,81.5421
78180.7,81.5697
78190.8,81.5868
78200.9,81.6256
78211.1,81.6647
78221.3,81.701
78231.4,81.7083
78241.6,81.689
78251.8,81.6697
78261.9,81.6434
78272,81.6302
78282.1,81.6171
78292.3,81.6347
78302.4,81.6607
78312.5,81.6867
78322.7,81.6861
78332.8,81.6667
78342.9,81.6474
78353.1,81.6407
78363.2,81.6657
78373.2,81.6906
78383.4,81.724
78393.5,81.7284
78403.6,81.7329
78413.8,81.7137
78423.9,81.7074
78434,81.7013
78444.2,81.7031
78454.3,81.6823
78464.4,81.6507
78474.6,81.6189
78484.7,81.5975
78494.7,81.5737
78504.9,81.5498
78515.1,81.5317
78525.1,81.5201
78535.3,81.5084
78545.4,81.5083
78555.5,81.5198
78565.7,81.5313
78575.8,81.5529
78585.9,81.5693
78596.1,81.5858
78606.2,81.5871
78616.2,81.5803
78626.4,81.5735
78636.6,81.5887
78646.6,81.613
78656.8,81.6375
78666.9,81.6504
78677,81.657
78687.2,81.6638
78697.3,81.665
78707.4,81.6704
78717.6,81.6759
78727.7,81.6728
78737.8,81.6798
78747.9,81.687
78758.1,81.6956
78768.1,81.6905
78778.3,81.6854
78788.5,81.664
78798.7,81.6479
78808.8,81.6319
78819.1,81.6414
78829.2,81.667
78839.4,81.6925
78849.6,81.7152
78859.7,81.712
78869.9,81.6993
78880.1,81.6865
78890.3,81.6718
78900.4,81.6574
78910.6,81.643
78920.7,81.6219
78930.8,81.5906
78941.1,81.559
78951.2,81.5177
78961.4,81.4972
78971.6,81.4766
78981.8,81.4815
78991.9,81.4868
79002.2,81.4922
79012.3,81.4914
79022.5,81.476
79032.7,81.4606
79042.9,81.4503
79053,81.4541
79063.3,81.458
79073.5,81.4704
79083.7,81.4829
79093.9,81.4896
79104.2,81.475
79114.4,81.4505
79124.5,81.4461
79134.6,81.4417
79144.8,81.4555
79155,81.4646
79165.1,81.4738
79175.3,81.4684
79185.5,81.4505
79195.7,81.4326
79205.8,81.4314
79216,81.4422
79226.1,81.453
79236.3,81.457
79246.5,81.4623
79256.6,81.4675
79266.8,81.4713
79277,81.4797
79287.1,81.4881
79297.3,81.4858
79307.5,81.4791
79317.6,81.4725
79327.8,81.4651
79338,81.4677
79348.1,81.4702
79358.3,81.4666
79368.5,81.4629
79378.7,81.4592
79388.8,81.4501
79399.1,81.4436
79409.2,81.4372
79419.4,81.4292
79429.6,81.4256
79439.8,81.4351
79449.9,81.4446
79460.2,81.4568
79470.3,81.4592
79480.5,81.4615
79490.7,81.447
79500.8,81.4289
79511,81.4108
79521.3,81.4022
79531.4,81.4132
79541.6,81.4243
79551.8,81.446
79562,81.4546
79572.1,81.4632
79582.4,81.4465
79592.5,81.4243
79602.7,81.4022
79612.9,81.3956
79623.1,81.4007
79633.2,81.4059
79643.5,81.4095
79653.6,81.4007
79663.8,81.3919
79674,81.3797
79684.2,81.3815
79694.3,81.3986
79704.6,81.4158
79714.7,81.4257
79724.8,81.4123
79735.1,81.3989
79745.2,81.3726
79755.4,81.3642
79765.6,81.3558
79775.7,81.3577
79785.9,81.3593
79796.1,81.3608
79806.3,81.3563
79816.4,81.3523
79826.6,81.3482
79836.8,81.3529
79846.9,81.3483
79857.2,81.3436
79867.3,81.3209
79877.4,81.2973
79887.7,81.2736
79897.8,81.2643
79908,81.2496
79918.2,81.2349
79928.3,81.2358
79938.5,81.2457
79948.7,81.2459
79958.8,81.2461
79969,81.2325
79979.2,81.219
79989.3,81.1995
79999.5,81.1907
80009.7,81.1892
80019.8,81.1879
80030,81.1912
80040.2,81.1867
80050.3,81.1823
80060.4,81.155
80070.7,81.1136
80080.8,81.0725
80091,81.0553
80101.2,81.0823
80111.3,81.1095
80121.5,81.1258
80131.7,81.1045
80141.9,81.0833
80152,81.0403
80162.3,81.0089
80172.4,81.0114
80182.5,81.0139
80192.7,81.0154
80202.9,81.0002
80213,80.9851
80223.3,80.9639
80233.4,80.9434
80243.6,80.9231
80253.8,80.9041
80264,80.9077
80274.1,80.9114
80284.4,80.928
80294.5,80.9254
80304.7,80.9229
80314.9,80.88
80325.1,80.826
80335.2,80.772
80345.5,80.7509
80355.6,80.7488
80366.1,80.7468
80376.6,80.7468
80386.7,80.7359
80396.8,80.7249
80407,80.7067
80417.1,80.6966
80427.2,80.7044
80437.4,80.7124
80447.6,80.719
80457.7,80.7256
80467.9,80.7158
80478,80.6978
80488.1,80.6845
80498.4,80.6712
80508.5,80.6746
80518.6,80.6597
80528.8,80.6448
80539,80.6342
80549.1,80.6333
80559.3,80.6324
80569.5,80.6447
80579.6,80.6474
80589.8,80.6502
80599.9,80.6337
80610,80.6263
80620.2,80.6189
80630.4,80.6342
80640.5,80.6477
80650.7,80.6614
80660.9,80.6616
80671,80.6471
80681.2,80.6325
80691.4,80.615
80701.5,80.6061
80711.7,80.5973
80721.9,80.5989
80732,80.6057
80742.2,80.6125
80752.3,80.6063
80762.4,80.6018
80772.6,80.5973
80782.8,80.599
80792.9,80.6026
80803.1,80.5936
80813.2,80.5847
80823.4,80.5687
80833.5,80.5597
80843.7,80.5506
80853.8,80.5348
80864.1,80.5043
80874.2,80.4739
80884.3,80.4317
80894.5,80.4001
80904.7,80.3685
80914.8,80.3521
80925,80.351
80935.1,80.35
80945.2,80.3461
80955.6,80.3239
80965.7,80.3018
80975.8,80.2873
80986,80.2875
80996.1,80.2876
81006.2,80.2855
81016.4,80.2662
81026.6,80.2469
81036.7,80.2163
81046.9,80.1939
81057.1,80.1714
81067.2,80.1696
81077.4,80.1676
81087.5,80.159
81097.6,80.1504
81107.8,80.1348
81118,80.1231
81128.1,80.1115
81138.3,80.1061
81148.4,80.1216
81158.5,80.1372
81168.8,80.1519
81178.9,80.1535
81189,80.1551
81199.2,80.1499
81209.4,80.1454
81219.5,80.1408
81229.7,80.1441
81239.8,80.1658
81249.9,80.1874
81260.2,80.1993
81270.3,80.2002
81280.4,80.201
81290.6,80.191
81300.8,80.1787
81310.9,80.1837
81321.1,80.1887
81331.2,80.204
81341.3,80.2193
81351.5,80.2407
81361.7,80.2536
81371.8,80.249
81382,80.2444
81392.2,80.2422
81402.3,80.2454
81412.5,80.2486
81422.6,80.2617
81432.8,80.2693
81443,80.277
81453.1,80.2745
81463.2,80.2648
81473.5,80.2552
81483.6,80.2415
81493.7,80.2498
81503.9,80.2581
81514.1,80.2725
81524.2,80.2849
81534.5,80.2974
81544.6,80.2925
81554.7,80.2758
81564.9,80.2591
81575.1,80.2555
81585.2,80.2661
81595.5,80.2769
81605.6,80.2861
81615.7,80.2766
81625.9,80.2671
81636.1,80.2511
81646.2,80.2343
81656.3,80.2174
81666.5,80.2204
81676.6,80.2315
81686.8,80.2427
81696.9,80.2495
81707,80.2411
81717.2,80.2226
81727.4,80.2043
81737.5,80.2004
81747.7,80.2079
81757.8,80.2155
81767.9,80.213
81778.1,80.1931
81788.3,80.1732
81798.4,80.1575
81808.6,80.1599
81818.8,80.1623
81828.9,80.1668
81839.1,80.1641
81849.3,80.1613
81859.4,80.1414
81869.6,80.1253
81879.7,80.1094
81889.8,80.1096
81900.1,80.1214
81910.2,80.1333
81920.3,80.1272
81930.5,80.1007
81940.7,80.0886
81950.8,80.0766
81961,80.0901
81971.1,80.1055
81981.2,80.1208
81991.4,80.114
82001.6,80.0966
82011.7,80.0793
82021.8,80.0833
82031.9,80.108
82041.9,80.1326
82052,80.148
82062.1,80.1469
82072.2,80.1458
82082.3,80.1361
82092.4,80.1422
82102.5,80.1484
82112.6,80.1697
82122.6,80.1825
82132.7,80.1952
82142.8,80.1916
82152.9,80.1783
82163,80.165
82173.1,80.1547
82183.2,80.154
82193.2,80.1532
82203.4,80.1602
82213.4,80.1706
82223.5,80.181
82233.6,80.1885
82243.7,80.184
82253.8,80.1795
82263.8,80.1724
82273.9,80.1657
82284,80.1589
82294.1,80.1607
82304.2,80.1618
82314.3,80.1628
82324.4,80.1638
82334.5,80.1578
82344.5,80.1517
82354.6,80.1459
82364.7,80.1457
82374.8,80.1454
82384.9,80.1422
82395,80.1279
82405,80.1103
82415.1,80.0926
82425.2,80.0792
82435.3,80.0658
82445.4,80.0609
82455.5,80.0565
82465.6,80.0493
82475.7,80.0421
82485.8,80.0376
82495.8,80.0277
82505.9,80.0177
82516,80.0167
82526.1,80.0233
82536.2,80.0299
82546.3,80.0304
82556.3,80.0097
82566.4,79.9889
82576.5,79.9593
82586.6,79.9397
82596.7,79.92
82606.8,79.925
82616.8,79.9224
82626.9,79.9198
82637,79.905
82647.1,79.8908
82657.2,79.8766
82667.2,79.8688
82677.3,79.8816
82687.4,79.8944
82697.5,79.9062
82707.6,79.8909
82717.7,79.8757
82727.8,79.8443
82737.8,79.8235
82747.9,79.8028
82758,79.8087
82768.1,79.8165
82778.2,79.8244
82788.3,79.8235
82798.3,79.8109
82808.5,79.7984
82818.5,79.7831
82828.6,79.7775
82838.7,79.7718
82848.8,79.7806
82858.9,79.791
82869,79.8013
82879.1,79.8057
82889.1,79.8079
82899.2,79.81
82909.3,79.8085
82919.4,79.8114
82929.5,79.8144
82939.6,79.8195
82949.6,79.813
82959.7,79.8089
82969.8,79.8047
82979.9,79.8072
82990,79.8077
83000.1,79.8083
83010.1,79.8037
83020.2,79.8078
83030.3,79.8119
83040.4,79.8133
83050.5,79.8069
83060.6,79.8005
83070.6,79.7949
83080.7,79.7969
83090.8,79.7988
83100.9,79.7972
83111,79.7878
83121.1,79.7785
83131.1,79.7702
83141.3,79.7689
83151.3,79.7676
83161.4,79.7655
83171.5,79.7571
83181.6,79.7486
83191.7,79.7297
83201.8,79.7185
83211.9,79.7073
83221.9,79.6948
83232.2,79.6715
83242.3,79.6481
83252.4,79.6267
83262.6,79.6215
83272.8,79.6162
83282.9,79.6136
83293.1,79.6053
83303.3,79.5905
83313.4,79.5759
83323.6,79.5616
83333.7,79.5474
83343.8,79.5342
83354.1,79.5208
83364.2,79.5009
83374.3,79.4813
83384.6,79.4682
83394.7,79.4642
83404.8,79.4603
83415,79.4536
83425.2,79.4245
83435.3,79.3956
83445.5,79.3815
83455.7,79.384
83465.8,79.3865
83476,79.3938
83486.1,79.3929
83496.2,79.3919
83506.4,79.3762
83516.5,79.3518
83526.6,79.3275
83536.8,79.3119
83547,79.3129
83557,79.3139
83567.2,79.3154
83577.4,79.3182
83587.5,79.321
83597.8,79.3145
83607.9,79.3103
83618,79.3061
83628.2,79.3075
83638.4,79.3104
83648.5,79.306
83658.7,79.3017
83668.9,79.3001
83679,79.2998
83689.2,79.2995
83699.4,79.3008
83709.5,79.2991
83719.7,79.2973
83729.8,79.2987
83739.9,79.3064
83750.1,79.3142
83760.3,79.3147
83770.4,79.3124
83780.6,79.3101
83790.8,79.301
83800.9,79.2881
83811.1,79.275
83821.3,79.2697
83831.4,79.2742
83841.6,79.2788
83851.8,79.2851
83861.9,79.2864
83872.1,79.2877
83882.3,79.2851
83892.4,79.2882
83902.6,79.2914
83912.8,79.29
83922.9,79.2818
83933.1,79.2736
83943.3,79.2566
83953.4,79.2469
83963.6,79.2479
83973.8,79.2489
83983.9,79.2465
83994.1,79.2378
84004.2,79.2291
84014.3,79.216
84024.5,79.1955
84034.7,79.175
84044.8,79.1566
84055,79.1437
84065.2,79.1308
84075.3,79.1244
84085.6,79.1179
84095.8,79.1065
84106,79.0935
84116.2,79.0809
84126.4,79.0685
84136.5,79.0682
84146.7,79.0561
84156.9,79.0441
84167,79.0281
84177.2,78.9913
84187.3,78.9659
84197.4,78.9407
84207.6,78.9149
84217.8,78.8887
84227.9,78.8627
84238.1,78.8369
84248.2,78.8162
84258.4,78.7956
84268.6,78.7903
84278.7,78.8
84288.8,78.8096
84299.1,78.8092
84309.2,78.7815
84319.3,78.754
84329.5,78.7158
84339.7,78.6916
84349.8,78.6674
84360,78.6584
84370.1,78.6493
84380.2,78.6402
84390.4,78.6142
84400.6,78.5732
84410.7,78.5327
84420.9,78.4984
84431.1,78.4834
84441.2,78.4685
84451.4,78.4727
84461.5,78.4763
84471.6,78.4799
84481.8,78.4667
84492,78.4465
84502.1,78.4265
84512.3,78.4224
84522.5,78.4225
84532.6,78.4175
84542.8,78.4126
84553,78.39
84563.1,78.3748
84573.3,78.3594
84583.5,78.3538
84593.6,78.3581
84603.8,78.3626
84614,78.3534
84624.1,78.3239
84634.3,78.2944
84644.5,78.2772
84654.6,78.3019
84664.8,78.3267
84675,78.3697
84685.1,78.3923
84695.3,78.4151
84705.5,78.3967
84715.6,78.3656
84725.8,78.3345
84735.9,78.3209
84746,78.3156
84756.2,78.3103
84766.4,78.292
84776.5,78.2548
84786.7,78.2201
84796.8,78.1852
84806.9,78.1702
84817.2,78.1552
84827.3,78.1479
84837.4,78.1384
84847.7,78.1204
84857.9,78.1024
84868,78.0908
84878.2,78.0862
84888.4,78.0816
84898.5,78.0898
84908.7,78.1002
84918.8,78.1105
84928.9,78.1114
84939.1,78.0989
84949.3,78.0864
84959.4,78.0824
84969.6,78.0917
84979.8,78.1009
84989.9,78.1065
85000.1,78.0965
85010.3,78.0866
85020.4,78.0725
85030.6,78.0745
85040.8,78.0764
85050.9,78.0914
85061.2,78.1171
85071.3,78.1422
85081.4,78.1672
85091.6,78.1811
85101.7,78.1875
85111.8,78.1939
85122,78.1737
85132.1,78.1316
85142.2,78.0898
85152.4,78.0222
85162.6,77.9353
85172.7,77.8487
85182.9,77.7542
85193,77.6581
85203.1,77.5626
85213.4,77.4679
85223.5,77.3665
85233.6,77.2654
85243.8,77.1412
85254,76.9878
85264.1,76.835
85274.3,76.6676
85284.4,76.5121
85294.5,76.3576
85304.8,76.2214
85314.9,76.062
85325,75.9035
85335.2,75.6975
85345.4,75.4628
85355.5,75.2296
85365.7,74.9949
85375.8,74.7707
85385.9,74.5473
85396.1,74.3068
85406.3,74.063
85416.4,73.8388
85426.6,73.6126
85436.8,73.4054
85446.9,73.18
85457.1,72.9536
85467.3,72.7004
85477.4,72.423
85487.6,72.1443
85497.8,71.8662
85507.9,71.6197
85518.1,71.3714
85528.3,71.1516
85538.4,70.9097
85548.6,70.6664
85558.7,70.3437
85568.8,69.9865
85579,69.6274
85589.2,69.2998
85599.3,69.0282
85609.5,68.7542
85619.7,68.5079
85629.8,68.2448
85640,67.9803
85650.1,67.6754
85660.2,67.3634
85670.4,67.0496
85680.6,66.7522
85690.7,66.4585
85700.9,66.1621
85711,65.8949
85721.1,65.6535
85731.4,65.4143
85741.5,65.1759
85751.6,64.9109
85761.8,64.573
85771.9,64.2365
85782,63.8613
85792.2,63.4874
85802.4,63.115
85812.5,62.7843
85822.7,62.5099
85832.8,62.2369
85842.9,61.9601
85853.1,61.6674
85863.3,61.3759
85873.4,61.0706
85883.6,60.7743
85893.7,60.4787
85903.8,60.1824
85914.1,59.8687
85924.2,59.557
85934.3,59.2283
85944.5,58.9197
85954.7,58.6131
85964.8,58.3211
85975,58.0319
85985.2,57.7439
85995.3,57.4656
86005.5,57.1793
86015.7,56.8981
86025.8,56.6185
86036,56.3471
86046.1,56.093
86056.2,55.8409
86066.4,55.5962
86076.6,55.3325
86086.7,55.0703
86096.9,54.7662
86107.1,54.4539
86117.2,54.1429
86127.4,53.8513
86137.5,53.5896
86147.6,53.3288
86157.9,53.0738
86168,52.8066
86178.1,52.5415
86188.4,52.2337
86198.5,51.9099
86208.6,51.5879
86218.9,51.2559
86229,50.9531
86239.1,50.6516
86249.4,50.3733
86259.5,50.1332
86269.6,49.8949
86279.8,49.6781
86290,49.4594
86300.1,49.21
86310.4,48.9593
86320.5,48.6848
86330.6,48.415
86340.9,48.1428
86351,47.8913
86361.1,47.6447
86371.4,47.3959
86381.5,47.1366
86391.6,46.8823
86401.8,46.6263
86412,46.3847
86422.1,46.1284
86432.3,45.8704
86442.5,45.5697
86452.6,45.2365
86462.7,44.9027
86472.8,44.5973
86482.9,44.3229
86493,44.0474
86503.1,43.7908
86513.1,43.5202
86523.2,43.2492
86533.3,42.9716
86543.4,42.7043
86553.5,42.4366
86563.6,42.1921
86573.7,41.9334
86583.8,41.674
86593.9,41.3738
86604,41.0695
86614.1,40.7646
86624.2,40.4813
86634.2,40.2301
86644.3,39.9806
86654.4,39.7313
86664.5,39.4575
86674.6,39.1828
86684.7,38.892
86694.7,38.601
86704.9,38.3172
86714.9,38.0339
86725,37.7446
86735.1,37.4239
86745.2,37.1037
86755.2,36.77
86765.3,36.4443
86775.4,36.1183
86785.5,35.8105
86795.6,35.5076
86805.7,35.2049
86815.7,34.8996
86825.9,34.5816
86835.9,34.264
86846,33.9729
86856.1,33.6952
86866.2,33.4177
86876.3,33.1339
86886.5,32.8407
86896.7,32.548
86906.8,32.2888
86917,32.0786
86927.1,31.8687
86937.2,31.6786
86947.5,31.459
86957.7,31.2399
86967.8,30.9797
86978,30.6978
86988.2,30.4167
86998.3,30.1533
87008.5,29.9153
87018.7,29.6791
87028.8,29.444
87039,29.1853
87049.1,28.9074
87059.2,28.6307
87069.5,28.3688
87079.6,28.1299
87089.7,27.8921
87100,27.6356
87110.1,27.3542
87120.2,27.0743
87130.4,26.7701
87140.6,26.466
87150.7,26.1633
87160.9,25.8845
87171.1,25.6272
87181.2,25.3711
87191.4,25.1094
87201.6,24.8333
87211.7,24.5585
87221.9,24.2756
87232.1,24.0053
87242.2,23.7367
87252.4,23.4894
87262.5,23.2631
87272.7,23.0375
87282.9,22.7984
87293,22.5352
87303.2,22.281
87313.4,22.0249
87323.5,21.7863
87333.6,21.5591
87343.9,21.3301
87354,21.1043
87364.1,20.8599
87374.3,20.6132
87384.5,20.3424
87394.6,20.0404
87404.8,19.7356
87415,19.4187
87425.1,19.1174
87435.4,18.8145
87445.5,18.5734
87455.6,18.3314
87465.8,18.0892
87476,17.8034
87486.1,17.5164
87496.3,17.2293
87506.4,16.9705
87516.5,16.7515
87526.7,16.5309
87536.9,16.3395
87547,16.1417
87557.2,15.942
87567.4,15.7219
87577.5,15.5011
87587.7,15.2789
87597.9,15.0835
87608,14.8947
87618.1,14.6926
87628.3,14.4901
87638.4,14.2754
87648.6,14.0591
87658.8,13.8374
87668.9,13.6341
87679.1,13.4565
87689.3,13.2791
87699.4,13.1047
87709.6,12.8983
87719.7,12.6923
87729.8,12.4702
87740,12.2612
87750.2,12.0529
87760.3,11.8783
87770.5,11.7083
87780.7,11.5388
87790.8,11.3485
87801,11.1491
87811.2,10.9495
87821.3,10.7637
87831.5,10.5935
87841.7,10.4247
87851.8,10.2637
87862,10.0764
87872.2,9.88973
87882.3,9.68783
87892.5,9.48751
87902.7,9.3096
87912.8,9.13295
87923,8.98985
87933.1,8.85426
87943.2,8.7208
87953.5,8.55611
87963.6,8.36584
87973.7,8.17699
87984,7.98918
87994.1,7.82973
88004.2,7.67402
88014.4,7.53716
88024.6,7.37836
88034.7,7.2227
88044.9,7.03561
88055.1,6.83334
88065.2,6.63282
88075.5,6.44248
88085.6,6.27612
88095.8,6.11497
88106,5.97481
88116.1,5.85073
88126.2,5.73147
88136.5,5.60801
88146.6,5.48976
88156.7,5.37605
88167,5.28098
88177.1,5.21894
88187.2,5.16268
88197.5,5.1289
88207.6,5.10166
88217.7,5.07997
88228,5.04998
88238.1,5.02979
88248.2,5.01311
88258.5,5.00185
88268.6,4.99308
88278.7,4.97721
88289,4.96603
88299.1,4.97941
88309.2,5.01436
88319.5,5.05494
88329.6,5.13058
88339.7,5.18704
88350,5.24811
88360.1,5.26004
88370.2,5.21279
88380.5,5.16889
88390.6,5.13379
88400.7,5.12463
88411,5.11805
88421.1,5.11331
88431.3,5.07241
88441.5,-5.03368
88451.7,-4.98476
88461.8,-4.9193
88472,-4.83033
88482.1,-4.74315
88492.2,-4.65216
88502.3,-4.58162
88512.4,-4.51223
88522.5,-4.48071
88532.6,-4.46514
88542.8,-4.44933
88553.1,-4.44405
88563.2,-4.45285
88573.3,-4.46233
88583.5,-4.48961
88593.7,-4.52436
88603.9,-4.55935
88614,-4.57529
88624.3,-4.57049
88634.4,-4.5669
88644.6,-4.5566
88654.8,-4.56295
88664.9,-4.57135
88675.1,-4.62024
88685.2,-4.63496
88695.4,-4.65249
88705.6,-4.68619
88715.8,-4.72943
88725.9,-4.77638
88736,-4.82563
88746.3,-4.87711
88756.4,-4.93091
88766.6,-4.97407
88776.8,-5.00998
88786.9,-5.04719
88797.1,-5.07704
88807.3,-5.10396
88817.5,-5.11713
88827.6,-5.1315
88837.9,-5.13012
88848,-5.11652
88858.1,-5.10457
88868.4,-5.07566
88878.5,-5.09075
88888.7,-5.10626
88898.9,-5.20362
88909.1,-5.37634
88919.2,-5.55385
88929.5,-5.93141
88939.6,-6.17626
88949.8,-6.42191
88960,-6.57245
88970.1,-6.56864
88980.3,-6.57471
88990.6,-6.55121
89000.7,-6.58745
89010.9,-6.63318
89021.1,-6.69674
89031.3,-6.75496
89041.4,-6.81441
89051.7,-6.87584
89061.8,-6.95331
89071.9,-7.05018
89082.2,-7.14858
89092.4,-7.24673
89102.7,-7.30293
89112.9,-7.35923
89123.1,-7.39099
89133.2,-7.4245
89143.5,-7.46039
89153.6,-7.51926
89163.8,-7.59317
89174,-7.66831
89184.2,-7.74474
89194.3,-7.80709
89204.6,-7.87064
89214.7,-7.93171
89224.9,-8.02127
89235.1,-8.11216
89245.2,-8.22094
89255.4,-8.32961
89265.7,-8.44116
89275.8,-8.53961
89286,-8.60841
89296.1,-8.66429
89306.3,-8.7208
89316.4,-8.7665
89326.6,-8.79077
89336.8,-8.81516
89346.9,-8.82244
89357.1,-8.8156
89367.3,-8.80884
89377.4,-8.79834
89387.6,-8.78792
89397.8,-8.77757
89407.9,-8.77944
89418.1,-8.78836
89428.3,-8.79745
89438.4,-8.79825
89448.6,-8.78132
89458.8,-8.76471
89468.9,-8.73534
89479.2,-8.71325
89489.3,-8.6911
89499.5,-8.67549
89509.7,-8.66745
89519.9,-8.65968
89530,-8.64909
89540.3,-8.63258
89550.4,-8.61687
89560.6,-8.6014
89570.8,-8.5922
89581,-8.58654
89591.1,-8.58116
89601.3,-8.58107
89611.5,-8.5901
89621.6,-8.59912
89631.9,-8.60686
89642.1,-8.61269
89652.2,-8.6186
89662.5,-8.61542
89672.6,-8.60632
89682.8,-8.59739
89693,-8.59812
89703.2,-8.61087
89713.3,-8.6236
89723.6,-8.63585
89733.7,-8.62532
89743.9,-8.6146
89754.1,-8.60076
89764.3,-8.59621
89774.4,-8.59165
89784.7,-8.60586
89794.8,-8.62578
89805,-8.64555
89815.2,-8.65814
89825.4,-8.6632
89835.5,-8.67007
89845.7,-8.67694
89855.9,-8.69498
89866,-8.73426
89876.2,-8.774
89886.4,-8.81365
89896.5,-8.84931
89906.7,-8.88553
89916.8,-8.91027
89927,-8.92942
89937.2,-8.94888
89947.3,-8.97781
89957.5,-8.99847
89967.7,-9.01934
89977.9,-9.03635
89988,-9.03913
89998.3,-9.04207
90008.4,-9.03176
90018.5,-9.02221
90028.8,-9.01309
90038.9,-9.00082
90049.1,-8.98095
90059.4,-8.96122
90069.5,-8.95396
90079.6,-8.94844
90089.9,-8.9431
90100,-8.93565
90110.2,-8.93249
90120.3,-8.92934
90130.4,-8.91678
90140.6,-8.90491
90150.7,-8.90394
90160.8,-8.90324
90171,-8.91397
90181.1,-8.93048
90191.2,-8.9473
90201.3,-8.9772
90211.5,-8.99629
90221.5,-9.01561
90231.7,-9.03609
90241.8,-9.05048
90251.9,-9.06509
90262.1,-9.0821
90272.2,-9.08875
90282.3,-9.09521
90292.5,-9.08392
90302.6,-9.0625
90312.7,-9.04138
90322.9,-9.02056
90333,-9.02004
90343,-9.01952
90353.2,-9.03644
90363.4,-9.05982
90373.4,-9.08323
90383.6,-9.11027
90393.7,-9.14461
90403.8,-9.17882
90414,-9.21188
90424.1,-9.23956
90434.2,-9.26734
90444.4,-9.28718
90454.5,-9.31128
90464.6,-9.3354
90474.8,-9.36415
90484.9,-9.39514
90495,-9.41572
90505.2,-9.43667
90515.3,-9.44679
90525.4,-9.44621
90535.5,-9.44588
90545.7,-9.43741
90555.7,-9.41813
90565.9,-9.39906
90576,-9.37828
90586.1,-9.34983
90596.3,-9.32205
90606.4,-9.27435
90616.5,-9.19118
90626.7,-9.10795
90636.8,-8.98592
90646.9,-8.84284
90657.1,-8.6993
90667.2,-8.56791
90677.3,-8.45673
90687.4,-8.34699
90697.6,-8.23864
90707.7,-8.09883
90717.8,-7.96482
90727.9,-7.83003
90738.1,-7.68942
90759.5,-7.51478
90769.6,-7.48094
90780.1,-7.44957
90790.3,-7.43093
90800.4,-7.39903
90810.6,-7.31022
90820.8,-7.2344
90830.9,-7.10518
90841.7,-6.9191
90851.9,-6.76087
90862,-6.52798
90872.6,-6.22601
90882.8,-5.94262
90892.9,-5.74362
90903.1,-5.54934
90913.2,-5.41639
90923.3,-5.31674
90933.5,-5.27876
90943.7,5.27994
90953.8,5.35343
90963.9,5.47533
90974.1,5.61638
90984.2,5.78112
90994.3,5.95591
91004.4,6.15772
91014.5,6.37245
91024.6,6.63424
91034.7,6.92261
91044.8,7.215
91055.1,7.55066
91065.3,7.98251
91075.4,8.41225
91085.6,8.97572
91095.7,9.62405
91105.9,10.2797
91116,10.9491
91126.2,11.5977
91136.3,12.2497
91146.5,12.8778
91156.7,13.4796
91166.8,14.0796
91176.9,14.5966
91187.1,15.0109
91197.3,15.4261
91207.4,15.7398
91217.6,15.9912
91227.8,16.2483
91237.9,16.4666
91248.1,16.6578
91258.2,16.8572
91268.4,17.0871
91278.6,17.3955
91288.8,17.7661
91298.9,18.1428
91309.1,18.5309
91319.3,18.8675
91329.4,19.2111
91339.6,19.4885
91349.8,19.7499
91359.9,20.0194
91370.2,20.3093
91380.3,20.6019
91390.4,20.902
91400.7,21.1731
91410.8,21.4247
91421,21.6874
91431.2,21.9419
91441.4,22.2343
91451.5,22.5387
91461.8,22.9526
91471.9,23.4791
91482,24.0094
91492.3,24.5759
91502.4,25.119
91512.5,25.6655
91522.8,26.1952
91532.9,26.7188
91543.1,27.2456
91553.3,27.7721
91563.5,28.2826
91573.6,28.7952
91583.8,29.3021
91594,29.79
91604.1,30.2862
91614.3,30.7901
91624.5,31.3074
91634.6,31.8582
91644.9,32.4156
91655,32.9959
91665.1,33.5932
91675.4,34.1967
91685.6,34.8106
91695.7,35.4004
91705.9,35.9937
91716,36.5683
91726.2,37.1421
91736.4,37.7191
91746.5,38.2588
91756.7,38.7673
91766.9,39.2782
91777,39.8027
91787.1,40.3701
91797.3,40.9407
91807.5,41.5306
91817.6,42.1066
91827.8,42.6854
91838,43.2166
91848.1,43.692
91858.3,44.1505
91868.4,44.6089
91878.6,45.0979
91888.8,45.6153
91898.9,46.1318
91909.1,46.6457
91919.2,47.1508
91929.4,47.6559
91939.5,48.1443
91949.8,48.6219
91959.9,49.0979
91970,49.5636
91980.3,50.0581
91990.4,50.5505
92000.5,51.0688
92010.7,51.602
92020.9,52.1342
92031,52.6519
92041.2,53.1408
92051.3,53.6285
92061.4,54.0747
92071.6,54.4816
92081.7,54.8868
92091.9,55.2893
92102.1,55.7161
92112.2,56.1412
92122.3,56.5956
92132.5,57.044
92142.6,57.4273
92152.8,57.8114
92163,58.1144
92173.1,58.4055
92183.2,58.6971
92193.4,59.0323
92203.5,59.4077
92213.7,59.783
92223.8,60.1757
92234,60.5485
92244.1,60.9219
92254.3,61.2499
92264.4,61.5417
92274.6,61.8334
92284.7,62.1204
92294.9,62.4244
92305,62.7285
92315.2,63.1127
92325.3,63.5459
92335.5,63.9806
92345.6,64.3893
92355.8,64.7249
92365.9,65.0604
92376.1,65.3313
92386.2,65.5793
92396.3,65.8276
92406.5,66.0671
92416.6,66.3038
92426.7,66.5382
92436.9,66.7734
92447,66.9994
92457.2,67.2254
92467.4,67.4253
92477.5,67.6008
92487.6,67.7826
92497.8,67.9652
92508,68.1734
92518.1,68.4179
92528.2,68.6635
92538.4,68.9144
92548.5,69.1449
92558.7,69.3765
92568.8,69.5882
92579,69.8174
92589.1,70.0475
92599.3,70.3084
92609.4,70.5975
92619.6,70.8879
92629.7,71.172
92639.9,71.447
92650.1,71.7222
92660.2,71.9756
92670.3,72.2077
92680.5,72.4403
92690.7,72.6703
92700.8,72.917
92711,73.1648
92721.1,73.427
92731.3,73.6804
92741.5,73.9353
92751.6,74.159
92761.7,74.3417
92771.9,74.4894
92782.1,74.6371
92792.2,74.7631
92802.3,74.8893
92812.5,75.0261
92822.6,75.1723
92832.7,75.3221
92842.9,75.4727
92853.1,75.6055
92863.2,75.7305
92873.4,75.8553
92883.5,75.9904
92893.7,76.1489
92903.8,76.3076
92913.9,76.4796
92924.1,76.638
92934.3,76.7964
92944.4,76.9427
92954.6,77.1164
92964.7,77.29
92974.9,77.4758
92985.1,77.6562
92995.2,77.8359
93005.3,77.9809
93015.5,78.1271
93025.7,78.2728
93035.8,78.4556
93045.9,78.6484
93056.1,78.8022
93066.2,78.9559
93076.4,79.0555
93086.5,79.1271
93096.6,79.1991
93106.8,79.2934
93117,79.4613
93127.1,79.6296
93137.2,79.8437
93147.4,80.0248
93157.5,80.2063
93167.7,80.3128
93177.8,80.3643
93188,80.4159
93198.1,80.4556
93208.3,80.5277
93218.4,80.5999
93228.6,80.7146
93238.7,80.8411
93248.9,80.9675
93259.1,81.0755
93269.2,81.1621
93279.3,81.2488
93289.5,81.3204
93299.6,81.3801
93309.8,81.4397
93319.9,81.49
93330.1,81.5399
93340.2,81.5897
93350.4,81.6298
93360.5,81.6596
93370.7,81.6896
93380.9,81.7075
93391,81.7181
93401.1,81.7288
93411.3,81.7443
93421.5,81.7751
93431.6,81.797
93441.8,81.8189
93451.9,81.8105
93465.1,81.7805
93475.2,81.7574
93485.4,81.7415
93495.5,81.7342
93505.6,81.727
93515.7,81.728
93525.9,81.7087
93536,81.6633
93546.1,81.6179
93556.2,81.5646
93566.4,81.5217
93576.5,81.4788
93586.6,81.4472
93596.8,81.4173
93606.9,81.3875
93617,81.3522
93627.1,81.2993
93637.2,81.2466
93647.4,81.1812
93657.5,81.1079
93667.6,81.035
93677.8,80.9456
93687.9,80.8525
93698,80.7595
93708.1,80.6725
93718.3,80.5821
93728.4,80.4918
93738.5,80.3949
93748.6,80.2867
93758.7,80.1788
93768.9,80.0562
93779,79.9325
93789.1,79.8092
93799.3,79.6818
93809.4,79.5525
93819.5,79.4236
93829.6,79.2728
93839.8,79.0974
93849.9,78.9227
93860,78.7205
93870.2,78.5066
93880.3,78.3088
93890.4,78.1111
93900.6,77.9309
93910.7,77.7518
93920.8,77.5725
93931,77.3649
93941,77.1216
93951.2,76.8768
93961.3,76.5734
93971.4,76.1974
93981.6,75.82
93991.7,75.3864
94001.7,74.9029
94011.9,74.417
94022,73.8865
94032.1,73.3152
94042.3,72.7402
94052.4,72.1249
94062.5,71.4758
94072.7,70.8271
94082.8,70.1289
94093,69.3736
94103.3,68.6103
94113.5,67.8347
94123.6,67.0707
94133.8,66.3053
94144,65.5441
94154.1,64.7816
94164.3,64.0168
94174.5,63.2329
94184.6,62.4497
94194.7,61.6687
94205,60.882
94215.1,60.1114
94225.2,59.3498
94235.6,58.5741
94245.7,57.8042
94255.8,57.0749
94266,56.3379
94276.1,55.6431
94286.3,54.9635
94296.5,54.2785
94306.6,53.6004
94316.7,52.9245
94327,52.2415
94337.1,51.553
94347.3,50.8461
94357.4,50.1353
94367.5,49.4523
94377.7,48.7676
94387.9,48.0816
94398,47.3634
94408.1,46.6289
94418.3,45.8921
94428.4,45.1783
94438.6,44.4914
94448.8,43.803
94458.9,43.1454
94469,42.4888
94479.2,41.831
94489.3,41.1789
94499.5,40.546
94509.6,39.9727
94519.8,39.4006
94529.9,38.8473
94540.1,38.3148
94550.2,37.7847
94560.3,37.2562
94570.5,36.73
94580.6,36.2047
94590.8,35.6523
94601,35.0736
94611.1,34.4984
94621.3,33.8898
94631.4,33.2794
94641.5,32.6729
94651.7,32.0407
94661.9,31.3776
94672,30.7197
94682.1,30.0897
94692.3,29.5431
94702.4,29.0037
94712.6,28.5595
94722.8,28.2762
94732.9,27.9953
94743,27.9004
94753.2,27.9651
94763.3,28.0299
94773.5,28.2011
94783.7,28.4578
94793.8,28.7866
94803.9,29.1171
94814.1,29.5273
94824.2,30.0246
94834.4,30.5244
94844.6,31.1125
94854.7,31.7869
94864.9,32.4621
94875,33.2235
94885.1,34.0297
94895.3,34.8395
94905.5,35.6862
94915.6,36.5732
94925.7,37.4601
94935.9,38.3787
94946,39.3045
94956.2,40.2303
94966.3,41.1658
94976.4,42.0962
94986.6,43.0273
94996.7,44.0004
95006.8,44.9809
95017,45.962
95027.2,46.9917
95037.3,48.0203
95047.4,49.0492
95057.6,50.0654
95067.7,51.04
95077.8,52.0164
95088,52.9194
95098.1,53.7215
95108.3,54.4399
95118.5,55.1667
95128.6,55.767
95138.8,56.3687
95149,56.7937
95159.1,56.988
95169.2,56.9837
95179.5,56.9798
95189.6,56.8339
95199.7,56.5986
95209.9,56.361
95220,56.061
95230.2,55.6884
95240.4,55.3125
95250.5,54.8497
95260.7,54.3051
95270.8,53.7581
95281,53.1195
95291.1,52.3823
95301.4,51.6385
95311.5,50.8137
95321.6,49.9198
95331.8,49.0246
95341.9,48.0736
95352.1,47.0674
95362.3,46.0597
95372.4,44.9967
95382.5,43.8805
95392.7,42.7655
95402.8,41.6028
95412.9,40.3995
95423.1,39.1996
95433.2,37.985
95443.3,36.7721
95453.5,35.555
95463.6,34.3898
95473.8,33.2708
95484,32.1984
95494.1,31.1327
95504.2,30.1534
95514.4,29.2925
95524.5,28.436
95534.6,27.6892
95544.8,27.0277
95554.9,26.3698
95565.1,25.8005
95575.3,25.3291
95585.4,24.8623
95595.6,24.546
95605.7,24.4315
95615.9,24.3175
95626,24.3853
95636.2,24.5874
95646.3,24.7915
95656.4,25.0996
95666.5,25.4866
95676.7,25.8736
95686.8,26.3461
95697,26.9179
95707.1,27.4873
95717.2,28.1584
95727.6,28.9377
95737.7,29.7711
95747.8,30.6045
95758,31.4928
95768.1,32.4167
95778.2,33.343
95788.4,34.3241
95798.5,35.3949
95808.6,36.4714
95819,37.6382
95829.1,38.8138
95839.2,39.989
95849.4,41.206
95859.5,42.4511
95869.6,43.7019
95880,44.978
95890.1,46.1967
95900.2,47.4166
95910.6,48.5572
95920.7,49.5293
95930.8,50.5024
95940.9,51.3308
95951,52.0547
95961.2,52.7807
95971.4,53.4589
95981.5,54.0812
95991.6,54.7035
96001.8,55.3056
96011.9,55.8125
96022,56.321
96032.1,56.7102
96042.2,56.9964
96052.4,57.1926
96062.5,57.39
96072.6,57.5232
96082.8,57.5826
96092.9,57.643
96103,57.5986
96113.1,57.4068
96123.3,57.2146
96133.4,56.8563
96143.5,56.3522
96153.7,55.8451
96163.8,55.2557
96173.9,54.6294
96184.1,54.0017
96194.2,53.3351
96204.3,52.5827
96214.4,51.8276
96224.5,50.9676
96234.7,50.0145
96244.9,49.0602
96255,48.0322
96265.1,46.9014
96275.2,45.7704
96285.4,44.5164
96295.5,43.1775
96305.6,41.8405
96315.7,40.4642
96325.8,39.0747
96335.9,37.6876
96346,36.3005
96356.2,34.9042
96366.3,33.5062
96376.4,32.1096
96386.6,30.7477
96396.7,29.3926
96406.8,28.1032
96416.9,26.8932
96427.1,25.7898
96437.2,24.6886
96447.3,23.7108
96457.6,22.7222
96467.7,21.866
96477.8,21.1322
96488,20.533
96498.1,19.9366
96508.2,19.4716
96518.4,19.1736
96528.5,18.8757
96538.6,18.7385
96548.8,18.7649
96558.9,18.7939
96569,18.9624
96579.3,19.2294
96589.4,19.4978
96599.5,19.8293
96609.8,20.2343
96619.9,20.6379
96630,21.136
96640.2,21.7377
96650.3,22.3371
96660.4,23.0338
96670.7,23.8188
96680.8,24.6019
96691,25.4228
96701.2,26.2853
96711.3,27.1693
96721.4,28.0518
96731.7,28.9659
96741.8,29.9286
96751.9,30.8892
96762.1,31.914
96772.2,32.9889
96782.4,34.0592
96792.6,35.1593
96802.7,36.2584
96812.8,37.3525
96822.9,38.4398
96833.1,39.5181
96843.2,40.5939
96853.4,41.6494
96863.5,42.6879
96873.6,43.723
96883.8,44.7202
96894,45.612
96904.1,46.503
96914.3,47.2629
96924.4,47.8733
96934.5,48.4819
96944.8,48.9469
96954.9,49.2754
96965,49.6028
96975.2,49.8188
96985.4,49.9346
96995.5,50.0505
97005.7,50.0709
97015.8,50.0095
97025.9,49.8593
97036.1,49.7089
97046.2,49.4676
97056.3,49.1382
97066.5,48.8068
97076.7,48.386
97086.8,47.8394
97096.9,47.2948
97107.1,46.6286
97117.2,45.8588
97127.4,45.0882
97137.5,44.2463
97147.6,43.3454
97157.7,42.445
97167.9,41.4687
97178,40.3806
97188.1,39.292
97198.2,38.174
97208.3,37.0454
97218.5,35.9143
97228.6,34.7275
97238.7,33.5018
97248.8,32.2781
97259,31.0366
97269.1,29.7986
97279.2,28.5651
97289.3,27.356
97299.4,26.1836
97309.5,25.0152
97319.6,23.8848
97329.7,22.8024
97339.9,21.725
97350,20.7024
97360.1,19.7324
97370.2,18.7654
97380.4,17.8352
97390.5,16.9617
97400.6,16.2003
97410.6,15.4479
97420.7,14.787
97430.8,14.1332
97440.9,13.5336
97451,12.9781
97461.1,12.5455
97471.1,12.1193
97481.2,11.8423
97491.3,11.6957
97501.4,11.55
97511.5,11.5225
97521.5,11.5951
97531.6,11.6726
97541.7,11.8431
97551.8,12.1014
97561.8,12.3639
97571.9,12.7055
97582,13.1238
97592.1,13.5451
97602.2,14.0518
97612.2,14.6603
97622.3,15.276
97632.4,15.9735
97642.5,16.7312
97652.5,17.4986
97662.6,18.3191
97672.7,19.206
97682.8,20.0974
97692.9,21.0573
97703,22.0727
97713.1,23.0896
97723.2,24.1484
97733.4,25.2438
97743.5,26.3409
97753.6,27.4472
97763.8,28.569
97773.9,29.6942
97784,30.8098
97794.3,31.9183
97804.4,33.0123
97814.5,34.0924
97824.7,35.195
97834.8,36.3154
97844.9,37.4375
97855,38.5232
97865.1,39.4967
97875.2,40.4697
97885.3,41.2572
97895.5,41.8648
97905.6,42.4724
97915.7,42.9738
97925.8,43.4634
97935.9,43.9525
97946.1,44.4507
97956.2,44.8922
97966.3,45.3354
97976.4,45.66
97986.6,45.8102
97996.6,45.9609
98006.8,45.9241
98016.9,45.7433
98027,45.5628
98037.2,45.2926
98047.3,44.9437
98057.4,44.5945
98067.6,44.1434
98077.7,43.5999
98087.8,43.0587
98098,42.4226
98108.1,41.7035
98118.2,40.9861
98128.3,40.1917
98138.5,39.319
98148.6,38.4492
98158.7,37.508
98168.8,36.5263
98178.9,35.5465
98189.1,34.5287
98199.2,33.4693
98209.3,32.3668
98219.5,31.2638
98229.6,30.1196
98239.7,28.9564
98249.8,27.7919
98259.9,26.6545
98270,25.5737
98280.2,24.4988
98290.3,23.4882
98300.4,22.5369
98310.5,21.5922
98320.7,20.7117
98330.8,19.8769
98341,19.0441
98351.1,18.251
98361.2,17.483
98371.4,16.7197
98381.5,16.009
98391.6,15.372
98401.8,14.7432
98411.9,14.2019
98422,13.7679
98432.2,13.3388
98442.4,12.9971
98452.5,12.769
98462.6,12.5455
98472.8,12.4196
98482.9,12.3662
98493,12.3134
98503.2,12.3054
98513.3,12.3416
98523.4,12.3791
98533.6,12.4797
98543.7,12.6721
98553.8,12.9519
98563.9,13.2388
98574,13.6143
98584.1,14.07
98594.2,14.5381
98604.4,15.0665
98614.5,15.6433
98624.6,16.2311
98634.7,16.8738
98644.9,17.5973
98655.1,18.3296
98665.2,19.1382
98675.3,20.0034
98685.4,20.8775
98695.5,21.7765
98705.7,22.6837
98715.8,23.5991
98725.9,24.5511
98736.1,25.5527
98746.2,26.5557
98756.3,27.5765
98766.5,28.6027
98776.6,29.6298
98786.7,30.6504
98796.9,31.6453
98807,32.6398
98817.1,33.5922
98827.3,34.5089
98837.4,35.4228
98847.5,36.2876
98857.7,37.0979
98867.8,37.9059
98877.9,38.6148
98888.1,39.2053
98898.3,39.6599
98908.4,40.1128
98918.6,40.4601
98928.7,40.8068
98938.8,41.0601
98949,41.2532
98959.2,41.3888
98969.3,41.5244
98979.5,41.5593
98989.6,41.4562
98999.7,41.3536
99009.9,41.1236
99020,40.8132
99030.1,40.5044
99040.3,40.1491
99050.4,39.7644
99060.5,39.3824
99070.7,38.9473
99080.8,38.433
99091,37.918
99101.3,37.2821
99111.5,36.5293
99121.7,35.7831
99132,34.9436
99142.1,34.0583
99152.2,33.1811
99162.5,32.2565
99172.6,31.3129
99182.7,30.3771
99192.9,29.4208
99203,28.4448
99213.1,27.452
99223.4,26.4545
99233.5,25.4493
99243.6,24.464
99253.8,23.4768
99264,22.5111
99274.1,21.5806
99284.3,20.6527
99294.4,19.7748
99304.5,18.9759
99314.8,18.1784
99325,17.4656
99335.1,16.8274
99345.3,16.1975
99355.5,15.6073
99365.6,15.0349
99375.8,14.4745
99385.9,13.9177
99396,13.3772
99406.2,12.8458
99416.3,12.3478
99426.4,11.901
99436.7,11.4657
99446.8,11.1019
99456.9,10.8142
99467.1,10.5349
99477.3,10.3202
99487.4,10.1628
99497.7,10.0062
99507.9,9.91632
99518,9.89242
99528.2,9.91458
99538.4,9.93724
99548.5,9.98601
99558.7,10.055
99568.8,10.1277
99578.9,10.2272
99589.2,10.3629
99599.3,10.508
99609.4,10.6929
99619.7,10.9239
99629.8,11.1696
99639.9,11.4539
99650.1,11.7937
99660.3,12.1515
99670.4,12.5716
99680.6,13.0841
99690.8,13.6137
99700.9,14.2327
99711.2,14.9241
99721.3,15.629
99731.4,16.3476
99741.7,17.0754
99751.9,17.8079
99762,18.5234
99772.2,19.2568
99782.3,19.9999
99792.4,20.7463
99802.6,21.5523
99812.8,22.3965
99822.9,23.2411
99833.1,24.0921
99843.2,24.9128
99853.3,25.7332
99863.5,26.5096
99873.7,27.2588
99883.8,28.0045
99894,28.7536
99904.2,29.4982
99914.3,30.2396
99924.5,30.9888
99934.6,31.7486
99944.7,32.5057
99954.9,33.2858
99965,34.0463
99975.1,34.8049
99985.5,35.551
99995.7,36.2597
100006,36.9581
100016,37.6541
100026,38.3071
100036,38.9569
100047,39.6121
100057,40.2574
100067,40.897
100077,41.5335
100087,42.145
100097,42.6946
100108,43.2499
100118,43.7555
100128,44.2465
100138,44.7416
100148,45.2366
100158,45.7075
100169,46.1835
100179,46.6331
100189,47.0688
100199,47.5095
100209,47.927
100220,48.3081
100230,48.6936
100240,49.0603
100250,49.4374
100260,49.8184
100271,50.2196
100281,50.6105
100291,51.0054
100301,51.3711
100311,51.6946
100321,52.0368
100332,52.3797
100342,52.739
100352,53.1163
100362,53.4933
100372,53.8838
100382,54.2789
100393,54.6742
100403,55.0346
100413,55.3837
100423,55.7318
100433,56.0918
100444,56.4786
100454,56.864
100464,57.2601
100474,57.6574
100484,58.054
100494,58.4275
100505,58.7855
100515,59.1429
100525,59.4988
100535,59.8757
100545,60.2509
100555,60.6376
100566,61.0389
100576,61.4332
100586,61.8263
100596,62.193
100606,62.5594
100616,62.8967
100626,63.2135
100636,63.5092
100646,63.8038
100657,64.1047
100667,64.4036
100677,64.7019
100687,65.0051
100697,65.3361
100707,65.6657
100717,66.0134
100727,66.336
100737,66.6576
100748,66.9355
100758,67.1817
100768,67.4266
100778,67.6957
100788,67.9864
100799,68.2751
100809,68.576
100819,68.863
100829,69.1482
100839,69.4359
100849,69.72
100860,70.0018
100870,70.2682
100880,70.5274
100890,70.7847
100900,71.0507
100910,71.3406
100921,71.629
100931,71.9394
100941,72.2504
100951,72.5669
100962,72.8874
100972,73.2273
100982,73.5676
100992,73.912
101002,74.246
101012,74.5478
101023,74.8529
101033,75.1581
101043,75.4461
101053,75.7375
101063,76.0072
101073,76.2771
101084,76.5505
101094,76.8313
101104,77.1315
101114,77.4347
101124,77.7385
101135,78.0029
101145,78.2683
101155,78.5083
101165,78.7393
101175,78.9718
101185,79.2136
101196,79.4557
101206,79.6822
101216,79.9095
101226,80.1208
101236,80.3217
101246,80.5227
101257,80.7099
101267,80.8937
101277,81.0776
101287,81.2684
101297,81.4711
101307,81.6736
101318,81.8688
101328,82.0476
101338,82.2272
101348,82.3899
101358,82.5489
101369,82.708
101379,82.8808
101389,83.061
101399,83.241
101409,83.4186
101419,83.6035
101430,83.7882
101440,83.9682
101450,84.142
101460,84.3012
101470,84.4592
101480,84.6249
101491,84.7912
101501,84.9582
101511,85.1263
101521,85.2794
101531,85.4314
101542,85.5684
101552,85.7006
101562,85.8319
101572,85.9801
101582,86.1468
101592,86.3126
101603,86.4817
101613,86.6414
101623,86.7997
101633,86.9404
101643,87.063
101653,87.1846
101663,87.3088
101674,87.4479
101684,87.5869
101694,87.7313
101704,87.8695
101714,88.0061
101725,88.1449
101735,88.2884
101745,88.42
101755,88.5529
101765,88.6703
101775,88.7572
101786,88.8444
101796,88.9212
101806,88.9975
101816,89.0745
101826,89.1353
101836,89.1626
101847,89.1901
101857,89.1885
101867,89.1484
101877,89.1081
101887,89.0816
101897,89.0388
101908,88.9957
101918,88.97
101928,88.9492
101938,88.9282
101949,88.8925
101959,88.8466
101969,88.8003
101979,88.7449
101989,88.6745
102000,88.6033
102010,88.5194
102020,88.4493
102030,88.3792
102040,88.3214
102050,88.2572
102060,88.179
102071,88.1008
102081,88.0264
102091,87.9606
102101,87.895
102111,87.8201
102122,87.7351
102132,87.6502
102142,87.5865
102152,87.5687
102162,87.5509
102172,87.5769
102183,87.6011
102193,87.6253
102203,87.6324
102213,87.6177
102223,87.6044
102233,87.6458
102244,87.8056
102254,88.1243
102264,88.4414
102274,88.837
102284,89.2334
102295,89.6447
102305,90.031
102315,90.3378
102325,90.6432
102335,90.8517
102346,90.9672
102356,91.082
102366,91.1811
102376,91.3
102386,91.4181
102396,91.5456
102407,91.6852
102417,91.8238
102427,91.9664
102437,92.1009
102447,92.2346
102457,92.3739
102468,92.5305
102478,92.6863
102488,92.8504
102498,93.0433
102508,93.2347
102519,93.4438
102529,93.6519
102539,93.8619
102549,94.0745
102559,94.263
102569,94.4185
102580,94.5744
102590,94.7272
102600,94.8788
102610,95.0322
102620,95.1477
102630,95.0808
102641,95.0133
102651,94.9156
102661,94.7957
102671,94.6747
102681,94.6008
102691,94.5666
102702,94.5321
102712,94.5448
102722,94.5868
102732,94.6292
102742,94.6546
102753,94.6571
102763,94.6597
102773,94.6491
102783,94.6339
102793,94.6271
102804,94.6204
102814,94.6171
102824,94.6089
102834,94.6006
102844,94.5972
102854,94.6087
102865,94.6202
102875,94.6411
102885,94.6716
102895,94.7022
102905,94.7253
102916,94.7259
102926,94.7266
102936,94.7057
102946,94.6694
102956,94.6332
102966,94.5936
102977,94.5559
102987,94.5181
102997,94.4798
103007,94.4208
103017,94.362
103027,94.2672
103038,94.1242
103048,93.9488
103058,93.7745
103068,93.5899
103078,93.3869
103088,93.1852
103099,92.9806
103109,92.746
103119,92.5117
103129,92.2259
103139,91.882
103149,91.54
103160,91.1531
103170,90.7565
103180,90.3623
103190,89.9616
103200,89.5544
103210,89.15
103221,88.7334
103231,88.3042
103241,87.877
103251,87.4223
103261,86.9422
103271,86.4647
103282,85.9584
103292,85.4265
103302,84.9011
103312,84.3612
103322,83.84
103333,83.323
103343,82.7963
103353,82.2301
103363,81.6179
103373,81
103383,80.3655
103394,79.7492
103404,79.1267
103414,78.5275
103424,77.9408
103434,77.3484
103445,76.7268
103455,76.0666
103465,75.3995
103475,74.6993
103485,73.9937
103496,73.28
103506,72.5642
103516,71.8813
103526,71.1934
103536,70.5249
103546,69.8893
103557,69.2474
103567,68.6258
103577,68.0123
103587,67.3923
103597,66.7678
103607,66.1465
103618,65.5315
103628,64.9188
103638,64.3264
103648,63.7325
103658,63.1653
103668,62.6219
103679,62.0922
103689,61.5644
103699,61.0709
103709,60.5806
103719,60.0934
103729,59.6089
103740,59.1345
103750,58.6636
103760,58.2147
103770,57.7884
103780,57.3638
103791,56.962
103801,56.5653
103811,56.1701
103821,55.7753
103831,55.3405
103841,54.8617
103851,54.3847
103862,53.8932
103872,53.4007
103882,52.9145
103892,52.3926
103902,51.8392
103912,51.2896
103923,50.7103
103933,50.1327
103943,49.5603
103953,49.0164
103963,48.5251
103973,48.0399
103984,47.6101
103994,47.2153
104004,46.8246
104014,46.4532
104024,46.1173
104034,45.7854
104044,45.4891
104055,45.227
104065,44.9706
104075,44.7286
104085,44.4783
104095,44.2308
104105,43.9508
104115,43.6518
104126,43.3553
104136,43.058
104146,42.7826
104156,42.5112
104166,42.2624
104176,42.0324
104186,41.807
104197,41.5843
104207,41.352
104217,41.1201
104227,40.8878
104237,40.6678
104247,40.459
104258,40.2492
104268,40.0205
104278,39.7704
104288,39.5191
104298,39.2789
104308,39.0578
104319,38.8348
104329,38.6143
104339,38.4093
104349,38.2035
104359,38.0519
104370,37.9556
104380,37.861
104390,37.7611
104400,37.6032
104410,37.4462
104421,37.2298
104431,36.9844
104441,36.7384
104451,36.4813
104461,36.2477
104472,36.0387
104482,35.8318
104492,35.6235
104502,35.4078
104512,35.1935
104522,34.9871
104533,34.7756
104543,34.568
104553,34.3667
104563,34.186
104573,34.0084
104583,33.8503
104594,33.6894
104604,33.5307
104614,33.3608
104624,33.1384
104634,32.9194
104645,32.6567
104655,32.3995
104665,32.1504
104675,31.9305
104686,31.6841
104696,31.4461
104706,31.2986
104716,31.0905
104726,30.8965
104736,30.7135
104747,30.5025
104757,30.245
104767,29.9947
104777,29.7486
104787,29.5204
104797,29.2951
104808,29.0779
104818,28.8679
104828,28.6603
104838,28.4375
104848,28.1926
104858,27.9507
104869,27.6795
104879,27.366
104889,27.0555
104899,26.7343
104909,26.3906
104919,26.0508
104930,25.6385
104940,25.1277
104950,24.5437
104960,23.956
104970,23.3122
104980,22.7114
104991,22.1101
105001,21.589
105011,21.1668
105021,20.7484
105031,20.382
105041,20.031
105052,19.6879
105062,19.3298
105072,19.0143
105082,18.712
105092,18.47
105103,18.2699
105113,18.083
105123,17.8841
105133,17.6162
105143,17.3621
105154,17.0529
105164,16.7257
105174,16.4144
105184,16.1307
105194,-15.9019
105205,-15.6914
105215,-15.5298
105225,-15.4034
105235,-15.2965
105245,-15.2086
105255,-15.1542
105265,-15.1513
105275,-15.168
105286,-15.2297
105296,-15.3282
105306,-15.4425
105316,-15.5783
105326,-15.7506
105336,-15.9437
105346,-16.2089
105356,-16.5176
105366,-16.8597
105376,-17.2798
105386,-17.7935
105397,-18.3509
105407,-19.0105
105417,-19.6826
105427,-20.3948
105437,-20.9252
105447,-21.3323
105457,-21.7682
105467,-22.0592
105477,-22.2781
105488,-22.5071
105498,-22.6471
105508,-22.6992
105518,-22.7521
105528,-22.7436
105538,-22.7109
105549,-22.6801
105559,-22.6481
105569,-22.5859
105579,-22.5267
105589,-22.4152
105599,-22.2576
105610,-22.072
105620,-21.8874
105630,-21.7177
105640,-21.5788
105650,-21.4415
105660,-21.3504
105670,-21.2962
105681,-21.2434
105691,-21.1996
105701,-21.1604
105711,-21.1217
105721,-21.0758
105731,-21.0232
105742,-20.9708
105752,-20.9217
105762,-20.8687
105772,-20.8162
105782,-20.7432
105792,-20.6551
105803,-20.5677
105813,-20.4936
105823,-20.427
105833,-20.3616
105843,-20.3235
105853,-20.3184
105863,-20.3178
105874,-20.2877
105884,-20.1979
105894,-20.1154
105904,-20.0054
105914,-19.836
105924,-19.6797
105934,-19.5231
105945,-19.4307
105955,-19.4311
105965,-19.4506
105975,-19.5596
105985,-19.7891
105995,-20.0401
106006,-20.344
106016,20.5916
106026,20.8668
106036,21.0889
106046,21.2544
106056,21.4359
106066,21.6156
106076,21.8239
106087,22.044
106097,22.3513
106107,22.7527
106117,23.1663
106127,23.5893
106137,23.9374
106147,24.2943
106157,24.5528
106167,24.7789
106177,25.0099
106188,25.2606
106198,25.4871
106208,25.7177
106218,25.9309
106228,26.1257
106238,26.3216
106248,26.5248
106258,26.6732
106268,26.8226
106278,26.8896
106288,26.8765
106298,26.8634
106309,26.77
106319,26.6162
106329,26.4611
106339,26.3454
106349,26.2134
106363,26.0313
106373,25.7906
106384,25.5513
106394,25.2288
106404,24.8027
106414,24.3807
106424,24.0369
106434,23.753
106444,23.4721
106455,23.123
106465,22.6871
106475,22.2574
106485,21.7077
106495,21.0748
106505,20.4676
106515,19.8389
106526,19.2706
106536,18.7651
106546,-18.4284
106556,-18.2031
106566,-18.0198
106576,-17.7967
106586,-17.6254
106596,-17.4821
106607,-17.3779
106617,-17.288
106627,-17.2231
106637,-17.1901
106647,-17.2515
106657,-17.3258
106667,-17.4319
106677,-17.5273
106687,-17.6244
106697,-17.6373
106707,-17.6089
106718,-17.5812
106728,-17.5715
106738,-17.5566
106748,-17.5423
106758,-17.5342
106768,-17.5106
106778,-17.4334
106788,-17.3695
106798,-17.278
106809,-17.2103
106819,-17.1671
106829,-17.1188
106839,-17.1019
106849,-17.1212
106859,-17.2007
106869,-17.3373
106880,17.5117
106890,17.7663
106900,18.0651
106910,18.3972
106920,18.7185
106930,19.0294
106940,19.3488
106950,19.609
106960,19.8682
106971,20.1313
106981,20.407
106991,20.6328
107001,20.8606
107011,21.0282
107021,21.1532
107031,21.2783
107041,21.3337
107051,21.3425
107061,21.3514
107071,21.3852
107081,21.3776
107092,21.3702
107102,21.3045
107112,21.1823
107122,21.0618
107132,20.8822
107142,20.624
107152,20.3704
107165,20.0708
107175,19.8584
107185,19.7261
107195,19.6043
107205,19.5162
107215,19.3671
107225,19.2269
107235,18.9725
107246,18.6446
107256,-18.3396
107266,-18.0408
107276,-17.8423
107286,-17.6854
107296,-17.597
107306,-17.4745
107316,-17.37
107326,-17.2597
107336,-17.1851
107346,-17.1295
107356,-17.1256
107366,-17.1619
107376,-17.2149
107387,-17.3193
107397,-17.3889
107407,-17.4595
107417,-17.4385
107427,-17.3848
107437,-17.3363
107447,-17.2885
107457,-17.2566
107467,-17.2249
107477,-17.223
107487,-17.241
107497,-17.253
107507,-17.2654
107517,-17.2515
107527,-17.2277
107538,-17.2039
107548,-17.1763
107558,-17.167
107568,-17.1578
107578,-17.1764
107589,-17.2117
107599,-17.2467
107611,-17.2984
107622,-17.3554
107632,-17.4097
107642,-17.4632
107652,-17.5124
107662,-17.5659
107672,-17.6195
107682,-17.684
107693,-17.7431
107703,-17.8025
107713,-17.8566
107723,-17.8909
107733,-17.9253
107743,-17.9471
107753,-17.96
107763,-17.9729
107773,-17.9871
107784,-18.0035
107794,-18.0201
107804,-18.0402
107814,-18.0667
107824,-18.0932
107834,-18.1156
107844,-18.1374
107854,-18.1593
107864,-18.1717
107875,-18.1732
107885,-18.1748
107895,-18.169
107905,-18.1696
107915,-18.1702
107925,-18.1815
107935,-18.1986
107945,-18.2158
107955,-18.2386
107966,-18.2538
107976,-18.2691
107986,-18.2779
107996,-18.2883
108006,-18.2987
108016,-18.3026
108026,-18.3001
108036,-18.2975
108047,-18.2809
108057,-18.2556
108067,-18.2411
108077,-18.2268
108087,-18.2355
108097,-18.255
108107,-18.2746
108117,-18.2852
108136,-18.2661
108146,-18.2495
108158,-18.23
108168,-18.2132
108178,-18.202
108189,-18.1901
108199,-18.1799
108209,-18.1762
108220,-18.1724
108230,-18.1743
108240,-18.1733
108250,-18.1691
108260,-18.1649
108270,-18.1688
108280,-18.1627
108291,-18.1567
108301,-18.1532
108311,-18.1465
108321,-18.1398
108331,-18.1205
108341,-18.095
108351,-18.0694
108362,-18.0434
108372,-18.0261
108382,-18.0146
108392,-18.0031
108402,-17.9878
108412,-17.9668
108422,-17.9459
108432,-17.9155
108443,-17.8776
108453,-17.84
108463,-17.8094
108473,-17.7998
108483,-17.7902
108493,-17.7985
108503,-17.8093
108514,-17.82
108524,-17.8263
108534,-17.8287
108544,-17.8313
108554,-17.8297
108564,-17.83
108574,-17.8303
108584,-17.8323
108595,-17.8229
108605,-17.8135
108615,-17.8021
108625,-17.7944
108635,-17.7868
108645,-17.7699
108655,-17.7603
108666,-17.7509
108676,-17.7422
108686,-17.7288
108696,-17.7238
108706,-17.7187
108716,-17.7104
108726,-17.6848
108736,-17.6592
108747,-17.6223
108757,-17.5785
108767,-17.5348
108777,-17.5013
108787,-17.4606
108797,-17.4197
108807,-17.3621
108818,-17.2753
108828,-17.1885
108838,-17.0563
108848,-16.892
108858,-16.7282
108868,-16.5619
108878,-16.3954
108888,-16.2299
108899,-16.0677
108909,-15.8896
108919,-15.7129
108929,-15.5457
108939,-15.3875
108949,-15.2303
108959,-15.0922
108970,-14.9531
108980,-14.8147
108990,-14.6323
109000,-14.4138
109010,-14.1673
109021,-13.9172
109031,-13.652
109041,-13.3751
109051,-13.1022
109061,-12.8151
109071,-12.5305
109081,-12.2526
109092,-11.9639
109106,-11.5497
109116,-11.2399
109126,-10.9435
109136,-10.6287
109147,-10.3074
109157,-10.0163
109167,-9.70585
109177,-9.46734
109187,-9.29157
109197,-9.18974
109208,-9.16002
109218,-9.19255
109228,-9.28508
109238,-9.40714
109248,-9.57744
109258,-9.75522
109269,-9.96236
109279,-10.2003
109289,-10.4353
109299,-10.5455
109309,-10.6818
109319,-10.9479
109330,-11.2104
109340,-11.4889
109350,-11.7351
109360,-11.997
109370,-12.3054
109380,-12.6319
109391,-13.0233
109401,-13.4487
109411,-13.8877
109421,-14.3226
109431,-14.7057
109441,-15.1004
109452,-15.4871
109462,-15.8859
109472,-16.2953
109482,-16.7388
109492,-17.1764
109502,-17.622
109512,-18.0445
109523,-18.4712
109533,-18.9093
109543,-19.3594
109553,-19.822
109563,-20.2917
109574,-20.7947
109584,-21.321
109594,-21.8545
109604,-22.3567
109614,-22.8164
109624,-23.2815
109634,-23.7281
109645,-24.1576
109655,-24.5806
109665,-25.0075
109675,-25.405
109685,-25.8106
109695,-26.2169
109705,-26.6455
109716,-27.0836
109726,-27.5239
109736,-27.9693
109746,-28.3949
109756,-28.8207
109766,-29.2371
109777,-29.5668
109787,-29.8969
109797,-30.197
109807,-30.4798
109817,-30.7632
109827,-31.0144
109838,-31.2236
109848,-31.4341
109858,-31.6125
109868,-31.7651
109878,-31.9183
109888,-32.0417
109898,-32.1485
109909,-32.2557
109919,-32.3773
109929,-32.4759
109939,-32.5762
109949,-32.5881
109959,-32.5504
109970,-32.4778
109980,-32.4073
109990,-32.3039
110000,-32.1619
110010,-32.0226
110020,-31.8842
110031,-31.7367
110041,-31.5927
110051,-31.4389
110061,-31.3114
110071,-31.1881
110081,-31.105
110092,-31.0522
110102,-31.0034
110112,-30.9762
110122,-30.9601
110132,-30.9477
110142,-30.9279
110153,-30.9192
110163,-30.9121
110173,-30.9357
110183,-30.9899
110193,-31.0676
110203,-31.1457
110214,-31.2209
110224,-31.2706
110234,-31.3214
110244,-31.353
110254,-31.3911
110264,-31.4329
110275,-31.477
110285,-31.5157
110295,-31.5631
110305,-31.6121
110315,-31.6567
110326,-31.7142
110336,-31.7638
110346,-31.8097
110356,-31.8709
110366,-31.9395
110376,-31.9935
110386,-32.0638
110397,-32.125
110407,-32.1826
110417,-32.2588
110427,-32.3425
110437,-32.4181
110447,-32.5083
110458,-32.586
110468,-32.6639
110478,-32.7494
110488,-32.8554
110498,-32.9629
110508,-33.0743
110519,-33.1548
110529,-33.1698
110539,-33.148
110549,-33.1263
110559,-33.0538
110569,-32.9106
110580,-32.7708
110590,-32.5762
110600,-32.3303
110610,-32.0958
110620,-31.8371
110630,-31.5712
110640,-31.3274
110651,-31.0881
110661,-30.8847
110671,-30.7102
110681,-30.5947
110691,-30.536
110701,-30.5086
110712,-30.535
110722,-30.6483
110732,-30.7919
110742,-30.9921
110752,-31.2206
110762,-31.4731
110773,-31.7592
110783,-32.0799
110793,-32.4146
110803,-32.7252
110813,-32.9972
110823,-33.2314
110834,-33.4675
110844,-33.6701
110854,-33.8273
110864,-33.9838
110874,-34.0808
110884,-34.1122
110895,-34.1444
110905,-34.1031
110915,-33.9895
110925,-33.8819
110935,-33.7439
110945,-33.6122
110955,-33.4926
110966,-33.3914
110976,-33.2828
110986,-33.1917
110996,-33.0931
111006,-32.9832
111016,-32.8969
111027,-32.8154
111037,-32.765
111047,-32.7387
111057,-32.7635
111067,-32.7993
111077,-32.8563
111088,-32.8957
111098,-32.9036
111108,-32.922
111118,-32.9593
111128,-33.0078
111138,-33.0697
111149,-33.1432
111159,-33.2167
111169,-33.2295
111179,-33.2462
111189,-33.201
111199,-33.0843
111210,-32.9673
111220,-32.7957
111230,-32.5569
111240,-32.3191
111250,-32.0616
111260,-31.8112
111271,-31.5685
111281,-31.3369
111291,-31.112
111301,-30.9025
111311,-30.71
111321,-30.5519
111332,-30.4138
111342,-30.3121
111352,-30.2719
111362,-30.2657
111372,-30.282
111382,-30.3044
111392,-30.348
111402,-30.3697
111412,-30.3598
111422,-30.3515
111432,-30.3565
111442,-30.3856
111453,-30.438
111463,-30.4961
111473,-30.5531
111483,-30.592
111493,-30.6322
111503,-30.6312
111513,-30.5883
111523,-30.5455
111533,-30.4591
111543,-30.3325
111553,-30.2069
111564,-30.0588
111574,-29.8802
111584,-29.7062
111594,-29.5124
111604,-29.3023
111614,-29.1008
111625,-28.8664
111635,-28.6196
111645,-28.383
111655,-28.1175
111665,-27.827
111675,-27.5472
111686,-27.2352
111696,-26.8563
111706,-26.489
111716,-26.0966
111726,-25.6838
111736,-25.2838
111747,-24.8313
111757,-24.3665
111767,-23.9483
111777,-23.5544
111787,-23.2718
111797,-23.0867
111808,-22.9231
111818,-22.8407
111828,-22.8329
111838,-22.8406
111848,-22.899
111858,-22.9997
111868,-23.1095
111879,-23.2328
111889,-23.3521
111899,-23.4769
111909,-23.5908
111919,-23.7
111930,-23.8127
111940,-23.918
111950,-24.0094
111960,-24.1034
111970,-24.1745
111980,-24.2242
111990,-24.2757
112001,-24.3211
112011,-24.352
112021,-24.3829
112031,-24.4164
112041,-24.4448
112051,-24.4751
112062,-24.5031
112072,-24.512
112082,-24.4938
112092,-24.4776
112102,-24.4211
112113,-24.3319
112123,-24.2438
112133,-24.1163
112143,-23.9774
112153,-23.839
112163,-23.6616
112173,-23.4773
112184,-23.2924
112194,-23.0873
112204,-22.8639
112214,-22.6386
112224,-22.3969
112235,-22.1443
112245,-21.8913
112255,-21.6444
112265,-21.4116
112275,-21.178
112285,-20.9699
112296,-20.7765
112306,-20.5859
112316,-20.3948
112326,-20.1835
112336,-19.9526
112346,-19.7216
112356,-19.4917
112367,-19.2669
112377,-19.0431
112387,-18.8172
112397,-18.5802
112407,-18.345
112417,-18.1002
112428,-17.8499
112438,-17.5997
112448,-17.3527
112458,-17.1118
112468,-16.8706
112478,-16.6483
112488,-16.4366
112499,-16.2246
112509,-16.0095
112519,-15.7932
112529,-15.5777
112539,-15.3697
112549,-15.1687
112560,-14.9676
112570,-14.7748
112580,-14.5959
112590,-14.4171
112600,-14.2455
112610,-14.0693
112621,-13.8926
112631,-13.7168
112641,-13.5373
112651,-13.364
112661,-13.1919
112671,-13.0243
112682,-12.869
112692,-12.7145
112702,-12.5743
112712,-12.4522
112722,-12.3304
112732,-12.2049
112742,-12.0651
112753,-11.9266
112763,-11.7731
112773,-11.6229
112783,-11.4739
112793,-11.3413
112803,-11.2099
112814,-11.0796
112824,-10.9401
112834,-10.789
112844,-10.6394
112854,-10.4753
112864,-10.3113
112875,-10.1485
112885,-9.98036
112895,-9.82071
112905,-9.66824
112916,-9.51497
112926,-9.35619
112936,-9.18888
112946,-9.02152
112956,-8.84585
112966,-8.6801
112976,-8.51398
112987,-8.36359
112997,-8.23836
113007,-8.11197
113017,-8.01101
113027,-7.91847
113037,-7.82583
113048,-7.73573
113058,-7.64119
113068,-7.5464
113078,-7.45661
113088,-7.3738
113098,-7.29069
113109,-7.20728
113119,-7.12532
113129,-7.04384
113139,-6.96041
113149,-6.87334
113159,-6.78596
113170,-6.69417
113180,-6.60348
113190,-6.51621
113200,-6.42922
113210,-6.35202
113220,-6.28622
113230,-6.22085
113241,-6.16966
113251,-6.12917
113261,-6.08879
113271,-6.05087
113281,-6.01608
113291,-5.98136
113302,-5.94828
113312,-5.92084
113322,-5.8934
113332,-5.8725
113342,-5.86142
113352,-5.85073
113363,-5.84014
113373,-5.82161
113383,-5.80289
113393,-5.77529
113403,-5.7522
113414,-5.72956
113424,-5.73543
113434,-5.76009
113444,-5.78478
113454,-5.82497
113464,-5.8729
113475,-5.91515
113485,-5.95709
113495,-6.00136
113505,-6.07231
113515,-6.14283
113526,-6.23531
113536,-6.33078
113546,-6.42544
113556,-6.50647
113566,-6.57209
113576,-6.63742
113586,-6.68574
113596,-6.73255
113607,-6.78076
113617,-6.84971
113627,-6.9165
113637,-6.98388
113647,-7.04162
113658,-7.07956
113668,-7.11784
113678,-7.14891
113688,-7.16423
113698,-7.1805
113709,-7.19423
113719,-7.20565
113729,-7.21923
113739,-7.22237
113749,-7.21261
113759,-7.18683
113770,-7.16205
113780,-7.13729
113790,-7.11916
113800,-7.10264
113810,-7.09127
113821,-7.08464
113831,-7.07967
113841,-7.07136
113851,-7.06194
113861,-7.05418
113872,-7.05629
113882,-7.07258
113892,-7.09061
113902,-7.12323
113912,-7.16522
113922,-7.20924
113933,-7.2504
113943,-7.28242
113953,-7.31664
113963,-7.33674
113973,-7.35593
113984,-7.3773
113994,-7.41162
114004,-7.45881
114014,-7.5278
114024,-7.59894
114034,-7.68402
114045,-7.77169
114055,-7.86148
114065,-7.94276
114075,-8.01873
114085,-8.09689
114096,-8.16692
114106,-8.23931
114116,-8.30182
114126,-8.35459
114136,-8.39855
114146,-8.44515
114157,-8.48106
114167,-8.49942
114177,-8.5206
114187,-8.53511
114197,-8.55226
114208,-8.5733
114218,-8.60131
114228,-8.6499
114238,-8.70569
114248,-8.79941
114259,-8.95028
114269,-9.12711
114279,-9.31095
114289,-9.4909
114299,-9.64633
114309,-9.80634
114320,-9.94512
114330,-10.0828
114340,-10.2218
114350,-10.3492
114360,-10.465
114371,-10.5817
114381,-10.6817
114391,-10.7856
114401,-10.8894
114411,-11.012
114422,-11.1512
114432,-11.2911
114442,-11.4558
114452,-11.632
114462,-11.8077
114472,-11.9895
114483,-12.1807
114493,-12.371
114503,-12.5671
114513,-12.7306
114523,-12.893
114534,-13.0266
114544,-13.1375
114554,-13.2316
114564,-13.327
114574,-13.4123
114584,-13.4834
114595,-13.556
114605,-13.6049
114615,-13.6477
114625,-13.6919
114636,-13.732
114646,-13.7609
114656,-13.7898
114666,-13.8091
114676,-13.8185
114686,-13.8283
114697,-13.8436
114707,-13.8664
114717,-13.8894
114727,-13.9029
114737,-13.9068
114748,-13.9111
114758,-13.9126
114768,-13.9119
114778,-13.9093
114788,-13.9072
114799,-13.8957
114809,-13.8687
114819,-13.8425
114829,-13.8022
114839,-13.7546
114849,-13.7078
114859,-13.6592
114869,-13.6164
114880,-13.5752
114890,-13.5233
114900,-13.4472
114910,-13.3723
114920,-13.3053
114930,-13.2508
114941,-13.1972
114951,-13.1421
114961,-13.07
114971,-12.9985
114981,-12.9243
114992,-12.8611
115002,-12.8091
115012,-12.7578
115022,-12.709
115032,-12.6344
115042,-12.562
115053,-12.478
115063,-12.3865
115073,-12.2994
115083,-12.221
115094,-12.1579
115104,-12.0994
115114,-12.067
115124,-12.0673
115134,-12.0728
115144,-12.0905
115154,-12.0822
115165,-12.0803
115175,-12.0454
115185,-12.0147
115195,-11.9888
115205,-11.9889
115215,-12.0194
115226,-12.0544
115236,-12.0871
115246,-12.1258
115256,-12.1686
115266,-12.2029
115276,-12.2362
115286,-12.2938
115297,-12.3546
115307,-12.4703
115317,-12.619
115327,-12.7726
115337,-12.9065
115347,-13.021
115358,-13.1409
115368,-13.2312
115378,-13.3438
115388,-13.461
115398,-13.5997
115408,-13.7763
115419,-13.9581
115429,-14.2087
115439,-14.4727
115449,14.7426
115459,15.042
115469,15.3213
115480,15.607
115490,15.8445
115500,16.0433
115510,16.2446
115520,16.4326
115530,16.6211
115540,16.8114
115550,16.9859
115560,17.1249
115570,17.2647
115580,17.3754
115591,17.4599
115601,17.5446
115611,17.5942
115621,17.6519
115631,17.7097
115641,17.7193
115651,17.6812
115661,17.6052
115671,17.5291
115681,17.4255
115692,17.322
115702,17.2269
115712,17.1568
115722,17.1054
115732,17.0539
115742,16.9996
115752,16.9519
115762,16.9039
115773,16.8674
115783,16.8524
115793,16.8373
115803,16.8355
115813,16.8448
115823,16.8539
115833,16.873
115843,16.8851
115854,16.8973
115864,16.8914
115874,16.8763
115884,16.8612
115894,16.8449
115904,16.8469
115914,16.8488
115924,16.8572
115935,16.8498
115945,16.8423
115955,16.8213
115965,16.794
115975,16.7667
115985,16.7487
115995,16.7527
116006,16.7713
116016,16.7897
116026,16.7961
116036,16.7762
116046,16.7562
116056,16.7112
116066,16.6571
116076,16.6032
116087,16.5695
116097,16.5685
116107,16.5673
116117,16.5911
116127,16.6146
116137,16.6381
116147,16.6368
116157,16.6228
116168,16.6089
116178,16.5951
116188,16.5697
116198,16.5444
116208,16.523
116218,16.512
116228,16.5011
116238,16.5018
116249,16.5041
116259,16.5065
116269,16.5093
116279,16.5129
116289,16.5165
116299,16.5236
116309,16.5197
116319,16.5158
116330,16.504
116340,16.4951
116350,16.4861
116360,16.4776
116370,16.4656
116380,16.4538
116390,16.4373
116401,16.4228
116411,16.4203
116421,16.418
116431,16.4297
116441,16.4294
116451,16.429
116461,16.4262
116471,16.4228
116482,16.4195
116492,16.4263
116502,16.433
116512,16.4397
116522,16.4373
116532,16.4273
116542,16.4172
116553,16.4034
116563,16.3973
116573,16.3913
116583,16.3834
116593,16.3724
116603,16.3614
116613,16.3496
116623,16.3471
116634,16.3447
116644,16.3556
116654,16.365
116664,16.3743
116674,16.3734
116684,16.3646
116694,16.3558
116705,16.3413
116715,16.3286
116725,16.316
116735,16.3095
116745,16.3084
116755,16.3072
116765,16.3146
116775,16.3192
116786,16.3239
116796,16.3215
116806,16.3144
116816,16.3074
116826,16.3014
116836,16.3041
116846,16.307
116856,16.3121
116867,16.3124
116877,16.3127
116887,16.3104
116897,16.3076
116907,16.3004
116917,16.2931
116927,16.2873
116937,16.2752
116948,16.2631
116958,16.2469
116968,16.2374
116978,16.2278
116988,16.2296
116998,16.241
117008,16.2526
117018,16.2596
117029,16.2558
117039,16.2519
117049,16.248
117059,16.251
117069,16.2541
117079,16.2682
117089,16.2872
117100,16.3063
117110,16.3256
117120,16.3275
117130,16.3294
117140,16.3115
117150,16.2826
117160,16.2521
117170,16.2215
117180,16.2035
117191,16.2028
117201,16.202
117211,16.208
117221,16.2204
117231,16.2328
117241,16.2498
117251,16.277
117262,16.3041
117272,16.34
117282,16.3753
117292,16.4107
117302,16.4275
117312,16.4201
117322,16.4128
117332,16.3889
117343,16.3629
117353,16.337
117363,16.3194
117373,16.3111
117383,16.3028
117393,16.2976
117403,16.295
117413,16.2925
117424,16.3017
117434,16.3147
117444,16.3277
117454,16.3369
117464,16.3452
117474,16.3534
117484,16.361
117495,16.3649
117505,16.3665
117515,16.368
117525,16.3706
117535,16.366
117545,16.3615
117555,16.3526
117566,16.3317
117576,16.3109
117586,16.2889
117596,16.2789
117606,16.2688
117616,16.2723
117626,16.2842
117636,16.2959
117647,16.3057
117657,16.3187
117667,16.3318
117677,16.3439
117687,16.3637
117697,16.3836
117707,16.4058
117717,16.4314
117728,16.4569
117738,16.4756
117748,16.4875
117758,16.4994
117768,16.5039
117778,16.5021
117788,16.5004
