10.2145,0.0791294
20.3487,0.172458
30.5219,0.271242
40.7171,0.377423
50.8567,0.482949
60.9328,0.58684
71.0404,0.697732
81.1186,0.779335
91.1869,0.861386
101.297,0.894374
111.401,0.891745
121.491,0.900479
131.642,0.893499
141.776,0.901348
151.915,0.91428
162.089,0.936274
172.23,0.968328
182.329,1.00248
192.522,1.03248
202.662,1.07628
212.761,1.12046
222.933,1.17701
233.072,1.22523
243.176,1.27347
253.351,1.30264
263.49,1.31758
273.592,1.33176
283.79,1.35852
293.922,1.40442
304.022,1.45047
314.197,1.51488
324.332,1.59197
334.433,1.67159
344.615,1.75117
354.755,1.82772
364.854,1.91145
375.056,1.99638
385.203,2.10515
395.303,2.2343
405.488,2.36467
415.63,2.50078
425.731,2.62567
435.909,2.75202
446.058,2.86626
456.158,2.98899
466.335,3.11266
476.487,3.24489
486.589,3.38007
496.781,3.51583
506.936,3.64397
517.037,3.77917
527.216,3.9161
537.357,4.06075
547.462,4.19372
557.602,4.31299
567.753,4.43364
577.856,4.56312
588.062,4.69337
598.187,4.84166
608.287,4.98586
618.431,5.13226
628.582,5.27994
638.686,5.41653
648.835,5.55287
658.96,5.68993
669.06,5.81286
679.205,5.93959
689.358,6.06702
699.461,6.19196
709.634,6.31319
719.788,6.43531
729.884,6.54379
740.063,6.65121
750.211,6.75878
760.351,6.86787
770.54,6.97827
780.694,7.08884
790.797,7.19837
800.976,7.30164
811.12,7.40496
821.219,7.49485
831.454,7.57541
841.606,7.65563
851.708,7.74231
861.884,7.83453
872.037,7.92707
882.138,8.01267
892.311,8.08895
902.468,8.16549
912.571,8.23075
922.757,8.30937
932.891,8.38015
942.989,8.4509
953.18,8.51756
963.316,8.58444
973.414,8.66727
983.583,8.7872
993.716,8.95457
1003.82,9.12565
1013.99,9.32533
1024.12,9.53957
1034.22,9.75482
1044.38,9.9578
1054.51,10.141
1064.61,10.324
1074.79,10.5087
1084.93,10.6942
1095.03,10.8793
1105.22,11.056
1115.34,11.2336
1125.44,11.411
1135.61,11.5967
1145.74,11.7876
1155.84,11.9781
1166.04,12.1464
1176.18,12.299
1186.28,12.4511
1196.47,12.6075
1206.61,12.7824
1216.7,12.9553
1226.9,13.1291
1237.03,13.2909
1247.13,13.4282
1257.34,13.5664
1267.48,13.7203
1277.58,13.8698
1287.76,14.0199
1297.9,14.1648
1308,14.3023
1318.18,14.4406
1328.32,14.5761
1338.42,14.7142
1348.6,14.853
1358.75,14.9922
1368.85,15.1366
1379.04,15.2815
1389.18,15.4228
1399.28,15.5559
1409.47,15.6897
1419.63,15.8267
1429.73,15.962
1439.92,16.0979
1450.08,16.2529
1460.19,16.4131
1470.38,16.5741
1480.53,16.7275
1490.63,16.8738
1500.81,17.0211
1510.96,17.1551
1521.06,17.29
1531.24,17.4256
1541.39,17.5814
1551.49,17.7407
1561.65,17.9004
1571.8,18.0627
1581.9,18.2176
1592.04,18.3712
1602.19,18.5257
1612.3,18.6842
1622.48,18.843
1632.63,19.0105
1642.76,19.1898
1652.92,19.3556
1663.06,19.5217
1673.17,19.7089
1683.31,19.8643
1693.46,20.0203
1703.56,20.1697
1713.74,20.3064
1723.89,20.4432
1734,20.5854
1744.16,20.7259
1754.3,20.8669
1764.4,21.0013
1774.6,21.1341
1784.75,21.2669
1794.85,21.4051
1805.03,21.5507
1815.18,21.6964
1825.28,21.8384
1835.46,21.9677
1845.61,22.0969
1855.71,22.2202
1865.9,22.3337
1876.03,22.4469
1886.13,22.5574
1896.31,22.6723
1906.44,22.7878
1916.53,22.9032
1926.72,23.0155
1936.85,23.1265
1946.95,23.2373
1957.14,23.3507
1967.27,23.4742
1977.37,23.5977
1987.54,23.73
1997.69,23.8676
2007.79,24.0056
2021.47,24.1963
2031.59,24.3245
2041.73,24.4531
2051.89,24.5609
2062.01,24.6559
2072.12,24.7609
2082.27,24.8664
2092.4,24.9867
2102.52,25.1072
2112.7,25.2284
2122.83,25.3419
2132.93,25.4482
2143.11,25.5551
2153.24,25.6621
2163.37,25.7861
2173.54,25.9105
2183.67,26.0413
2193.79,26.1696
2203.98,26.2986
2214.11,26.4188
2224.23,26.5193
2234.43,26.6203
2244.55,26.7192
2254.68,26.8036
2264.87,26.8887
2275,26.9718
2285.12,27.1516
2295.31,27.3326
2305.44,27.4955
2315.57,27.6621
2325.77,27.83
2335.89,27.9872
2346.01,28.1563
2356.23,28.3271
2366.35,28.4599
2376.48,28.5919
2386.64,28.7249
2396.76,28.8577
2406.89,28.9825
2417.06,29.1288
2427.17,29.2749
2437.3,29.4273
2447.44,29.5783
2457.58,29.7295
2467.71,29.8788
2477.9,30.0336
2488.02,30.1878
2498.15,30.3451
2508.34,30.5011
2518.46,30.6564
2528.59,30.8007
2538.76,30.9398
2548.87,31.0787
2559,31.2091
2569.19,31.349
2579.31,31.4883
2589.44,31.6366
2599.64,31.7827
2609.76,31.928
2619.88,32.0574
2630.08,32.1709
2640.2,32.2841
2650.32,32.4027
2660.51,32.551
2670.64,32.7211
2680.76,32.8912
2690.95,33.0579
2701.08,33.2083
2711.2,33.3585
2721.45,33.5047
2731.57,33.6582
2741.68,33.8114
2751.85,33.9735
2761.98,34.1251
2772.1,34.2765
2782.27,34.4277
2792.39,34.5762
2802.51,34.7243
2812.67,34.8906
2822.8,35.0688
2832.92,35.2468
2843.1,35.4239
2853.22,35.584
2863.33,35.7439
2873.52,35.9024
2883.64,36.0667
2893.75,36.2306
2903.94,36.399
2914.06,36.5708
2924.19,36.7425
2934.38,36.8978
2944.5,37.047
2954.63,37.196
2964.82,37.3488
2974.95,37.5164
2985.05,37.6884
2995.25,37.8616
3005.37,38.0321
3015.47,38.2026
3025.67,38.3744
3035.79,38.5369
3045.9,38.6931
3056.09,38.8505
3066.21,39.0052
3076.33,39.1694
3086.53,39.3345
3096.65,39.5093
3106.76,39.6896
3116.96,39.8712
3127.07,40.0405
3137.19,40.2153
3147.37,40.3913
3157.51,40.5338
3167.64,40.6884
3177.83,40.8439
3187.96,41.0247
3198.08,41.2049
3208.28,41.3862
3218.4,41.5816
3228.52,41.7584
3238.72,41.9364
3248.84,42.1086
3258.97,42.2796
3269.18,42.4518
3279.3,42.618
3289.42,42.7797
3299.62,42.9423
3309.75,43.1048
3319.87,43.2607
3330.03,43.417
3340.15,43.585
3350.28,43.7677
3360.38,43.9564
3370.46,44.1448
3380.61,44.3249
3390.71,44.4872
3400.78,44.6494
3410.93,44.8074
3421.04,44.974
3431.11,45.1404
3441.25,45.31
3451.37,45.478
3461.44,45.6457
3471.57,45.8203
3481.68,46.0051
3491.75,46.1896
3501.89,46.3888
3511.99,46.6057
3522.07,46.822
3532.21,47.047
3542.32,47.2669
3552.39,47.4862
3562.54,47.6905
3572.66,47.895
3582.74,48.0985
3592.88,48.3029
3603,48.5072
3613.07,48.7108
3623.22,48.9151
3633.32,49.1197
3643.4,49.2732
3653.55,49.4274
3663.66,49.5951
3673.74,49.7622
3683.89,49.9375
3694,50.1106
3704.07,50.2824
3714.22,50.4548
3724.33,50.6184
3734.44,50.782
3744.59,50.9469
3754.7,51.1171
3764.78,51.2832
3774.93,51.4501
3785.04,51.62
3795.12,51.791
3805.27,51.9627
3815.38,52.1287
3825.46,52.2912
3835.61,52.4547
3845.72,52.6244
3855.79,52.7999
3865.94,52.9761
3876.06,53.1512
3886.14,53.3317
3896.28,53.5131
3906.4,53.7055
3916.48,53.9088
3926.62,54.1129
3936.73,54.3074
3946.81,54.4888
3956.96,54.6712
3967.11,54.8456
3977.21,55.0374
3987.33,55.2291
3997.52,55.4353
4011.49,55.7184
4029.66,56.0922
4039.85,56.3053
4050.02,56.524
4060.22,56.7435
4070.34,56.9477
4080.46,57.1437
4090.66,57.3409
4100.77,57.5319
4110.9,57.7246
4121.07,57.9181
4131.17,58.1125
4141.29,58.3233
4151.49,58.5357
4161.6,58.7517
4171.72,58.9798
4181.92,59.2097
4192.03,59.4501
4202.16,59.6897
4212.38,59.9313
4222.48,60.166
4232.61,60.3995
4242.8,60.6342
4252.91,60.8706
4263.04,61.118
4273.18,61.3659
4283.29,61.6186
4293.41,61.88
4303.68,62.1454
4313.79,62.399
4323.91,62.6563
4334.19,62.9053
4344.3,63.1508
4354.43,63.3879
4364.59,63.6344
4374.7,63.8803
4384.83,64.1463
4395,64.4103
4405.11,64.6734
4415.24,64.9155
4425.43,65.1356
4435.53,65.3545
4445.67,65.5713
4455.84,65.7827
4465.94,65.9933
4476.07,66.1966
4486.26,66.3925
4496.37,66.5874
4506.49,66.7876
4516.71,67.0003
4526.81,67.2113
4536.95,67.4092
4547.13,67.5866
4557.23,67.763
4567.38,67.9392
4577.57,68.1213
4587.68,68.3132
4597.82,68.5051
4608.02,68.7005
4618.12,68.895
4628.26,69.0895
4638.47,69.288
4648.59,69.4729
4658.74,69.658
4668.97,69.844
4679.08,70.0239
4689.22,70.2036
4699.42,70.3975
4709.53,70.6026
4719.66,70.8073
4729.89,70.9982
4740,71.1831
4750.12,71.3673
4760.35,71.5454
4770.46,71.7253
4780.6,71.9049
4790.8,72.0922
4800.92,72.2691
4811.07,72.446
4821.29,72.6302
4831.4,72.8153
4841.53,73.0004
4851.71,73.1759
4861.84,73.3419
4871.98,73.5079
4882.18,73.6731
4892.3,73.8406
4902.42,74.0078
4912.6,74.1889
4922.73,74.3719
4932.85,74.5346
4943.06,74.6982
4953.18,74.8673
4963.31,75.0388
4973.48,75.2109
4983.61,75.4018
4993.73,75.6086
5003.93,75.8167
5014.05,76.0208
5024.16,76.2081
5034.37,76.3989
5044.5,76.5975
5054.62,76.8002
5064.83,77.0066
5074.96,77.184
5085.08,77.3214
5095.29,77.4603
5105.42,77.5622
5115.57,77.6521
5125.78,77.7425
5135.9,77.8419
5146.03,77.9648
5156.25,78.0887
5166.37,78.2231
5176.5,78.3659
5186.71,78.5095
5196.84,78.6527
5206.98,78.8033
5217.19,78.9547
5227.31,79.1095
5237.44,79.2653
5247.6,79.4224
5257.73,79.5795
5267.87,79.7382
5278.06,79.9005
5288.18,80.0625
5298.31,80.2216
5308.5,80.3699
5318.62,80.5177
5328.76,80.6516
5338.95,80.7877
5349.06,80.9234
5359.2,81.065
5369.41,81.2256
5379.53,81.3855
5389.66,81.5538
5399.86,81.7367
5409.97,81.9192
5420.1,82.0844
5430.34,82.2403
5440.46,82.3956
5450.59,82.5492
5460.8,82.7059
5470.93,82.8623
5481.07,83.0209
5491.3,83.1689
5501.4,83.2957
5511.53,83.4227
5521.72,83.5076
5531.84,83.5808
5541.97,83.654
5552.15,83.7501
5562.27,83.8783
5572.4,84.0063
5582.6,84.144
5592.72,84.2918
5602.85,84.4393
5613.03,84.5854
5623.14,84.733
5633.28,84.8805
5643.46,85.0287
5653.58,85.1816
5663.71,85.3345
5673.93,85.4883
5684.05,85.6363
5694.18,85.7839
5704.39,85.9392
5714.51,86.0937
5724.64,86.2479
5734.86,86.4031
5744.98,86.5461
5755.12,86.6888
5765.34,86.8338
5775.46,86.9937
5785.59,87.1533
5795.8,87.3213
5805.93,87.4907
5816.08,87.6602
5826.3,87.8297
5836.43,87.9849
5846.55,88.1265
5856.75,88.2691
5866.88,88.3891
5877.01,88.5047
5887.22,88.6211
5897.35,88.7305
5907.47,88.8487
5917.67,88.9677
5927.79,89.0993
5937.92,89.2377
5948.13,89.3772
5958.25,89.5072
5968.37,89.6355
5978.58,89.7647
5988.7,89.9019
5998.84,90.0321
6009.05,90.163
6019.18,90.2962
6029.32,90.4338
6039.54,90.5722
6049.66,90.7167
6059.8,90.8594
6070.02,91.0029
6080.14,91.1377
6090.28,91.2579
6100.49,91.3787
6110.6,91.4983
6120.75,91.6259
6130.91,91.7487
6141.04,91.8716
6151.18,91.9988
6161.41,92.1211
6171.52,92.2434
6181.64,92.3678
6191.81,92.4631
6201.93,92.5583
6212.06,92.6508
6222.24,92.7336
6232.36,92.8164
6242.49,92.8876
6252.68,92.9655
6262.8,93.0432
6272.94,93.1021
6283.13,93.1421
6293.26,93.1819
6303.39,93.2257
6313.59,93.2816
6323.71,93.3374
6333.84,93.3963
6344,93.4662
6354.12,93.5362
6364.26,93.6087
6374.46,93.648
6384.59,93.6872
6394.73,93.7327
6404.92,93.7625
6415.05,93.7922
6425.19,93.8239
6435.41,93.8637
6445.53,93.9113
6455.65,93.9586
6465.85,93.9913
6475.98,94.0147
6486.12,94.0381
6496.39,94.0575
6506.52,94.069
6516.65,94.0804
6526.87,94.0998
6536.99,94.107
6547.13,94.1142
6557.34,94.1158
6567.46,94.1382
6577.6,94.1606
6587.81,94.1998
6597.94,94.2372
6608.07,94.2745
6618.29,94.3012
6628.41,94.3259
6638.55,94.3507
6648.75,94.389
6658.88,94.425
6669.02,94.461
6679.24,94.4835
6689.36,94.4813
6699.5,94.4792
6709.71,94.4816
6719.84,94.4981
6729.95,94.5229
6740.16,94.548
6750.29,94.5606
6760.43,94.5732
6770.64,94.5699
6780.76,94.592
6790.88,94.5965
6801.1,94.6011
6811.22,94.6148
6821.39,94.6088
6831.57,94.6029
6841.69,94.6077
6851.81,94.632
6862.01,94.6565
6872.13,94.6789
6882.25,94.6984
6892.45,94.718
6902.57,94.7079
6912.7,94.6917
6922.9,94.6753
6933.02,94.6604
6943.16,94.644
6953.35,94.6276
6963.48,94.6022
6973.61,94.5776
6983.82,94.5529
6993.95,94.5457
7004.07,94.5297
7014.28,94.5136
7024.4,94.4985
7034.54,94.4901
7044.7,94.4974
7054.82,94.5047
7064.96,94.516
7075.13,94.5066
7085.25,94.4973
7095.39,94.4761
7105.55,94.4624
7115.67,94.4486
7125.8,94.4398
7135.97,94.4379
7146.1,94.4361
7156.21,94.4387
7166.37,94.4488
7176.49,94.4589
7186.63,94.4699
7196.84,94.4653
7206.97,94.4607
7217.1,94.4458
7227.31,94.442
7237.42,94.4381
7247.56,94.4366
7257.74,94.4215
7267.87,94.4064
7278,94.3757
7288.22,94.3473
7298.34,94.319
7308.54,94.3078
7318.65,94.3015
7328.72,94.2952
7338.92,94.2827
7349.03,94.2736
7359.1,94.2645
7369.3,94.2661
7379.42,94.2628
7389.49,94.2491
7399.66,94.2352
7409.77,94.2181
7419.84,94.2201
7430.05,94.2221
7440.16,94.2346
7450.24,94.2442
7460.45,94.2539
7470.56,94.2599
7480.64,94.2534
7490.85,94.2469
7500.96,94.2525
7511.05,94.2452
7521.18,94.2378
7531.46,94.2266
7541.58,94.2112
7551.7,94.1958
7561.9,94.1792
7572.02,94.1596
7582.15,94.1401
7592.36,94.1201
7602.48,94.0899
7612.6,94.0597
7622.8,94.0363
7632.93,94.0187
7643.06,94.0011
7653.27,93.9746
7663.39,93.9421
7673.51,93.9098
7683.69,93.8758
7693.82,93.8634
7703.94,93.8473
7714.14,93.8311
7724.27,93.8024
7734.41,93.7737
7744.61,93.7233
7754.73,93.6679
7764.85,93.6117
7775.05,93.555
7785.18,93.497
7795.31,93.4291
7805.51,93.3606
7815.62,93.2902
7825.74,93.2142
7835.95,93.1376
7846.06,93.0462
7856.19,92.9548
7866.39,92.8628
7876.5,92.7658
7886.64,92.6769
7896.86,92.5874
7906.97,92.4842
7917.1,92.3723
7927.31,92.2595
7937.43,92.1334
7947.57,92.0284
7957.77,91.923
7967.89,91.8462
7978.03,91.7969
7988.24,91.7474
7998.36,91.6989
8008.49,91.6428
8018.66,91.5854
8028.79,91.5282
8038.92,91.463
8049.09,91.3978
8059.21,91.347
8069.35,91.3093
8079.53,91.2504
8089.65,91.1918
8099.78,91.128
8109.97,91.0623
8120.09,90.9967
8130.22,90.9276
8140.44,90.8333
8150.55,90.7395
8160.67,90.6276
8170.88,90.5226
8181,90.4179
8191.14,90.3132
8201.4,90.2093
8211.5,90.1057
8221.62,89.9956
8231.82,89.8723
8241.94,89.7492
8252.06,89.61
8262.26,89.4703
8272.38,89.331
8282.51,89.1959
8292.66,89.0665
8302.79,88.937
8312.92,88.8291
8323.11,88.7164
8333.24,88.5909
8343.37,88.4655
8353.55,88.3329
8363.68,88.2119
8373.81,88.091
8383.99,87.9643
8394.11,87.8314
8404.24,87.6987
8414.45,87.5505
8424.57,87.4058
8434.7,87.2613
8444.91,87.131
8455.04,86.9924
8465.17,86.8539
8475.39,86.7179
8485.5,86.5823
8495.64,86.4467
8505.85,86.3087
8515.97,86.1578
8526.11,86.007
8536.33,85.8556
8546.45,85.6889
8556.59,85.5224
8566.8,85.3473
8576.92,85.1629
8587.08,84.9783
8597.29,84.797
8607.41,84.6136
8617.53,84.4308
8627.74,84.2409
8637.86,84.0668
8647.98,83.9
8658.19,83.7321
8668.31,83.5838
8678.43,83.4099
8688.65,83.2346
8698.77,83.0441
8708.89,82.8424
8719.11,82.6391
8729.22,82.4182
8739.35,82.1993
8749.55,81.9794
8759.67,81.7808
8769.8,81.5961
8780.03,81.4101
8790.15,81.2171
8800.28,81.0064
8810.5,80.7944
8820.62,80.5771
8830.76,80.3568
8840.98,80.1354
8851.1,79.9207
8861.21,79.7215
8871.48,79.5195
8881.6,79.3254
8891.71,79.146
8901.87,78.944
8911.98,78.7421
8922.11,78.5147
8932.3,78.2862
8942.42,78.0355
8952.56,77.7726
8962.72,77.5261
8972.84,77.2798
8982.97,77.0609
8993.15,76.8603
9003.28,76.6602
9013.43,76.4504
9023.6,76.2453
9033.74,76.0408
9043.91,75.8523
9054.06,75.6748
9064.19,75.498
9074.32,75.3107
9084.51,75.1174
9094.65,74.9251
9104.79,74.7037
9114.99,74.4894
9125.11,74.2757
9135.25,74.0711
9145.39,73.8963
9155.53,73.7215
9165.66,73.5633
9175.87,73.3497
9185.99,73.1373
9196.13,72.8979
9206.35,72.6489
9216.47,72.4126
9226.61,72.1767
9236.83,71.9702
9246.98,71.7766
9257.13,71.5839
9267.33,71.3828
9277.46,71.1597
9287.59,70.9371
9297.8,70.6969
9307.92,70.4534
9318.04,70.2105
9328.25,69.9698
9338.37,69.7368
9348.51,69.5041
9358.73,69.256
9368.85,68.9908
9379,68.7259
9389.21,68.4591
9399.33,68.1883
9409.47,67.9181
9419.69,67.6426
9429.81,67.3705
9439.94,67.0993
9450.18,66.8432
9460.29,66.6143
9470.43,66.3859
9480.64,66.16
9490.75,65.9357
9500.88,65.7117
9511.1,65.4839
9521.21,65.2452
9531.42,65.0054
9541.57,64.7543
9551.68,64.5134
9561.79,64.2838
9571.98,64.0528
9582.09,63.8376
9592.21,63.5886
9602.41,63.338
9612.52,63.0758
9622.64,62.8125
9632.84,62.5471
9642.95,62.3041
9653.07,62.0739
9663.29,61.8418
9673.4,61.6148
9683.52,61.3869
9693.73,61.1577
9703.83,60.9212
9713.96,60.6569
9724.16,60.3907
9734.27,60.1148
9744.4,59.8607
9754.59,59.6054
9764.68,59.3865
9774.82,59.1787
9785.03,58.9696
9795.14,58.7522
9805.27,58.5153
9815.44,58.2701
9825.55,58.0255
9835.69,57.7834
9845.9,57.5399
9856,57.3116
9866.15,57.1013
9876.32,56.8984
9886.42,56.6959
9896.55,56.4865
9906.73,56.2763
9916.83,56.0666
9926.96,55.8557
9937.14,55.6388
9947.25,55.4226
9957.39,55.1908
9967.55,54.9414
9977.65,54.6924
9987.78,54.4288
9998,54.1749
10008.1,53.9226
10018.2,53.6699
10028.5,53.412
10038.6,53.157
10048.7,52.8981
10058.9,52.6417
10069,52.387
10079.2,52.1371
10089.4,51.8926
10099.5,51.6495
10109.6,51.4191
10119.8,51.2117
10129.9,51.0055
10140,50.8029
10150.2,50.594
10160.3,50.3865
10170.5,50.1746
10180.7,49.9624
10190.8,49.7513
10200.9,49.5395
10211.2,49.3452
10221.3,49.1698
10231.4,48.994
10241.6,48.8189
10251.7,48.6304
10261.8,48.4425
10272,48.2273
10282.1,47.999
10292.3,47.7713
10302.5,47.5563
10312.6,47.3558
10322.7,47.1558
10332.9,46.9526
10343,46.726
10353.1,46.4999
10363.4,46.249
10373.5,45.9799
10383.6,45.7115
10393.8,45.4317
10403.9,45.1467
10414.1,44.8636
10424.3,44.5793
10434.4,44.3197
10444.5,44.0864
10454.7,43.8515
10464.8,43.6335
10474.9,43.4256
10485.1,43.2159
10495.2,42.9924
10505.3,42.7485
10515.6,42.5022
10525.7,42.2471
10535.8,42.0022
10546,41.7549
10556.1,41.5339
10566.2,41.3213
10576.4,41.1079
10586.5,40.8969
10596.7,40.6647
10606.8,40.4325
10616.9,40.1825
10627,39.9485
10637.2,39.7128
10647.4,39.4928
10657.5,39.2876
10667.7,39.0812
10677.8,38.8696
10688,38.6505
10698.2,38.4296
10708.3,38.2084
10718.4,37.9924
10728.6,37.7757
10738.7,37.5612
10749,37.3504
10759.1,37.1407
10769.1,36.9383
10779.3,36.7228
10789.5,36.5078
10799.5,36.2809
10809.7,36.0522
10819.8,35.8354
10829.9,35.6196
10840.1,35.4179
10850.2,35.2184
10860.3,35.0202
10870.5,34.8161
10880.6,34.6141
10890.7,34.4133
10900.9,34.2156
10911,34.0162
10921.1,33.8182
10931.3,33.6162
10941.5,33.4111
10951.5,33.2083
10961.7,32.9922
10971.8,32.7672
10981.9,32.5431
10992.1,32.3069
11002.2,32.0787
11012.3,31.8517
11022.5,31.6164
11032.6,31.3656
11042.6,31.1164
11052.8,30.878
11062.9,30.6268
11073,30.3768
11083.2,30.1231
11093.3,29.8819
11103.4,29.6587
11113.6,29.4339
11123.7,29.2232
11133.7,29.0215
11144,28.818
11154.1,28.5968
11164.1,28.3546
11174.3,28.1106
11184.5,27.8634
11194.5,27.6223
11204.7,27.3794
11214.8,27.1497
11224.9,26.9291
11235.1,26.7066
11245.2,26.5059
11255.3,26.2915
11265.5,26.0754
11275.6,25.8364
11285.7,25.5816
11295.9,25.3249
11306,25.0673
11316.1,24.8189
11326.3,24.5681
11336.4,24.3289
11346.5,24.0964
11356.7,23.8626
11366.8,23.636
11376.9,23.3954
11387.1,23.1526
11397.2,22.892
11407.3,22.6225
11417.5,22.3509
11427.6,22.0936
11437.7,21.8499
11447.9,21.6048
11458,21.3683
11468.1,21.1278
11478.3,20.887
11488.5,20.6431
11498.6,20.4147
11508.8,20.1864
11519,19.965
11529.1,19.7431
11539.2,19.5024
11549.4,19.2596
11559.5,19.0112
11569.6,18.763
11579.8,18.5197
11589.9,18.2846
11600,18.0492
11610.2,17.8133
11620.3,17.5797
11630.4,17.347
11640.6,17.1128
11650.7,16.8928
11660.9,16.6566
11671.1,16.4184
11681.2,16.1962
11691.3,16.001
11701.5,15.804
11711.7,15.6184
11721.8,15.4305
11732,15.2421
11742.1,15.0472
11752.2,14.8393
11762.4,14.6302
11772.5,14.423
11782.6,14.2287
11792.8,14.034
11802.9,13.8615
11813,13.6801
11823.2,13.4982
11833.3,13.3183
11843.5,13.148
11853.6,12.9773
11863.7,12.8179
11873.8,12.6531
11884,12.4882
11894.1,12.3126
11904.3,12.1172
11914.5,11.9199
11924.6,11.7238
11934.7,11.531
11944.9,11.3408
11955,11.1516
11965.2,10.9612
11975.4,10.7653
11985.5,10.5698
11995.6,10.3806
12005.8,10.2146
12015.9,10.0481
12026.1,9.89559
12036.3,9.74509
12046.4,9.59534
12056.5,9.46071
12066.7,9.33842
12076.8,9.21672
12087,9.08038
12097.2,8.91695
12107.3,8.75389
12117.4,8.58015
12127.6,8.42397
12137.8,8.26845
12147.9,8.12731
12158.1,8.007
12168.3,7.87393
12178.4,7.741
12188.6,7.61984
12198.7,7.49433
12208.8,7.36902
12219,7.24468
12229.1,7.10804
12239.3,6.97187
12249.5,6.82715
12259.6,6.69358
12269.8,6.56136
12280,6.44054
12290.1,6.30239
12300.2,6.16484
12310.5,6.00501
12320.6,5.85086
12330.7,5.69708
12340.9,5.5692
12351.1,5.45815
12361.2,5.34743
12371.4,5.24543
12381.6,5.13729
12391.7,5.02979
12401.9,4.92074
12412,4.81718
12422.1,4.71451
12432.3,4.62566
12442.5,4.54507
12452.6,4.45847
12462.8,4.37158
12472.9,4.27543
12483,4.181
12493.2,4.08593
12503.4,4.00269
12513.5,3.91769
12523.7,3.83346
12533.8,3.74358
12543.9,3.64827
12554.1,3.5537
12564.2,3.45542
12574.4,3.34608
12584.5,3.2362
12594.7,3.12521
12604.8,3.04631
12615,2.96849
12625.2,2.9064
12635.3,2.81584
12645.5,2.72745
12655.6,2.60953
12665.8,2.48319
12675.9,2.35904
12686.1,2.26423
12696.2,2.22342
12706.4,2.18614
12716.5,2.19614
12726.7,2.2322
12736.9,2.27354
12747,2.31719
12757.2,2.34573
12767.3,2.37919
12777.5,2.40276
12787.6,2.44891
12797.7,2.50422
12807.9,2.562
12818,2.62418
12828.2,2.68172
12838.3,2.73919
12848.4,2.79043
12858.6,2.83551
12868.7,2.88097
12878.9,2.9284
12889,2.98007
12899.2,3.03215
12909.3,3.07114
12919.5,3.07241
12929.6,3.07343
12939.8,3.04734
12950,3.02646
12960.1,3.00492
12970.2,2.99657
12980.4,2.96743
12990.6,2.93907
13000.7,2.8758
13010.8,2.80888
13020.9,2.74233
13031.1,2.70555
13041.3,2.66855
13051.4,2.60833
13061.5,2.54883
13071.7,2.49514
13081.8,2.47972
13092,2.46547
13102.2,2.46706
13112.3,2.42933
13122.4,2.39133
13132.6,2.30126
13142.8,2.22588
13152.9,2.15149
13163.1,2.14274
13173.2,2.14712
13183.3,2.15295
13193.5,2.13176
13203.7,2.10478
13213.8,2.08235
13224,2.05891
13234.1,2.00927
13244.2,1.96037
13254.4,1.89211
13264.6,1.8507
13274.7,1.81483
13284.9,1.80445
13295,1.77161
13305.2,1.74176
13315.4,1.65843
13325.5,1.59541
13335.6,1.53183
13345.8,1.55214
13356,1.59295
13366.1,1.6337
13376.3,-1.62217
13386.5,-1.59049
13396.6,-1.61878
13406.7,-1.64849
13416.9,-1.71596
13427,-1.73591
13437.2,-1.75697
13447.3,-1.70727
13457.5,-1.64326
13467.7,-1.57814
13477.8,-1.55566
13487.9,-1.59099
13498.1,-1.62795
13508.2,-1.64802
13518.3,-1.60957
13528.5,-1.57268
13538.7,-1.51074
13548.8,-1.4904
13559,-1.47031
13569.1,-1.48935
13579.2,-1.50347
13589.4,-1.51849
13599.5,-1.50918
13609.6,-1.49092
13619.8,-1.4719
13629.9,-1.46069
13640.1,-1.44236
13650.2,-1.40998
13660.4,-1.37684
13670.5,-1.36542
13680.6,-1.35391
13690.8,-1.37854
13700.9,-1.39603
13711,-1.38477
13721.2,-1.37342
13731.3,-1.3591
13741.4,-1.36485
13751.6,-1.37114
13761.7,-1.39266
13771.8,-1.39827
13781.9,-1.40386
13792.1,-1.39266
13802.2,-1.38477
13812.3,-1.37797
13822.5,-1.38929
13832.6,-1.40553
13842.7,-1.42159
13852.9,-1.43692
13863,-1.45962
13873.1,-1.48355
13883.3,-1.51333
13893.4,-1.52877
13903.5,-1.54405
13913.7,-1.5481
13923.8,-1.56769
13933.9,-1.58704
13944.1,-1.60957
13954.2,-1.6212
13964.3,-1.63275
13974.5,-1.64991
13984.6,-1.67627
13994.8,-1.7036
14004.9,-1.73591
14015,-1.7663
14025.2,-1.79662
14035.3,-1.80531
14045.5,-1.78175
14055.7,-1.75876
14065.8,-1.73591
14076,-1.7332
14086.1,-1.73004
14096.2,-1.7467
14106.4,-1.7663
14116.6,-1.78263
14126.7,-1.79967
14136.8,-1.80271
14147,-1.79051
14157.1,-1.77867
14167.3,-1.76985
14177.4,-1.77382
14187.5,-1.77823
14197.7,-1.80661
14207.8,-1.8401
14217.9,-1.87382
14228.1,-1.88755
14238.2,-1.88007
14248.3,-1.87256
14258.5,-1.85703
14268.6,-1.84647
14278.8,-1.83669
14288.9,-1.83754
14299.1,-1.85155
14309.2,-1.86586
14319.4,-1.88714
14329.6,-1.89459
14339.7,-1.90119
14349.9,-1.88215
14360,-1.8667
14370.1,-1.90283
14380.3,-1.9391
14390.5,-2.02827
14400.6,-2.11813
14410.8,-2.20929
14420.9,-2.29274
14431.1,-2.3726
14441.3,-2.45433
14451.4,-2.5229
14461.5,-2.56566
14471.7,-2.60953
14481.8,-2.59026
14491.9,-2.52011
14502.1,-2.45082
14512.2,-2.41349
14522.3,-2.42061
14532.5,-2.42772
14542.6,-2.43126
14552.7,-2.39624
14562.9,-2.36037
14573,2.33201
14583.2,2.33905
14593.3,2.34606
14603.4,2.36633
14613.5,2.34473
14623.7,2.3236
14633.8,2.26527
14644,2.21636
14654.1,2.16744
14664.2,-2.16455
14674.3,2.19935
14684.5,2.235
14694.6,2.30058
14704.7,2.37326
14714.7,2.39232
14724.8,2.41154
14734.9,2.3897
14745,2.36699
14755.1,2.36666
14765.1,2.41187
14775.2,2.4521
14785.3,2.49294
14795.4,2.49168
14805.5,2.48129
14815.6,2.47118
14825.6,2.47719
14835.7,2.46515
14845.8,2.45401
14855.9,2.41414
14866,2.37755
14876,2.34172
14886.1,2.34105
14896.2,2.35605
14906.3,2.37029
14916.4,2.3504
14926.5,2.30839
14936.5,2.26596
14946.6,2.2371
14956.7,2.21919
14966.8,2.20112
14976.9,2.16636
14986.9,2.11702
14997,2.06726
15007.1,2.04441
15017.2,2.05244
15027.3,2.06081
15037.3,-2.06043
15047.4,-2.04173
15057.5,-2.02325
15067.6,-2.0042
15077.7,-2.00029
15087.7,-1.99638
15097.8,-1.99755
15107.9,-1.99716
15118,-1.99598
15128.1,-2.00576
15138.2,-2.03405
15148.3,-2.06195
15158.4,-2.07896
15168.5,-2.08272
15178.5,-2.08685
15188.6,2.1255
15198.8,2.18363
15208.9,2.21954
15219,2.258
15229.2,2.27939
15239.3,2.30092
15249.4,2.32225
15259.6,2.35439
15269.7,2.38445
15279.8,2.41576
15290,2.41576
15300.1,2.3982
15310.2,2.38445
15320.4,2.3982
15330.5,2.45465
15340.6,2.51295
15350.8,2.583
15360.9,2.63222
15371,2.68288
15381.2,2.73031
15391.3,2.81028
15401.5,2.89182
15411.6,2.99631
15421.7,3.10687
15431.8,3.21971
15442,3.32143
15452.1,3.42584
15462.2,3.53116
15472.4,3.65534
15482.5,3.79653
15492.6,3.93862
15502.7,4.07691
15512.9,4.2036
15523,4.332
15533.1,4.45636
15543.3,4.57546
15553.4,4.69721
15563.5,4.83778
15573.6,4.99637
15583.8,5.15524
15593.9,5.3263
15604,5.48805
15614.2,5.61847
15624.3,5.7522
15634.4,5.88236
15644.5,6.02376
15654.7,6.16763
15664.8,6.3335
15674.9,6.51777
15685.1,6.70364
15695.2,6.91004
15705.3,7.1307
15715.5,7.3522
15725.6,7.55967
15735.7,7.76726
15745.9,7.97544
15756,8.19785
15766.1,8.43308
15776.3,8.66935
15786.5,8.92907
15796.6,9.16694
15806.7,9.40531
15816.8,9.5785
15827,9.67529
15837.1,9.77416
15847.3,9.81736
15857.4,9.85711
15867.5,9.89876
15877.6,9.99276
15887.7,10.123
15897.9,10.2472
15908,10.3721
15918.1,10.4882
15928.3,10.6271
15938.4,10.7666
15948.5,10.9549
15958.7,11.1886
15968.8,11.423
15978.9,11.6856
15989,11.9469
15999.2,12.2095
16009.3,12.4641
16019.4,12.7209
16029.6,12.9788
16039.7,13.2577
16049.8,13.5591
16060,13.8612
16070,14.168
16080.2,14.4582
16090.3,14.749
16100.4,14.9982
16110.6,15.227
16120.7,15.4563
16130.8,15.6826
16141,15.9118
16151.1,16.1416
16161.2,16.3612
16171.4,16.5797
16181.6,16.7968
16191.7,16.9815
16201.8,17.1234
16211.9,17.2658
16222,17.3961
16232.2,17.541
16242.3,17.6863
16252.4,17.8425
16262.6,18.0019
16272.7,18.1706
16282.8,18.3389
16292.9,18.5259
16303.1,18.7352
16313.2,18.9444
16323.3,19.1441
16333.4,19.3357
16343.5,19.5273
16353.7,19.7085
16363.8,19.9111
16373.9,20.1133
16384.1,20.3318
16394.2,20.5397
16404.3,20.7473
16414.4,20.9328
16424.6,21.1107
16434.7,21.2885
16444.8,21.4647
16455,21.6479
16465.1,21.8308
16475.2,22.0068
16485.3,22.2111
16495.5,22.4152
16505.6,22.6113
16515.7,22.8013
16525.9,22.9909
16536,23.1651
16546.1,23.335
16556.2,23.5047
16566.4,23.6908
16576.5,23.889
16586.6,24.0867
16596.8,24.2778
16606.9,24.4592
16617,24.6478
16627.2,24.8373
16637.3,25.0593
16647.5,25.2829
16657.6,25.5077
16667.8,25.7269
16677.9,25.9405
16688,26.1551
16698.2,26.3834
16708.3,26.6153
16718.4,26.8481
16728.6,27.0805
16738.7,27.3046
16748.8,27.5295
16759,27.7468
16769.1,27.9513
16779.2,28.1566
16789.4,28.3592
16799.5,28.5761
16809.6,28.7939
16819.8,29.021
16829.9,29.2485
16840,29.4769
16850.2,29.6912
16860.3,29.8991
16870.5,30.1079
16880.6,30.3257
16890.7,30.554
16900.9,30.7826
16911,31.0139
16921.1,31.2317
16931.3,31.4504
16941.4,31.6457
16951.6,31.8292
16961.7,32.0129
16971.8,32.2136
16981.9,32.4168
16992,32.62
17002.2,32.8249
17012.3,33.021
17022.5,33.2277
17032.6,33.4337
17042.7,33.6298
17052.8,33.8169
17063,34.0045
17073.1,34.1802
17083.2,34.3698
17093.3,34.5599
17103.5,34.7825
17113.6,35.0199
17123.7,35.2573
17133.8,35.4887
17144,35.7006
17154.1,35.9128
17164.2,36.1102
17174.3,36.2993
17184.5,36.4886
17194.6,36.6982
17204.7,36.9356
17214.9,37.1727
17225,37.4209
17235.1,37.6735
17245.3,37.9257
17255.4,38.1613
17265.5,38.3919
17275.6,38.6222
17285.7,38.8305
17295.9,39.0296
17306,39.229
17316.1,39.4379
17326.3,39.6541
17336.4,39.878
17346.5,40.1015
17356.7,40.3206
17366.8,40.5454
17376.9,40.7698
17387,40.9918
17397.2,41.2215
17407.3,41.4509
17417.4,41.6751
17427.6,41.8922
17437.7,42.109
17447.9,42.3342
17458,42.5481
17468.1,42.7622
17478.2,42.9682
17488.4,43.1713
17498.5,43.3749
17508.6,43.5931
17518.8,43.844
17528.9,44.0945
17539,44.3544
17549.1,44.6099
17559.2,44.8651
17569.4,45.1053
17579.5,45.3409
17589.6,45.5762
17599.8,45.8047
17609.9,46.0431
17620,46.2811
17630.2,46.5332
17640.3,46.7993
17650.4,47.0644
17660.6,47.3314
17670.7,47.5916
17680.8,47.8428
17691,48.0949
17701.1,48.3506
17711.2,48.6068
17721.4,48.8652
17731.6,49.13
17741.7,49.4037
17751.8,49.6781
17761.9,49.9411
17772,50.1879
17782.2,50.4347
17792.3,50.6632
17802.4,50.8696
17812.5,51.0769
17822.7,51.2609
17832.8,51.4353
17842.9,51.6106
17853,51.7895
17863.1,52.0059
17873.3,52.2233
17883.4,52.458
17893.5,52.7078
17903.7,52.9581
17913.8,53.206
17923.9,53.4535
17934.1,53.7013
17944.2,53.9543
17954.3,54.2042
17964.5,54.4551
17974.6,54.6952
17984.7,54.9121
17994.8,55.1291
18005,55.3465
18015.1,55.5605
18025.2,55.7647
18035.3,55.9694
18045.4,56.1681
18055.6,56.3661
18065.7,56.5646
18075.8,56.7596
18085.9,56.9623
18096.1,57.1652
18106.2,57.3676
18116.3,57.5648
18126.4,57.7623
18136.5,57.9519
18146.7,58.1413
18156.8,58.3312
18166.9,58.5272
18177.1,58.7308
18187.2,58.9349
18197.3,59.1345
18207.4,59.3258
18217.6,59.5174
18227.7,59.7189
18237.8,59.9311
18248,60.1435
18258.1,60.3666
18268.2,60.5801
18278.3,60.7936
18288.4,60.9897
18298.6,61.1782
18308.7,61.3671
18318.8,61.5659
18329,61.7832
18339.2,62.0003
18349.3,62.217
18359.4,62.4316
18369.6,62.646
18379.7,62.8435
18389.8,63.0548
18400,63.2657
18410.1,63.5042
18420.2,63.7534
18430.3,63.9703
18440.4,64.1865
18450.5,64.3866
18460.6,64.5963
18470.7,64.8057
18480.8,65.0272
18490.8,65.2409
18500.9,65.4544
18511,65.6481
18521.1,65.8316
18531.2,66.0152
18541.3,66.205
18551.3,66.4144
18561.4,66.6234
18571.5,66.8236
18581.6,67.0117
18591.7,67.1998
18601.8,67.3827
18611.8,67.5852
18621.9,67.7877
18632,68.0047
18642.1,68.2242
18652.1,68.4434
18662.2,68.6518
18672.3,68.8511
18682.4,69.0502
18692.5,69.2595
18702.5,69.4628
18712.6,69.666
18722.7,69.8628
18732.8,70.0596
18742.9,70.2565
18753,70.4578
18763.2,70.6592
18773.3,70.8602
18783.4,71.0592
18793.5,71.255
18803.6,71.4502
18813.8,71.6481
18823.9,71.8438
18834,72.0403
18844.2,72.2375
18854.3,72.4298
18864.4,72.6291
18874.6,72.8291
18884.7,73.0498
18894.8,73.2789
18905,73.5088
18915.1,73.7314
18925.2,73.9393
18935.4,74.1478
18945.5,74.3434
18955.6,74.5543
18965.8,74.7662
18975.9,74.9819
18986,75.2018
18996.1,75.4222
19006.3,75.6418
19016.4,75.8362
19026.6,76.0316
19036.7,76.2269
19046.9,76.4125
19057,76.5984
19067.2,76.7951
19077.4,76.9934
19087.5,77.1925
19097.7,77.3932
19107.8,77.5985
19117.9,77.8049
19128.1,78.0048
19138.2,78.2042
19148.4,78.4057
19158.6,78.5978
19168.7,78.7922
19178.8,78.9872
19189,79.1739
19199.1,79.3537
19209.2,79.5263
19219.3,79.6992
19229.4,79.8795
19239.6,80.0605
19249.7,80.2364
19259.8,80.3893
19270,80.5496
19280.1,80.7105
19290.2,80.8997
19300.3,81.1155
19310.5,81.3318
19320.6,81.5494
19330.7,81.7561
19340.9,81.9633
19351,82.1687
19361.1,82.3514
19371.3,82.5346
19381.4,82.6871
19391.5,82.8137
19401.7,82.9405
19411.8,83.0624
19421.9,83.1992
19432.1,83.3363
19442.2,83.4943
19452.3,83.6754
19462.5,83.8566
19472.6,84.0461
19482.7,84.2151
19492.9,84.384
19503,84.5566
19513.1,84.7104
19523.2,84.8644
19533.4,85.0225
19543.5,85.14
19553.6,85.2574
19563.7,85.3706
19573.9,85.4929
19584,85.6071
19594.1,85.7211
19604.3,85.8342
19614.4,85.9337
19624.5,86.033
19634.7,86.1212
19644.8,86.194
19654.9,86.2667
19665.1,86.3421
19675.2,86.4157
19685.3,86.4892
19695.5,86.5519
19705.6,86.626
19715.7,86.7
19725.8,86.7657
19736,86.8398
19746.1,86.9138
19756.2,86.9727
19766.4,87.0165
19776.5,87.0601
19786.6,87.0797
19796.7,87.0825
19806.8,87.0852
19817,87.0794
19827.1,87.0726
19837.2,87.0659
19847.4,87.0592
19857.6,87.0624
19867.7,87.0647
19877.8,87.067
19887.9,87.0805
19898,87.1048
19908.2,87.1292
19918.3,87.1632
19928.4,87.2151
19938.6,87.2671
19948.7,87.327
19958.8,87.3818
19969,87.4369
19979.1,87.4912
19989.2,87.5566
19999.4,87.6223
20009.5,87.6793
20019.6,87.679
20029.7,87.6792
20039.9,87.6733
20050,87.6307
20060.1,87.5881
20070.3,87.5689
20080.4,87.5774
20090.5,87.586
20100.6,87.6225
20110.7,87.6753
20120.9,87.7284
20131.1,87.7833
20141.2,87.8338
20151.3,87.8845
20161.5,87.9319
20171.6,87.9808
20181.7,88.0297
20191.9,88.0749
20202,88.1091
20212.1,88.1434
20222.2,88.1608
20232.3,88.1656
20242.4,88.172
20252.6,88.1785
20262.7,88.1961
20272.8,88.2214
20283,88.2469
20293.1,88.2533
20303.2,88.2304
20313.3,88.2074
20323.4,88.1759
20333.5,88.1682
20343.7,88.1605
20353.8,88.166
20363.9,88.1844
20374,88.2029
20384.1,88.2079
20394.3,88.2243
20404.4,88.2407
20414.5,88.2547
20424.7,88.2508
20434.8,88.2468
20444.9,88.2201
20455.1,88.1857
20465.2,88.1513
20475.3,88.1457
20485.5,88.1564
20495.6,88.167
20505.7,88.1608
20515.9,88.1456
20526,88.1304
20536.1,88.115
20546.3,88.1197
20556.4,88.1244
20566.5,88.1274
20576.7,88.1239
20586.8,88.0984
20596.9,88.0729
20607.1,88.0404
20617.2,88.0268
20627.3,88.0131
20637.5,88.013
20647.6,88.0064
20657.7,87.9998
20667.8,87.9826
20678,87.9583
20688.1,87.9341
20698.2,87.9261
20708.3,87.9216
20718.4,87.9171
20728.6,87.9009
20738.7,87.8707
20748.8,87.8405
20759,87.8046
20769.1,87.7677
20779.2,87.7308
20789.4,87.6814
20799.5,87.6331
20809.6,87.585
20819.8,87.5433
20829.9,87.4984
20840,87.4536
20850.2,87.3997
20860.3,87.3408
20870.4,87.282
20880.6,87.2464
20890.7,87.2164
20900.8,87.1864
20910.9,87.1489
20921,87.1044
20931.1,87.0599
20941.3,87.0127
20951.4,86.9888
20961.5,86.965
20971.7,86.9371
20981.8,86.8908
20991.9,86.834
21002.1,86.7771
21012.2,86.7326
21022.3,86.701
21032.4,86.6694
21042.6,86.6482
21052.7,86.6285
21062.8,86.6087
21072.9,86.579
21083,86.5484
21093.2,86.5178
21103.3,86.4858
21113.4,86.4512
21123.6,86.4165
21133.7,86.3778
21143.8,86.3345
21154,86.2912
21164.1,86.2652
21174.2,86.234
21184.4,86.2026
21194.5,86.1614
21204.6,86.1155
21214.7,86.0696
21224.9,86.0183
21235,85.9689
21245.2,85.9193
21255.3,85.8621
21265.4,85.8152
21275.5,85.7682
21285.7,85.73
21295.8,85.6927
21305.9,85.6553
21316.1,85.6146
21326.2,85.5604
21336.3,85.5062
21346.5,85.4522
21356.6,85.3992
21366.7,85.3412
21376.8,85.2833
21386.9,85.2147
21397.1,85.1461
21407.2,85.0738
21417.3,84.993
21427.4,84.9012
21437.6,84.8093
21447.7,84.7055
21457.8,84.5993
21467.9,84.4929
21478,84.3998
21488.2,84.29
21498.3,84.1798
21508.4,84.0591
21518.6,83.9247
21528.7,83.7904
21538.8,83.6327
21549,83.4599
21559.1,83.2874
21569.2,83.107
21579.3,82.9187
21589.5,82.7304
21599.6,82.5583
21609.8,82.3909
21619.9,82.2237
21630,82.0551
21640.2,81.8837
21650.3,81.7122
21660.4,81.5453
21670.6,81.3842
21680.7,81.24
21690.8,81.0961
21701,80.9476
21711.1,80.7994
21721.2,80.6492
21731.4,80.4996
21741.6,80.3481
21751.6,80.1972
21761.8,80.04
21771.9,79.88
21782,79.7204
21792.2,79.5604
21802.3,79.3818
21812.4,79.2036
21822.5,79.0292
21832.7,78.8375
21842.8,78.6461
21852.9,78.4443
21863,78.242
21873.1,78.04
21883.3,77.8236
21893.4,77.5886
21903.5,77.3541
21913.7,77.0995
21923.8,76.8398
21933.9,76.5807
21944.1,76.3238
21954.2,76.0761
21964.3,75.829
21974.4,75.584
21984.5,75.3256
21994.6,75.0676
22004.7,74.8027
22014.7,74.5379
22024.8,74.2735
22034.9,74.0199
22045,73.8132
22055,73.6072
22065.1,73.4162
22075.2,73.1777
22085.3,72.927
22095.4,72.6778
22105.4,72.405
22115.5,72.1195
22125.6,71.8335
22135.7,71.5491
22145.8,71.2704
22155.9,70.9912
22165.9,70.7294
22176,70.4845
22186.1,70.2391
22196.2,70.001
22206.2,69.7486
22216.3,69.4958
22226.4,69.208
22236.5,68.9021
22246.6,68.5959
22256.6,68.2883
22266.7,67.9926
22276.8,67.6965
22286.9,67.3995
22296.9,67.09
22307,66.7801
22317.1,66.4762
22327.2,66.1902
22337.3,65.9037
22347.4,65.6427
22357.4,65.386
22367.5,65.1287
22377.6,64.8776
22387.7,64.6286
22397.8,64.3791
22407.8,64.1459
22417.9,63.9147
22428,63.6832
22438.1,63.4486
22448.1,63.2198
22458.2,62.9907
22468.3,62.7636
22478.4,62.533
22488.5,62.3022
22498.5,62.0739
22508.6,61.8613
22518.7,61.6482
22528.8,61.4548
22538.8,61.2704
22548.9,61.0857
22559,60.8848
22569.1,60.6655
22579.2,60.4262
22589.2,60.187
22599.3,59.9414
22609.4,59.7058
22619.5,59.4702
22629.5,59.2568
22639.6,59.0519
22649.7,58.8468
22659.8,58.6214
22669.9,58.385
22680,58.1487
22690,57.915
22700.1,57.6914
22710.2,57.4676
22720.3,57.2327
22730.4,56.9914
22740.4,56.75
22750.5,56.5025
22760.6,56.2571
22770.6,56.0117
22780.7,55.7532
22790.8,55.4665
22800.9,55.1797
22810.9,54.8607
22821,54.531
22831.1,54.2011
22841.2,53.8711
22851.3,53.5552
22861.4,53.239
22871.4,52.9396
22881.5,52.6659
22891.6,52.3923
22901.7,52.1318
22911.9,51.877
22922,51.6213
22932.1,51.3732
22942.2,51.1385
22952.4,50.9036
22962.5,50.6787
22972.6,50.4503
22982.8,50.2218
22992.9,49.9738
23003,49.7264
23013.1,49.4787
23023.2,49.2449
23033.4,48.9949
23043.6,48.7443
23053.7,48.4857
23063.8,48.2278
23074,47.9707
23084.1,47.7277
23094.2,47.5042
23104.4,47.2759
23114.5,47.048
23124.6,46.8177
23134.7,46.5884
23144.8,46.3595
23155,46.1258
23165.1,45.8608
23175.2,45.5965
23185.4,45.3131
23195.5,45.0418
23205.6,44.7718
23215.8,44.5389
23225.9,44.3203
23236,44.1021
23246.1,43.8648
23256.2,43.5974
23266.3,43.3303
23276.5,43.0536
23286.6,42.7809
23296.7,42.5088
23306.9,42.2513
23317,42.0013
23327.1,41.7517
23337.3,41.5029
23347.4,41.2401
23357.5,40.978
23367.7,40.6953
23377.8,40.3938
23387.9,40.0933
23398.1,39.8054
23408.2,39.5456
23418.3,39.3113
23428.5,39.0761
23438.6,38.8434
23448.7,38.5984
23458.9,38.3524
23469,38.0943
23479.1,37.8464
23489.3,37.5981
23499.4,37.3657
23509.5,37.1169
23519.6,36.8675
23529.8,36.6058
23539.9,36.3365
23550,36.0668
23560.1,35.8013
23570.2,35.5447
23580.4,35.2874
23590.6,35.0264
23600.7,34.7585
23610.9,34.4895
23621,34.2245
23631.1,33.948
23641.3,33.6714
23651.4,33.375
23661.5,33.0689
23671.7,32.7626
23681.8,32.4732
23691.9,32.204
23702,31.9356
23712.1,31.6747
23722.2,31.3846
23732.4,31.0942
23742.5,30.7722
23752.6,30.4364
23762.7,30.1002
23772.9,29.7738
23783,29.463
23793.1,29.1524
23803.2,28.8498
23813.3,28.5511
23823.4,28.2523
23833.6,27.9622
23843.7,27.6732
23853.8,27.3496
23863.9,27.0258
23874,26.6879
23884.1,26.3679
23894.3,26.0478
23904.4,25.7583
23914.5,25.4816
23924.6,25.2041
23934.7,24.93
23944.9,24.6523
23955,24.375
23965.1,24.1023
23975.3,23.8252
23985.4,23.5487
23995.5,23.2804
24005.7,23.0182
24015.8,22.7563
24025.9,22.5155
24036.1,22.2894
24046.3,22.0621
24056.5,21.8416
24066.6,21.6098
24076.9,21.3766
24087,21.1458
24097.2,20.9394
24107.4,20.7339
24117.5,20.5378
24127.6,20.3333
24137.8,20.1279
24147.9,19.8831
24158,19.6441
24168.2,19.4309
24178.3,19.2185
24188.4,19.0305
24198.6,18.8341
24208.7,18.6385
24218.8,18.4133
24229,18.1763
24239.1,17.9406
24249.3,17.7289
24259.5,17.5322
24269.6,17.3375
24279.7,17.1365
24289.9,16.9159
24300,16.6961
24310.1,16.4678
24320.3,16.2609
24330.4,16.0554
24340.5,15.8737
24350.7,15.7101
24360.8,15.5478
24370.9,15.3628
24381.1,15.1634
24391.2,14.9648
24401.3,14.7855
24411.5,14.5988
24421.6,14.4035
24431.8,14.209
24441.9,14.004
24452,13.7831
24462.1,13.5626
24472.3,13.3592
24482.4,13.1386
24492.5,12.9181
24502.7,12.7041
24512.8,12.4982
24522.9,12.2926
24533.1,12.1219
24543.2,11.9367
24553.3,11.7528
24563.5,11.55
24573.6,11.3324
24583.7,11.115
24593.9,10.9215
24604,10.7549
24614.1,10.5887
24624.3,10.4426
24634.4,10.2891
24644.5,10.1365
24654.7,9.95071
24664.8,9.75088
24675,9.55172
24685.1,9.36749
24695.2,9.2174
24705.4,9.06743
24715.6,8.95168
24725.7,8.84204
24735.9,8.73301
24746.1,8.59493
24756.2,8.45071
24766.3,8.31257
24776.6,8.17316
24786.7,8.05392
24796.8,7.93536
24807,7.83693
24817.1,7.75404
24827.3,7.69044
24837.5,7.62878
24847.6,7.53352
24857.7,7.37263
24867.9,7.21033
24878,7.0132
24888.1,6.81877
24898.3,6.62325
24908.4,6.46311
24918.5,6.31419
24928.7,6.16535
24938.8,6.00605
24948.9,5.86102
24959.2,5.71574
24969.3,5.5737
24979.4,5.41856
24989.6,5.26346
24999.7,5.09213
25009.8,4.92741
25020,4.76226
25030.1,4.63259
25040.2,4.52626
25050.4,4.42109
25060.5,4.28896
25070.6,4.10371
25080.7,3.91869
25090.8,3.73458
25101,3.59814
25111.1,3.46266
25121.2,3.36079
25131.4,3.26198
25141.5,3.16107
25151.6,3.06195
25161.7,2.97428
25171.9,2.89696
25182,2.82084
25192.1,2.74974
25202.2,2.69395
25212.3,2.64172
25222.5,2.59388
25232.6,2.50359
25242.7,2.41511
25252.8,2.27733
25263,2.1544
25273.1,2.03251
25283.2,1.98813
25293.4,1.98182
25303.5,1.9834
25313.6,1.90119
25323.8,1.73004
25333.9,1.56119
25344,1.42324
25354.2,1.38985
25364.3,1.36542
25374.4,1.43092
25384.6,-1.46444
25394.7,-1.50711
25404.8,-1.48514
25414.9,-1.49354
25425,-1.51798
25435.1,-1.58359
25445.4,-1.63562
25455.5,-1.69853
25465.6,-1.73365
25475.9,-1.78832
25486,-1.87215
25496.1,-1.96037
25506.3,-2.0425
25516.5,-2.11221
25526.6,-2.18936
25536.8,-2.2701
25546.9,-2.3514
25557.1,-2.43448
25567.3,-2.5064
25577.4,-2.61522
25587.5,-2.72601
25597.8,-2.84295
25607.9,-2.94997
25618,-3.06041
25628.1,-3.16354
25638.2,-3.26462
25648.4,-3.36777
25658.6,-3.46063
25668.7,-3.53138
25678.8,-3.60358
25689.1,-3.65427
25699.2,-3.69962
25709.3,-3.74588
25719.5,-3.78641
25729.6,-3.83203
25739.8,-3.87065
25749.9,-3.90929
25760,-3.94497
25770.2,-3.98191
25780.4,-4.01831
25790.5,-4.03988
25800.6,-4.0259
25810.8,-4.01168
25820.9,-4.00015
25831,-3.96576
25841.2,-3.93186
25851.4,-3.86559
25861.5,-3.78476
25871.7,-3.70385
25881.8,-3.62264
25891.9,-3.55568
25902.1,-3.48879
25912.2,-3.44635
25922.4,-3.43566
25932.6,-3.42516
25942.7,-3.42859
25952.8,-3.44044
25963,-3.45293
25973.1,-3.46537
25983.3,-3.47845
25993.5,-3.49215
26003.6,-3.50959
26013.7,-3.52362
26024,-3.53913
26034.1,-3.55414
26044.2,-3.56228
26054.4,-3.57128
26064.5,-3.5761
26074.6,-3.58506
26084.7,-3.59466
26094.8,-3.61615
26105,-3.64397
26115.1,-3.6735
26125.1,-3.69687
26135.3,-3.70427
26145.4,-3.7087
26155.5,-3.71292
26165.7,-3.72681
26175.8,-3.74651
26185.9,-3.76693
26196.1,-3.78786
26206.2,-3.7924
26216.3,-3.79694
26226.5,-3.80291
26236.6,-3.82938
26246.7,-3.85546
26256.9,-3.89605
26267,-3.9412
26277.1,-3.98643
26287.3,-4.01285
26297.4,-4.02104
26307.5,-4.02959
26317.7,-4.03134
26327.8,-4.03968
26337.9,-4.0482
26348.1,-4.05631
26358.2,-4.05651
26368.3,-4.05709
26378.5,-4.04181
26388.6,-4.01539
26398.7,-3.99212
26408.9,-3.96931
26419,-3.95013
26429.1,-3.93265
26439.3,-3.9141
26449.4,-3.90629
26459.5,-3.91149
26469.7,-3.91689
26479.8,-3.92727
26489.9,-3.93146
26500.1,-3.93663
26510.2,-3.93305
26520.3,-3.92907
26530.5,-3.92568
26540.6,-3.93524
26550.7,-3.95805
26560.9,-3.98289
26571,-3.99761
26581.1,-3.98702
26591.3,-3.97719
26601.4,-3.95864
26611.5,-3.95271
26621.7,-3.94676
26631.8,-3.95132
26641.9,-3.96931
26652.1,-3.9882
26662.2,-3.99859
26672.2,-3.99682
26682.4,-3.99565
26692.6,-3.97049
26702.6,-3.93922
26712.8,-3.90809
26722.9,-3.88801
26733,-3.88418
26743.1,-3.88156
26753.2,-3.89002
26763.3,-3.89203
26773.4,-3.89465
26783.5,-3.87409
26793.6,-3.8404
26803.7,-3.80641
26813.8,-3.78248
26823.9,-3.78641
26834.1,-3.80497
26844.2,-3.82447
26854.3,-3.84875
26864.4,-3.87369
26874.5,-3.87732
26884.5,-3.86782
26894.8,-3.85139
26904.9,-3.83551
26914.9,-3.82876
26925.2,-3.83489
26935.4,-3.84081
26945.4,-3.8351
26955.6,-3.82835
26965.8,-3.82181
26975.8,-3.79467
26986,-3.76942
26996.2,-3.74483
27006.2,-3.73101
27016.5,-3.74023
27026.6,-3.7511
27036.7,-3.75902
27046.9,-3.73625
27057,-3.71461
27067.1,-3.65555
27077.3,-3.58506
27087.4,-3.51472
27097.5,-3.46718
27107.7,-3.45043
27117.8,-3.44862
27127.9,-3.45021
27138.1,-3.4247
27148.2,-3.33601
27158.3,-3.24875
27168.5,-3.13146
27178.6,-3.01194
27188.7,-2.89398
27198.9,-2.77355
27209,-2.66943
27219.1,-2.5681
27229.3,-2.48161
27239.4,-2.40113
27249.5,-2.3273
27259.7,-2.24374
27269.8,-2.15984
27279.9,-2.08498
27290.1,-2.049
27300.2,2.0752
27310.3,2.11295
27320.5,2.18291
27330.6,2.2385
27340.6,2.30636
27350.9,2.34973
27361,2.42997
27371,2.52197
27381.2,2.67178
27391.3,2.85669
27401.4,3.04734
27411.6,3.21436
27421.7,3.33531
27431.7,3.46899
27441.9,3.61529
27452,3.81709
27462.1,4.02532
27472.2,4.26278
27482.3,4.50806
27492.4,4.74315
27502.6,4.98177
27512.7,5.22149
27522.7,5.46632
27532.9,5.71574
27543,5.9756
27553,6.23544
27563.2,6.49792
27573.3,6.74997
27583.4,6.98467
27593.5,7.22161
27603.6,7.44052
27613.7,7.65297
27623.9,7.86676
27634,8.08227
27644.1,8.29739
27654.2,8.5125
27664.4,8.74233
27674.6,8.95264
27684.7,9.16241
27694.9,9.33616
27705,9.50987
27715.2,9.68904
27725.4,9.8963
27735.5,10.1196
27745.6,10.3432
27755.8,10.5812
27765.9,10.779
27776,10.9765
27786.3,11.1456
27796.4,11.3066
27806.5,11.468
27816.7,11.6421
27826.8,11.821
27837,11.9997
27847.2,12.1918
27857.3,12.3876
27867.4,12.5834
27877.6,12.7998
27887.8,13.0255
27897.9,13.2518
27908.1,13.4797
27918.2,13.7015
27928.3,13.9225
27938.6,14.1299
27948.7,14.3509
27958.8,14.5922
27969,14.8356
27979.1,15.0632
27989.2,15.2764
27999.5,15.4917
28009.6,15.6985
28019.7,15.9092
28029.9,16.121
28040.1,16.3423
28050.2,16.5726
28060.4,16.8054
28070.5,17.0443
28080.7,17.2864
28090.9,17.5305
28101,17.7494
28111.1,17.9501
28121.4,18.1518
28131.5,18.3573
28141.6,18.5779
28151.8,18.7997
28162,19.0378
28172.1,19.2829
28182.2,19.5287
28192.4,19.7625
28202.5,19.9829
28212.7,20.2201
28222.8,20.4574
28232.9,20.7221
28243.1,20.9967
28253.2,21.2716
28263.3,21.5423
28273.5,21.7972
28283.6,22.0523
28293.7,22.3018
28303.9,22.5626
28314.1,22.8231
28324.2,23.0824
28334.4,23.331
28344.5,23.5794
28354.6,23.8356
28364.9,24.0958
28375,24.3549
28385.1,24.6156
28395.3,24.8892
28405.5,25.1614
28415.6,25.4097
28425.8,25.6246
28435.9,25.8387
28446.1,26.0524
28456.3,26.2749
28466.4,26.4966
28476.5,26.7351
28486.7,26.9902
28496.9,27.2446
28507,27.484
28517.2,27.7112
28527.3,27.931
28537.5,28.1503
28547.7,28.3489
28557.8,28.4888
28568,28.628
28578.2,28.7406
28588.3,28.8557
28598.4,28.9714
28608.7,29.0865
28618.8,29.2343
28628.9,29.382
28639.1,29.5619
28649.2,29.7861
28659.3,30.0101
28669.5,30.2666
28679.7,30.5443
28689.8,30.8212
28700,31.1107
28710.1,31.4136
28720.3,31.7158
28730.5,32.0264
28740.6,32.3325
28750.7,32.622
28760.9,32.9137
28771.1,33.197
28781.2,33.4959
28791.5,33.7991
28801.6,34.1061
28811.7,34.4134
28821.9,34.7227
28832,35.0307
28842.1,35.3421
28852.3,35.656
28862.5,35.9614
28872.6,36.2598
28882.8,36.5599
28892.9,36.8665
28903,37.1958
28913.2,37.5273
28923.4,37.8694
28933.5,38.2172
28943.7,38.5669
28953.8,38.9089
28963.9,39.2482
28974.1,39.5898
28984.3,39.9254
28994.4,40.247
29004.6,40.571
29014.7,40.8779
29024.8,41.1643
29035,41.4532
29045.2,41.738
29055.4,42.0214
29065.6,42.3035
29075.8,42.5795
29086,42.8444
29096.1,43.1089
29106.2,43.3793
29116.4,43.6593
29126.6,43.9444
29136.7,44.2294
29146.8,44.5093
29157,44.7868
29167.1,45.0643
29177.2,45.3333
29187.4,45.5933
29197.5,45.8528
29207.7,46.1084
29217.8,46.3728
29228,46.6376
29238.1,46.9038
29248.3,47.1797
29258.4,47.4548
29268.5,47.7252
29278.7,47.9854
29288.9,48.2446
29299,48.4887
29309.2,48.7267
29319.3,48.9637
29329.5,49.2142
29339.7,49.4855
29349.8,49.7558
29359.9,50.0224
29370.1,50.2809
29380.3,50.5379
29390.4,50.7879
29400.6,51.0631
29410.7,51.3528
29420.9,51.6422
29431.1,51.9344
29441.2,52.207
29451.4,52.4795
29461.6,52.7212
29471.7,52.9418
29481.8,53.1621
29492.1,53.3873
29502.2,53.6162
29512.3,53.8445
29522.5,54.0875
29532.6,54.333
29542.7,54.5776
29552.9,54.8359
29563,55.1038
29573.1,55.3718
29583.3,55.6532
29593.4,55.9304
29603.5,56.2076
29613.6,56.483
29623.8,56.7659
29633.9,57.0488
29644,57.334
29654.1,57.619
29664.3,57.9046
29674.5,58.1853
29684.6,58.4376
29694.7,58.6891
29704.8,58.9368
29715,59.1867
29725.1,59.4365
29735.3,59.7085
29745.4,59.987
29755.5,60.2705
29765.7,60.5563
29775.9,60.8409
29786,61.1129
29796.2,61.3858
29806.3,61.6459
29816.4,61.8991
29826.6,62.1539
29836.7,62.4054
29846.9,62.6355
29857,62.8661
29867.1,63.1001
29877.2,63.3171
29887.5,63.5363
29897.6,63.7551
29907.7,63.9574
29917.9,64.1613
29928.1,64.3547
29938.2,64.5531
29948.4,64.7531
29958.6,64.9619
29968.7,65.1544
29978.9,65.3485
29989,65.526
29999.2,65.6873
30009.3,65.8491
30019.5,65.9935
30029.6,66.1449
30039.7,66.2967
30049.9,66.4706
30060,66.6619
30070.2,66.8584
30080.3,67.0544
30092.5,67.2675
30102.6,67.449
30112.7,67.627
30122.8,67.8111
30133,67.9993
30143.1,68.187
30153.2,68.3722
30163.4,68.5618
30173.5,68.7514
30183.7,68.9202
30193.8,69.0777
30204,69.2348
30214.1,69.3893
30224.3,69.559
30234.4,69.7477
30244.5,69.9367
30254.7,70.1186
30264.8,70.3006
30275,70.4758
30285.1,70.6427
30295.2,70.8177
30305.4,70.9933
30315.6,71.1756
30325.7,71.3374
30335.8,71.4993
30346,71.648
30356.1,71.7893
30366.2,71.9304
30376.4,72.0821
30386.5,72.2423
30396.6,72.4026
30406.8,72.5493
30416.9,72.6894
30427,72.8291
30437.2,72.9732
30447.3,73.1367
30457.4,73.3007
30467.6,73.4575
30477.7,73.6057
30487.9,73.7545
30498.1,73.8749
30508.2,74.0068
30518.4,74.1389
30528.6,74.2815
30538.7,74.4324
30548.8,74.5831
30559,74.7183
30569.1,74.8471
30579.3,74.9785
30589.6,75.1122
30599.7,75.2495
30609.8,75.366
30620,75.4832
30630.1,75.6036
30640.3,75.7438
30650.5,75.8848
30660.6,76.0561
30670.7,76.2099
30680.9,76.3646
30691.1,76.4597
30701.2,76.5234
30711.5,76.5883
30721.6,76.66
30731.7,76.7294
30741.9,76.7993
30752,76.8585
30762.1,76.9163
30772.3,76.9742
30782.5,77.0384
30792.6,77.0959
30802.8,77.1538
30812.9,77.1941
30823,77.2693
30833.2,77.345
30843.3,77.4531
30853.5,77.5491
30863.8,77.6452
30873.9,77.6776
30884,77.6473
30894.1,77.6259
30904.2,77.6046
30914.4,77.6014
30924.5,77.5997
30934.6,77.5981
30944.8,77.5807
30954.9,77.5562
30965,77.5319
30975.1,77.5329
30985.3,77.5621
30995.4,77.5913
31005.5,77.645
31015.7,77.6928
31025.8,77.7404
31035.9,77.799
31046,77.8561
31056.2,77.9131
31066.3,77.9698
31076.5,78.0372
31086.6,78.1046
31096.7,78.1631
31106.8,78.2206
31116.9,78.278
31127,78.3117
31137.2,78.3412
31147.3,78.3706
31157.5,78.4236
31167.6,78.4947
31177.8,78.5656
31187.9,78.6588
31198.1,78.7565
31208.2,78.8504
31218.4,78.9444
31228.5,79.0305
31238.7,79.1163
31248.8,79.1725
31258.9,79.2394
31269,79.3221
31279.2,79.4051
31289.4,79.498
31299.5,79.5757
31309.6,79.6535
31319.8,79.7134
31329.9,79.7698
31340,79.8262
31350.2,79.8683
31360.3,79.9167
31370.4,79.9651
31380.6,80.0236
31390.7,80.0819
31400.9,80.1403
31411,80.2211
31421.1,80.2944
31431.3,80.3676
31441.4,80.4294
31451.6,80.4679
31461.7,80.5065
31471.9,80.5307
31482,80.5663
31492.1,80.602
31502.3,80.6436
31512.4,80.6657
31522.6,80.6878
31532.7,80.6987
31542.8,80.7233
31552.9,80.749
31563.1,80.775
31573.2,80.7771
31583.4,80.7493
31593.6,80.7214
31603.7,80.6886
31613.8,80.6616
31624,80.6345
31634.1,80.6186
31644.2,80.606
31654.5,80.5934
31664.6,80.5794
31674.8,80.5673
31685,80.5551
31695.1,80.5286
31705.2,80.5
31715.4,80.4714
31725.6,80.4536
31735.7,80.4445
31745.9,80.4354
31756,80.4253
31766.2,80.3942
31776.4,80.3629
31786.5,80.3078
31796.6,80.2688
31806.8,80.2297
31817,80.2126
31827.1,80.1987
31837.3,80.1759
31847.4,80.1531
31857.6,80.1081
31867.7,80.0682
31877.8,80.0285
31888,79.9957
31898.1,79.9661
31908.2,79.9365
31918.4,79.8933
31928.5,79.8488
31938.6,79.8044
31948.8,79.7744
31958.9,79.7625
31969,79.7506
31979.2,79.7312
31989.3,79.7005
31999.4,79.6697
32009.6,79.6174
32019.7,79.5707
32029.8,79.5242
32040,79.5015
32050.1,79.5066
32060.2,79.5118
32070.4,79.509
32080.5,79.497
32090.6,79.485
32100.8,79.4692
32110.9,79.459
32121,79.4489
32131.2,79.398
32141.4,79.3274
32151.5,79.2575
32161.7,79.1666
32171.8,79.075
32181.9,78.9836
32192.1,78.8753
32202.2,78.7578
32212.3,78.6497
32222.5,78.5412
32232.7,78.4315
32242.8,78.324
32252.9,78.2165
32263.1,78.1132
32273.2,78.0036
32283.3,77.8943
32293.5,77.7854
32303.6,77.673
32313.7,77.5606
32323.9,77.4293
32334,77.2833
32344.2,77.1371
32354.4,76.9968
32364.5,76.8672
32374.6,76.738
32384.7,76.6012
32394.8,76.467
32405,76.333
32415.1,76.1863
32425.2,76.0441
32435.4,75.9015
32445.6,75.7472
32455.7,75.6173
32465.9,75.4875
32476,75.3366
32486.1,75.1992
32496.3,75.0594
32506.5,74.9183
32516.6,74.786
32526.7,74.6306
32536.9,74.4741
32547,74.3025
32557.2,74.1489
32567.4,73.9939
32577.6,73.8536
32587.7,73.7171
32597.9,73.5798
32608,73.4224
32618.2,73.2543
32628.5,73.0838
32638.6,72.9169
32648.7,72.7519
32658.9,72.5859
32669,72.4128
32679.2,72.2251
32689.4,72.0357
32699.5,71.8648
32709.7,71.6952
32719.9,71.5246
32730,71.3433
32740.1,71.1314
32750.6,70.9133
32760.7,70.6805
32770.8,70.4519
32781,70.2226
32791.1,70.0123
32801.3,69.8149
32811.5,69.6163
32821.6,69.42
32831.7,69.2452
32841.9,69.0854
32852,68.9258
32862.1,68.7637
32872.2,68.6076
32882.3,68.4517
32892.5,68.2954
32902.6,68.1317
32912.8,67.9683
32922.9,67.7893
32933.1,67.606
32943.2,67.4227
32953.3,67.238
32963.5,67.0739
32973.6,66.9107
32983.7,66.7562
32993.8,66.6011
33003.9,66.4469
33014.1,66.2796
33024.2,66.096
33034.3,65.913
33044.5,65.7136
33054.6,65.5028
33064.7,65.2927
33074.9,65.096
33085,64.9421
33095.1,64.7909
33105.3,64.6404
33115.4,64.4701
33125.6,64.2999
33135.7,64.0815
33145.8,63.8392
33156,63.6031
33176.9,63.1155
33187,62.9002
33200.6,62.6131
33210.7,62.3752
33220.8,62.1345
33231,61.8798
33241.1,61.6241
33251.2,61.3505
33261.6,61.0715
33271.8,60.8041
33281.8,60.5577
33292,60.2862
33302.2,60.0146
33312.3,59.7549
33322.5,59.4822
33332.6,59.2101
33342.7,58.9426
33352.9,58.6863
33363.1,58.4312
33373.2,58.1987
33383.4,57.9749
33393.6,57.7515
33403.7,57.5487
33413.9,57.3391
33424.1,57.1306
33434.1,56.9257
33444.4,56.7141
33454.5,56.5177
33464.6,56.3227
33474.9,56.1355
33485,55.9382
33495.1,55.7419
33505.3,55.5274
33515.5,55.2942
33525.6,55.0627
33535.8,54.8294
33545.9,54.5732
33556,54.3184
33566.3,54.0255
33576.4,53.7249
33586.5,53.4267
33596.8,53.1437
33606.9,52.8982
33617,52.6547
33627.3,52.4113
33637.4,52.1304
33647.5,51.8513
33657.8,51.5607
33667.9,51.2795
33678,50.9995
33688.2,50.7186
33698.3,50.4233
33708.4,50.1289
33718.6,49.8211
33728.8,49.5212
33738.8,49.2223
33749.1,48.9331
33759.2,48.6411
33769.3,48.3505
33779.5,48.0426
33789.6,47.7315
33799.7,47.4214
33809.9,47.1007
33820.1,46.7897
33830.2,46.4855
33840.3,46.1795
33850.5,45.8482
33860.6,45.5089
33870.8,45.1662
33881,44.8341
33891.1,44.5381
33901.5,44.2389
33911.6,43.9907
33921.7,43.7479
33931.9,43.5037
33942.1,43.2455
33952.2,42.9739
33962.4,42.7008
33972.5,42.4228
33982.6,42.1311
33992.8,41.838
34002.9,41.5379
34013,41.2357
34023.2,40.9317
34033.3,40.6204
34043.5,40.2971
34053.8,39.9707
34064,39.6303
34074.1,39.316
34084.3,39.0013
34094.5,38.7257
34104.6,38.4775
34114.8,38.2286
34124.9,37.9608
34135,37.6657
34145.2,37.3617
34155.3,37.0577
34165.4,36.7687
34175.6,36.4921
34185.8,36.216
34195.9,35.9438
34206.1,35.6525
34216.2,35.3625
34226.2,35.0792
34236.4,34.8095
34246.5,34.5407
34256.6,34.2868
34266.8,34.0281
34276.9,33.7704
34286.9,33.5245
34297.1,33.2779
34307.2,33.0317
34317.3,32.8005
34327.5,32.5745
34337.7,32.3489
34347.8,32.1108
34358,31.8613
34368.1,31.612
34378.2,31.3395
34388.4,31.0573
34398.6,30.7829
34408.6,30.5092
34418.8,30.2559
34429,30.015
34439.1,29.7751
34449.3,29.5314
34459.4,29.2799
34469.5,29.0292
34479.7,28.7702
34489.9,28.5112
34500,28.2537
34510.2,28.0095
34520.3,27.7685
34530.4,27.5292
34540.6,27.2683
34550.8,26.9789
34560.9,26.6908
34571.1,26.3969
34581.3,26.1291
34591.4,25.8631
34601.6,25.6125
34611.7,25.3398
34621.8,25.069
34632,24.8064
34642.2,24.5525
34652.3,24.2999
34662.5,24.0564
34672.6,23.8131
34682.7,23.571
34692.9,23.2906
34703.1,22.9938
34713.2,22.6993
34723.4,22.3999
34733.5,22.1116
34743.6,21.8125
34753.8,21.5129
34763.9,21.1804
34774,20.8347
34784.2,20.4884
34794.3,20.1699
34804.4,19.8875
34814.6,19.6045
34824.8,19.3396
34834.9,19.0504
34845,18.7605
34855.2,18.4512
34865.3,18.1365
34875.5,17.8206
34885.6,17.5105
34895.7,17.2094
34905.9,16.9074
34916.1,16.6021
34926.1,16.3033
34936.3,16.0036
34946.5,15.7032
34956.6,15.4153
34966.8,15.1275
34976.9,14.8584
34987,14.5831
34997.2,14.313
35007.3,14.0503
35017.4,13.8113
35027.7,13.5731
35037.8,13.3629
35047.9,13.1492
35058.1,12.9357
35068.3,12.6851
35078.4,12.4062
35088.5,12.1109
35098.6,11.8143
35108.7,11.5255
35118.9,11.2479
35129,10.9697
35139.1,10.6937
35149.2,10.4289
35159.4,10.164
35169.5,9.90754
35179.6,9.65834
35189.7,9.40872
35199.8,9.14024
35210,8.87212
35220.1,8.60322
35230.2,8.33375
35240.3,8.0548
35250.5,7.77472
35260.6,7.49307
35270.7,7.21152
35280.9,6.92973
35291,6.65475
35301.1,6.39331
35311.2,6.13121
35321.4,5.87117
35331.5,5.62056
35341.6,5.37081
35351.7,5.11897
35361.8,4.88288
35371.9,4.64643
35382,4.42215
35392.2,4.20546
35402.3,3.99447
35412.4,3.78372
35422.5,3.5715
35432.6,3.36498
35442.7,3.16082
35452.9,2.95289
35463,2.74433
35473.1,2.53775
35483.2,2.32091
35493.4,2.10738
35503.5,1.895
35513.6,1.68512
35523.7,1.48091
35533.8,1.28327
35544,1.09574
35554.1,0.902216
35564.2,0.715455
35574.4,0.55953
35584.5,0.4597
35594.6,-0.418713
35604.8,-0.451107
35614.9,-0.478062
35625,-0.553906
35635.2,-0.653717
35645.3,-0.774298
35655.4,-0.897868
35665.6,-1.01567
35675.8,-1.13158
35685.9,-1.25365
35696,-1.38647
35706.2,-1.51178
35716.2,-1.63753
35726.4,-1.74176
35736.6,-1.81698
35746.7,-1.89211
35756.8,-1.9739
35767,-2.05511
35777.1,-2.14201
35787.2,-2.23815
35797.4,-2.31888
35807.5,-2.41122
35817.6,-2.50453
35827.8,-2.62418
35837.9,-2.77496
35848,-2.9276
35858.2,-3.07419
35868.3,-3.20191
35878.4,-3.33108
35888.6,-3.45542
35898.7,-3.5831
35908.9,-3.71145
35919,-3.85302
35929.1,-3.99369
35939.3,-4.1345
35949.4,-4.26094
35959.5,-4.37176
35969.7,-4.48368
35979.8,-4.59492
35989.9,-4.71717
36000.1,-4.84021
36010.2,-4.96414
36020.3,-5.0949
36030.5,-5.22644
36040.7,-5.36001
36050.8,-5.48876
36060.9,-5.61791
36071,-5.73284
36081.1,-5.83505
36091.3,-5.97258
36101.5,-6.11151
36111.6,-6.25049
36121.7,-6.41141
36131.8,-6.57293
36141.9,-6.72673
36152.1,-6.87163
36162.2,-7.01689
36172.3,-7.15701
36182.5,-7.28328
36192.6,-7.41004
36202.7,-7.51405
36212.8,-7.59781
36223,-7.68341
36233.1,-7.76181
36243.2,-7.84293
36253.3,-7.9243
36263.4,-7.9979
36273.5,-8.07257
36283.7,-8.14743
36293.8,-8.21512
36303.9,-8.27564
36314,-8.33657
36324.1,-8.38632
36334.3,-8.42843
36344.4,-8.47136
36354.5,-8.51609
36364.7,-8.56306
36374.8,-8.6105
36384.9,-8.66429
36395,-8.7287
36405.2,-8.79327
36415.3,-8.86213
36425.4,-8.94687
36435.5,-9.03262
36445.6,-9.107
36455.8,-9.17429
36465.9,-9.23863
36476,-9.30303
36486.1,-9.37636
36496.3,-9.45376
36506.4,-9.5311
36516.5,-9.59036
36526.6,-9.64405
36536.7,-9.69955
36546.8,-9.76317
36556.9,-9.84358
36567,-9.92477
36577.1,-10.0078
36587.3,-10.0735
36597.4,-10.139
36607.5,-10.1859
36617.6,-10.226
36627.7,-10.2663
36637.8,-10.2943
36647.9,-10.3185
36658,-10.3426
36668.1,-10.35
36678.3,-10.3562
36688.4,-10.3625
36698.5,-10.3584
36708.6,-10.3372
36718.7,-10.3161
36728.8,-10.2813
36739,-10.2378
36749.1,-10.1946
36759.2,-10.1516
36769.3,-10.1141
36779.4,-10.0769
36789.6,-10.0348
36799.7,-9.99644
36809.8,-9.95811
36819.9,-9.92706
36830,-9.88592
36840.1,-9.84693
36850.2,-9.80841
36860.4,-9.77785
36870.5,-9.75747
36880.6,-9.73705
36890.7,-9.72674
36900.8,-9.70698
36910.9,-9.68743
36921.1,-9.65664
36931.2,-9.63365
36941.3,-9.61093
36951.4,-9.58742
36961.5,-9.5799
36971.7,-9.57237
36981.8,-9.56811
36991.9,-9.5659
37002.1,-9.56385
37012.2,-9.56958
37022.3,-9.57801
37032.4,-9.58652
37042.6,-9.58521
37052.7,-9.58178
37062.8,-9.5785
37073,-9.56925
37083.1,-9.56213
37093.2,-9.55508
37103.4,-9.53981
37113.5,-9.52312
37123.6,-9.50674
37133.8,-9.50954
37143.9,-9.52691
37154,-9.54433
37164.1,-9.56942
37174.2,-9.57359
37184.4,-9.57809
37194.5,-9.57752
37204.6,-9.57122
37214.8,-9.565
37224.9,-9.56885
37235,-9.57998
37245.2,-9.58071
37255.3,-9.58218
37265.4,-9.59207
37275.6,-9.60195
37285.7,-9.61288
37295.8,-9.62071
37306,-9.62535
37316.1,-9.63007
37326.2,-9.6347
37336.4,-9.64259
37346.5,-9.65063
37356.6,-9.64698
37366.8,-9.63633
37376.9,-9.62584
37387,-9.60505
37397.2,-9.58701
37407.3,-9.56885
37417.4,-9.56524
37427.6,-9.5677
37437.7,-9.57032
37447.8,-9.55959
37457.9,-9.54302
37468.1,-9.52641
37478.2,-9.50146
37488.4,-9.47611
37498.5,-9.45052
37508.6,-9.43251
37518.8,-9.41588
37528.9,-9.39989
37539.1,-9.38488
37549.2,-9.36289
37559.3,-9.34765
37569.4,-9.33263
37579.6,-9.32868
37589.7,-9.32499
37599.8,-9.32482
37609.9,-9.31229
37620,-9.29595
37630.1,-9.27976
37640.3,-9.26167
37650.4,-9.23744
37660.6,-9.21392
37670.7,-9.19519
37680.8,-9.18155
37690.9,-9.16814
37701.1,-9.17173
37711.2,-9.16506
37721.3,-9.15848
37731.5,-9.13063
37741.6,-9.10976
37751.7,-9.08935
37761.8,-9.07175
37772,-9.05619
37782,-9.04069
37792.2,-9.00804
37802.3,-8.95903
37812.4,-8.91019
37822.5,-8.8408
37832.6,-8.76113
37842.7,-8.68199
37852.9,-8.59366
37863,-8.49795
37873.1,-8.40246
37883.2,-8.30974
37893.4,-8.20864
37903.5,-8.10878
37913.6,-8.00407
37923.8,-7.88963
37933.9,-7.77562
37944,-7.66749
37954.2,-7.56403
37964.3,-7.44831
37974.4,-7.333
37984.6,-7.19967
37994.7,-7.06638
38004.8,-6.94046
38015,-6.82176
38025.1,-6.70072
38035.2,-6.58863
38045.4,-6.44989
38055.5,-6.29008
38065.6,-6.13402
38075.8,-5.97625
38085.9,-5.84189
38096,-5.71026
38106.2,-5.58576
38116.3,-5.47176
38126.4,-5.36045
38136.6,-5.22704
38146.7,-5.0809
38156.8,-4.939
38167,-4.77752
38177.1,-4.61753
38187.2,-4.46215
38197.4,-4.33164
38207.5,-4.20658
38217.6,-4.08995
38227.8,-3.94438
38237.9,-3.75923
38248,-3.58201
38258.2,-3.39093
38268.3,-3.23039
38278.4,-3.07979
38288.6,-2.98663
38298.7,-2.90209
38308.8,-2.76394
38319,-2.63757
38329.1,-2.43384
38339.3,-2.17897
38349.4,-1.94232
38359.5,1.76142
38369.7,1.68419
38379.8,1.62506
38389.9,1.62554
38400.1,1.65701
38410.2,1.72142
38420.3,1.82343
38430.5,1.96396
38440.6,2.14967
38450.7,2.36136
38460.9,2.59026
38471,2.83275
38481.1,3.10233
38491.3,3.38099
38501.5,3.6671
38511.6,3.94993
38521.7,4.22404
38531.9,4.50233
38542,4.77146
38552.1,5.02512
38562.3,5.28083
38572.4,5.53125
38582.5,5.78071
38592.7,6.03129
38602.8,6.29182
38612.9,6.55479
38623,6.8198
38633.1,7.09337
38643.3,7.36476
38653.4,7.63688
38663.5,7.90381
38673.6,8.16318
38683.8,8.41644
38693.9,8.66953
38704,8.91291
38714.1,9.15497
38724.2,9.39681
38734.4,9.65388
38744.5,9.90991
38754.6,10.1655
38764.7,10.412
38774.9,10.6355
38785,10.8604
38795.1,11.0813
38805.2,11.3367
38815.3,11.5948
38825.5,11.8824
38835.6,12.1838
38845.7,12.4859
38855.9,12.7688
38866,13.0209
38876.1,13.2722
38886.3,13.5124
38896.4,13.7716
38906.5,14.0294
38916.7,14.2858
38926.8,14.5337
38936.9,14.7804
38947.1,15.0241
38957.2,15.272
38967.3,15.5345
38977.5,15.7973
38987.6,16.058
38997.7,16.3039
39007.9,16.5497
39018.1,16.7878
39028.1,17.0195
39038.3,17.2508
39048.5,17.4843
39058.7,17.7328
39068.8,17.9816
39079.1,18.2386
39089.2,18.5028
39099.4,18.7684
39109.6,19.0342
39119.7,19.2752
39129.9,19.517
39140.1,19.7489
39150.2,19.9705
39160.3,20.1927
39170.5,20.4081
39180.6,20.6151
39190.8,20.8227
39200.9,21.025
39211.1,21.2211
39221.2,21.418
39231.4,21.621
39241.5,21.8199
39251.7,22.0188
39261.9,22.2058
39272,22.3707
39282.1,22.5363
39292.3,22.7125
39302.4,22.9027
39312.5,23.0921
39322.8,23.3126
39332.9,23.5358
39343,23.76
39353.2,23.9872
39363.3,24.208
39373.4,24.4345
39383.6,24.6626
39393.7,24.8937
39403.8,25.1279
39414.1,25.3641
39424.2,25.5897
39434.3,25.7987
39444.5,26.0087
39454.6,26.2095
39464.8,26.407
39475,26.6052
39485.1,26.8072
39495.2,27.0228
39505.4,27.2396
39515.5,27.4598
39525.7,27.6797
39535.9,27.9016
39546,28.1404
39556.2,28.3799
39566.4,28.6198
39576.5,28.8597
39586.7,29.0887
39596.8,29.3202
39606.9,29.5515
39617.1,29.791
39627.2,30.0425
39637.3,30.2937
39647.5,30.5462
39657.6,30.7951
39667.7,31.0434
39677.9,31.2784
39688.1,31.4971
39698.2,31.7146
39708.3,31.9338
39718.5,32.1676
39728.6,32.4007
39738.8,32.6526
39748.9,32.9158
39759.1,33.1779
39769.2,33.4287
39779.4,33.6727
39789.5,33.9156
39799.6,34.1754
39809.8,34.4645
39819.9,34.7526
39830.1,35.0435
39840.3,35.3175
39850.4,35.5901
39860.6,35.8391
39870.7,36.0819
39880.9,36.3239
39891,36.5743
39901.2,36.8463
39911.3,37.1167
39921.5,37.3876
39931.6,37.634
39941.8,37.863
39951.9,38.0922
39962.1,38.3432
39972.2,38.5934
39982.3,38.8831
39992.5,39.184
40002.6,39.486
40012.7,39.788
40022.9,40.1159
40033,40.4581
40043.1,40.8008
40053.3,41.1604
40063.4,41.4893
40073.6,41.8181
40083.8,42.1049
40093.9,42.3891
40104,42.6737
40114.2,42.9846
40124.3,43.3071
40134.5,43.6296
40144.6,43.9546
40154.7,44.2694
40164.9,44.5848
40175.1,44.9006
40185.2,45.2009
40195.3,45.5007
40205.5,45.792
40215.6,46.082
40225.8,46.3724
40236,46.6555
40246.1,46.9279
40256.2,47.1948
40266.4,47.4634
40276.5,47.7279
40286.6,47.9938
40296.8,48.2613
40306.9,48.5133
40317,48.7597
40327.2,49.0081
40337.3,49.2471
40347.5,49.4769
40357.7,49.7088
40367.8,49.9493
40378,50.2061
40388.2,50.4638
40398.3,50.7334
40408.4,51.0095
40418.6,51.2874
40428.7,51.5614
40438.9,51.8197
40449.1,52.0792
40459.2,52.32
40469.3,52.5349
40479.5,52.7504
40489.6,52.9633
40499.8,53.1682
40509.9,53.3745
40520.1,53.5939
40530.2,53.8126
40540.4,54.0321
40550.5,54.2443
40560.7,54.4468
40570.9,54.6504
40581,54.8569
40591.1,55.0614
40601.3,55.2717
40611.4,55.4816
40621.5,55.6921
40631.7,55.9027
40641.8,56.1042
40651.9,56.2967
40662,56.4793
40672.2,56.6624
40682.3,56.8533
40692.5,57.0479
40702.6,57.2422
40712.7,57.4432
40722.9,57.6296
40733,57.8154
40743.1,58.0013
40753.3,58.2077
40763.4,58.413
40773.6,58.6221
40783.7,58.8464
40793.8,59.0696
40804,59.3058
40814.2,59.5534
40824.3,59.7993
40834.4,60.0572
40844.6,60.3069
40854.7,60.5364
40864.9,60.7665
40875.1,60.9737
40885.2,61.2038
40895.3,61.4346
40905.5,61.6723
40915.6,61.9028
40925.8,62.134
40936,62.3382
40946.1,62.5351
40956.2,62.7327
40966.4,62.9378
40976.5,63.1547
40986.7,63.3722
40996.9,63.5929
41007,63.798
41017.1,64.0034
41027.3,64.2079
41037.4,64.4171
41047.6,64.6268
41057.8,64.8453
41067.9,65.0619
41078,65.279
41088.2,65.5081
41098.3,65.7359
41108.5,65.9641
41118.7,66.1837
41128.8,66.4
41138.9,66.6165
41149.1,66.8152
41159.2,66.9939
41169.4,67.1731
41179.6,67.336
41189.7,67.4856
41199.9,67.6358
41210,67.7948
41220.2,67.9457
41230.3,68.0963
41240.5,68.243
41250.6,68.4015
41260.7,68.5769
41270.9,68.7534
41281,68.9367
41291.1,69.122
41301.3,69.3089
41311.5,69.4933
41321.6,69.6785
41331.8,69.865
41341.9,70.0481
41352,70.2371
41362.2,70.4272
41372.3,70.6164
41382.5,70.7862
41392.7,70.9566
41402.8,71.1068
41412.9,71.2529
41423.1,71.3994
41433.2,71.5635
41443.4,71.7375
41453.6,71.9122
41463.7,72.071
41473.8,72.2197
41484,72.3683
41494.1,72.4976
41504.2,72.6281
41514.4,72.7592
41524.5,72.896
41534.7,73.0567
41544.8,73.2025
41554.9,73.3485
41565.1,73.4609
41575.3,73.5494
41585.4,73.6377
41595.5,73.7126
41605.7,73.7902
41615.8,73.8676
41626,73.9299
41636.2,73.9889
41646.3,74.0477
41656.4,74.1132
41666.6,74.1914
41676.7,74.2694
41686.9,74.3361
41697.1,74.3928
41707.2,74.4493
41717.3,74.4969
41727.5,74.5479
41737.6,74.5985
41747.8,74.6594
41758,74.693
41768.1,74.7265
41778.2,74.7575
41788.4,74.7951
41798.6,74.8326
41808.7,74.8942
41818.9,74.9608
41829,75.0272
41839.2,75.1019
41849.4,75.1723
41859.5,75.2421
41869.7,75.3217
41879.9,75.3732
41890,75.431
41900.2,75.4889
41910.4,75.5592
41920.5,75.6418
41930.7,75.7246
41940.9,75.7945
41951,75.8522
41961.1,75.91
41971.3,75.9564
41981.4,76.0047
41991.6,76.0531
42001.7,76.1293
42011.8,76.2022
42022,76.275
42032.1,76.3101
42042.2,76.3343
42052.4,76.3587
42062.6,76.3943
42072.7,76.4521
42082.8,76.5099
42093,76.5694
42103.1,76.5957
42113.2,76.6108
42123.5,76.626
42133.6,76.6696
42143.7,76.7272
42154,76.7856
42164.1,76.8477
42174.2,76.9057
42184.5,76.9644
42194.6,77.0205
42204.8,77.0814
42215,77.143
42225.2,77.1904
42235.3,77.2103
42245.6,77.2305
42255.7,77.2259
42265.8,77.2309
42276.1,77.2361
42286.2,77.2531
42296.4,77.2716
42306.6,77.2902
42316.7,77.2993
42326.9,77.3073
42337.1,77.3155
42347.2,77.3285
42357.4,77.3379
42367.6,77.3473
42377.7,77.3524
42387.9,77.358
42398.1,77.3635
42408.2,77.3637
42418.3,77.3586
42428.5,77.3535
42438.6,77.3821
42448.8,77.4009
42459,77.4057
42469.1,77.4105
42479.2,77.3935
42489.4,77.385
42499.5,77.3766
42509.7,77.3825
42519.9,77.4098
42530,77.4371
42540.2,77.4464
42550.3,77.4365
42560.5,77.4268
42570.6,77.4067
42580.8,77.3855
42590.9,77.3643
42601.1,77.3624
42611.2,77.3714
42621.4,77.3804
42631.5,77.3875
42641.7,77.3831
42651.8,77.3787
42661.9,77.3693
42672.1,77.368
42682.2,77.3668
42692.4,77.3725
42702.5,77.3926
42712.6,77.4097
42722.8,77.4268
42732.9,77.4355
42743.1,77.4253
42753.2,77.4151
42763.4,77.4057
42773.5,77.3872
42783.6,77.3688
42793.8,77.3607
42803.9,77.3532
42814.1,77.3457
42824.3,77.344
42834.4,77.3303
42844.6,77.3166
42854.8,77.2906
42864.9,77.2762
42875,77.2619
42885.2,77.2611
42895.3,77.2577
42905.5,77.2543
42915.7,77.2427
42925.8,77.2219
42936,77.2011
42946.2,77.1713
42956.3,77.1533
42966.5,77.1352
42976.7,77.1194
42986.8,77.0945
42996.9,77.0696
43007.2,77.0459
43017.3,77.0201
43027.6,76.9942
43037.7,76.9617
43047.8,76.9251
43058,76.902
43068.2,76.879
43078.2,76.8694
43088.4,76.8599
43098.6,76.8474
43108.6,76.8342
43118.9,76.8152
43129,76.7963
43139.1,76.7737
43149.3,76.7456
43159.5,76.7177
43169.5,76.6941
43179.8,76.68
43189.9,76.666
43200,76.6471
43210.3,76.6116
43220.5,76.576
43230.6,76.5315
43240.8,76.4992
43250.9,76.4669
43261,76.4412
43271.2,76.4307
43281.5,76.4202
43291.6,76.3953
43301.7,76.3571
43311.9,76.3188
43322,76.2748
43332.2,76.2364
43342.3,76.1864
43352.4,76.1364
43362.6,76.076
43372.7,75.999
43382.9,75.9221
43393,75.8328
43403.2,75.7569
43413.3,75.681
43423.4,75.6084
43433.6,75.5265
43443.7,75.445
43453.9,75.3516
43464.1,75.2447
43474.2,75.1383
43484.3,75.0251
43494.5,74.9134
43504.6,74.8023
43514.8,74.6852
43525,74.5507
43535.1,74.417
43545.2,74.2657
43555.4,74.0861
43565.5,73.9077
43575.7,73.7266
43585.9,73.5283
43596,73.3313
43606.1,73.1611
43616.3,73.0175
43626.5,72.8745
43636.6,72.7422
43646.8,72.6103
43656.9,72.4791
43667.1,72.3411
43677.3,72.181
43687.4,71.9993
43697.5,71.8174
43707.7,71.6218
43717.9,71.4262
43728,71.2303
43738.2,71.0397
43748.3,70.8484
43758.4,70.6575
43768.6,70.4498
43778.8,70.2421
43788.9,70.0345
43799.1,69.8079
43809.2,69.5834
43819.4,69.3587
43829.5,69.1334
43839.6,68.9064
43849.8,68.6795
43860,68.4279
43870.1,68.1685
43880.2,67.9089
43890.4,67.6531
43900.5,67.3801
43910.7,67.1121
43920.8,66.8425
43931,66.5816
43941.1,66.3494
43951.4,66.1142
43961.5,65.8937
43971.6,65.6534
43981.9,65.41
43992,65.1521
44002.1,64.879
44012.3,64.6049
44022.4,64.331
44032.5,64.064
44042.7,63.7957
44052.8,63.5236
44062.9,63.2419
44073.1,62.9588
44083.3,62.682
44093.4,62.4096
44103.6,62.1362
44113.8,61.8748
44123.9,61.6071
44134.1,61.3391
44144.2,61.0832
44154.4,60.8324
44164.5,60.5818
44174.7,60.3216
44184.8,60.0487
44195,59.7751
44205.1,59.4959
44215.2,59.2311
44225.4,58.9651
44235.6,58.7114
44245.7,58.4603
44255.8,58.2094
44265.9,57.9397
44276.1,57.6483
44286.2,57.3571
44296.3,57.0706
44306.5,56.8006
44316.6,56.5519
44326.8,56.3032
44336.9,56.0731
44347,55.8299
44357.2,55.5864
44367.3,55.3164
44377.4,55.031
44387.6,54.7454
44397.7,54.4606
44407.9,54.1756
44418,53.8909
44428.1,53.5917
44438.3,53.2814
44448.4,52.9712
44458.6,52.6517
44468.7,52.3065
44478.9,51.9608
44489,51.617
44499.2,51.2786
44509.3,50.94
44519.4,50.6111
44529.6,50.2813
44539.8,49.9526
44549.9,49.6258
44560,49.3171
44570.2,49.0092
44580.3,48.7269
44590.5,48.4471
44600.6,48.1464
44610.7,47.8469
44620.9,47.5421
44631,47.2331
44641.2,46.9247
44651.4,46.6247
44661.6,46.3428
44671.7,46.0643
44681.9,45.794
44692,45.5262
44702.1,45.2593
44712.3,44.9886
44722.4,44.7134
44732.5,44.4392
44742.7,44.1514
44752.8,43.8661
44763,43.5815
44773.1,43.316
44783.3,43.0833
44793.4,42.8516
44803.5,42.5972
44813.7,42.3038
44823.8,42.0109
44834,41.6985
44844.1,41.4068
44854.2,41.1156
44864.4,40.8474
44874.5,40.5935
44884.6,40.3402
44894.8,40.0919
44904.9,39.8397
44915,39.5711
44925.2,39.3018
44935.4,39.0139
44945.5,38.7267
44955.6,38.4188
44965.8,38.1139
44975.9,37.8277
44986.1,37.5405
44996.2,37.2899
45006.3,37.0643
45016.7,36.8341
45026.8,36.5942
45037,36.334
45047.1,36.0732
45057.3,35.7981
45067.4,35.5378
45077.6,35.2769
45087.7,35.0369
45097.8,34.8149
45108,34.5929
45118.1,34.3503
45128.2,34.0725
45138.4,33.7938
45148.6,33.504
45158.7,33.2278
45168.9,32.9499
45179,32.7023
45189.1,32.4494
45199.3,32.1953
45209.5,31.9231
45219.6,31.6367
45229.8,31.3575
45239.9,31.0781
45250,30.8062
45260.2,30.5344
45270.3,30.2519
45280.4,29.9568
45290.6,29.6425
45300.8,29.3273
45310.9,29.0013
45321,28.6888
45331.2,28.3766
45341.3,28.0783
45351.5,27.7983
45361.6,27.5183
45371.7,27.2493
45381.9,26.9665
45392,26.683
45402.1,26.3715
45412.3,26.0428
45422.4,25.714
45432.6,25.4014
45442.7,25.1178
45452.9,24.8341
45463,24.5618
45473.2,24.2743
45483.3,23.9862
45493.5,23.6773
45503.6,23.3868
45513.8,23.0966
45523.9,22.7908
45534.1,22.5205
45544.2,22.2323
45554.3,21.9446
45564.5,21.6474
45574.6,21.3722
45584.7,21.0972
45594.9,20.8332
45605.1,20.5849
45615.2,20.3375
45625.3,20.067
45635.5,19.7603
45645.6,19.4543
45655.8,19.1364
45665.9,18.836
45676,18.5363
45686.2,18.2545
45696.3,17.9795
45706.5,17.7058
45716.6,17.4189
45726.8,17.1156
45736.9,16.8127
45747.1,16.5109
45757.2,16.2384
45767.3,15.9667
45777.5,15.7219
45787.6,15.4729
45797.8,15.2246
45807.9,14.9389
45818.1,14.6454
45828.2,14.352
45838.4,14.0769
45848.5,13.8244
45858.6,13.5704
45868.8,13.3151
45879,13.0498
45889.1,12.7936
45899.3,12.5356
45909.4,12.3059
45919.6,12.0735
45929.7,11.8405
45939.9,11.5611
45950,11.2386
45960.2,10.9171
45970.3,10.6044
45980.4,10.3351
45990.6,10.065
46000.7,9.82621
46010.9,9.57646
46021,9.32642
46031.2,9.06311
46041.3,8.81356
46051.5,8.5627
46061.6,8.33281
46071.8,8.10811
46081.9,7.88377
46092.1,7.62395
46102.2,7.34485
46112.4,7.06594
46122.5,6.80325
46132.6,6.56721
46142.8,6.3314
46153,6.11062
46163.1,5.87477
46173.2,5.63933
46183.4,5.39306
46193.5,5.17374
46203.6,4.98884
46213.8,4.80547
46223.9,4.64559
46234,4.46829
46244.2,4.29078
46254.3,4.10771
46264.5,3.96181
46274.6,3.81976
46284.7,3.69454
46294.9,3.54267
46305,3.39347
46315.1,3.18868
46325.3,2.94838
46335.4,2.70786
46345.5,2.48508
46355.7,2.28385
46365.8,2.08498
46375.9,1.88174
46386.1,1.6183
46396.2,1.35679
46406.3,1.07264
46416.5,0.83086
46426.7,0.601332
46436.8,0.52934
46446.9,-0.597414
46457.1,-0.726312
46467.1,-0.835557
46477.2,-0.932924
46487.3,-1.05498
46497.4,-1.20071
46507.5,-1.37513
46517.6,-1.53337
46527.7,-1.693
46537.8,-1.8604
46547.8,-2.03213
46557.9,-2.20361
46568,-2.36633
46578.1,-2.51233
46588.2,-2.65885
46598.3,-2.80554
46608.4,-2.92867
46618.5,-3.05376
46628.6,-3.16132
46638.6,-3.27204
46648.7,-3.38308
46658.8,-3.50155
46668.9,-3.62804
46679,-3.75444
46689.1,-3.87449
46699.2,-3.99114
46709.3,-4.10828
46719.4,-4.20788
46729.5,-4.29917
46739.6,-4.39124
46749.7,-4.48001
46759.7,-4.58025
46769.8,-4.68085
46779.9,-4.78031
46790,-4.86923
46800.1,-4.95798
46810.2,-5.04176
46820.3,-5.13028
46830.4,-5.21909
46840.5,-5.31144
46850.5,-5.39858
46860.6,-5.48662
46870.7,-5.57664
46880.8,-5.68621
46890.9,-5.79586
46901,-5.91382
46911.1,-6.03636
46921.1,-6.15938
46931.3,-6.27849
46941.4,-6.40909
46951.4,-6.5396
46961.5,-6.67331
46971.6,-6.81797
46981.7,-6.96288
46991.8,-7.10848
47001.9,-7.23592
47012,-7.34346
47022.1,-7.45093
47032.1,-7.54453
47042.2,-7.63073
47052.3,-7.71708
47062.4,-7.80518
47072.5,-7.88824
47082.6,-7.97141
47092.6,-8.04409
47102.7,-8.11738
47112.8,-8.19087
47122.9,-8.28028
47133,-8.37145
47143.1,-8.46303
47153.2,-8.53906
47163.3,-8.60768
47173.4,-8.67676
47183.4,-8.75228
47193.5,-8.84745
47203.6,-8.94354
47213.7,-9.04285
47223.8,-9.13475
47233.9,-9.22717
47244,-9.31036
47254,-9.38888
47264.1,-9.46784
47274.2,-9.55737
47284.3,-9.63934
47294.4,-9.72158
47304.5,-9.77304
47314.6,-9.80657
47324.7,-9.84151
47334.7,-9.8676
47344.8,-9.8868
47354.9,-9.90691
47365,-9.90857
47375.1,-9.90596
47385.2,-9.90359
47395.3,-9.91932
47405.3,-9.96488
47415.4,-10.0104
47425.5,-10.0576
47435.6,-10.0881
47445.7,-10.1192
47455.8,-10.1306
47465.9,-10.157
47476,-10.1841
47486.1,-10.2372
47496.2,-10.3192
47506.3,-10.4013
47516.3,-10.4752
47526.4,-10.5178
47536.5,-10.5394
47546.6,-10.5622
47556.7,-10.5797
47566.8,-10.596
47576.8,-10.6128
47586.9,-10.6351
47597,-10.6425
47607.1,-10.6503
47617.2,-10.6459
47627.3,-10.631
47637.4,-10.6167
47647.4,-10.6081
47657.5,-10.6192
47667.6,-10.6304
47677.7,-10.649
47687.8,-10.6621
47697.9,-10.6752
47707.9,-10.6778
47718,-10.6744
47728.1,-10.6711
47738.2,-10.6833
47748.3,-10.7085
47758.4,-10.7338
47768.4,-10.7524
47778.5,-10.7707
47788.6,-10.7897
47798.7,-10.8103
47808.8,-10.8207
47818.9,-10.8311
47829,-10.8435
47839.1,-10.8629
47849.1,-10.8827
47859.2,-10.9032
47869.3,-10.9202
47879.4,-10.9374
47889.5,-10.9408
47899.6,-10.9374
47909.6,-10.934
47919.7,-10.936
47929.8,-10.9493
47939.9,-10.9624
47950,-10.9683
47960.1,-10.9632
47970.2,-10.958
47980.3,-10.9551
47990.4,-10.9505
48000.4,-10.9461
48010.5,-10.9503
48020.6,-10.9451
48030.7,-10.9398
48040.8,-10.9474
48050.9,-10.9619
48061,-10.9786
48071.1,-10.9954
48081.2,-11.0105
48091.2,-11.0167
48101.3,-11.0229
48111.4,-11.0364
48121.5,-11.0502
48131.6,-11.064
48141.7,-11.0762
48151.8,-11.0728
48161.9,-11.0697
48172.1,-11.0652
48182.2,-11.0574
48192.3,-11.0496
48202.4,-11.0388
48212.6,-11.0302
48222.7,-11.0216
48232.9,-11.0043
48243,-10.9843
48253.1,-10.9647
48263.3,-10.9453
48273.4,-10.9221
48283.5,-10.8993
48293.7,-10.8759
48303.8,-10.8427
48313.9,-10.8097
48324.1,-10.7727
48334.2,-10.7332
48344.3,-10.6937
48354.5,-10.6611
48364.7,-10.6299
48374.8,-10.6037
48384.9,-10.5777
48395.1,-10.5393
48405.2,-10.4827
48415.4,-10.4259
48425.5,-10.3589
48435.6,-10.2888
48445.8,-10.2184
48456,-10.1371
48466.1,-10.0544
48476.2,-9.9714
48486.4,-9.88505
48496.5,-9.79314
48506.7,-9.70093
48516.8,-9.59885
48526.9,-9.49247
48537.1,-9.38538
48547.2,-9.26641
48557.3,-9.13475
48567.5,-9.00274
48577.7,-8.8486
48587.8,-8.69101
48597.9,-8.533
48608.1,-8.37126
48618.2,-8.20148
48628.4,-8.03327
48638.5,-7.85999
48648.6,-7.66902
48658.8,-7.47863
48669,-7.27811
48679.1,-7.08674
48689.2,-6.89586
48699.4,-6.71508
48709.5,-6.53433
48719.7,-6.35461
48729.8,-6.16789
48739.9,-5.99666
48750.1,-5.85928
48760.2,-5.72368
48770.3,-5.61624
48780.5,-5.5148
48790.7,-5.41754
48800.8,-5.2792
48810.9,-5.09613
48821.1,-4.91373
48831.2,-4.71966
48841.4,-4.55574
48851.6,-4.39498
48861.7,-4.28823
48871.8,-4.20043
48882,-4.12597
48892.1,-4.00758
48902.3,-3.85688
48912.4,-3.71124
48922.5,-3.5879
48932.7,-3.51227
48942.8,-3.44408
48952.9,-3.39785
48963.1,-3.35893
48973.2,-3.32967
48983.3,-3.30655
48993.5,-3.27945
49003.7,-3.26941
49013.8,-3.21484
49024,-3.13571
49034.1,-3.0719
49044.3,-3.04065
49054.5,3.07419
49064.6,3.12019
49074.8,3.20264
49085,3.26629
49095.2,3.34398
49105.3,3.41073
49115.4,3.48699
49125.5,3.58768
49135.7,3.69581
49145.9,3.82385
49156,3.97108
49166.1,4.12103
49176.2,4.27433
49186.4,4.42781
49196.5,4.58691
49206.6,4.74266
49216.8,4.86891
49227,4.99934
49237.1,5.08136
49247.2,5.14475
49257.4,5.21098
49267.5,5.30849
49277.7,5.46947
49287.8,5.63225
49297.9,5.81192
49308.1,5.99914
49318.3,6.18842
49328.4,6.30761
49338.6,6.40004
49348.7,6.49623
49358.8,6.63046
49369,6.81337
49379.1,7.02648
49389.2,7.23938
49399.4,7.44326
49409.6,7.60358
49419.7,7.76534
49429.8,7.90292
49440,8.03542
49450.1,8.17038
49460.3,8.33036
49470.4,8.51398
49480.5,8.69723
49490.7,8.88553
49500.8,9.05973
49510.9,9.23354
49521.1,9.38922
49531.3,9.54679
49541.4,9.70521
49551.6,9.87236
49561.7,10.0383
49571.8,10.2038
49581.9,10.3576
49592.1,10.4888
49602.2,10.6197
49612.4,10.7495
49622.5,10.9008
49632.6,11.0518
49642.7,11.2135
49652.9,11.3668
49663,11.5197
49673.2,11.6524
49683.3,11.8049
49693.4,11.9908
49703.6,12.1774
49713.7,12.3724
49723.8,12.5616
49734,12.7512
49744.2,12.9137
49754.3,13.0647
49764.4,13.2165
49774.6,13.3754
49784.7,13.5325
49794.9,13.6903
49805,13.8581
49815.1,14.0196
49825.3,14.1819
49835.5,14.3592
49845.6,14.5488
49855.8,14.739
49865.9,14.9546
49876,15.1791
49886.2,15.4045
49896.4,15.6415
49906.5,15.8765
49916.6,16.1124
49926.8,16.3527
49936.9,16.5904
49947.1,16.8289
49957.2,17.0536
49967.3,17.282
49977.5,17.5114
49987.7,17.7366
49997.8,17.9545
50008,18.1731
50018.1,18.3622
50028.2,18.5316
50038.4,18.7024
50048.5,18.92
50058.6,19.1664
50068.8,19.4633
50078.9,19.7612
50089.1,20.0569
50099.2,20.3284
50109.3,20.6001
50119.4,20.8677
50129.6,21.1412
50139.7,21.4146
50149.8,21.7044
50160,21.9778
50170.1,22.2511
50180.3,22.5065
50190.4,22.7545
50200.6,23.0025
50210.7,23.259
50220.8,23.5332
50231,23.8082
50241.1,24.0737
50251.3,24.3243
50261.4,24.5757
50271.6,24.7994
50281.7,25.0159
50291.9,25.2333
50302,25.4543
50312.1,25.688
50322.3,25.9226
50332.4,26.1599
50342.5,26.3843
50352.7,26.5837
50362.8,26.7829
50373,26.9657
50383.1,27.1548
50393.2,27.3432
50403.4,27.5547
50413.5,27.7724
50423.6,27.9897
50433.8,28.2065
50443.9,28.3962
50454.1,28.5857
50464.2,28.7663
50474.4,28.9519
50484.5,29.1371
50494.6,29.3212
50504.8,29.5037
50514.9,29.6858
50525.1,29.8508
50535.2,30.0199
50545.3,30.1887
50555.5,30.368
50565.7,30.5453
50575.8,30.7222
50585.9,30.9067
50596.1,31.0778
50606.2,31.2483
50616.4,31.4363
50626.5,31.6305
50636.7,31.8247
50646.8,32.0268
50656.9,32.2258
50667,32.4245
50677.2,32.6211
50687.3,32.8263
50701.1,33.0925
50711.2,33.2938
50721.4,33.4648
50732.1,33.6243
50742.2,33.772
50752.3,33.9192
50763,34.0925
50773.1,34.2856
50783.2,34.4779
50793.4,34.6901
50803.6,34.9028
50813.7,35.1147
50823.8,35.3253
50834,35.5269
50844.1,35.7279
50854.2,35.9393
50864.4,36.1447
50874.5,36.3493
50884.7,36.5467
50894.9,36.7429
50905,36.9383
50915.2,37.1379
50925.3,37.345
50935.4,37.551
50945.6,37.7513
50955.8,37.9397
50965.9,38.1273
50976,38.3188
50986.2,38.5456
50996.3,38.7714
51006.5,39.0085
51016.7,39.2578
51026.8,39.5061
51036.9,39.7385
51047.1,39.9631
51057.2,40.1863
51067.4,40.41
51077.6,40.6315
51087.7,40.843
51097.8,41.0551
51108,41.2676
51118.1,41.4763
51128.3,41.6854
51138.5,41.9053
51148.6,42.1304
51158.8,42.3555
51169,42.5792
51179.1,42.7916
51189.3,43.005
51199.4,43.229
51209.5,43.4707
51219.7,43.7133
51229.9,43.9678
51240,44.2078
51250.2,44.4487
51260.4,44.6765
51270.5,44.8911
51280.6,45.1063
51290.8,45.3064
51300.9,45.509
51311.1,45.7217
51321.2,45.9354
51331.4,46.1478
51341.5,46.3594
51351.7,46.5687
51361.8,46.775
51371.9,46.9908
51382.1,47.2076
51392.2,47.4298
51402.3,47.6658
51412.5,47.9028
51422.6,48.1387
51432.7,48.3666
51442.9,48.5948
51453,48.813
51463.1,49.0313
51473.3,49.2509
51483.4,49.4665
51493.6,49.6762
51503.7,49.8863
51513.8,50.0903
51524,50.2901
51534.1,50.4893
51544.2,50.6887
51554.5,50.894
51564.6,51.0989
51574.7,51.3129
51584.9,51.534
51595,51.7541
51605.1,51.9573
51615.4,52.1516
51625.5,52.3452
51635.6,52.5331
51645.8,52.7412
51656,52.9486
51666,53.1597
51676.3,53.3697
51686.4,53.5876
51696.5,53.804
51706.7,54.0341
51716.8,54.2729
51726.9,54.5098
51737.1,54.7418
51747.3,54.9668
51757.3,55.1907
51767.6,55.4069
51777.7,55.6225
51787.8,55.8365
51798,56.0405
51808.1,56.2418
51818.2,56.4416
51828.5,56.6418
51838.6,56.844
51848.7,57.0446
51858.9,57.2525
51869,57.4652
51879.1,57.6766
51889.4,57.8834
51899.5,58.0777
51909.6,58.2708
51919.8,58.4719
51929.9,58.6737
51940,58.875
51950.2,59.0606
51960.3,59.2588
51970.4,59.4483
51980.7,59.6403
51990.8,59.8508
52000.8,60.0604
52011.1,60.2592
52021.2,60.4334
52031.3,60.5918
52041.5,60.7512
52051.6,60.9015
52061.7,61.0458
52071.9,61.1915
52082.1,61.3404
52092.1,61.499
52102.4,61.6595
52112.5,61.8199
52122.6,61.9706
52132.8,62.1231
52143,62.2632
52153.1,62.4187
52163.3,62.5764
52173.5,62.7416
52183.5,62.904
52193.8,63.0683
52203.9,63.2203
52214,63.3622
52224.2,63.5057
52234.4,63.6666
52244.4,63.8331
52254.7,64.0017
52264.8,64.1594
52274.9,64.2981
52285.2,64.439
52295.3,64.5723
52305.4,64.7237
52315.6,64.8756
52325.7,65.0327
52335.8,65.1933
52346,65.3396
52356.2,65.487
52366.3,65.627
52376.4,65.7797
52386.6,65.9332
52396.7,66.1082
52406.9,66.2887
52417,66.4699
52427.1,66.6385
52437.3,66.7807
52447.5,66.9237
52457.6,67.0737
52467.7,67.2324
52477.9,67.3921
52488,67.5623
52498.2,67.7267
52508.4,67.8915
52518.5,68.04
52528.7,68.2096
52538.8,68.3799
52548.9,68.5703
52559.1,68.7775
52569.3,68.9854
52579.4,69.1986
52589.5,69.4238
52599.7,69.6495
52609.8,69.8749
52620,70.1025
52630.1,70.3013
52640.2,70.4996
52650.4,70.6739
52660.5,70.8524
52670.7,71.0306
52680.8,71.2126
52691,71.3984
52701.1,71.5835
52711.3,71.7433
52721.5,71.8966
52731.6,72.0492
52741.7,72.2184
52751.9,72.3901
52762,72.5615
52772.1,72.7171
52782.3,72.8598
52792.4,73.002
52802.6,73.1354
52812.7,73.2705
52822.8,73.4051
52833,73.5736
52843.2,73.7324
52853.3,73.8903
52863.4,74.0331
52873.6,74.1572
52883.7,74.2809
52893.9,74.4077
52904,74.5245
52914.1,74.6408
52924.3,74.7525
52934.5,74.8483
52944.6,74.9385
52954.8,75.0288
52965,75.1174
52975.1,75.2055
52985.3,75.29
52995.4,75.3572
53005.6,75.4207
53015.7,75.4844
53025.9,75.5702
53036,75.6698
53046.2,75.7696
53056.4,75.8711
53066.5,75.9682
53076.7,76.0655
53086.9,76.1713
53097,76.2969
53107.2,76.4227
53117.4,76.5429
53127.5,76.6473
53137.6,76.7518
53147.8,76.8322
53157.9,76.9153
53168.1,76.9987
53178.3,77.1003
53188.4,77.2087
53198.5,77.3173
53208.7,77.432
53218.8,77.5418
53229,77.6612
53239.2,77.7812
53249.3,77.9059
53259.5,78.0338
53269.7,78.1625
53279.8,78.2962
53289.9,78.423
53300.1,78.5503
53310.2,78.672
53320.3,78.7959
53330.5,78.9204
53340.6,79.0574
53350.8,79.1772
53361,79.2977
53371.1,79.4261
53381.2,79.5402
53391.5,79.6552
53401.6,79.765
53411.7,79.8872
53421.9,80.01
53432,80.1459
53442.1,80.2734
53452.3,80.4015
53462.4,80.4987
53472.5,80.5913
53482.7,80.6843
53492.8,80.7696
53503,80.8462
53513.2,80.9231
53523.3,80.9854
53533.4,81.0317
53543.6,81.0783
53553.7,81.1298
53563.9,81.1983
53574.1,81.2673
53584.2,81.3243
53594.3,81.3886
53604.5,81.4337
53614.6,81.4787
53624.8,81.5331
53634.9,81.571
53645.1,81.6088
53655.2,81.6525
53665.4,81.6868
53675.5,81.7209
53685.7,81.7736
53695.9,81.804
53706,81.8343
53716.1,81.8493
53726.3,81.867
53736.4,81.8845
53746.6,81.9178
53756.8,81.9205
53766.9,81.9231
53777.1,81.9178
53787.2,81.9148
53797.4,81.9119
53807.5,81.9041
53817.7,81.8978
53827.8,81.8915
53838,81.9
53848.1,81.9093
53858.3,81.9168
53868.4,81.9242
53878.6,81.9103
53888.7,81.9249
53898.9,81.9395
53909.1,81.9733
53919.2,81.998
53929.3,82.0229
53939.5,82.0261
53949.6,81.9923
53959.8,81.9584
53970,81.9168
53980.1,81.8863
53990.2,81.8557
54000.4,81.8285
54010.5,81.8018
54020.7,81.7752
54030.9,81.7481
54041,81.7287
54051.1,81.7094
54061.3,81.6984
54071.6,81.6811
54081.7,81.6639
54091.9,81.6291
54102.1,81.5859
54112.3,81.5427
54122.5,81.5077
54132.6,81.4712
54142.8,81.4347
54153,81.4029
54163.1,81.3786
54173.3,81.3543
54183.5,81.3318
54193.6,81.2936
54203.7,81.2554
54213.9,81.204
54224,81.1587
54234.2,81.1141
54244.4,81.0693
54254.5,81.0214
54264.6,80.9585
54274.8,80.8954
54284.9,80.8297
54295.1,80.7623
54305.3,80.6944
54315.4,80.6213
54325.5,80.559
54335.7,80.4963
54345.8,80.4307
54356,80.3737
54366.3,80.3161
54376.4,80.2398
54386.5,80.1576
54396.7,80.0754
54406.8,79.9751
54417,79.8749
54427.2,79.7745
54437.3,79.6846
54447.4,79.5897
54457.6,79.4894
54467.7,79.3895
54477.9,79.2862
54488,79.1882
54498.1,79.0906
54508.3,78.997
54518.5,78.9011
54528.6,78.8055
54538.8,78.7168
54549,78.6345
54559.1,78.5528
54569.2,78.4661
54579.4,78.3568
54589.5,78.2481
54599.7,78.1581
54609.9,78.0702
54620,77.9827
54630.2,77.9099
54640.4,77.8178
54650.5,77.7261
54660.6,77.6027
54670.8,77.4757
54680.9,77.3494
54691.1,77.2285
54701.3,77.099
54711.4,76.9701
54721.5,76.8259
54731.7,76.6564
54741.8,76.4872
54752,76.3295
54762.1,76.1783
54772.2,76.0276
54782.4,75.8861
54792.6,75.7357
54802.7,75.5627
54812.9,75.3901
54823.1,75.2095
54833.2,75.0255
54843.3,74.8416
54853.6,74.6575
54863.7,74.4572
54873.8,74.2572
54884,74.0328
54894.1,73.777
54904.3,73.5213
54914.5,73.2577
54924.6,72.9918
54934.8,72.7257
54944.9,72.4918
54955,72.2857
54965.2,72.0793
54975.4,71.88
54985.5,71.6804
54995.7,71.4804
55005.8,71.2885
55016,71.0768
55026.1,70.8646
55036.3,70.6385
55046.5,70.3813
55056.6,70.1251
55066.8,69.8924
55077,69.6752
55087.1,69.4763
55097.3,69.2761
55107.4,69.0552
55117.6,68.8084
55127.7,68.5606
55137.8,68.3054
55148,68.0405
55158.2,67.7746
55168.3,67.5264
55178.4,67.274
55188.6,67.0205
55198.7,66.7605
55208.9,66.4975
55219.1,66.2335
55229.2,65.9831
55239.3,65.7528
55249.5,65.5213
55259.6,65.2931
55269.8,65.0576
55280,64.8212
55290.1,64.5677
55300.2,64.3016
55310.4,64.0348
55320.5,63.7707
55330.7,63.5014
55340.9,63.2312
55351,62.9494
55361.1,62.6592
55371.3,62.3677
55381.5,62.0943
55391.6,61.8484
55401.8,61.6015
55411.9,61.3676
55422.1,61.1174
55432.2,60.8357
55442.3,60.5545
55452.4,60.2662
55462.6,60.0009
55472.7,59.7361
55482.8,59.5047
55493,59.2736
55503.1,59.0432
55513.2,58.7842
55523.4,58.4965
55533.5,58.2101
55543.7,57.9169
55553.8,57.6416
55563.9,57.3668
55574.1,57.114
55584.2,56.8621
55594.3,56.6119
55604.5,56.3534
55614.7,56.1041
55624.7,55.8565
55635,55.6049
55645.1,55.361
55655.2,55.1189
55665.4,54.8739
55675.6,54.6448
55685.6,54.4175
55695.9,54.1854
55706,53.9515
55716.1,53.7138
55726.3,53.4734
55736.4,53.2184
55746.5,52.9304
55756.7,52.6409
55766.9,52.3483
55777,52.0604
55787.1,51.7723
55797.3,51.5058
55807.4,51.252
55817.6,50.9973
55827.8,50.7612
55837.9,50.5309
55848.1,50.3005
55858.2,50.0726
55868.3,49.8242
55878.5,49.5751
55888.6,49.3087
55898.8,49.0378
55908.9,48.7665
55919.1,48.4992
55929.2,48.2506
55939.4,48.0019
55949.6,47.7459
55959.7,47.4645
55969.8,47.1829
55980,46.8818
55990.1,46.5858
56000.2,46.3224
56010.4,46.0576
56020.5,45.8102
56030.7,45.5682
56040.8,45.3249
56050.9,45.0876
56061.1,44.854
56071.3,44.6189
56081.4,44.3751
56091.5,44.1029
56101.7,43.8298
56111.8,43.5396
56121.9,43.2547
56132.1,42.9684
56142.2,42.7116
56152.3,42.4727
56162.5,42.2329
56172.6,41.9703
56182.7,41.6985
56192.9,41.4254
56203,41.128
56213.1,40.8236
56223.3,40.5188
56233.4,40.2435
56243.5,39.9935
56253.7,39.7426
56263.8,39.493
56274,39.2259
56284.2,38.958
56294.3,38.6604
56304.4,38.361
56314.6,38.0621
56324.7,37.7887
56334.9,37.5275
56345,37.2704
56355.1,37.0138
56365.3,36.7426
56375.4,36.4626
56385.5,36.1831
56395.7,35.9157
56405.9,35.6617
56416,35.409
56426.1,35.1366
56436.3,34.8191
56446.4,34.5027
56456.5,34.1822
56466.7,33.8835
56476.8,33.5862
56487,33.3216
56497.2,33.0583
56507.3,32.7961
56517.4,32.5302
56527.6,32.2668
56537.7,32.0048
56547.9,31.7527
56558.1,31.4927
56568.2,31.2341
56578.3,30.948
56588.5,30.6509
56598.6,30.3556
56608.8,30.0696
56619,29.8011
56629.1,29.5344
56639.3,29.2652
56649.5,28.9729
56659.6,28.6826
56669.7,28.3575
56679.9,28.0271
56690,27.713
56700.2,27.3981
56710.4,27.0873
56720.5,26.7835
56730.6,26.4789
56740.8,26.1835
56750.9,25.8974
56761,25.6128
56771.2,25.3355
56781.4,25.0499
56791.5,24.7637
56801.7,24.465
56811.8,24.1689
56821.9,23.8727
56832.1,23.5738
56842.2,23.257
56852.3,22.9416
56862.5,22.5978
56872.6,22.2486
56882.8,21.8994
56892.9,21.5738
56903,21.2803
56913.2,20.9874
56923.4,20.6798
56933.5,20.3539
56943.6,20.0278
56953.8,19.706
56963.9,19.4096
56974.1,19.1476
56984.3,18.8849
56994.4,18.6496
57004.5,18.4091
57014.7,18.1677
57024.8,17.904
57035,17.6261
57045.2,17.3467
57055.3,17.097
57065.4,16.8232
57075.6,16.5485
57085.7,16.2749
57095.9,15.9771
57106,15.6777
57116.1,15.3951
57126.3,15.1331
57136.5,14.8704
57146.6,14.607
57156.8,14.3229
57166.9,14.0378
57177.1,13.7384
57187.2,13.4587
57197.4,13.1791
57207.5,12.928
57217.7,12.6828
57227.9,12.4367
57238,12.2028
57248.1,11.9687
57258.3,11.7342
57268.4,11.5095
57278.6,11.2898
57288.8,11.0697
57298.9,10.8412
57309,10.6177
57319.2,10.4123
57329.3,10.2077
57339.5,10.0152
57349.6,9.81217
57359.7,9.61003
57369.9,9.37502
57380.1,9.1217
57390.2,8.87106
57400.3,8.64836
57410.5,8.46109
57420.6,8.27526
57430.8,8.11168
57440.9,7.92924
57451,7.74878
57461.2,7.51791
57471.4,7.25008
57481.5,6.98792
57491.7,6.73197
57501.8,6.51501
57511.9,6.30003
57522.1,6.12048
57532.2,5.90375
57542.3,5.69061
57552.5,5.46789
57562.6,5.23602
57572.8,5.00904
57582.9,4.8027
57593.1,4.61719
57603.2,4.43646
57613.3,4.22922
57623.5,3.96832
57633.6,3.72387
57643.7,3.48407
57653.9,3.27372
57664,3.06782
57674.2,2.86926
57684.3,2.68172
57694.4,2.50703
57704.6,2.34406
57714.8,2.21283
57724.9,2.10367
57735,2.02131
57745.2,1.94434
57755.3,-1.8646
57765.4,-1.82128
57775.6,-1.80401
57785.7,-1.84985
57795.8,-1.92573
57805.9,-2.05282
57816,-2.19792
57826.2,-2.35239
57836.4,-2.45975
57846.5,-2.5396
57856.6,-2.62806
57866.8,-2.72457
57876.9,-2.86517
57887,-3.0083
57897.2,-3.17046
57907.4,-3.32708
57917.5,-3.4852
57927.6,-3.61421
57937.8,-3.73604
57947.9,-3.86478
57958,-4.00445
57968.2,-4.14886
57978.3,-4.27122
57988.5,-4.39569
57998.6,-4.50198
58008.7,-4.59935
58018.9,-4.69788
58029,-4.79976
58039.1,-4.90033
58049.4,-5.00216
58059.5,-5.08829
58069.6,-5.17555
58079.8,-5.26718
58090,-5.38667
58100.1,-5.52799
58110.2,-5.6698
58120.4,-5.82027
58130.5,-5.97586
58140.6,-6.13326
58150.8,-6.27026
58160.9,-6.39086
58171.1,-6.51356
58181.2,-6.62762
58191.3,-6.75113
58201.5,-6.87562
58211.7,-6.99733
58221.8,-7.12697
58232,-7.2599
58242.1,-7.3984
58252.2,-7.52197
58262.4,-7.64642
58272.5,-7.78931
58282.6,-7.91619
58292.8,-8.03191
58302.9,-8.14868
58313,-8.27062
58323.2,-8.40209
58333.3,-8.53438
58343.4,-8.6754
58353.6,-8.80707
58363.8,-8.94135
58373.9,-9.07114
58384.1,-9.19758
58394.2,-9.32448
58404.3,-9.44745
58414.5,-9.57474
58424.6,-9.7023
58434.8,-9.82813
58444.9,-9.94425
58455.1,-10.0606
58465.2,-10.1736
58475.4,-10.2804
58485.5,-10.3875
58495.6,-10.505
58505.8,-10.6143
58516,-10.7238
58526.1,-10.8375
58536.3,-10.9403
58546.4,-11.0429
58556.5,-11.1367
58566.6,-11.2381
58576.8,-11.34
58586.9,-11.442
58597.1,-11.5369
58607.2,-11.632
58617.3,-11.6924
58627.5,-11.7249
58637.7,-11.7399
58647.8,-11.7549
58658,-11.7643
58668.1,-11.79
58678.2,-11.8159
58688.4,-11.8628
58698.6,-11.925
58708.7,-11.9874
58718.8,-12.0452
58729,-12.0975
58739.1,-12.1494
58749.3,-12.2001
58759.4,-12.2471
58769.5,-12.2945
58779.8,-12.3297
58789.9,-12.3547
58800,-12.3795
58810.2,-12.4083
58820.3,-12.4545
58830.4,-12.5006
58840.6,-12.5468
58850.8,-12.5612
58860.9,-12.5756
58871,-12.5649
58881.2,-12.5478
58891.3,-12.5395
58901.5,-12.5316
58911.6,-12.5339
58921.7,-12.5363
58931.9,-12.5165
58942,-12.4932
58952.1,-12.4673
58962.3,-12.4414
58972.4,-12.4289
58982.5,-12.425
58992.7,-12.4211
59002.8,-12.4335
59012.8,-12.4404
59022.9,-12.4475
59033,-12.452
59043.1,-12.447
59053.2,-12.442
59063.4,-12.4354
59073.6,-12.4401
59083.8,-12.4447
59093.9,-12.4573
59104,-12.4676
59114.2,-12.4785
59124.4,-12.4753
59134.5,-12.4571
59144.7,-12.4392
59154.8,-12.4401
59164.9,-12.4578
59175,-12.4754
59185.2,-12.4865
59195.3,-12.4862
59205.5,-12.486
59215.7,-12.4835
59225.8,-12.4936
59235.9,-12.5037
59246.1,-12.5144
59256.2,-12.5251
59266.4,-12.5358
59276.6,-12.5529
59286.7,-12.5709
59296.8,-12.5829
59307,-12.595
59317.1,-12.595
59327.2,-12.5898
59337.4,-12.5847
59347.5,-12.5807
59357.6,-12.584
59367.8,-12.5873
59377.9,-12.5926
59388,-12.5921
59398.2,-12.5918
59408.3,-12.5827
59418.5,-12.5627
59428.6,-12.5428
59438.7,-12.5212
59448.9,-12.5012
59459,-12.4813
59469.2,-12.4671
59479.4,-12.465
59489.5,-12.4629
59499.6,-12.4685
59509.8,-12.4727
59520,-12.4772
59530.1,-12.4857
59540.3,-12.5059
59550.4,-12.5261
59560.5,-12.5454
59570.7,-12.5649
59580.8,-12.5633
59590.9,-12.5616
59601.1,-12.5458
59611.3,-12.5302
59621.4,-12.5149
59631.5,-12.5069
59641.7,-12.5047
59651.8,-12.5025
59662,-12.4999
59672.1,-12.494
59682.2,-12.4879
59692.4,-12.4793
59702.5,-12.4573
59712.6,-12.4353
59722.8,-12.4109
59733,-12.3798
59743.1,-12.3489
59753.2,-12.3316
59763.4,-12.3359
59773.5,-12.3404
59783.7,-12.3415
59793.8,-12.3238
59803.9,-12.3065
59814.1,-12.2586
59824.2,-12.1738
59834.3,-12.0896
59844.5,-11.9916
59854.7,-11.8773
59864.8,-11.7635
59875,-11.6271
59885.1,-11.461
59895.2,-11.2955
59905.4,-11.1194
59915.6,-10.955
59925.7,-10.7914
59935.9,-10.6425
59946,-10.4898
59956.1,-10.3179
59966.3,-10.1452
59976.4,-9.95685
59986.5,-9.75755
59996.7,-9.5577
60006.8,-9.35083
60016.9,-9.13226
60027.1,-8.91318
60037.3,-8.68768
60047.4,-8.45025
60057.5,-8.21226
60067.7,-7.9723
60077.8,-7.75818
60088,-7.54329
60098.1,-7.34314
60108.2,-7.14913
60118.4,-6.955
60128.6,-6.75484
60138.7,-6.54176
60148.8,-6.32806
60159,-6.1128
60169.1,-5.91091
60179.3,-5.70984
60189.4,-5.54214
60199.5,-5.37226
60209.7,-5.20286
60219.8,-5.00185
60229.9,-4.79225
60240.1,-4.59816
60250.2,-4.4069
60260.4,-4.23588
60270.5,-4.07864
60280.7,-3.92368
60290.8,-3.78186
60300.9,-3.6429
60311.1,-3.50513
60321.2,-3.3559
60331.4,-3.18057
60341.6,-3.00388
60351.7,-2.82583
60361.8,-2.68726
60372,-2.54944
60382.1,-2.44315
60392.3,-2.3504
60402.5,-2.2625
60412.6,-2.17825
60422.7,-2.07859
60432.9,-1.98655
60443,-1.87131
60453.2,-1.73049
60463.4,-1.59933
60473.5,-1.48197
60483.7,-1.39041
60493.8,-1.31103
60503.9,-1.24614
60514.1,1.20071
60524.2,1.17967
60534.3,1.20397
60544.5,1.29843
60554.6,1.43529
60564.7,1.59
60574.9,1.7323
60585.1,1.86586
60595.2,2.00849
60605.4,2.16636
60615.5,2.34773
60625.6,2.5325
60635.8,2.73146
60646,2.92225
60656.1,3.11467
60666.3,3.30418
60676.4,3.48812
60686.5,3.67158
60696.7,3.8585
60706.8,4.05574
60716.9,4.25395
60727.1,4.44862
60737.2,4.64761
60747.3,4.84619
60757.5,5.03523
60767.7,5.23018
60777.8,5.42578
60788,5.63475
60798.1,5.84751
60808.2,6.05966
60818.4,6.27425
60828.5,6.48634
60838.6,6.70352
60848.8,6.92284
60858.9,7.14858
60869,7.37497
60879.2,7.59523
60889.4,7.81441
60899.5,8.01717
60909.7,8.22065
60919.8,8.42034
60929.9,8.63304
60940.1,8.84701
60950.2,9.08745
60960.3,9.35335
60970.5,9.62242
60980.7,9.88085
60990.8,10.123
61000.9,10.3664
61011.1,10.5976
61021.2,10.8249
61031.4,11.0535
61041.5,11.2836
61051.6,11.5198
61061.8,11.7575
61071.9,12.0076
61082.1,12.2733
61092.2,12.54
61102.4,12.8094
61112.5,13.0758
61122.7,13.3426
61132.8,13.5945
61142.9,13.8591
61153.1,14.1246
61163.3,14.4122
61173.4,14.7145
61183.5,15.0177
61193.7,15.3174
61203.8,15.6108
61214,15.9065
61224.2,16.1948
61234.3,16.4771
61244.4,16.7722
61254.6,17.0672
61264.7,17.3631
61274.8,17.6381
61284.9,17.9132
61295,18.1566
61305.2,18.3883
61315.3,18.6205
61325.4,18.8753
61335.6,19.1801
61345.7,19.4853
61355.8,19.7878
61366,20.0888
61376.2,20.3902
61386.3,20.6625
61396.5,20.937
61406.6,21.2117
61416.7,21.4857
61426.9,21.75
61437.1,22.0155
61447.2,22.2822
61457.3,22.5483
61467.5,22.8145
61477.6,23.0803
61487.8,23.3446
61498,23.6091
61508.1,23.871
61518.3,24.113
61528.4,24.3548
61538.5,24.59
61548.7,24.8336
61558.8,25.0903
61568.9,25.3459
61579.1,25.6119
61589.2,25.8789
61599.3,26.1455
61609.5,26.3961
61619.7,26.6167
61629.7,26.8369
61639.9,27.0322
61650.1,27.2384
61660.2,27.444
61670.3,27.6735
61680.5,27.9239
61690.6,28.1736
61700.8,28.4245
61710.9,28.6446
61721,28.8635
61731.2,29.0781
61741.4,29.3019
61751.5,29.5264
61761.7,29.7773
61771.8,30.0555
61781.9,30.3332
61792.1,30.5985
61802.2,30.8652
61812.3,31.1218
61822.5,31.3794
61832.6,31.6245
61842.7,31.8684
61852.9,32.0736
61863.1,32.2642
61873.2,32.4544
61883.3,32.6566
61893.4,32.8944
61903.5,33.1312
61913.7,33.3692
61923.9,33.58
61934,33.7782
61944.1,33.978
61954.3,34.1914
61964.4,34.4408
61974.6,34.6916
61984.7,34.9387
61994.8,35.1717
62005,35.4061
62015.1,35.6325
62025.2,35.8752
62035.4,36.1194
62045.5,36.3896
62055.6,36.6714
62065.8,36.9548
62075.9,37.2257
62086,37.4765
62096.2,37.7288
62106.4,37.9836
62116.5,38.2519
62126.6,38.5216
62136.8,38.8111
62146.9,39.105
62157.1,39.4004
62167.3,39.6894
62177.4,39.9649
62187.6,40.2415
62197.7,40.5154
62207.8,40.8014
62218,41.0994
62228.1,41.3988
62238.2,41.7048
62248.4,41.9988
62258.5,42.2928
62268.6,42.5721
62278.7,42.8586
62288.9,43.1462
62299,43.4405
62309.2,43.7361
62319.3,44.0321
62329.4,44.3266
62339.5,44.6285
62349.6,44.9308
62359.6,45.2142
62369.7,45.4733
62379.8,45.7331
62389.9,45.9889
62400,46.264
62410,46.5389
62420.1,46.8359
62430.2,47.1473
62440.3,47.4588
62450.4,47.7328
62460.5,47.9909
62470.5,48.2492
62480.6,48.5184
62490.7,48.8053
62500.8,49.0923
62510.9,49.3834
62521,49.6587
62531.1,49.9339
62541.1,50.1844
62551.2,50.4283
62561.3,50.6722
62571.4,50.913
62581.5,51.1568
62591.6,51.3905
62601.6,51.6237
62611.7,51.8379
62621.8,52.0521
62631.9,52.2462
62642,52.4539
62652.1,52.6675
62662.1,52.881
62672.2,53.0954
62682.3,53.3035
62692.4,53.5112
62702.5,53.7122
62712.6,53.9111
62722.6,54.1097
62732.8,54.3295
62742.9,54.5562
62753,54.7825
62763.1,54.9969
62773.3,55.1706
62783.4,55.3437
62793.6,55.5312
62803.7,55.7515
62813.8,55.9711
62824,56.219
62834.1,56.4562
62844.2,56.6936
62854.4,56.8935
62864.5,57.0576
62874.6,57.2213
62884.8,57.3924
62895,57.6119
62905.1,57.8315
62915.3,58.0536
62925.4,58.2301
62935.5,58.406
62945.7,58.5494
62955.8,58.7035
62965.9,58.8982
62976.1,59.0942
62986.3,59.2974
62996.4,59.4775
63006.6,59.6587
63016.7,59.8087
63026.8,59.9486
63037,60.0893
63047.1,60.2702
63057.2,60.4567
63067.4,60.6442
63077.5,60.8284
63087.6,60.9928
63097.8,61.1581
63107.9,61.3208
63118,61.4861
63128.2,61.6522
63138.4,61.8468
63148.5,62.0205
63158.7,62.195
63168.8,62.3404
63178.9,62.4728
63189.1,62.6059
63199.3,62.7478
63209.4,62.9187
63219.5,63.0902
63229.7,63.283
63239.8,63.461
63250,63.6396
63260.1,63.8089
63270.2,63.9296
63280.4,64.0509
63290.5,64.1796
63300.6,64.3445
63310.8,64.51
63321,64.7027
63331.1,64.8883
63341.3,65.0749
63351.4,65.2257
63361.5,65.3576
63371.7,65.5049
63381.8,65.6527
63391.9,65.8018
63402.1,65.966
63412.2,66.1301
63422.3,66.2751
63432.4,66.4131
63442.6,66.5516
63452.7,66.6839
63462.8,66.8033
63473,66.923
63483.1,67.0289
63493.2,67.1167
63503.4,67.2046
63513.5,67.286
63523.7,67.3732
63533.8,67.4605
63543.9,67.5536
63554.1,67.6699
63564.2,67.7858
63574.3,67.891
63584.5,67.9848
63594.7,68.0784
63604.8,68.1626
63615,68.239
63625.1,68.3157
63635.2,68.406
63645.4,68.4926
63655.5,68.5963
63665.6,68.7
63675.8,68.7919
63685.9,68.8781
63696,68.9641
63706.2,69.0358
63716.3,69.1186
63726.4,69.2012
63736.6,69.3004
63746.7,69.3911
63756.8,69.4814
63767,69.5509
63777.1,69.6134
63787.2,69.6757
63797.4,69.7398
63807.6,69.8271
63817.7,69.9139
63827.9,70.0042
63838,70.1003
63848.1,70.1961
63858.3,70.2773
63868.4,70.3551
63878.5,70.4327
63888.7,70.503
63898.8,70.5656
63908.9,70.6281
63919.1,70.6814
63929.3,70.7638
63939.4,70.8458
63949.5,70.9208
63959.7,70.9965
63969.8,71.0733
63979.9,71.1504
63990.1,71.2326
64000.2,71.3146
64010.4,71.426
64020.5,71.5302
64030.6,71.6442
64040.8,71.7588
64050.9,71.8239
64061.1,71.9001
64071.2,71.9765
64081.4,72.0532
64091.6,72.1424
64101.8,72.2323
64112,72.3056
64122.1,72.3669
64132.3,72.4284
64142.4,72.4907
64152.5,72.5481
64162.7,72.6057
64172.9,72.659
64183,72.6927
64193.2,72.7269
64203.3,72.7942
64213.4,72.908
64223.6,73.0221
64233.8,73.1581
64243.8,73.3046
64254,73.4515
64264.2,73.5829
64274.3,73.7011
64284.5,73.8201
64294.7,73.9155
64304.8,73.9992
64315,74.0988
64325.1,74.1986
64335.2,74.288
64345.4,74.3776
64355.5,74.4208
64365.6,74.4767
64375.8,74.5317
64386,74.587
64396.1,74.6609
64406.2,74.732
64416.4,74.8032
64426.5,74.8683
64436.6,74.9239
64446.8,74.9799
64456.9,75.0016
64467.1,75.0371
64477.2,75.0727
64487.3,75.1273
64497.5,75.2171
64507.7,75.307
64517.8,75.3643
64528,75.3934
64538.2,75.4225
64548.3,75.4268
64558.5,75.4318
64568.6,75.4367
64578.7,75.4459
64588.9,75.4542
64599.1,75.4464
64609.2,75.4388
64619.4,75.4471
64629.5,75.4417
64639.6,75.4363
64649.8,75.4345
64659.9,75.4014
64670,75.3684
64680.3,75.3532
64690.4,75.363
64700.5,75.3727
64710.7,75.3991
64720.9,75.3907
64731,75.3824
64741.2,75.3627
64751.4,75.3639
64761.5,75.3651
64771.7,75.3779
64781.8,75.3717
64791.9,75.3655
64802.1,75.3524
64812.2,75.3465
64822.3,75.3406
64832.5,75.3441
64842.7,75.3491
64852.8,75.354
64863,75.3541
64873.1,75.346
64883.2,75.3379
64893.4,75.3325
64903.5,75.3294
64913.6,75.3263
64923.8,75.3243
64934,75.3165
64944.1,75.2992
64954.3,75.2818
64964.4,75.2721
64974.5,75.261
64984.7,75.2499
64994.9,75.2433
65005,75.225
65015.2,75.2066
65025.3,75.1969
65035.4,75.1813
65045.6,75.1656
65055.8,75.1419
65065.9,75.1017
65076.1,75.0611
65086.2,75.0214
65096.3,74.9864
65106.5,74.9512
65116.7,74.9049
65126.8,74.8483
65137,74.7917
65147.2,74.7461
65157.3,74.7051
65167.5,74.6639
65177.6,74.6206
65187.7,74.5724
65197.9,74.5239
65208.1,74.4706
65218.2,74.4085
65228.4,74.3461
65238.5,74.2831
65248.6,74.2119
65258.7,74.143
65268.9,74.0738
65279,74.0148
65289.2,73.9654
65299.3,73.9157
65309.4,73.857
65319.6,73.7746
65329.8,73.692
65339.9,73.6009
65350,73.5249
65360.2,73.4485
65370.3,73.376
65380.4,73.2965
65390.6,73.2168
65400.7,73.1116
65410.9,72.9928
65421,72.8739
65431.1,72.7569
65441.3,72.6384
65451.5,72.5197
65461.6,72.396
65471.7,72.256
65481.9,72.116
65492,71.9821
65502.2,71.8533
65512.3,71.7247
65522.4,71.5812
65532.6,71.4061
65542.7,71.2306
65552.8,71.0485
65563,70.8569
65573.1,70.6797
65583.2,70.5032
65593.4,70.3213
65603.6,70.1248
65613.7,69.9288
65623.8,69.7125
65634,69.4843
65644.1,69.2567
65654.3,69.0204
65664.4,68.8084
65674.5,68.5977
65684.7,68.3964
65694.8,68.1764
65704.9,67.9574
65715.1,67.7244
65725.3,67.4913
65735.4,67.2591
65745.6,67.0108
65755.7,66.7588
65765.8,66.5077
65776,66.2693
65786.1,66.0494
65796.2,65.8303
65806.4,65.6211
65816.5,65.3831
65826.6,65.1463
65836.8,64.8973
65847,64.6515
65857.1,64.4063
65867.3,64.1654
65877.4,63.9137
65887.5,63.6595
65897.7,63.4044
65907.8,63.1314
65917.9,62.8746
65928.1,62.6168
65938.2,62.3404
65948.3,62.07
65958.4,61.8002
65968.6,61.5487
65978.6,61.3168
65988.8,61.0849
65998.8,60.841
66008.9,60.6023
66019,60.3631
66029.1,60.1201
66039.2,59.8964
66049.3,59.6722
66059.3,59.4597
66069.4,59.2404
66079.5,59.0219
66089.6,58.8236
66099.7,58.6224
66109.8,58.4208
66119.9,58.2552
66129.9,58.0933
66140,57.9308
66150.1,57.756
66160.2,57.5537
66170.3,57.3508
66180.4,57.1028
66190.5,56.8241
66200.6,56.5453
66210.7,56.2442
66220.7,55.9757
66230.8,55.7066
66240.9,55.4665
66251,55.265
66261.1,55.0631
66271.2,54.8533
66281.2,54.6418
66291.4,54.4298
66301.4,54.2127
66311.5,53.9909
66321.6,53.7854
66331.7,53.5798
66341.8,53.3826
66351.9,53.1799
66361.9,52.9776
66372,52.7838
66382.1,52.5599
66392.2,52.3371
66402.2,52.1248
66412.3,51.9141
66422.4,51.7041
66432.5,51.497
66442.6,51.2575
66452.6,51.0186
66462.7,50.7644
66472.8,50.4821
66482.9,50.1996
66493,49.9135
66503.1,49.6116
66513.1,49.3103
66523.2,48.9967
66533.3,48.6652
66543.4,48.3333
66553.5,48.0128
66563.6,47.7106
66573.6,47.4083
66583.7,47.1411
66593.8,46.897
66603.9,46.6539
66613.9,46.3851
66624,46.0964
66634.1,45.8079
66644.2,45.5109
66654.3,45.2394
66664.4,44.9681
66674.4,44.713
66684.5,44.4384
66694.6,44.1644
66704.7,43.919
66714.8,43.7064
66724.9,43.4939
66734.9,43.2824
66745,43.0357
66755.1,42.7894
66765.2,42.5073
66775.3,42.235
66785.4,41.9628
66795.4,41.7152
66805.5,41.456
66815.6,41.1977
66825.7,40.9222
66835.8,40.623
66845.9,40.3376
66855.9,40.0528
66866,39.7724
66876.1,39.5044
66886.2,39.2371
66896.3,38.9519
66906.4,38.6466
66916.5,38.3418
66926.6,38.042
66936.6,37.7662
66946.7,37.491
66956.8,37.2292
66966.9,36.9611
66977,36.6939
66987.1,36.4347
66997.1,36.2011
67007.2,35.968
67017.3,35.7425
67027.4,35.4958
67037.5,35.2502
67047.6,34.9602
67057.7,34.674
67067.7,34.3882
67077.8,34.1272
67087.9,33.8811
67098,33.6365
67108.1,33.371
67118.1,33.0571
67128.2,32.7436
67138.3,32.4075
67148.4,32.1044
67158.5,31.8021
67168.6,31.5255
67178.6,31.2491
67188.7,30.9735
67198.8,30.6874
67208.9,30.4169
67219,30.147
67229.1,29.904
67239.1,29.6578
67249.2,29.4121
67259.3,29.1373
67269.4,28.8393
67279.5,28.5418
67289.6,28.2519
67299.7,27.9672
67309.7,27.6836
67319.9,27.413
67329.9,27.1568
67340,26.9015
67350.1,26.6514
67360.2,26.4048
67370.2,26.1518
67380.4,25.8985
67390.4,25.6289
67400.5,25.3365
67410.6,25.0447
67420.7,24.7679
67430.8,24.509
67440.9,24.2495
67450.9,23.985
67461,23.695
67471.1,23.4059
67481.2,23.0808
67491.3,22.7508
67501.4,22.4267
67511.5,22.1274
67521.5,21.8546
67531.6,21.5812
67541.7,21.2951
67551.8,20.9896
67561.9,20.6841
67572,20.3674
67582,20.0488
67592.2,19.7293
67602.2,19.42
67612.3,19.1111
67622.4,18.8018
67632.5,18.5209
67642.6,18.2609
67652.7,18.0003
67662.8,17.8016
67672.8,17.5814
67684,17.3366
67694.1,17.1207
67704.2,16.8948
67714.3,16.6689
67724.3,16.4356
67734.4,16.2035
67744.5,15.9709
67754.6,15.7286
67764.6,15.4789
67774.7,15.2294
67784.8,14.9803
67794.9,14.7457
67805,14.5114
67815,14.2961
67825.1,14.0882
67835.2,13.8859
67845.3,13.6842
67855.3,13.4976
67865.4,13.3259
67875.5,13.1545
67885.6,12.9772
67895.7,12.7669
67905.7,12.5568
67915.8,12.3247
67925.9,12.0869
67936,11.85
67946,11.6384
67956.1,11.4443
67966.2,11.2515
67976.3,11.0788
67986.4,10.9016
67996.4,10.7246
68006.5,10.5579
68016.6,10.3995
68026.7,10.2415
68036.7,10.0902
68046.8,9.92437
68056.9,9.76004
68067,9.56
68077,9.34019
68087.1,9.12273
68097.2,8.92354
68107.3,8.73274
68117.4,8.54355
68127.4,8.36527
68137.5,8.16347
68147.6,7.96168
68157.7,7.75727
68167.7,7.5575
68177.8,7.35806
68187.9,7.18356
68198,7.0199
68208.1,6.85862
68218.2,6.67836
68228.4,6.4978
68238.5,6.31803
68248.6,6.1548
68258.8,6.01075
68268.9,5.87263
68279,5.7219
68289.2,5.5304
68299.3,5.34157
68309.4,5.1446
68319.5,4.9523
68329.7,4.76144
68339.8,4.57666
68349.9,4.38606
68360,4.17426
68370.1,3.96437
68380.3,3.76983
68390.4,3.59553
68400.5,3.4336
68410.6,3.2866
68420.7,3.10788
68430.8,2.93321
68441,2.75344
68451.1,2.60442
68461.2,2.46452
68471.4,2.37326
68481.6,2.3111
68491.6,2.27182
68501.8,2.20397
68511.9,2.09994
68522,2.02054
68532.1,1.98379
68542.3,-2.02402
68552.4,-2.07821
68562.5,-2.16274
68572.6,-2.21919
68582.7,-2.28864
68592.8,-2.34406
68603,-2.44315
68613,-2.55649
68623.2,-2.70352
68633.4,-2.84708
68643.4,-2.97402
68653.6,-3.10863
68663.7,-3.21679
68673.8,-3.32896
68684,-3.45179
68694.1,-3.60292
68704.2,-3.76734
68714.4,-3.9416
68724.5,-4.11742
68734.6,-4.28238
68744.8,-4.45056
68754.9,-4.60088
68765,-4.75024
68775.2,-4.90288
68785.3,-5.06778
68795.4,-5.22988
68805.6,-5.39481
68815.8,-5.55639
68825.9,-5.6979
68836,-5.84403
68846.2,-5.97599
68856.2,-6.08159
68866.4,-6.18791
68876.5,-6.28423
68886.6,-6.3851
68896.8,-6.48682
68906.9,-6.61461
68917,-6.74649
68927.2,-6.87949
68937.3,-6.99699
68947.4,-7.10319
68957.6,-7.2113
68967.7,-7.28844
68977.8,-7.36742
68988,-7.44683
68998.1,-7.51822
69008.2,-7.60451
69018.4,-7.69126
69028.5,-7.79303
69038.6,-7.89449
69048.7,-7.96709
69058.9,-8.0402
69069,-8.09564
69079.1,-8.14397
69089.2,-8.1923
69099.4,-8.27081
69109.6,-8.35384
69119.7,-8.43707
69129.9,-8.50689
69140,-8.56946
69150.1,-8.63204
69160.4,-8.69723
69170.5,-8.76507
69180.6,-8.83309
69190.8,-8.91221
69200.9,-8.98758
69211,-9.06285
69221.2,-9.15796
69231.3,-9.27182
69241.4,-9.38571
69251.5,-9.51053
69261.6,-9.61288
69271.7,-9.71513
69281.9,-9.80625
69292,-9.90279
69302.1,-9.99958
69312.2,-10.0929
69322.4,-10.2009
69332.4,-10.3094
69342.6,-10.4338
69352.7,-10.5517
69362.8,-10.6699
69373,-10.7983
69383.1,-10.9243
69393.2,-11.0502
69403.4,-11.159
69413.5,-11.266
69423.6,-11.375
69433.8,-11.4942
69443.9,-11.6175
69454,-11.7581
69464.2,-11.9007
69474.3,-12.0262
69484.4,-12.1371
69494.6,-12.2512
69504.7,-12.3521
69514.8,-12.4492
69525,-12.5468
69535.1,-12.6564
69545.2,-12.7642
69555.4,-12.8729
69565.5,-12.978
69575.6,-13.0727
69585.8,-13.1683
69595.9,-13.2493
69606,-13.3264
69616.2,-13.404
69626.3,-13.4759
69636.4,-13.5606
69646.6,-13.6458
69656.8,-13.7277
69666.8,-13.8006
69677,-13.8744
69687.1,-13.9397
69697.2,-14.0016
69707.4,-14.0634
69717.5,-14.1298
69727.6,-14.19
69737.7,-14.2502
69747.9,-14.29
69757.9,-14.3095
69768.1,-14.329
69778.2,-14.3253
69788.3,-14.3224
69798.5,-14.316
69808.6,-14.3096
69818.7,-14.3081
69828.8,-14.3177
69839,-14.3272
69849.1,-14.3397
69859.2,-14.328
69869.3,-14.3164
69879.4,-14.2809
69889.6,-14.2321
69899.7,-14.1839
69909.8,-14.1347
69920,-14.0986
69930.1,-14.0631
69940.2,-14.0483
69950.4,-14.0615
69960.5,-14.0751
69970.6,-14.1012
69980.8,-14.1362
69991,-14.1714
70001.1,-14.2008
70011.2,-14.2276
70021.4,-14.2543
70031.5,-14.2756
70041.6,-14.3
70051.8,-14.3245
70061.9,-14.3511
70072,-14.3813
70082.1,-14.4043
70092.3,-14.4276
70102.4,-14.4516
70112.5,-14.4832
70122.6,-14.5149
70132.8,-14.5513
70143,-14.5748
70153,-14.5984
70163.2,-14.6014
70173.3,-14.595
70183.4,-14.5886
70193.6,-14.5903
70203.7,-14.6075
70213.8,-14.6246
70224,-14.635
70234.1,-14.6336
70244.2,-14.6324
70254.4,-14.617
70264.5,-14.6072
70274.6,-14.5977
70284.7,-14.5935
70294.8,-14.6028
70304.9,-14.6121
70315.1,-14.6304
70325.2,-14.6285
70335.3,-14.6267
70345.4,-14.6223
70355.6,-14.6211
70365.7,-14.62
70375.8,-14.6177
70385.9,-14.6049
70396,-14.592
70406.2,-14.5832
70416.3,-14.582
70426.4,-14.5901
70436.6,-14.5983
70446.8,-14.6088
70456.8,-14.5953
70467,-14.5819
70477.1,-14.5626
70487.2,-14.549
70497.4,-14.536
70507.5,-14.5326
70517.6,-14.5293
70527.8,-14.5264
70537.9,-14.5361
70548,-14.554
70558.2,-14.5726
70568.3,-14.5893
70578.4,-14.5975
70588.6,-14.6058
70598.7,-14.5984
70608.8,-14.594
70619,-14.5903
70629.1,-14.576
70639.2,-14.5629
70649.4,-14.5497
70659.5,-14.5351
70669.6,-14.5174
70680.1,-14.4992
70690.3,-14.4941
70700.4,-14.4909
70710.5,-14.4877
70720.7,-14.4779
70730.8,-14.4571
70741,-14.4362
70751.1,-14.4061
70761.2,-14.379
70771.4,-14.3523
70781.5,-14.329
70791.6,-14.2956
70801.7,-14.2646
70811.9,-14.2338
70822,-14.2089
70832.1,-14.1746
70842.2,-14.1405
70852.3,-14.0915
70862.5,-14.0389
70872.6,-13.9873
70882.7,-13.9249
70892.9,-13.8365
70903,-13.749
70913.1,-13.6554
70923.3,-13.5503
70933.5,-13.446
70943.5,-13.3414
70953.7,-13.2293
70963.8,-13.1174
70973.9,-13.014
70984.1,-12.9092
70994.2,-12.8045
71004.3,-12.6984
71014.5,-12.5697
71024.6,-12.4407
71034.7,-12.3096
71044.9,-12.1686
71055,-12.0292
71065.1,-11.8902
71075.3,-11.7455
71085.4,-11.592
71095.5,-11.4392
71105.7,-11.2742
71115.8,-11.105
71125.9,-10.9364
71136.1,-10.7733
71146.2,-10.6225
71156.3,-10.4722
71166.5,-10.3234
71176.6,-10.1765
71186.7,-10.0306
71196.9,-9.87776
71207,-9.71924
71217.1,-9.56139
71227.3,-9.38479
71237.4,-9.19732
71247.5,-9.01065
71257.7,-8.83619
71267.8,-8.67622
71277.9,-8.51876
71288.1,-8.37922
71298.2,-8.23798
71308.3,-8.09728
71318.5,-7.94897
71328.6,-7.79112
71338.7,-7.63401
71348.9,-7.4756
71359,-7.32082
71369.1,-7.16839
71379.3,-7.01744
71389.4,-6.85851
71399.5,-6.70072
71409.7,-6.52378
71419.8,-6.34882
71429.9,-6.17702
71440,-6.02025
71450,-5.86556
71460.1,-5.71437
71470.2,-5.56498
71480.3,-5.41046
71490.3,-5.2575
71500.4,-5.10672
71510.5,-4.95988
71520.6,-4.81848
71530.7,-4.68168
71540.7,-4.53645
71550.8,-4.36836
71560.9,-4.20434
71571,-4.04201
71581,-3.9139
71591.1,-3.79426
71601.2,-3.70786
71611.2,-3.62286
71621.4,-3.54841
71631.4,-3.46492
71641.5,-3.39024
71651.6,-3.3299
71661.7,-3.29208
71671.7,-3.27921
71681.8,-3.28064
71691.9,3.29041
71702,3.30797
71712,3.33882
71722.1,3.37195
71732.2,3.42013
71742.2,3.48115
71752.3,3.5726
71762.4,3.67648
71772.5,3.79199
71782.6,3.90989
71792.6,4.0261
71802.7,4.14848
71812.8,4.26883
71822.9,4.40814
71832.9,4.55265
71843,4.70487
71853.1,4.85458
71863.2,5.00795
71873.2,5.19398
71883.3,5.38115
71893.4,5.57131
71903.5,5.77692
71913.6,6.00449
71923.6,6.23368
71933.7,6.46311
71943.8,6.67812
71953.9,6.88472
71963.9,7.09326
71974,7.29187
71984.1,7.50122
71994.2,7.71231
72004.3,7.92203
72014.4,8.12413
72024.4,8.32688
72034.5,8.51241
72044.6,8.6957
72054.8,8.88139
72064.9,9.08021
72075,9.29553
72085.2,9.5125
72095.3,9.73012
72105.4,9.92832
72115.6,10.1287
72125.7,10.3289
72135.8,10.551
72146,10.7749
72156.1,11.0396
72166.2,11.3153
72176.4,11.5926
72186.5,11.8548
72196.7,12.0857
72206.8,12.3173
72217,12.538
72227.1,12.7619
72237.2,12.9871
72247.4,13.2124
72257.5,13.4422
72267.6,13.6733
72277.8,13.9137
72287.9,14.1585
72298,14.4046
72308.2,14.6506
72318.3,14.8897
72328.4,15.1303
72338.6,15.3833
72348.7,15.6412
72358.8,15.8959
72368.9,16.1511
72379,16.4125
72389.1,16.676
72399.3,16.9404
72409.4,17.2101
72419.5,17.4821
72429.6,17.7536
72439.7,18.0421
72449.9,18.3244
72460,18.6072
72470.1,18.8698
72480.3,19.13
72490.4,19.3897
72500.5,19.646
72510.6,19.9212
72520.8,20.1964
72530.9,20.4617
72541.1,20.7271
72551.2,20.992
72561.3,21.2644
72571.5,21.5407
72581.6,21.8169
72591.7,22.0939
72601.8,22.3623
72612,22.6307
72622.1,22.8899
72632.2,23.1435
72642.4,23.397
72652.4,23.6553
72662.6,23.9197
72672.7,24.1841
72682.8,24.442
72693,24.6967
72703.1,24.9504
72713.2,25.1954
72723.4,25.4439
72733.5,25.7057
72743.6,25.9667
72753.8,26.2303
72763.9,26.4936
72774,26.7563
72784.2,27.0114
72794.3,27.2694
72804.4,27.527
72814.6,27.7842
72824.7,28.0286
72834.8,28.2725
72845,28.4988
72855.1,28.7074
72865.2,28.9158
72875.4,29.122
72885.5,29.345
72895.6,29.5674
72905.9,29.8322
72916,30.1029
72926.1,30.3731
72936.2,30.6113
72946.4,30.8075
72956.5,31.0036
72966.6,31.169
72976.8,31.348
72986.9,31.5269
72997,31.7405
73007.2,31.9812
73017.2,32.2213
73027.4,32.4629
73037.5,32.7009
73047.6,32.9385
73057.8,33.164
73067.9,33.379
73078,33.594
73088.2,33.8178
73098.4,34.0667
73108.5,34.3146
73118.7,34.5848
73128.8,34.8452
73138.9,35.0956
73149,35.3475
73159.2,35.5915
73169.3,35.8496
73179.5,36.1095
73189.6,36.3733
73199.7,36.6276
73209.8,36.8833
73220,37.1097
73230.1,37.3205
73240.2,37.5324
73250.4,37.7544
73260.5,37.9897
73270.6,38.2261
73280.7,38.4553
73290.8,38.6847
73301,38.916
73311.1,39.1502
73321.2,39.4116
73331.4,39.6751
73341.6,39.9607
73351.7,40.2454
73361.8,40.5308
73371.9,40.8032
73382,41.0509
73392.1,41.2988
73402.3,41.5493
73412.4,41.8146
73422.5,42.0797
73432.6,42.3575
73442.7,42.6433
73452.8,42.9293
73462.9,43.2111
73473,43.4892
73483.2,43.7598
73493.3,44.0312
73503.4,44.2904
73513.5,44.5454
73523.6,44.801
73533.7,45.0506
73543.9,45.3066
73554,45.5623
73564.1,45.8135
73574.3,46.0702
73584.4,46.3266
73594.5,46.5756
73604.7,46.8105
73614.8,47.0449
73624.9,47.2609
73635.1,47.4717
73645.2,47.6823
73655.3,47.9137
73665.5,48.1473
73675.6,48.3802
73685.8,48.6041
73696,48.7959
73706.1,48.9866
73716.2,49.1627
73726.4,49.355
73736.5,49.5466
73746.6,49.7695
73756.8,50.0109
73766.9,50.2527
73777,50.4939
73787.2,50.703
73797.3,50.8971
73807.4,51.0908
73817.6,51.28
73827.7,51.469
73837.8,51.6631
73848,51.8599
73858.1,52.0275
73868.2,52.195
73878.4,52.3505
73888.5,52.5134
73898.6,52.676
73908.8,52.8482
73918.9,53.0356
73929,53.2224
73939.2,53.3939
73949.3,53.522
73959.4,53.6499
73969.6,53.7888
73979.7,53.9545
73989.8,54.1201
74000,54.3079
74010.1,54.4977
74020.2,54.6874
74030.4,54.8592
74040.5,55.024
74050.6,55.1888
74060.7,55.3627
74070.9,55.5409
74081.1,55.7195
74091.4,55.9045
74104.3,56.1409
74119.4,56.3923
74129.6,56.5544
74139.8,56.7163
74149.9,56.8904
74160.1,57.0816
74170.2,57.2721
74180.3,57.4624
74190.5,57.6323
74200.6,57.8018
74210.7,57.9408
74220.9,58.0883
74231,58.2355
74241.1,58.4037
74251.3,58.5883
74261.4,58.7721
74271.5,58.956
74281.6,59.1223
74291.7,59.2819
74301.9,59.4414
74312,59.5939
74322.1,59.7552
74332.2,59.9165
74342.4,60.0776
74352.5,60.2311
74362.6,60.3847
74372.8,60.5272
74382.9,60.6773
74393,60.8274
74403.2,60.959
74413.3,61.0953
74423.4,61.2318
74433.5,61.3746
74443.6,61.5231
74453.8,61.6717
74463.9,61.8117
74474,61.9751
74484.2,62.1384
74494.3,62.2941
74504.4,62.4452
74514.6,62.5967
74524.7,62.7243
74534.9,62.8167
74545,62.9092
74555.2,62.9941
74565.3,63.0825
74575.4,63.1714
74585.6,63.2903
74595.7,63.4507
74605.8,63.6115
74616,63.7981
74626.1,63.9956
74636.2,64.1933
74646.4,64.3683
74656.5,64.5017
74666.6,64.6355
74676.8,64.7483
74686.9,64.8527
74697,64.985
74707.1,65.1178
74717.2,65.2707
74727.4,65.4276
74737.5,65.5854
74747.6,65.6904
74757.8,65.7986
74767.9,65.9072
74778,66.018
74788.2,66.1534
74798.3,66.289
74808.4,66.4439
74818.5,66.5942
74828.7,66.745
74838.8,66.8924
74848.9,67.024
74859.1,67.156
74869.2,67.2648
74879.3,67.381
74889.5,67.4977
74899.6,67.6216
74909.7,67.7418
74919.8,67.8623
74929.9,67.971
74940.1,68.0546
74950.2,68.1384
74960.3,68.2308
74970.5,68.3147
74980.6,68.3988
74990.7,68.4937
75000.8,68.582
75011,68.6867
75021.1,68.7912
75031.2,68.8492
75041.4,68.9478
75051.5,69.0466
75061.6,69.115
75071.8,69.1978
75081.9,69.2805
75092,69.3431
75102.1,69.4372
75112.2,69.5311
75122.4,69.6396
75132.5,69.7504
75142.6,69.8611
75152.8,69.9162
75162.9,69.9407
75173,69.9651
75183.1,69.9717
75193.3,70.0135
75203.4,70.0552
75213.6,70.1523
75223.7,70.2539
75233.9,70.3552
75244,70.4197
75254.1,70.4438
75264.2,70.4679
75274.4,70.4948
75284.5,70.5317
75294.6,70.5868
75304.8,70.6424
75314.9,70.7197
75325,70.7966
75335.1,70.8857
75345.2,70.9332
75355.3,70.9834
75365.5,71.0349
75375.6,71.1075
75385.7,71.2059
75395.9,71.3051
75406,71.3967
75416,71.4546
75426.2,71.514
75436.3,71.514
75446.4,71.4886
75456.6,71.4633
75466.7,71.4485
75476.7,71.4531
75486.9,71.4576
75497,71.4791
75507.1,71.4925
75517.3,71.5062
75527.4,71.4733
75537.5,71.4367
75547.6,71.3999
75557.7,71.3942
75567.8,71.4175
75578,71.4409
75588.1,71.4633
75598.2,71.455
75608.4,71.4467
75618.5,71.4105
75628.6,71.3853
75638.7,71.3602
75648.9,71.3582
75659,71.3553
75669.1,71.3343
75679.3,71.3131
75689.4,71.2886
75699.6,71.2596
75709.7,71.2304
75719.8,71.1872
75730,71.1297
75740.1,71.072
75750.2,71.0288
75760.4,71.0032
75770.5,70.9775
75780.6,70.9604
75790.8,70.9365
75800.9,70.9126
75811,70.8631
75821.1,70.8278
75831.3,70.7924
75841.5,70.7635
75851.6,70.7297
75861.8,70.6959
75871.9,70.6398
75882,70.5924
75892.1,70.5448
75902.2,70.5263
75912.4,70.5144
75922.5,70.5026
75932.6,70.4863
75942.8,70.4585
75952.9,70.4306
75963,70.4028
75973.2,70.384
75983.3,70.3651
75993.4,70.3614
76003.6,70.3611
76013.7,70.3609
76023.8,70.348
76034,70.3225
76044.1,70.2969
76054.2,70.2492
76064.4,70.215
76074.5,70.1807
76084.6,70.1632
76094.8,70.165
76104.9,70.1453
76115,70.1257
76125.1,70.0866
76135.3,70.0353
76145.4,69.9842
76155.5,69.946
76165.7,69.9257
76175.8,69.9058
76185.9,69.8779
76196.1,69.8143
76206.2,69.7512
76216.3,69.6546
76226.5,69.5517
76236.6,69.4495
76246.7,69.3659
76256.9,69.2766
76267,69.1879
76277.1,69.0798
76287.3,68.9547
76297.4,68.8299
76307.5,68.7024
76317.7,68.576
76327.8,68.4502
76337.9,68.2898
76348.1,68.1183
76358.2,67.9476
76368.3,67.7727
76378.5,67.6306
76388.6,67.4891
76398.7,67.3505
76408.9,67.1541
76419,66.9587
76429.1,66.761
76439.3,66.533
76449.4,66.3178
76459.5,66.1027
76469.7,65.894
76479.8,65.7192
76490,65.5449
76500.1,65.3026
76510.2,65.0241
76520.3,64.7461
76530.5,64.4328
76540.6,64.1311
76550.7,63.8296
76560.9,63.5607
76571,63.2942
76581.1,63.0271
76591.3,62.7935
76601.4,62.5426
76611.5,62.2917
76621.7,62.0097
76631.8,61.7253
76641.9,61.4414
76652.1,61.1708
76662.2,60.9218
76672.3,60.6733
76682.5,60.4319
76692.6,60.1921
76702.7,59.9523
76712.9,59.6892
76723,59.4157
76733.1,59.1425
76743.2,58.8835
76753.4,58.6276
76763.5,58.3781
76773.6,58.1278
76783.7,57.8663
76793.9,57.6045
76804,57.3417
76814.1,57.0932
76824.2,56.8311
76834.4,56.5685
76844.5,56.3
76854.6,56.0387
76864.8,55.7771
76874.9,55.5423
76885,55.3351
76895.1,55.1273
76905.3,54.894
76915.4,54.6553
76925.5,54.4166
76935.6,54.1904
76945.8,53.9752
76955.9,53.759
76966,53.5331
76976.2,53.301
76986.3,53.0686
76996.4,52.827
77006.5,52.577
77016.7,52.3267
77026.8,52.0785
77036.9,51.8401
77047.1,51.6012
77057.2,51.3517
77067.3,51.0992
77077.5,50.8465
77087.6,50.5555
77097.7,50.276
77107.8,50.0076
77117.9,49.7398
77128.1,49.4866
77138.2,49.2202
77148.3,48.9546
77158.4,48.6821
77168.6,48.383
77178.7,48.0843
77188.8,47.7742
77199,47.4702
77209.1,47.1678
77219.2,46.8697
77229.3,46.5229
77239.4,46.1768
77249.6,45.8068
77259.7,45.4315
77269.8,45.0588
77280,44.7112
77290.1,44.4042
77300.2,44.098
77310.3,43.8151
77320.5,43.4921
77330.6,43.1708
77340.7,42.8079
77350.9,42.4061
77361,42.0056
77371.1,41.6083
77381.2,41.2342
77391.4,40.8616
77401.5,40.5178
77411.6,40.1932
77421.7,39.8706
77431.9,39.5537
77442,39.1946
77452.1,38.8368
77462.2,38.4321
77472.4,38.0401
77482.5,37.6519
77492.6,37.3194
77502.8,37.0602
77512.9,36.8193
77523,36.5792
77533.1,36.3282
77543.2,36.0404
77553.4,35.7533
77563.5,35.4268
77573.6,35.0869
77583.8,34.7481
77593.9,34.4296
77604,34.121
77614.1,33.8129
77624.3,33.5137
77634.4,33.2053
77644.6,32.8974
77654.7,32.5557
77664.8,32.2125
77675,31.8698
77685.1,31.5349
77695.2,31.2286
77705.3,30.9227
77715.5,30.629
77725.6,30.3223
77735.7,30.0156
77745.9,29.6966
77756,29.3855
77766.1,29.0753
77776.3,28.7709
77786.4,28.4633
77796.5,28.1564
77806.7,27.8556
77816.8,27.5501
77826.9,27.2449
77837.1,26.9278
77847.2,26.6385
77857.3,26.3647
77867.5,26.0908
77877.6,25.8358
77887.8,25.5949
77897.9,25.3539
77908,25.1221
77918.1,24.8946
77928.3,24.6682
77938.4,24.4322
77948.5,24.1847
77958.7,23.9376
77968.8,23.6783
77978.9,23.4078
77989.1,23.1387
77999.2,22.8519
78009.3,22.5824
78019.5,22.3125
78029.6,22.0601
78039.7,21.8056
78049.9,21.5506
78060,21.2639
78070.1,20.9607
78080.2,20.6563
78090.4,20.3615
78100.5,20.0936
78110.6,19.8254
78120.7,19.5645
78130.9,19.2887
78141,19.0123
78151.1,18.7104
78161.2,18.4165
78171.4,18.1287
78181.5,17.8418
78191.6,17.5687
78201.8,17.2937
78211.9,17.0191
78222.1,16.7357
78232.2,16.4687
78242.4,16.2025
78252.5,15.9705
78262.7,15.7391
78272.8,15.5091
78282.9,15.2504
78293.2,14.9687
78303.3,14.6892
78313.4,14.4501
78323.7,14.2227
78333.8,13.9987
78343.9,13.77
78354.1,13.5298
78364.3,13.2905
78374.4,13.041
78384.6,12.8297
78394.8,12.6216
78405,12.4078
78415.1,12.1651
78425.3,11.9231
78435.4,11.6482
78445.7,11.3781
78455.8,11.1105
78466,10.8712
78476.2,10.6404
78486.3,10.417
78496.5,10.1543
78506.7,9.86807
78516.9,9.63649
78527,9.40556
78537.3,9.23252
78547.4,9.0689
78557.6,8.91063
78567.9,8.68497
78578,8.42304
78588.1,8.16155
78598.4,7.91065
78608.5,7.7117
78618.7,7.51343
78628.9,7.33407
78639,7.15472
78649.2,6.97839
78659.5,6.82153
78669.6,6.66556
78679.8,6.51597
78690,6.33375
78700.1,6.12649
78710.3,5.92097
78720.5,5.76932
78730.6,5.68428
78740.7,5.60843
78750.9,5.53111
78761,5.35314
78771.2,5.17918
78781.4,4.92121
78791.5,4.71484
78801.7,4.61176
78811.8,4.5157
78821.9,4.46075
78832.1,4.35759
78842.2,4.26094
78852.3,4.15847
78862.5,4.14055
78872.6,4.12938
78882.7,4.18493
78892.9,4.19204
78903.1,4.21104
78913.2,4.09836
78923.3,3.92129
78933.5,-3.7586
78943.7,-3.71292
78953.8,-3.7955
78964,-3.88901
78974.1,-4.00797
78984.2,-4.05323
78994.3,-4.10828
79004.4,-4.1119
79014.6,-4.14584
79024.7,-4.19278
79034.9,-4.30681
79045,-4.42286
79055.1,-4.5098
79065.3,-4.60717
79075.5,-4.67984
79085.7,-4.75667
79095.9,-4.8457
79106.2,-4.94866
79116.4,-5.05525
79126.5,-5.1751
79136.7,-5.31482
79146.8,-5.47591
79157,-5.64156
79167.2,-5.81623
79177.3,-5.99418
79187.5,-6.17372
79197.7,-6.34228
79207.8,-6.48718
79217.9,-6.63294
79228.1,-6.81199
79238.2,-6.98971
79248.4,-7.1721
79258.6,-7.35636
79268.7,-7.51197
79278.8,-7.6681
79289,-7.79615
79299.1,-7.9324
79309.3,-8.06986
79319.5,-8.21083
79329.6,-8.33347
79339.7,-8.4572
79349.9,-8.54575
79360.1,-8.62523
79370.2,-8.70605
79380.4,-8.78756
79390.5,-8.89241
79400.7,-9.00604
79410.8,-9.12256
79421,-9.22768
79431.1,-9.31532
79441.3,-9.40356
79451.4,-9.48528
79461.5,-9.58447
79471.7,-9.68435
79481.9,-9.81241
79492,-9.93598
79502.2,-10.0604
79512.3,-10.1638
79522.4,-10.2541
79532.6,-10.3449
79542.7,-10.4338
79552.9,-10.5307
79563,-10.6283
79573.2,-10.7417
79583.3,-10.8619
79593.5,-10.9831
79603.6,-11.1163
79613.7,-11.2339
79623.9,-11.3524
79634,-11.4522
79644.2,-11.535
79654.4,-11.6189
79664.5,-11.7144
79674.6,-11.8269
79684.8,-11.9364
79694.9,-12.0462
79705.1,-12.1452
79715.2,-12.2329
79725.4,-12.3207
79735.5,-12.413
79745.7,-12.5334
79755.8,-12.6538
79765.9,-12.7868
79776.1,-12.9061
79786.3,-13.0253
79796.4,-13.1387
79806.6,-13.2481
79816.7,-13.3573
79826.9,-13.4491
79837.1,-13.5345
79847.2,-13.6199
79857.4,-13.6878
79867.5,-13.7679
79877.7,-13.848
79887.8,-13.9306
79898,-14.0267
79908.2,-14.1234
79918.3,-14.2222
79928.5,-14.2996
79938.6,-14.3769
79948.8,-14.4279
79959,-14.4685
79969.1,-14.538
79979.3,-14.6075
79989.5,-14.7049
79999.6,-14.8045
80009.8,-14.8951
80020,-14.9562
80030.1,-14.9972
80040.2,-15.04
80050.4,-15.0951
80060.5,-15.1714
80070.7,-15.248
80080.9,-15.3216
80091,-15.3912
80101.1,-15.4613
80111.4,-15.5218
80121.6,-15.5821
80131.7,-15.6421
80141.9,-15.7084
80152,-15.7542
80162.1,-15.8002
80172.3,-15.8431
80182.5,-15.8696
80192.6,-15.8963
80202.8,-15.9178
80212.9,-15.9259
80223.1,-15.934
80233.2,-15.942
80243.4,-15.9396
80253.5,-15.9373
80263.7,-15.929
80273.8,-15.9321
80284,-15.9399
80294.1,-15.9478
80304.3,-15.9419
80314.4,-15.9289
80324.6,-15.9164
80334.7,-15.9133
80344.9,-15.9393
80355,-15.9654
80365.2,-16.0053
80375.3,-16.0126
80385.5,-16.0199
80395.7,-15.9895
80405.8,-15.9589
80416,-15.9287
80426.1,-15.9287
80436.3,-15.9493
80446.5,-15.9699
80456.6,-15.9794
80466.8,-15.9771
80477,-15.9748
80487.1,-15.9727
80497.2,-15.9785
80507.4,-15.9843
80517.6,-15.9882
80527.7,-15.9821
80537.9,-15.9759
80548.1,-15.9755
80558.2,-15.9942
80568.4,-16.0132
80578.5,-16.0384
80588.7,-16.0536
80598.8,-16.057
80609,-16.0606
80619.1,-16.0677
80629.2,-16.0824
80639.4,-16.0971
80649.5,-16.111
80659.7,-16.1143
80669.8,-16.1177
80680,-16.1162
80690.2,-16.1198
80700.3,-16.1233
80710.4,-16.1227
80720.6,-16.1252
80730.8,-16.1276
80740.9,-16.1224
80751.1,-16.1247
80761.2,-16.1271
80771.4,-16.1428
80781.6,-16.1603
80791.7,-16.1778
80801.9,-16.19
80812.1,-16.2026
80822.2,-16.2152
80832.3,-16.2299
80842.5,-16.2431
80852.7,-16.2502
80862.8,-16.2573
80873,-16.2453
80883.2,-16.2269
80893.3,-16.2083
80903.5,-16.1954
80913.6,-16.1875
80923.7,-16.1796
80933.9,-16.168
80944,-16.159
80954.2,-16.15
80964.4,-16.1568
80974.5,-16.155
80984.7,-16.1536
80994.8,-16.1483
81005,-16.14
81015.1,-16.1319
81025.3,-16.128
81035.5,-16.1354
81045.6,-16.1429
81055.8,-16.1417
81065.9,-16.1211
81076.1,-16.1005
81086.2,-16.0636
81096.4,-16.0323
81106.5,-16.0009
81116.7,-15.9932
81126.8,-15.9876
81137,-15.982
81147.2,-15.9608
81157.3,-15.9345
81167.4,-15.9083
81177.6,-15.891
81187.8,-15.9083
81197.9,-15.9258
81208.1,-15.9648
81218.2,-15.9847
81228.4,-15.979
81238.5,-15.9735
81248.7,-15.9644
81258.8,-15.9778
81269,-15.9914
81279.1,-16.0225
81289.3,-16.0482
81299.5,-16.074
81309.6,-16.0862
81319.8,-16.0967
81329.9,-16.1072
81340.1,-16.1289
81350.2,-16.1501
81360.4,-16.1714
81370.5,-16.1748
81380.7,-16.1607
81390.8,-16.1468
81401,-16.1248
81411.1,-16.1214
81421.3,-16.118
81431.5,-16.1036
81441.6,-16.0892
81451.8,-16.0749
81462,-16.0652
81472.1,-16.0695
81482.3,-16.0879
81492.4,-16.1066
81502.6,-16.1191
81512.7,-16.1352
81522.9,-16.1513
81533,-16.1604
81543.2,-16.1604
81553.3,-16.1604
81563.5,-16.1585
81573.7,-16.1579
81583.8,-16.1574
81593.9,-16.1648
81604.1,-16.1736
81614.3,-16.1826
81624.4,-16.184
81634.6,-16.171
81644.7,-16.1579
81654.9,-16.1305
81665.1,-16.1126
81675.2,-16.0949
81685.3,-16.1073
81695.5,-16.1406
81705.7,-16.1742
81715.8,-16.1997
81726,-16.207
81736.2,-16.2143
81746.3,-16.2219
81756.5,-16.2384
81766.6,-16.2553
81776.8,-16.2667
81787,-16.2772
81797.1,-16.2819
81807.2,-16.2866
81817.4,-16.2944
81827.5,-16.295
81837.7,-16.2955
81847.9,-16.2836
81858,-16.2627
81868.1,-16.2417
81878.4,-16.2254
81888.5,-16.2248
81898.7,-16.2243
81908.8,-16.2302
81919,-16.231
81929.1,-16.2317
81939.3,-16.2272
81949.4,-16.2208
81959.6,-16.2147
81969.8,-16.2192
81979.9,-16.2376
81990.1,-16.2559
82000.2,-16.2773
82010.4,-16.2903
82020.5,-16.3033
82030.7,-16.3102
82040.8,-16.3234
82051,-16.3365
82061.1,-16.358
82071.3,-16.3706
82081.4,-16.3835
82091.6,-16.3797
82101.7,-16.3795
82111.9,-16.3973
82122.1,-16.4154
82132.2,-16.4424
82142.3,-16.4609
82152.5,-16.4795
82162.6,-16.4797
82172.7,-16.4723
82182.8,-16.4648
82192.9,-16.4742
82203,-16.4886
82213.1,-16.503
82223.2,-16.4971
82233.3,-16.4792
82243.4,-16.4615
82253.5,-16.4699
82263.6,-16.4953
82273.7,-16.5208
82283.8,-16.5424
82293.9,-16.529
82304,-16.5158
82314.1,-16.4826
82324.2,-16.4698
82334.3,-16.4569
82344.4,-16.4618
82354.5,-16.4582
82364.6,-16.4546
82374.7,-16.4409
82384.9,-16.4333
82395,-16.4257
82405,-16.4212
82415.2,-16.4214
82425.3,-16.4215
82435.3,-16.4165
82445.5,-16.4248
82455.6,-16.4331
82465.7,-16.4392
82475.8,-16.4437
82485.9,-16.4489
82495.9,-16.4541
82506.1,-16.4696
82516.2,-16.4852
82526.3,-16.5057
82536.4,-16.5179
82546.5,-16.5127
82556.6,-16.5075
82566.7,-16.4952
82576.8,-16.4816
82586.9,-16.4679
82597,-16.4506
82607.1,-16.4371
82617.2,-16.4236
82627.3,-16.4212
82637.4,-16.4267
82647.5,-16.4324
82657.6,-16.4411
82667.7,-16.4418
82677.8,-16.4425
82687.9,-16.4285
82698,-16.4081
82708.1,-16.3878
82718.2,-16.3837
82728.3,-16.4032
82738.4,-16.4227
82748.5,-16.4366
82758.6,-16.4322
82768.6,-16.4277
82778.8,-16.4196
82788.9,-16.4238
82799,-16.4282
82809.1,-16.4473
82819.2,-16.4627
82829.3,-16.4781
82839.4,-16.4914
82849.5,-16.4995
82859.6,-16.5076
82869.7,-16.512
82879.8,-16.5018
82889.9,-16.4933
82900,-16.4848
82910.1,-16.4882
82920.2,-16.506
82930.3,-16.5238
82940.4,-16.5348
82950.5,-16.5298
82960.6,-16.5248
82970.8,-16.5047
82980.9,-16.4881
82991.1,-16.4716
83001.2,-16.4682
83011.4,-16.4593
83021.5,-16.4506
83031.7,-16.4327
83041.8,-16.4102
83052,-16.3877
83062.2,-16.3682
83072.3,-16.3571
83082.4,-16.346
83092.6,-16.3177
83102.8,-16.2673
83112.9,-16.2174
83123.1,-16.1702
83133.2,-16.1445
83143.3,-16.1186
83153.5,-16.1001
83163.6,-16.0635
83173.8,-16.0271
83184,-15.9878
83194.1,-15.9465
83204.2,-15.9057
83214.4,-15.8815
83224.6,-15.8735
83234.7,-15.8658
83244.9,-15.8471
83255,-15.823
83265.1,-15.7992
83275.3,-15.7754
83285.5,-15.7599
83295.6,-15.7462
83305.8,-15.7325
83315.9,-15.7254
83326,-15.719
83336.2,-15.7126
83346.4,-15.72
83356.5,-15.7187
83366.7,-15.7177
83376.8,-15.7138
83387,-15.7021
83397.1,-15.6903
83407.3,-15.6458
83417.4,-15.5923
83427.6,-15.5393
83437.8,-15.5042
83447.9,-15.4786
83458.1,-15.454
83468.2,-15.4395
83478.4,-15.4095
83488.6,-15.3795
83498.7,-15.3367
83508.9,-15.2932
83519,-15.2494
83529.1,-15.2056
83539.3,-15.1686
83549.5,-15.1293
83559.6,-15.0902
83569.7,-15.0287
83579.9,-14.9673
83590.1,-14.906
83600.2,-14.8444
83610.3,-14.7857
83620.5,-14.7269
83630.6,-14.6537
83640.8,-14.5822
83651,-14.5106
83661.1,-14.4492
83671.3,-14.4038
83681.4,-14.3589
83691.5,-14.3159
83701.7,-14.262
83711.9,-14.2082
83722,-14.1487
83732.2,-14.0968
83742.3,-14.0458
83752.5,-13.9901
83762.7,-13.9034
83772.8,-13.8172
83782.9,-13.6724
83793.1,-13.5112
83803.3,-13.3501
83813.4,-13.2038
83823.6,-13.0581
83833.8,-12.9143
83843.9,-12.7541
83854.1,-12.5828
83864.2,-12.4118
83874.4,-12.2466
83884.6,-12.089
83894.7,-11.9461
83904.8,-11.8062
83915.1,-11.6606
83925.2,-11.5182
83935.3,-11.3774
83945.5,-11.2406
83955.7,-11.1074
83965.8,-10.9754
83976,-10.8477
83986.1,-10.7438
83996.3,-10.6401
84006.5,-10.5517
84016.6,-10.5055
84026.7,-10.4599
84036.9,-10.4526
84047,-10.4206
84057.2,-10.3894
84067.4,-10.3035
84077.6,-10.1792
84087.7,-10.055
84097.9,-9.92216
84108.2,-9.77769
84118.4,-9.63316
84128.5,-9.49535
84138.7,-9.36649
84148.9,-9.23846
84159,-9.14581
84169.2,-9.0644
84179.3,-8.94862
84189.5,-8.83398
84199.6,-8.68831
84209.8,-8.53906
84219.9,-8.39145
84230.1,-8.27829
84240.2,-8.2177
84250.3,-8.1628
84260.5,-8.11689
84270.7,-8.05946
84280.8,-8.00583
84291,-7.94296
84301.1,-7.87731
84311.2,-7.81491
84321.4,-7.71962
84331.6,-7.59575
84341.7,-7.47423
84351.9,-7.35636
84362,-7.29252
84372.1,-7.23061
84382.3,-7.18214
84392.4,-7.06738
84402.5,-6.95489
84412.7,-6.80106
84422.8,-6.67496
84433,-6.55431
84443.1,-6.48404
84453.3,-6.43823
84463.4,-6.36372
84473.6,-6.29245
84483.7,-6.18526
84493.8,-6.08172
84504,-5.9981
84514.1,-5.93471
84524.2,-5.853
84534.4,-5.77746
84544.6,-5.67035
84554.7,-5.58422
84564.9,-5.50685
84575,-5.49361
84585.1,-5.47476
84595.3,-5.46732
84605.5,-5.42707
84615.6,5.35109
84625.8,5.28913
84635.9,5.22014
84646,5.19609
84656.2,5.18523
84666.3,5.21519
84676.4,5.25691
84686.5,5.31365
84696.6,5.36555
84706.7,5.40206
84716.8,5.45614
84726.9,5.5148
84737.1,5.59221
84747.3,5.68635
84757.4,5.80801
84767.6,5.95933
84777.8,6.12329
84787.9,6.31009
84798.1,6.49273
84808.3,6.68433
84818.4,6.88085
84828.7,7.08486
84838.8,7.30561
84848.9,7.52946
84859.2,7.7608
84869.3,7.98888
84879.4,8.21856
84889.7,8.47654
84899.9,8.77668
84910,9.07658
84920.2,9.40089
84930.4,9.71303
84940.5,10.0267
84950.7,10.3107
84960.9,10.574
84971,10.8375
84981.2,11.0892
84991.4,11.3343
85001.5,11.5781
85011.7,11.8165
85021.9,12.064
85032,12.3107
85042.2,12.5649
85052.4,12.8319
85062.5,13.0948
85072.7,13.3609
85082.9,13.6165
85093,13.8518
85103.3,14.0908
85113.4,14.3118
85123.5,14.5178
85133.8,14.7261
85143.9,14.9511
85154,15.1875
85164.3,15.4264
85174.5,15.6766
85184.6,15.9263
85194.8,16.179
85205,16.4134
85215.1,16.6687
85225.4,16.9281
85235.5,17.1799
85245.6,17.4457
85255.9,17.7155
85266.1,17.9868
85276.2,18.2414
85286.4,18.4991
85296.6,18.761
85306.7,19.0332
85316.9,19.3229
85327,19.6124
85337.1,19.8933
85347.3,20.1634
85357.5,20.434
85367.6,20.6924
85377.8,20.9403
85388,21.189
85398.1,21.4409
85408.3,21.705
85418.5,21.969
85428.6,22.2357
85438.9,22.5015
85449,22.7665
85459.1,23.0307
85469.4,23.2914
85479.6,23.5519
85489.7,23.8126
85499.9,24.0777
85510.1,24.3428
85520.2,24.6146
85530.4,24.8869
85540.6,25.1595
85550.7,25.4469
85561,25.7319
85571.1,26.0155
85581.2,26.3021
85591.5,26.5866
85601.6,26.8699
85611.7,27.1562
85621.9,27.4428
85632.1,27.7557
85642.2,28.0654
85652.5,28.3907
85662.6,28.7337
85672.8,29.0777
85683,29.4226
85693.2,29.7473
85703.3,30.0704
85713.5,30.3869
85723.7,30.7143
85733.8,31.0392
85744,31.4019
85754.2,31.7576
85764.3,32.1115
85774.6,32.4241
85784.7,32.6884
85794.8,32.9513
85805,33.1891
85815.2,33.4082
85825.3,33.6263
85835.6,33.867
85845.7,34.116
85855.8,34.3629
85866.1,34.6215
85876.2,34.8726
85886.3,35.1153
85896.6,35.3611
85906.8,35.5971
85916.9,35.8336
85927.1,36.0725
85937.3,36.3119
85947.4,36.5522
85957.6,36.7949
85967.8,37.0386
85977.9,37.2609
85988.2,37.4851
85998.3,37.6965
86008.4,37.9223
86018.7,38.1504
86028.8,38.3801
86038.9,38.6071
86049.2,38.8367
86059.4,39.0431
86069.5,39.2343
86079.8,39.4279
86089.9,39.6311
86100,39.8591
86110.3,40.0894
86120.5,40.3155
86130.5,40.5288
86140.8,40.7439
86150.9,40.9506
86161,41.1597
86171.3,41.3712
86181.6,41.6039
86191.7,41.8559
86201.8,42.1134
86211.9,42.3717
86222,42.6386
86232.1,42.9153
86242.2,43.1923
86252.3,43.4974
86262.4,43.814
86272.5,44.132
86282.6,44.416
86292.8,44.6754
86302.9,44.9347
86313,45.1994
86323.3,45.4778
86333.4,45.7553
86343.5,46.019
86353.8,46.2363
86363.9,46.4531
86374,46.6604
86384.3,46.8946
86394.5,47.1286
86404.6,47.3889
86414.8,47.631
86425,47.8727
86435.1,48.0826
86445.3,48.2885
86455.5,48.5109
86465.6,48.732
86475.9,48.9678
86486,49.203
86496.1,49.4073
86506.3,49.5883
86516.5,49.7687
86526.6,49.9484
86536.9,50.1492
86547,50.3691
86557.1,50.5876
86567.4,50.8099
86577.5,51.0231
86587.6,51.2353
86597.9,51.4572
86608,51.6741
86618.1,51.8901
86628.4,52.127
86638.5,52.3691
86648.6,52.6097
86658.9,52.8508
86669.1,53.0722
86679.2,53.2919
86689.4,53.5006
86699.6,53.702
86709.7,53.9022
86719.9,54.1227
86730.1,54.332
86740.2,54.5499
86750.5,54.7699
86760.6,54.9906
86770.7,55.2111
86781,55.4338
86791.2,55.654
86801.2,55.8923
86811.5,56.133
86821.6,56.3821
86831.7,56.6148
86842,56.8488
86852.1,57.0584
86862.2,57.2777
86872.5,57.4993
86882.7,57.7319
86892.8,57.9606
86903,58.1916
86913.2,58.4166
86923.3,58.6448
86933.6,58.8749
86943.7,59.1084
86953.8,59.3317
86964.1,59.5574
86974.2,59.776
86984.3,60.0185
86994.6,60.2621
87004.7,60.5197
87014.8,60.7775
87025,61.0323
87035.2,61.2869
87045.3,61.5468
87055.5,61.7878
87065.7,62.0299
87075.8,62.2237
87086,62.38
87096.2,62.5359
87106.3,62.6824
87116.5,62.8536
87126.7,63.0251
87136.8,63.2201
87147.1,63.4193
87157.2,63.6183
87167.3,63.7985
87177.6,63.9615
87187.8,64.1238
87197.9,64.2711
87208.2,64.4211
87218.3,64.5701
87228.4,64.7149
87238.7,64.8516
87248.8,64.9881
87258.9,65.0977
87269.2,65.217
87279.3,65.3359
87289.4,65.4706
87299.7,65.6095
87309.9,65.743
87320,65.8757
87330.2,66.0034
87340.4,66.1334
87350.5,66.2625
87360.8,66.3599
87370.9,66.476
87381,66.5914
87391.3,66.7219
87401.4,66.87
87411.5,67.0171
87421.7,67.1577
87431.9,67.3116
87442,67.4643
87452.3,67.6081
87462.4,67.7383
87472.5,67.8677
87482.8,67.9695
87492.9,68.0744
87503,68.1786
87513.3,68.31
87523.5,68.4696
87533.6,68.6279
87543.8,68.7649
87554,68.8727
87564.1,68.9798
87574.4,69.0758
87584.5,69.1684
87594.6,69.2949
87604.9,69.4228
87615,69.5635
87625.1,69.708
87635.4,69.8542
87645.6,69.9651
87655.7,70.0589
87665.9,70.1534
87676.1,70.2255
87686.2,70.3048
87696.4,70.3849
87706.6,70.4831
87716.7,70.5857
87727,70.6896
87737.1,70.7507
87747.2,70.7878
87757.5,70.8255
87767.7,70.8435
87777.8,70.8716
87788,70.9002
87798.2,70.9222
87808.3,70.952
87818.5,70.982
87828.7,70.9923
87838.8,70.9953
87849,70.9984
87859.2,70.9906
87869.3,70.9865
87879.5,70.9812
87889.7,70.9762
87899.8,70.9598
87910.1,70.9327
87920.2,70.9058
87930.3,70.8641
87940.6,70.8368
87950.8,70.8096
87960.9,70.7902
87971.1,70.753
87981.3,70.716
87991.4,70.654
88001.6,70.6148
88011.8,70.5755
88021.9,70.5628
88032.1,70.5444
88042.3,70.526
88052.4,70.4968
88062.6,70.4874
88072.8,70.4781
88082.9,70.4959
88093.2,70.511
88103.3,70.5216
88113.4,70.5321
88123.7,70.5205
88133.8,70.4965
88143.9,70.4726
88154.2,70.4426
88164.4,70.4404
88174.5,70.4382
88184.7,70.46
88194.9,70.4907
88205,70.5212
88215.2,70.5343
88225.4,70.5352
88235.5,70.5362
88245.8,70.5291
88255.9,70.5199
88266,70.5107
88276.3,70.5152
88286.5,70.5215
88296.6,70.5277
88306.8,70.5302
88317,70.5204
88327.1,70.5107
88337.4,70.4851
88347.6,70.4878
88357.7,70.5038
88367.9,70.52
88378.1,70.5318
88388.2,70.5435
88398.4,70.5407
88408.6,70.5399
88418.7,70.5551
88429,70.5705
88439.1,70.597
88449.2,70.611
88459.5,70.6251
88469.7,70.6354
88479.8,70.6337
88490,70.6322
88500.2,70.6171
88510.3,70.6031
88520.5,70.5891
88530.7,70.5763
88540.8,70.5671
88551,70.5579
88561.2,70.5399
88571.3,70.5304
88581.5,70.5208
88591.6,70.502
88601.8,70.4824
88612,70.4627
88622.2,70.4396
88632.3,70.4258
88642.5,70.4119
88652.7,70.4093
88662.8,70.3957
88673,70.3754
88683.1,70.3552
88693.2,70.328
88703.4,70.3014
88713.6,70.2747
88723.7,70.2547
88733.9,70.2486
88744,70.2426
88754.1,70.2488
88764.4,70.2494
88774.6,70.25
88784.7,70.2382
88794.9,70.2352
88805.1,70.2322
88815.2,70.2458
88825.4,70.2646
88835.6,70.2835
88845.7,70.2904
88856,70.2846
88866.1,70.2789
88876.2,70.2756
88886.5,70.2873
88896.7,70.299
88906.8,70.2962
88917,70.281
88927.1,70.2658
88937.2,70.2525
88947.5,70.2447
88957.7,70.2336
88967.8,70.2225
88978,70.207
88988.2,70.1924
88998.3,70.1779
89008.6,70.1764
89018.7,70.1803
89028.8,70.1842
89039.1,70.1845
89049.2,70.1873
89059.3,70.1902
89069.5,70.1811
89079.7,70.1678
89089.9,70.1546
89100.1,70.144
89110.3,70.14
89120.5,70.136
89130.7,70.1471
89140.9,70.1417
89151,70.1363
89161.2,70.1144
89171.4,70.0894
89181.6,70.0645
89191.7,70.0367
89201.9,70.0165
89212,69.9962
89222.2,69.9762
89232.4,69.9608
89242.5,69.9343
89252.6,69.9078
89262.8,69.8811
89273,69.8603
89283.1,69.8395
89293.3,69.8275
89303.4,69.8097
89313.6,69.7919
89323.8,69.7665
89333.9,69.7351
89344.1,69.7037
89354.2,69.6823
89364.4,69.6687
89374.5,69.6552
89384.7,69.641
89394.8,69.613
89405,69.5849
89415.2,69.5326
89425.3,69.4998
89435.5,69.4673
89445.7,69.4637
89455.8,69.4681
89466,69.4726
89476.2,69.4949
89486.3,69.4975
89496.4,69.5002
89506.6,69.4908
89516.8,69.4847
89526.9,69.4789
89537.1,69.4454
89547.2,69.3947
89557.3,69.3471
89567.4,69.2997
89577.5,69.2734
89587.6,69.2563
89597.8,69.2393
89607.8,69.2104
89617.9,69.1755
89628.1,69.1405
89638.2,69.0871
89648.3,69.026
89658.5,68.9646
89668.6,68.9096
89678.7,68.872
89688.9,68.8344
89699.1,68.8041
89709.2,68.7615
89719.4,68.7188
89729.5,68.6702
89739.7,68.63
89749.8,68.5898
89760,68.562
89770.1,68.5375
89780.3,68.513
89790.5,68.4776
89800.6,68.4476
89810.8,68.4176
89820.9,68.3959
89831.1,68.3727
89841.2,68.3496
89851.4,68.3214
89861.5,68.2991
89871.7,68.2812
89881.8,68.2633
89891.9,68.2471
89902.1,68.2192
89912.2,68.1913
89922.4,68.1681
89932.5,68.1517
89942.7,68.1354
89952.8,68.1208
89963,68.1207
89973.1,68.1207
89983.3,68.1393
89993.4,68.1632
90003.6,68.1871
90013.7,68.191
90023.9,68.1749
90034,68.1589
90044.2,68.1408
90054.4,68.1253
90064.5,68.1097
90074.6,68.1029
90084.8,68.1099
90095,68.1169
90105.1,68.127
90115.3,68.1348
90125.4,68.1426
90135.6,68.1458
90145.8,68.1692
90155.9,68.1952
90166,68.2213
90176.2,68.2379
90186.4,68.2547
90196.5,68.2716
90206.7,68.2919
90216.8,68.322
90227,68.352
90237.2,68.3972
90247.3,68.4392
90257.4,68.4814
90267.6,68.5055
90277.8,68.4994
90287.9,68.4932
90298.1,68.4908
90308.2,68.511
90318.3,68.5312
90328.5,68.5652
90338.6,68.5911
90348.8,68.617
90359,68.63
90369.1,68.6513
90379.2,68.6725
90389.4,68.7019
90399.6,68.7246
90409.7,68.7471
90419.9,68.776
90430,68.8043
90440.1,68.8423
90450.3,68.8804
90460.5,68.9025
90470.6,68.9136
90480.8,68.9248
90490.9,68.9359
90501,68.9471
90511.2,68.9583
90521.4,68.9695
90531.5,68.9807
90541.7,68.992
90551.8,68.9919
90562,69.0366
90572.1,69.0815
90582.3,69.0932
90592.4,69.0996
90602.6,69.106
90612.7,69.1095
90622.8,69.135
90633,69.1607
90643.1,69.1835
90653.3,69.1938
90663.5,69.2044
90673.6,69.212
90683.7,69.2325
90693.9,69.2531
90704.1,69.2936
90714.2,69.3385
90724.4,69.3835
90734.5,69.4259
90744.6,69.4595
90754.8,69.4934
90765,69.5108
90775.1,69.5444
90785.3,69.5782
90795.4,69.6081
90805.6,69.6197
90815.7,69.6314
90825.9,69.6104
90836,69.5717
90846.2,69.5542
90856.3,69.5368
90866.5,69.5291
90876.6,69.5204
90886.8,69.5117
90896.9,69.506
90907.1,69.5273
90917.2,69.5486
90927.4,69.5789
90937.6,69.611
90947.7,69.6431
90957.8,69.6684
90968,69.7019
90978.2,69.7352
90988.3,69.777
90998.5,69.8099
91008.6,69.8428
91018.8,69.8574
91028.9,69.8574
91039.1,69.8575
91049.2,69.863
91059.4,69.8822
91069.6,69.8936
91079.7,69.905
91089.9,69.8936
91100,69.8795
91110.1,69.8655
91120.3,69.87
91130.5,69.9038
91140.6,69.9375
91150.8,69.9772
91160.9,69.9958
91171.1,70.0143
91181.2,70.0327
91191.4,70.0424
91201.5,70.0521
91211.7,70.0516
91221.8,70.0421
91232,70.0326
91242.1,70.0237
91252.3,70.0307
91262.4,70.0377
91272.6,70.0524
91282.7,70.0654
91292.9,70.0784
91303.1,70.078
91313.2,70.0712
91323.3,70.0643
91333.5,70.0561
91343.6,70.0556
91353.8,70.0551
91364,70.0569
91374.1,70.0862
91384.2,70.1156
91394.4,70.1862
91404.5,70.2469
91414.7,70.302
91424.9,70.3572
91435,70.3955
91445.1,70.4051
91455.3,70.4148
91465.4,70.4499
91475.6,70.524
91485.8,70.5984
91495.9,70.679
91506,70.7361
91516.2,70.7936
91526.4,70.8448
91536.5,70.8955
91546.7,70.9464
91556.8,71.0215
91567,71.1042
91577.2,71.1876
91587.3,71.2514
91597.4,71.3096
91607.6,71.3683
91617.8,71.4246
91627.9,71.4788
91638.1,71.5334
91648.3,71.6062
91658.4,71.6665
91668.6,71.727
91678.7,71.7674
91688.9,71.811
91699.1,71.8549
91709.2,71.8986
91719.4,71.9522
91729.6,71.9829
91739.7,72.0136
91749.8,72.0086
91760,71.9997
91770.1,71.9908
91780.3,71.9864
91790.5,71.9936
91800.6,72.0008
91810.8,72.0283
91820.9,72.0605
91831.1,72.0928
91841.2,72.1373
91851.4,72.1524
91861.6,72.1675
91871.7,72.1666
91881.9,72.1738
91892,72.1809
91902.2,72.187
91912.3,72.2124
91922.5,72.2379
91932.6,72.2596
91942.8,72.281
91952.9,72.3019
91963.1,72.3228
91973.2,72.3306
91983.4,72.3301
91993.5,72.3296
92003.7,72.3278
92013.9,72.3126
92024,72.2974
92034.2,72.2798
92044.4,72.2825
92054.5,72.2852
92064.7,72.2784
92074.8,72.2689
92085,72.2594
92095.2,72.2448
92105.3,72.248
92115.4,72.2513
92125.6,72.2733
92135.8,72.3036
92145.9,72.3339
92156.1,72.3552
92166.2,72.359
92176.4,72.3628
92186.6,72.3653
92196.7,72.3787
92206.8,72.3921
92217,72.3977
92227.2,72.391
92237.3,72.3843
92247.5,72.3668
92257.7,72.3445
92267.8,72.3221
92278,72.3083
92288.1,72.2998
92298.3,72.2789
92308.5,72.2581
92318.6,72.2201
92328.7,72.1699
92338.9,72.1195
92349.1,72.0769
92359.2,72.0537
92369.4,72.0303
92379.5,72.0192
92389.7,72.0107
92399.9,72.0022
92410,71.9793
92420.1,71.9455
92430.3,71.9117
92440.5,71.8663
92450.6,71.8326
92460.8,71.799
92470.9,71.7647
92481.1,71.7131
92491.2,71.6612
92501.4,71.6044
92511.5,71.5605
92521.7,71.5162
92531.9,71.4938
92542,71.4718
92552.2,71.4497
92562.3,71.4198
92572.5,71.3778
92582.7,71.3355
92592.9,71.2968
92603,71.2522
92613.1,71.1971
92623.3,71.1419
92633.4,71.0944
92643.6,71.0515
92653.7,71.0086
92663.8,70.9647
92674,70.9207
92684.1,70.8768
92694.3,70.8266
92704.4,70.7771
92714.5,70.7276
92724.7,70.688
92734.9,70.6534
92745,70.6187
92755.1,70.573
92765.3,70.5545
92775.5,70.5359
92785.6,70.5293
92795.8,70.5181
92806,70.5069
92816.1,70.5025
92826.3,70.5017
92836.4,70.5009
92846.6,70.4974
92856.8,70.4926
92866.9,70.49
92877.1,70.4875
92887.2,70.4876
92897.2,70.4652
92907.3,70.4427
92917.4,70.4028
92927.5,70.3341
92937.6,70.2653
92947.7,70.1883
92957.8,70.1125
92967.9,70.0367
92978,69.9619
92988.1,69.9009
92998.2,69.8401
93008.4,69.7868
93018.6,69.7709
93028.7,69.755
93038.9,69.784
93049,69.8129
93059.1,69.8419
93069.3,69.8559
93079.4,69.8546
93089.5,69.8532
93099.7,69.8569
93109.9,69.8654
93120,69.874
93130.2,69.8801
93140.3,69.882
93150.4,69.884
93160.6,69.8789
93170.7,69.8705
93180.8,69.8622
93191,69.8507
93201.1,69.8447
93211.3,69.8387
93221.5,69.8367
93231.6,69.8327
93241.7,69.8288
93251.9,69.8271
93262,69.8236
93272.1,69.8243
93282.3,69.8251
93292.4,69.831
93302.5,69.8399
93312.7,69.849
93322.8,69.8517
93332.9,69.8508
93343.1,69.8499
93353.3,69.857
93363.4,69.8666
93373.5,69.8762
93383.7,69.8787
93393.8,69.8777
93403.9,69.8767
93414.1,69.8682
93424.2,69.8619
93434.4,69.8555
93444.5,69.85
93454.6,69.8494
93464.8,69.8489
93475,69.8429
93485.1,69.838
93495.3,69.8332
93505.4,69.8245
93515.5,69.8162
93525.7,69.8079
93535.9,69.8102
93546,69.8165
93556.2,69.8229
93566.4,69.8208
93576.5,69.8114
93586.6,69.802
93596.8,69.7758
93606.9,69.7539
93617,69.7511
93627.2,69.7484
93637.3,69.7584
93647.4,69.7649
93657.6,69.7713
93667.7,69.7731
93677.9,69.7691
93688,69.7652
93698.1,69.7668
93708.3,69.7744
93718.4,69.7821
93728.5,69.7837
93738.7,69.7787
93748.9,69.7738
93759,69.7689
93769.2,69.7757
93779.3,69.7825
93789.4,69.7945
93799.6,69.8014
93809.8,69.8083
93819.9,69.8001
93830.1,69.7917
93840.2,69.7833
93850.3,69.7863
93860.5,69.8058
93870.6,69.8184
93880.7,69.831
93890.9,69.8344
93901.1,69.8379
93911.2,69.8295
93921.5,69.8242
93931.6,69.8283
93941.7,69.8325
93951.9,69.8355
93962,69.8337
93972.1,69.832
93982.3,69.8296
93992.5,69.8375
94002.6,69.8454
94012.7,69.8657
94022.9,69.8787
94033,69.8917
94043.2,69.8946
94053.3,69.8892
94063.4,69.8839
94073.7,69.8751
94083.9,69.8747
94094,69.8742
94104.2,69.8856
94114.5,69.8998
94124.7,69.914
94134.9,69.9237
94145.1,69.9158
94155.2,69.908
94165.4,69.8867
94175.6,69.8788
94185.7,69.8978
94195.9,69.9169
94206,69.9306
94216.1,69.9406
94226.3,69.9505
94236.4,69.957
94246.5,69.972
94256.7,69.9871
94266.9,70.0127
94277,70.0192
94287.1,70.0257
94297.3,70.0359
94307.4,70.0452
94317.6,70.0546
94327.7,70.0688
94337.8,70.0946
94348,70.1206
94358.2,70.1311
94368.3,70.1403
94378.4,70.1496
94388.6,70.1598
94398.7,70.1691
94408.9,70.1785
94419.1,70.1941
94429.2,70.2233
94439.4,70.2527
94449.5,70.2853
94459.6,70.3097
94469.8,70.3343
94479.9,70.3419
94490,70.3413
94500.2,70.3408
94510.4,70.3532
94520.5,70.3601
94530.6,70.3641
94540.8,70.3681
94550.9,70.3564
94561.1,70.3447
94571.2,70.3298
94581.3,70.332
94591.5,70.3328
94601.6,70.3336
94611.7,70.3215
94621.9,70.3027
94632,70.2839
94642.1,70.2767
94652.2,70.2745
94662.4,70.2723
94672.5,70.269
94682.7,70.2634
94692.8,70.2578
94702.9,70.2569
94713.1,70.2529
94723.2,70.2489
94733.3,70.2419
94743.5,70.229
94753.6,70.2161
94763.7,70.2073
94773.9,70.2021
94784.1,70.1969
94794.2,70.1958
94804.4,70.1834
94814.5,70.1711
94824.6,70.1548
94834.8,70.1447
94844.9,70.1452
94855,70.1457
94865.2,70.1454
94875.4,70.1412
94885.5,70.137
94895.7,70.1231
94905.8,70.1028
94915.9,70.0826
94926.1,70.0596
94936.2,70.0431
94946.3,70.0267
94956.5,70.0275
94966.6,70.0383
94976.8,70.049
94987,70.0536
94997.1,70.0556
95007.2,70.0576
95017.4,70.0506
95027.5,70.0508
95037.6,70.051
95047.8,70.0618
95057.9,70.0723
95068,70.0829
95078.2,70.088
95088.4,70.0776
95098.5,70.0673
95108.7,70.0634
95118.8,70.0679
95128.9,70.0749
95139.1,70.0819
95149.2,70.091
95159.3,70.1001
95169.5,70.0969
95179.7,70.0873
95189.8,70.0854
95200,70.0834
95210.1,70.088
95220.2,70.0942
95230.4,70.1004
95240.5,70.111
95250.6,70.1192
95260.8,70.1274
95271,70.1434
95281.1,70.1492
95291.2,70.1551
95301.4,70.159
95311.5,70.1535
95321.7,70.148
95331.8,70.1353
95341.9,70.1331
95352.1,70.1311
95362.2,70.1395
95372.3,70.1465
95382.5,70.1536
95392.7,70.1448
95402.8,70.1225
95413,70.1
95423.1,70.1004
95433.2,70.114
95443.4,70.1277
95453.5,70.1379
95463.6,70.1339
95473.8,70.1299
95483.9,70.1041
95494,70.0909
95504.2,70.0778
95514.3,70.0817
95524.4,70.0918
95534.6,70.0981
95544.8,70.1046
95554.9,70.0896
95565,70.0722
95575.1,70.0549
95585.2,70.0451
95595.4,70.0486
95605.5,70.0521
95615.6,70.0575
95625.8,70.0559
95635.9,70.0542
95646,70.0337
95656.2,70.0281
95666.4,70.0223
95676.4,70.035
95686.6,70.0496
95696.8,70.0642
95706.9,70.0568
95717.1,70.0344
95727.2,70.0121
95737.3,69.996
95747.5,70.0001
95757.6,70.0044
95767.8,70.0126
95777.9,70.011
95788.1,70.0082
95798.2,70.0055
95808.4,69.9934
95818.5,69.9751
95828.6,69.9574
95838.8,69.9371
95848.9,69.9172
95859,69.8994
95869.2,69.8755
95879.4,69.8465
95889.5,69.8176
95899.7,69.7944
95909.8,69.7796
95919.9,69.7648
95930.1,69.7542
95940.3,69.7575
95950.4,69.761
95960.5,69.7805
95970.7,69.8218
95980.8,69.863
95991,69.8971
96001.1,69.9058
96011.2,69.9146
96021.4,69.9154
96031.6,69.9214
96041.7,69.9273
96051.9,69.9429
96062,69.9536
96072.1,69.9642
96082.3,69.9652
96092.4,69.9566
96102.5,69.948
96112.7,69.9374
96122.9,69.921
96133,69.9046
96143.2,69.9127
96153.3,69.9265
96163.4,69.9413
96173.6,69.9563
96183.7,69.9608
96193.8,69.9498
96204.1,69.9389
96214.2,69.9231
96224.3,69.9077
96234.4,69.8924
96244.5,69.8806
96254.5,69.8818
96264.6,69.8829
96274.7,69.8937
96284.8,69.9018
96294.9,69.9099
96305,69.9068
96315,69.8963
96325.1,69.8857
96335.2,69.881
96345.3,69.8869
96355.4,69.8927
96365.5,69.905
96375.5,69.9133
96385.7,69.9217
96395.7,69.9252
96405.8,69.9106
96415.9,69.896
96426,69.8912
96436.1,69.9051
96446.2,69.9191
96456.2,69.9413
96466.3,69.9488
96476.4,69.9563
96486.5,69.9607
96496.6,69.954
96506.7,69.9472
96516.8,69.9603
96526.8,69.9723
96536.9,69.9843
96547,69.9956
96557.1,69.9951
96567.2,69.9947
96577.2,69.9944
96587.3,70.0099
96597.4,70.0254
96607.5,70.0369
96617.6,70.0512
96627.7,70.0513
96637.7,70.0514
96647.8,70.0466
96657.9,70.0389
96668,70.0312
96678.1,70.0245
96688.1,70.0266
96698.2,70.0287
96708.3,70.0423
96718.4,70.0444
96728.5,70.0464
96738.5,70.0432
96748.6,70.0471
96758.7,70.051
96768.8,70.0613
96778.9,70.0692
96789,70.077
96799,70.0648
96809.1,70.0404
96819.2,70.0161
96829.3,69.9843
96839.5,69.957
96849.7,69.9298
96859.8,69.9256
96870,69.9335
96880.1,69.9414
96890.2,69.9354
96900.4,69.9161
96910.6,69.8968
96920.7,69.8675
96930.9,69.8458
96941.1,69.8241
96951.2,69.8108
96961.5,69.7946
96971.6,69.7785
96981.7,69.7505
96991.9,69.7019
97002,69.6529
97012.1,69.604
97022.3,69.5561
97032.4,69.5184
97042.5,69.481
97052.7,69.4652
97062.9,69.4727
97073,69.4801
97083.2,69.4952
97093.3,69.5071
97103.4,69.519
97113.7,69.5279
97123.8,69.5351
97133.9,69.5423
97144.1,69.5463
97154.2,69.5422
97164.4,69.5381
97174.6,69.5374
97184.7,69.5521
97194.8,69.5669
97205,69.5814
97215.1,69.5753
97225.2,69.5694
97235.4,69.5398
97245.6,69.4861
97255.7,69.4325
97265.9,69.3756
97276,69.3311
97286.1,69.2869
97296.3,69.2415
97306.5,69.2134
97316.6,69.1853
97326.8,69.1806
97336.9,69.2056
97347,69.2309
97357.2,69.2856
97367.4,69.3508
97377.5,69.4077
97387.7,69.4649
97397.9,69.5024
97408,69.5166
97418.2,69.531
97428.4,69.5299
97438.4,69.5316
97448.7,69.5333
97458.8,69.5333
97468.9,69.5168
97479.1,69.5005
97489.3,69.4753
97499.4,69.4439
97509.6,69.4124
97519.8,69.3963
97529.9,69.412
97540.1,69.4278
97550.2,69.4638
97560.3,69.4832
97570.6,69.5028
97580.7,69.4778
97590.8,69.4317
97601,69.3765
97611.1,69.321
97621.2,69.2678
97631.4,69.2416
97641.6,69.2155
97651.7,69.2004
97661.8,69.1741
97672,69.1477
97682.1,69.1096
97692.2,69.0725
97702.4,69.0353
97712.5,69.0008
97722.6,68.9769
97732.8,68.953
97742.9,68.9307
97753.1,68.8934
97763.2,68.8563
97773.3,68.7989
97783.5,68.7343
97793.7,68.6698
97803.8,68.6441
97814,68.6363
97824.2,68.6284
97834.3,68.6189
97844.5,68.5938
97854.6,68.5687
97864.8,68.5283
97875,68.4974
97885.1,68.4665
97895.2,68.4553
97905.4,68.4543
97915.6,68.4534
97925.7,68.4544
97935.9,68.4416
97946,68.4288
97956.1,68.4013
97966.4,68.3925
97976.5,68.3857
97986.6,68.379
97996.8,68.3762
98007,68.3679
98017.1,68.3597
98027.3,68.3539
98037.4,68.3592
98047.5,68.3646
98057.8,68.3681
98067.9,68.3717
98078,68.3752
98088.2,68.3686
98098.4,68.3553
98108.5,68.3422
98118.7,68.3175
98128.8,68.3093
98138.9,68.3013
98149.2,68.3096
98159.3,68.3201
98169.4,68.3307
98179.6,68.3391
