10.186,-0
20.3738,0.111906
30.5165,0.104678
40.7206,0.104678
50.8392,0.0791294
60.9322,0.0884693
71.102,0.104678
81.239,0.118694
91.3374,0.142653
101.733,0.167859
111.851,0.243893
121.926,0.353877
132.014,0.463093
142.159,0.478062
152.267,0.405418
162.482,0.333378
172.645,0.314035
182.747,0.379491
192.929,0.449369
203.102,0.520393
213.205,0.511289
223.344,0.50202
233.476,0.407344
243.577,-0.282548
253.747,-0.237388
263.901,-0.185575
273.999,-0.223812
284.128,-0.262442
294.251,-0.306467
304.35,-0.333378
314.563,-0.362616
324.739,-0.393664
334.854,-0.440574
344.998,-0.487787
355.143,-0.535222
365.244,-0.553906
375.376,-0.580133
385.52,-0.605224
395.621,-0.616753
405.78,-0.584166
415.919,-0.549651
426.02,-0.543925
436.166,-0.623066
446.313,-0.715455
456.414,-0.761043
466.562,-0.793271
476.739,-0.828974
486.855,-0.75173
497.038,-0.686423
507.187,-0.621809
517.288,0.653717
527.448,0.73913
537.584,0.831802
547.699,0.963466
557.9,1.11345
568.021,1.26793
578.117,1.37797
588.296,1.49145
598.435,1.60373
608.535,1.71732
618.716,1.78219
628.863,1.79923
638.984,1.82257
649.172,1.88382
659.347,2.02363
669.446,2.16491
679.603,2.31449
689.74,2.39885
699.85,2.48665
709.997,2.56841
720.122,2.72745
730.221,2.8883
740.384,3.10157
750.516,3.32096
760.615,3.54024
770.792,3.73667
780.976,3.90508
791.073,4.07422
801.236,4.25138
811.362,4.46303
821.461,4.67382
831.625,4.91755
841.756,5.17101
851.856,5.42419
862.041,5.70106
872.223,5.96799
882.362,6.23569
892.554,6.45439
902.697,6.65439
912.796,6.85714
922.954,7.07435
933.082,7.29327
943.188,7.54017
953.355,7.7877
963.483,8.05246
973.585,8.30663
983.764,8.56206
993.886,8.75684
1003.98,8.92495
1014.14,9.09728
1024.26,9.32952
1034.36,9.65753
1044.53,9.98695
1054.66,10.3609
1064.76,10.793
1074.93,11.24
1085.07,11.8291
1095.17,12.2683
1105.35,12.7132
1115.51,12.8716
1125.61,12.9485
1135.77,13.0396
1145.91,13.2151
1156.02,13.5458
1166.18,13.8788
1176.31,14.2748
1186.41,14.6851
1196.66,15.1001
1206.88,15.4427
1216.99,15.6797
1227.12,15.9194
1237.25,16.1526
1247.35,16.4446
1257.48,16.7699
1267.6,17.0969
1277.71,17.4225
1287.88,17.7347
1298.01,18.0489
1308.11,18.3483
1318.24,18.7167
1328.39,19.0946
1338.49,19.2805
1348.63,19.3547
1358.78,19.4294
1368.88,19.75
1379.01,20.1019
1389.16,20.4551
1399.26,20.8051
1409.39,21.1508
1419.51,21.4978
1429.61,21.7907
1439.79,22.0389
1449.97,22.2875
1460.09,22.5705
1470.23,22.8782
1480.38,23.1873
1490.48,23.4696
1500.64,23.7414
1510.77,24.013
1520.87,24.2757
1531.05,24.5313
1541.18,24.7864
1551.28,25.0436
1561.45,25.2599
1571.58,25.4762
1581.69,25.6608
1591.88,25.86
1602,26.105
1612.09,26.3497
1622.25,26.605
1632.38,26.8341
1642.53,27.0644
1652.79,27.3219
1662.97,27.6247
1673.08,27.927
1683.26,28.245
1693.38,28.5389
1703.48,28.8326
1713.66,29.1266
1723.78,29.4569
1733.88,29.7876
1744.08,30.1284
1754.2,30.4625
1764.3,30.7963
1774.47,31.1438
1784.6,31.5047
1794.71,31.8656
1804.9,32.2342
1815.03,32.6269
1825.12,33.0192
1835.32,33.4061
1845.45,33.7883
1855.55,34.1699
1865.74,34.5835
1875.87,34.9931
1885.97,35.4015
1896.14,35.7787
1906.26,36.1425
1916.36,36.5061
1926.55,36.8681
1936.72,37.2435
1946.84,37.6301
1957.04,38.0178
1967.16,38.3704
1977.26,38.7342
1987.42,39.0992
1997.54,39.488
2007.64,39.8433
2017.8,40.1998
2027.95,40.572
2038.04,40.9834
2048.2,41.3962
2058.34,41.8467
2068.44,42.2901
2078.6,42.7351
2088.76,43.133
2098.87,43.5282
2109.05,43.9257
2119.17,44.3563
2129.26,44.7737
2139.41,45.1923
2149.59,45.5622
2159.71,45.891
2169.9,46.2214
2180.05,46.5745
2190.17,46.9238
2200.46,47.2774
2210.58,47.6297
2220.73,47.9826
2230.88,48.3377
2241,48.7058
2251.11,49.0773
2261.24,49.452
2271.38,49.8276
2281.49,50.2054
2291.62,50.577
2301.76,50.9501
2311.87,51.2968
2322,51.6402
2332.14,51.9842
2342.25,52.3438
2352.38,52.7007
2362.51,53.0584
2372.61,53.3946
2382.78,53.7356
2392.9,54.0759
2403,54.4275
2413.13,54.7706
2423.27,55.1145
2433.37,55.4583
2443.52,55.8126
2453.66,56.1683
2463.79,56.496
2473.96,56.7894
2484.09,57.0825
2494.19,57.3751
2504.36,57.6683
2514.5,57.9613
2524.6,58.2612
2534.79,58.5617
2544.96,58.8619
2555.08,59.1432
2565.26,59.4346
2575.48,59.7268
2585.59,60.0475
2595.77,60.4086
2605.9,60.7687
2616,61.1235
2626.16,61.4557
2636.28,61.7771
2646.38,62.0978
2656.54,62.4217
2666.69,62.7744
2676.79,63.127
2686.98,63.4979
2697.1,63.863
2707.19,64.2267
2717.35,64.5788
2727.48,64.9228
2737.57,65.2663
2747.77,65.6121
2757.91,65.9817
2768.01,66.3501
2778.21,66.7527
2788.35,67.1589
2798.49,67.563
2808.67,67.975
2818.87,68.3834
2828.98,68.7888
2839.11,69.1898
2849.24,69.6061
2859.33,70.0214
2869.5,70.4285
2879.62,70.8021
2889.72,71.1753
2899.89,71.5341
2910.01,71.886
2920.11,72.2376
2930.32,72.5863
2940.45,72.9074
2950.55,73.2028
2960.71,73.4982
2970.85,73.7946
2980.97,74.0961
2991.12,74.3978
3001.24,74.6964
3011.34,74.979
3021.52,75.263
3031.65,75.5232
3041.75,75.7717
3051.97,76.0214
3062.12,76.2967
3072.23,76.5732
3082.41,76.8512
3092.54,77.0848
3102.66,77.3092
3112.88,77.5353
3123.03,77.7771
3133.13,78.0193
3143.34,78.263
3153.5,78.4962
3163.6,78.7118
3173.83,78.9288
3183.98,79.1408
3194.08,79.3447
3204.26,79.5495
3214.39,79.7615
3224.49,79.9794
3234.67,80.1984
3244.87,80.4172
3254.97,80.6294
3265.11,80.8539
3275.26,81.0791
3285.36,81.3008
3295.5,81.5192
3305.65,81.7383
3315.75,81.9617
3325.9,82.188
3336.02,82.4141
3346.13,82.6397
3356.3,82.871
3366.46,83.1026
3376.53,83.3428
3386.62,83.6031
3396.7,83.8637
3406.77,84.1347
3416.85,84.3925
3426.93,84.6506
3437,84.896
3447.09,85.1562
3457.16,85.4166
3467.23,85.6708
3477.37,85.9167
3487.47,86.1624
3497.56,86.3967
3507.74,86.6234
3517.89,86.8501
3527.99,87.0745
3538.19,87.289
3548.34,87.5037
3558.44,87.7115
3568.61,87.9171
3578.76,88.1228
3588.86,88.328
3599.04,88.5417
3609.17,88.7545
3619.27,88.9815
3629.44,89.1935
3639.57,89.357
3649.67,89.5202
3659.88,89.678
3670.03,89.8352
3680.13,89.9984
3690.34,90.1551
3700.48,90.3132
3710.59,90.4703
3720.76,90.6315
3730.89,90.8006
3740.99,90.9692
3751.18,91.128
3761.32,91.2713
3771.42,91.4139
3781.62,91.5627
3791.75,91.7047
3801.85,91.8464
3812.01,91.9573
3822.13,92.0531
3832.23,92.1488
3842.37,92.2285
3852.49,92.2646
3862.59,92.3008
3872.83,92.312
3882.97,92.3219
3893.09,92.3318
3903.28,92.3179
3913.46,92.2652
3923.63,92.2128
3933.83,92.1391
3943.97,92.0647
3954.06,91.9907
3964.26,91.9128
3974.38,91.8297
3984.48,91.7308
3994.7,91.6315
4004.91,91.5329
4015.08,91.4449
4025.28,91.3568
4035.49,91.2553
4045.77,91.1157
4056.1,90.9732
4066.24,90.7884
4076.35,90.5898
4086.51,90.3906
4096.64,90.1791
4106.75,89.9659
4116.95,89.7517
4127.09,89.5284
4137.2,89.2848
4147.34,89.041
4157.47,88.8143
4167.58,88.6048
4177.77,88.3942
4187.91,88.1758
4198.02,87.924
4208.17,87.6718
4218.31,87.4094
4228.42,87.1575
4238.54,86.909
4248.67,86.6601
4258.79,86.4006
4268.96,86.1312
4279.1,85.8608
4289.2,85.5633
4299.32,85.2538
4309.47,84.9431
4319.59,84.6332
4329.73,84.3316
4339.89,84.0291
4349.99,83.7134
4360.14,83.4233
4370.28,83.1329
4380.52,82.8825
4390.69,82.6191
4400.85,82.355
4410.95,82.0543
4421.1,81.757
4431.22,81.46
4441.33,81.1799
4451.47,80.914
4461.61,80.6478
4471.73,80.4109
4481.91,80.195
4492.08,79.9796
4502.2,79.7149
4512.36,79.3865
4522.49,79.0583
4532.59,78.7136
4542.78,78.3518
4552.95,77.9902
4563.07,77.6186
4573.24,77.2299
4583.37,76.8281
4593.48,76.4269
4603.7,76.0063
4613.85,75.6054
4623.96,75.207
4634.13,74.8415
4644.26,74.4766
4654.41,74.1211
4668.76,73.5541
4678.94,73.1583
4698.64,72.4699
4708.78,72.172
4718.9,71.9173
4729.07,71.6623
4739.21,71.3609
4749.34,71.0008
4759.49,70.6415
4769.62,70.2407
4779.75,69.8039
4789.94,69.3665
4800.08,68.8989
4810.22,68.4496
4820.41,67.9992
4830.59,67.5819
4840.75,67.1738
4850.91,66.766
4861.05,66.3573
4871.19,65.9534
4881.37,65.5486
4891.5,65.1794
4901.69,64.8391
4911.94,64.4956
4922.07,64.1442
4932.22,63.7732
4942.38,63.4009
4952.5,63.0308
4962.65,62.6278
4972.86,62.186
4982.98,61.747
4993.15,61.2986
5003.33,60.8824
5013.45,60.4663
5023.55,60.0958
5033.75,59.7192
5043.89,59.3438
5054.1,58.9436
5064.29,58.5562
5074.41,58.1708
5084.56,57.8058
5094.77,57.4381
5104.88,57.0728
5115.04,56.6958
5125.23,56.3217
5135.35,55.9493
5145.52,55.5898
5155.74,55.2388
5165.86,54.8906
5176.02,54.5061
5186.22,54.0933
5196.34,53.6826
5206.5,53.2898
5216.71,52.9261
5226.85,52.5627
5237.02,52.211
5247.2,51.8179
5257.33,51.3906
5267.46,50.9633
5277.66,50.5317
5287.79,50.111
5297.96,49.6894
5308.18,49.2721
5318.32,48.8811
5328.55,48.4869
5338.71,48.1177
5348.85,47.7301
5359.01,47.3424
5369.18,46.9251
5379.3,46.4705
5389.43,46.0164
5399.6,45.5472
5409.73,45.0862
5419.88,44.6252
5430.06,44.1739
5440.19,43.7465
5450.43,43.3163
5460.63,42.9157
5470.75,42.5492
5480.89,42.1829
5491.1,41.8257
5501.26,41.4533
5511.39,41.0825
5521.58,40.6937
5531.72,40.3117
5541.86,39.9295
5552.02,39.5469
5562.14,39.1451
5572.25,38.7858
5582.45,38.4251
5592.57,38.0413
5602.72,37.584
5613.08,37.1179
5623.2,36.7869
5633.34,36.3966
5643.6,36.0018
5653.73,35.5796
5663.89,35.1808
5674.08,34.7808
5684.2,34.4352
5694.34,34.1306
5704.53,33.8249
5714.65,33.5461
5724.82,33.2283
5735.01,32.9086
5745.13,32.5426
5755.28,32.1758
5765.47,31.8077
5775.59,31.4756
5785.77,31.1511
5795.99,30.8263
5806.11,30.4581
5816.27,30.0659
5826.51,29.6726
5836.63,29.293
5846.78,28.901
5856.99,28.4805
5867.12,28.0637
5877.27,27.6479
5887.45,27.2846
5897.56,26.9226
5907.73,26.6152
5917.93,26.3466
5928.05,26.0811
5938.2,25.7797
5948.38,25.418
5958.5,25.0581
5968.64,24.7215
5978.82,24.4062
5988.95,24.0908
5999.11,23.7845
6009.27,23.4946
6019.42,23.2057
6029.54,22.9061
6039.72,22.6147
6049.85,22.3259
6059.99,22.0156
6070.17,21.6869
6080.3,21.3713
6090.44,21.056
6100.62,20.7843
6110.74,20.5373
6120.88,20.2917
6131.01,20.0049
6141.14,19.6412
6152.65,19.2287
6162.83,18.8583
6172.95,18.557
6183.1,18.2569
6193.26,18.0122
6203.36,17.7601
6213.49,17.5085
6223.64,17.1923
6233.74,16.8684
6243.88,16.5444
6254.02,16.2557
6264.12,15.9892
6274.25,15.7232
6284.39,15.4393
6294.49,15.179
6304.62,14.9188
6314.77,14.5866
6324.87,14.4455
6335,14.0765
6345.15,13.713
6355.25,13.3179
6365.38,12.9509
6375.52,12.6653
6385.62,12.3311
6395.74,12.0861
6405.89,11.8411
6415.99,11.6492
6426.11,11.3629
6436.26,11.0775
6446.36,10.7494
6456.48,10.411
6466.62,10.0726
6476.72,9.77304
6486.87,9.46071
6497.08,9.15814
6507.19,8.8586
6517.34,8.58143
6527.52,8.30616
6537.61,8.07277
6547.75,7.83873
6557.9,7.60739
6568.01,7.43167
6578.14,7.25051
6588.28,7.07779
6598.39,6.86456
6608.62,6.63613
6618.76,6.40909
6628.86,6.25137
6638.97,6.15162
6649.11,6.06031
6659.2,5.91885
6669.32,5.75206
6679.45,5.58787
6689.55,5.4288
6699.67,5.23661
6709.8,5.04471
6719.88,4.852
6730.01,4.64778
6740.11,4.47949
6750.18,4.3206
6760.34,4.20769
6770.44,4.10027
6780.52,3.93544
6790.68,3.69898
6800.78,3.51049
6810.85,3.32426
6821.02,3.17712
6831.12,3.00674
6841.19,2.83689
6851.31,2.68638
6861.41,2.66679
6871.48,2.64912
6881.63,2.68143
6891.72,2.67002
6901.76,2.66091
6911.94,2.60833
6922.04,2.61522
6932.11,2.62209
6942.27,2.63312
6952.37,2.67178
6962.44,2.71017
6972.58,2.75486
6982.68,2.71104
6992.75,2.66679
7002.9,2.69801
7013,2.78875
7023.07,2.88097
7033.22,2.90182
7043.31,2.86162
7053.39,2.82084
7063.54,2.80191
7073.64,2.83689
7083.71,2.87226
7093.87,2.91957
7103.96,2.94386
7114.03,2.93694
7124.18,2.92974
7134.27,2.93428
7144.35,2.93907
7154.5,2.94386
7164.6,2.92974
7174.67,2.89912
7184.84,2.8679
7194.93,2.85477
7205,2.85997
7215.16,2.86599
7225.25,2.88721
7235.33,2.8638
7245.48,2.84103
7255.58,2.76082
7265.65,2.71911
7275.79,2.67734
7285.89,2.67383
7295.96,2.6346
7306.13,2.59569
7316.22,2.60562
7326.29,2.63074
7336.46,2.6565
7346.55,2.57693
7356.62,2.51949
7366.77,2.46547
7376.88,2.43223
7386.95,2.47624
7397.11,2.52135
7407.22,2.63371
7417.29,2.65502
7427.45,2.67763
7437.56,2.57571
7447.63,2.45784
7457.77,2.34139
7467.89,2.32596
7477.96,2.3897
7488.12,2.45529
7498.23,2.48917
7508.31,2.45879
7518.58,2.42901
7528.68,2.3597
7538.76,2.32932
7548.89,2.29956
7558.98,2.32091
7569.05,2.33637
7579.15,2.35206
7589.26,2.35339
7599.33,2.34105
7609.42,2.33033
7619.53,2.33871
7629.62,2.35605
7639.73,2.34706
7649.86,2.33905
7659.97,2.31449
7670.07,2.32091
7680.2,2.33704
7690.29,2.41252
7700.41,2.52383
7710.53,2.63727
7720.63,2.74004
7730.75,2.83634
7740.88,2.94147
7750.98,3.044
7761.1,3.13496
7771.23,3.23402
7781.33,3.34936
7791.46,3.46989
7801.61,3.59292
7811.71,3.7287
7821.83,3.87348
7831.97,4.01967
7842.06,4.20025
7852.18,4.42516
7862.32,4.65535
7872.41,4.85539
7882.53,5.01654
7892.67,5.17828
7902.77,5.36351
7912.89,5.60479
7923.02,5.84765
7933.12,6.10382
7943.24,6.33091
7953.38,6.55885
7963.47,6.72021
7973.6,6.91797
7983.74,7.11784
7993.84,7.39088
8003.97,7.69461
8014.09,7.99858
8024.19,8.26627
8034.31,8.55006
8044.43,8.87883
8054.53,9.20754
8064.69,9.54466
8074.81,9.86307
8084.9,10.1811
8095.02,10.4769
8105.15,10.7957
8115.24,11.1146
8125.36,11.4476
8135.5,11.7858
8145.6,12.1235
8155.72,12.4284
8165.86,12.7102
8175.95,12.9912
8186.07,13.2726
8196.21,13.5626
8206.3,13.8524
8216.42,14.1497
8226.55,14.427
8236.7,14.7062
8246.85,14.9804
8257.02,15.2456
8267.12,15.5127
8277.24,15.7486
8287.37,15.969
8297.47,16.1943
8307.58,16.468
8317.73,16.7787
8327.82,17.0943
8337.94,17.2681
8348.08,17.5787
8358.17,17.8887
8368.3,18.1923
8378.43,18.4956
8388.53,18.8586
8398.64,19.2227
8408.77,19.6105
8418.87,19.9941
8428.98,20.3777
8439.1,20.7799
8449.2,21.1624
8459.31,21.5448
8469.44,21.903
8479.53,22.2536
8489.65,22.6043
8499.78,22.9648
8509.87,23.3218
8519.99,23.6789
8530.12,24.0394
8540.21,24.4178
8550.32,24.7961
8560.45,25.2084
8570.54,25.6163
8580.66,26.0241
8590.79,26.4003
8600.89,26.7791
8611.01,27.1583
8621.14,27.5692
8631.24,28.0149
8641.35,28.4611
8651.48,28.901
8661.58,29.3018
8671.69,29.7028
8681.83,30.1255
8691.92,30.573
8702.04,31.0208
8712.2,31.4727
8722.29,31.8903
8732.4,32.285
8742.55,32.6812
8752.64,33.0692
8762.75,33.457
8772.89,33.8328
8782.99,34.1566
8793.1,34.4461
8803.24,34.7367
8813.33,35.0473
8823.45,35.3996
8833.59,35.7532
8843.69,36.1643
8853.8,36.6005
8863.93,37.038
8874.02,37.4831
8884.13,37.9437
8894.27,38.4061
8904.36,38.8548
8914.48,39.2687
8924.62,39.6835
8934.71,40.0914
8944.83,40.4849
8954.97,40.8795
8965.06,41.2732
8975.18,41.6772
8985.32,42.0825
8995.41,42.4785
9005.67,42.8643
9015.85,43.2485
9026.02,43.6126
9036.15,43.974
9046.32,44.3366
9056.48,44.7195
9066.61,45.1039
9076.76,45.4891
9086.87,45.8595
9097,46.1994
9107.14,46.5407
9117.24,46.8706
9127.37,47.2183
9137.51,47.5717
9147.65,47.9253
9157.78,48.2741
9167.91,48.6114
9178.01,48.948
9188.14,49.2842
9198.27,49.6338
9208.37,49.9829
9218.56,50.3335
9228.71,50.676
9238.81,51.0176
9248.95,51.3658
9259.09,51.7274
9269.19,52.0876
9279.32,52.4385
9289.48,52.7717
9299.57,53.1039
9309.71,53.4446
9319.86,53.7953
9329.96,54.1448
9340.09,54.4954
9350.24,54.8496
9360.33,55.2028
9370.47,55.5562
9380.62,55.9052
9390.71,56.2531
9400.84,56.5885
9410.99,56.9231
9421.09,57.2565
9431.23,57.5769
9441.38,57.873
9451.48,58.1682
9461.61,58.4859
9471.76,58.8544
9481.86,59.2216
9491.98,59.5956
9502.14,59.9569
9512.25,60.3448
9522.38,60.7326
9532.53,61.1625
9542.63,61.6045
9552.76,62.0468
9562.92,62.4691
9573.02,62.9005
9583.16,63.3322
9593.32,63.7778
9603.42,64.197
9613.56,64.6167
9623.72,65.0048
9633.82,65.3883
9643.96,65.7718
9654.11,66.1924
9664.21,66.6237
9674.35,67.0557
9684.5,67.455
9694.61,67.8333
9704.75,68.2118
9714.91,68.6146
9725.01,69.0049
9735.15,69.3954
9745.32,69.7715
9755.42,70.1282
9765.55,70.4848
9775.7,70.8398
9785.79,71.2016
9795.93,71.5636
9806.09,71.9237
9816.19,72.2702
9826.33,72.6346
9836.49,73.0007
9846.59,73.3692
9856.73,73.7038
9866.87,74.0393
9876.97,74.3635
9887.1,74.7083
9897.26,75.0547
9907.36,75.3869
9917.5,75.6842
9927.66,75.9829
9937.76,76.284
9947.9,76.5977
9958.06,76.913
9968.16,77.1962
9978.3,77.4467
9988.46,77.6983
9998.61,77.982
10008.7,78.2768
10018.9,78.5726
10029,78.8449
10039.2,79.0987
10049.3,79.3531
10059.4,79.6304
10069.6,79.9182
10079.7,80.2072
10089.8,80.4821
10099.9,80.7606
10110.1,81.0525
10120.2,81.3446
10130.3,81.6597
10140.5,81.9796
10150.6,82.2922
10160.7,82.6018
10170.8,82.945
10180.9,83.2882
10191.1,83.6557
10201.2,84.0038
10211.3,84.3519
10221.4,84.6739
10231.6,84.9667
10241.7,85.2589
10251.8,85.5321
10261.9,85.8303
10272,86.1277
10282.2,86.452
10292.3,86.763
10302.4,87.0725
10312.5,87.3647
10322.7,87.6606
10332.8,87.9551
10342.9,88.241
10353.1,88.5015
10363.2,88.761
10373.3,89.0016
10383.5,89.2424
10393.6,89.483
10403.7,89.7113
10413.9,89.9283
10424,90.1443
10434.1,90.3694
10444.2,90.5761
10454.3,90.7819
10464.5,90.9506
10474.6,91.1278
10484.7,91.3042
10494.9,91.5126
10505,91.7276
10515.1,91.908
10525.3,92.0885
10535.4,92.2586
10545.5,92.4402
10555.7,92.622
10565.8,92.8436
10575.9,93.1396
10586.1,93.4378
10596.2,93.7677
10606.3,94.0698
10616.5,94.3723
10626.6,94.6395
10636.7,94.8851
10646.9,95.131
10657.1,95.331
10667.2,95.4749
10677.3,95.6186
10687.5,95.7445
10697.6,95.8546
10707.7,95.9647
10717.9,96.0657
10728,96.1426
10738.1,96.2194
10748.3,96.2772
10758.4,96.3367
10768.5,96.3963
10778.7,96.439
10788.8,96.4783
10798.9,96.5177
10809.1,96.5342
10819.2,96.5127
10829.3,96.4913
10839.5,96.436
10849.6,96.3402
10859.7,96.2446
10869.8,96.1633
10879.9,96.1217
10890,96.0798
10900.2,96.0027
10910.2,95.8965
10920.4,95.796
10930.5,95.6955
10940.5,95.5944
10950.7,95.4833
10960.8,95.3721
10970.9,95.262
10981,95.1123
10991.2,94.9617
11001.3,94.7807
11011.4,94.5909
11021.6,94.4003
11031.7,94.2044
11041.8,93.98
11052,93.7545
11062.1,93.498
11072.2,93.221
11082.4,92.9425
11092.5,92.6863
11102.6,92.4385
11112.8,92.1896
11122.9,91.8858
11133,91.5216
11143.2,91.1553
11153.3,90.7934
11163.4,90.4361
11173.6,90.0774
11183.7,89.6802
11193.8,89.2683
11204,88.8543
11214.1,88.4471
11224.2,88.0368
11234.3,87.6016
11244.4,87.1679
11254.6,86.7632
11264.7,86.4093
11274.8,86.0559
11285,85.7355
11295.1,85.367
11305.2,84.9997
11315.3,84.5188
11325.5,84.0266
11335.6,83.536
11345.7,83.1086
11355.8,82.7097
11366,82.3129
11376.1,81.8842
11386.2,81.4263
11396.3,80.9702
11406.5,80.5356
11416.6,80.123
11426.7,79.7116
11436.8,79.3107
11447,78.9166
11457.1,78.5244
11467.2,78.1146
11477.4,77.6732
11487.5,77.234
11497.6,76.7619
11507.8,76.304
11517.9,75.8487
11528,75.449
11538.2,75.0469
11548.3,74.6467
11558.4,74.1885
11568.6,73.6948
11578.7,73.2033
11588.9,72.7119
11599,72.2454
11609.1,71.7968
11619.3,71.3486
11629.4,70.8983
11639.5,70.4496
11649.6,70.0103
11659.8,69.5712
11669.9,69.1259
11680,68.681
11690.2,68.202
11700.3,67.7106
11710.4,67.2199
11720.6,66.7479
11730.7,66.3271
11740.8,65.9064
11751,65.4923
11761.1,65.0052
11771.2,64.5189
11781.4,63.9836
11791.5,63.4869
11801.6,62.9904
11811.7,62.5514
11821.8,62.1113
11832,61.6714
11842.1,61.1522
11852.2,60.6049
11862.4,60.0579
11872.5,59.5339
11882.6,59.0376
11892.8,58.5398
11903,58.0403
11913.1,57.5585
11923.2,57.1302
11933.4,56.7005
11943.5,56.2924
11953.6,55.8897
11963.8,55.4856
11973.9,55.0704
11984.1,54.6485
11994.2,54.2256
12004.3,53.813
12014.5,53.3798
12024.7,52.9449
12034.8,52.516
12044.9,52.0867
12055.1,51.6557
12065.2,51.1941
12075.4,50.7117
12085.5,50.2281
12095.7,49.7192
12105.8,49.2346
12116,48.7483
12126.1,48.3191
12136.3,47.9044
12146.5,47.4884
12156.6,47.0346
12166.8,46.5697
12177,46.1045
12187.1,45.64
12197.2,45.1891
12207.4,44.7371
12217.5,44.3051
12227.7,43.8961
12237.8,43.4742
12247.9,43.0534
12258.1,42.5897
12268.2,42.1355
12278.3,41.683
12288.5,41.2611
12298.7,40.8532
12308.8,40.4488
12318.9,40.0351
12329.1,39.5234
12339.2,39.0135
12349.4,38.5606
12359.5,38.0893
12369.6,37.6194
12379.8,37.1763
12390,36.7327
12400.1,36.2914
12410.2,35.7883
12420.4,35.3026
12430.5,34.8197
12440.6,34.4117
12450.8,34.05
12460.9,33.6904
12471.1,33.2944
12481.3,32.8477
12491.4,32.4039
12501.5,31.9453
12511.7,31.5168
12521.8,31.0911
12532,30.6837
12542.2,30.2233
12552.3,29.7678
12562.4,29.3112
12572.6,28.8548
12582.7,28.4263
12592.9,27.9969
12603.1,27.5494
12613.2,27.1043
12623.4,26.6702
12633.6,26.2532
12643.7,25.8395
12653.8,25.4252
12664,25.009
12674.1,24.603
12684.3,24.1961
12694.5,23.8061
12704.6,23.4255
12714.7,23.044
12724.9,22.6458
12735,22.2428
12745.2,21.8389
12755.3,21.4373
12765.4,21.0652
12775.6,20.6932
12785.8,20.2821
12795.9,19.8669
12806.1,19.4523
12816.3,19.0745
12826.4,18.736
12836.5,18.3981
12846.7,18.0471
12856.8,17.6485
12867,17.255
12877.1,16.8627
12887.2,16.4991
12897.4,16.1867
12907.6,15.8744
12917.7,15.5555
12927.8,15.1989
12938,14.8417
12948.1,14.509
12958.3,14.198
12968.4,13.8862
12978.5,13.5693
12988.7,13.2519
12998.9,12.9331
13009,12.6193
13019.1,12.3043
13029.3,11.9881
13039.4,11.674
13049.5,11.3612
13059.7,11.0475
13069.8,10.7486
13079.9,10.314
13090.1,9.88069
13100.2,9.62738
13110.4,9.26548
13120.5,8.90227
13130.6,8.46229
13140.8,8.14031
13151,7.82743
13161.1,7.59833
13171.2,7.37815
13181.4,7.20272
13191.5,7.02837
13201.7,6.85999
13211.8,6.66345
13221.9,6.47159
13232.1,6.255
13242.2,6.01153
13252.3,5.77014
13262.5,5.56287
13272.6,5.37678
13282.7,5.19172
13292.9,5.0142
13303.1,4.84376
13313.2,4.68001
13323.3,4.5025
13333.5,4.30426
13343.6,4.10771
13353.7,3.92727
13363.9,3.73562
13374,3.55524
13384.2,3.37288
13394.4,3.21484
13404.5,3.06144
13414.6,2.95898
13424.8,2.84158
13434.9,2.72974
13445.1,2.61312
13455.2,2.47814
13465.3,2.34906
13475.5,2.24827
13485.6,2.17465
13495.7,2.11072
13505.9,2.08648
13516.1,2.06043
13526.2,2.04633
13536.4,2.03328
13546.5,2.06764
13556.6,2.1059
13566.8,2.1196
13577,2.1504
13587.1,2.14092
13597.2,2.13286
13607.4,2.10143
13617.5,2.0752
13627.7,2.05015
13637.9,2.02054
13648,1.99206
13658.2,1.96476
13668.3,1.96157
13678.4,1.91391
13688.6,1.86796
13698.8,1.83712
13708.9,1.85872
13719,1.8809
13729.2,1.92532
13739.3,1.9306
13749.4,1.93465
13759.6,1.86838
13769.7,1.83967
13779.8,1.81224
13790,1.83029
13800.1,1.84731
13810.2,1.86544
13820.4,1.82858
13830.5,1.79139
13840.6,1.81094
13850.8,1.83157
13860.9,1.86418
13871.1,1.8625
13881.3,1.86082
13891.4,1.85535
13901.5,1.88755
13911.7,1.92044
13921.8,1.96037
13931.9,1.94273
13942.1,1.92654
13952.2,1.88962
13962.4,1.90036
13972.5,1.91145
13982.6,1.94152
13992.8,1.94796
14002.9,1.95437
14013.1,1.94031
14023.3,1.92695
14033.6,1.93829
14043.9,1.96675
14054.1,1.95878
14064.3,1.95117
14074.4,1.90653
14084.6,1.88921
14094.8,1.87089
14104.9,1.90201
14115,1.92735
14125.2,1.90489
14135.3,1.88174
14145.5,1.8337
14155.6,1.78657
14165.7,1.77779
14175.9,1.79401
14186.1,1.79662
14196.2,1.8001
14206.4,1.78745
14216.5,1.75296
14226.6,1.72006
14236.9,1.6814
14247,1.69531
14257.1,1.7091
14267.3,1.73816
14277.4,1.74131
14287.5,1.74804
14297.8,1.72596
14307.9,1.74401
14318,1.77073
14328.2,1.82128
14338.3,1.87215
14348.4,1.92776
14358.6,1.98813
14368.8,2.049
14378.8,2.12256
14389.1,2.21424
14399.2,2.32158
14409.3,2.43126
14419.5,2.54514
14429.6,2.67148
14439.7,2.80805
14449.9,2.95024
14460.1,3.08487
14470.1,3.24996
14480.3,3.42081
14490.5,3.62653
14500.5,3.84101
14510.8,4.06037
14520.9,4.28275
14531,4.50389
14541.2,4.72993
14551.4,4.95072
14561.4,5.16222
14571.7,5.37809
14581.8,5.6108
14591.9,5.83706
14602.1,6.06612
14612.2,6.2917
14622.3,6.50659
14632.6,6.72556
14642.7,6.95264
14652.7,7.18977
14663,7.42977
14673.1,7.69807
14683.2,7.97966
14693.4,8.26428
14703.5,8.54896
14713.6,8.83416
14723.8,9.12205
14734,9.41206
14744.1,9.74557
14754.2,10.0809
14764.4,10.4111
14774.5,10.7273
14784.7,11.0449
14794.9,11.3594
14805,11.6739
14815.1,11.9955
14825.3,12.3188
14835.4,12.6143
14845.5,12.8968
14855.7,13.1809
14865.8,13.4908
14876,13.8216
14886.1,14.1537
14896.2,14.4758
14906.4,14.8033
14916.6,15.1323
14926.7,15.4776
14936.8,15.774
14947,16.0717
14957.1,16.5627
14967.3,16.8095
14977.5,17.0571
14987.6,17.2908
14997.7,17.6137
15007.9,17.938
15018,18.2684
15028.2,18.6381
15038.4,19.009
15048.5,19.4154
15058.7,19.8281
15068.8,20.2421
15078.9,20.6439
15089.1,21.0392
15099.2,21.4359
15109.3,21.7996
15119.5,22.1677
15129.6,22.5362
15139.7,22.9337
15149.9,23.3547
15160,23.7588
15170.2,24.162
15180.3,24.575
15190.5,24.9818
15200.6,25.3878
15210.8,25.8388
15221,26.3019
15231.2,26.7624
15241.3,27.1996
15251.6,27.6336
15261.7,28.0651
15271.8,28.4697
15282.1,28.8762
15292.2,29.2801
15302.4,29.7018
15312.5,30.1396
15322.7,30.5774
15332.8,31.0135
15343.1,31.4481
15353.2,31.8793
15363.3,32.3211
15373.6,32.7743
15383.7,33.2363
15393.9,33.6975
15404.1,34.1792
15414.3,34.6749
15424.4,35.1696
15434.7,35.6544
15444.8,36.1048
15454.9,36.5547
15465.2,37.0265
15475.3,37.5087
15485.4,37.9902
15495.7,38.52
15505.8,39.0805
15516,39.6401
15526.2,40.1868
15536.4,40.6936
15546.5,41.1997
15556.8,41.6785
15566.9,42.1603
15577,42.6404
15587.3,43.1334
15597.4,43.5942
15607.6,44.0494
15617.8,44.5096
15627.9,44.9964
15638.1,45.4951
15648.3,45.999
15658.4,46.4991
15668.6,46.9833
15678.8,47.4725
15688.9,47.962
15699.1,48.452
15709.3,48.946
15719.4,49.4181
15729.5,49.8819
15739.8,50.3499
15749.9,50.8248
15760.1,51.3345
15770.3,51.8486
15780.4,52.3709
15790.5,52.9068
15800.8,53.4492
15810.9,53.9696
15821.1,54.4258
15831.3,54.8876
15841.5,55.3472
15851.6,55.7983
15861.8,56.2503
15871.9,56.6537
15882.1,57.0335
15892.3,57.4161
15902.4,57.8099
15912.6,58.2074
15922.8,58.5894
15932.9,58.9711
15943.1,59.3194
15953.3,59.6719
15963.4,60.0239
15973.5,60.4099
15983.7,60.8003
15993.9,61.1892
16004,61.5398
16014.2,61.871
16024.3,62.2013
16034.5,62.5389
16044.7,62.884
16054.9,63.2272
16065,63.5097
16075.3,63.7823
16085.4,64.0535
16095.5,64.3607
16105.8,64.6916
16115.9,65.021
16126.1,65.319
16136.3,65.5766
16146.5,65.8327
16156.6,66.0882
16166.9,66.3719
16177,66.6536
16187.1,66.9503
16197.4,67.2431
16207.5,67.5343
16217.7,67.8167
16227.9,68.1066
16238,68.4052
16248.2,68.7036
16258.4,69.0222
16268.6,69.357
16278.8,69.689
16289,70.0385
16299.1,70.3681
16309.3,70.6971
16319.5,70.9878
16329.6,71.2769
16339.8,71.5653
16350,71.8885
16360.1,72.1902
16370.3,72.4917
16380.5,72.7316
16390.6,72.9688
16400.8,73.2058
16411,73.4857
16421.2,73.7892
16431.3,74.0922
16441.6,74.3933
16451.7,74.6607
16461.8,74.9132
16472.1,75.1679
16482.2,75.4223
16492.4,75.6761
16502.6,75.9099
16512.7,76.1199
16522.9,76.3339
16533.1,76.5499
16543.3,76.7816
16553.4,76.9956
16563.7,77.2115
16573.8,77.4201
16583.9,77.6378
16594.1,77.8563
16604.3,78.0665
16614.4,78.2691
16624.7,78.4737
16634.8,78.7016
16645,78.9407
16655.2,79.1813
16665.3,79.4127
16675.5,79.6412
16685.7,79.8714
16695.9,80.1107
16706,80.3609
16716.3,80.6131
16726.4,80.8598
16736.6,81.0882
16746.8,81.3184
16756.9,81.548
16767,81.7931
16777.3,82.0491
16787.4,82.3045
16797.5,82.5289
16807.7,82.7219
16817.9,82.9144
16828,83.1023
16838.3,83.2894
16848.4,83.4757
16858.6,83.6642
16868.8,83.8851
16878.9,84.1052
16889.1,84.3328
16899.3,84.5576
16909.4,84.7822
16919.6,85.0153
16929.8,85.2508
16939.9,85.4865
16950.1,85.7071
16960.3,85.9293
16970.4,86.1509
16980.6,86.3618
16990.8,86.5586
17000.9,86.7407
17011.1,86.9223
17021.3,87.1004
17031.5,87.2778
17041.6,87.4437
17051.9,87.6001
17062,87.7493
17072.1,87.8984
17082.4,88.0373
17092.5,88.1561
17102.7,88.2747
17112.9,88.3822
17123.1,88.5051
17133.2,88.6277
17143.5,88.7553
17153.6,88.8554
17163.8,88.9554
17174,89.0471
17184.2,89.1476
17194.3,89.248
17204.5,89.3505
17214.7,89.4367
17224.8,89.5227
17235.1,89.5985
17245.2,89.6713
17255.4,89.7441
17265.6,89.8395
17275.8,89.9337
17285.9,90.0042
17296.1,90.0751
17306.3,90.1213
17316.4,90.1533
17326.7,90.1856
17336.8,90.2016
17347,90.2082
17357.2,90.2149
17367.3,90.2184
17377.5,90.217
17387.7,90.2157
17397.9,90.226
17408,90.2506
17418.3,90.2754
17428.4,90.2983
17438.6,90.3013
17448.8,90.3044
17458.9,90.2877
17469.1,90.248
17479.3,90.208
17489.4,90.1779
17499.6,90.1729
17509.8,90.1679
17519.9,90.1646
17530.1,90.1186
17540.3,90.0724
17550.4,90.0064
17560.6,89.959
17570.8,89.9117
17580.9,89.8844
17591.1,89.8424
17601.2,89.8004
17611.4,89.7432
17621.5,89.6946
17631.7,89.6712
17641.9,89.6479
17652,89.6336
17662.2,89.5997
17672.4,89.5659
17682.5,89.533
17692.7,89.5102
17702.9,89.4875
17713,89.4632
17723.3,89.42
17733.4,89.3772
17743.6,89.3415
17753.8,89.3231
17764,89.3048
17774.1,89.2762
17784.4,89.2122
17794.6,89.1488
17804.7,89.0852
17814.9,89.0227
17825,88.9603
17835.2,88.8924
17845.4,88.8331
17855.6,88.7692
17865.7,88.7055
17875.9,88.615
17886.1,88.5079
17896.2,88.4011
17906.5,88.2922
17916.6,88.1802
17926.8,88.0686
17937,87.9275
17947.1,87.761
17957.3,87.5942
17967.4,87.436
17977.5,87.2663
17987.7,87.0952
17997.8,86.9009
18007.9,86.7002
18018.1,86.4979
18028.2,86.3022
18038.3,86.0817
18048.4,85.8606
18058.6,85.6245
18068.8,85.3971
18078.9,85.1703
18089.2,84.9301
18099.3,84.6721
18109.4,84.4148
18119.6,84.1055
18129.8,83.7388
18139.9,83.3568
18150.1,82.9723
18160.3,82.6142
18170.4,82.2869
18180.7,81.9579
18190.8,81.6059
18200.9,81.2477
18211.2,80.8874
18221.3,80.5608
18231.4,80.2474
18241.7,79.9314
18251.8,79.5992
18262,79.2533
18272.2,78.9047
18282.4,78.5695
18292.5,78.2554
18302.8,77.9387
18312.9,77.6144
18323.1,77.2484
18333.3,76.8795
18343.4,76.5239
18353.6,76.209
18363.8,75.8914
18374,75.5743
18384.1,75.2291
18394.4,74.8811
18404.5,74.5269
18414.7,74.2035
18424.9,73.8846
18435,73.5663
18445.2,73.2276
18455.4,72.8794
18465.5,72.532
18475.7,72.2077
18485.9,71.9289
18496,71.6498
18506.2,71.3744
18516.4,71.0587
18526.5,70.7431
18536.6,70.4109
18546.8,70.0982
18557,69.7862
18567.1,69.4961
18577.4,69.1996
18587.5,68.9044
18597.6,68.6431
18607.9,68.4105
18618,68.1792
18628.2,67.9061
18638.4,67.6051
18648.6,67.3055
18658.7,67.0322
18668.9,66.7973
18679.1,66.5612
18689.2,66.3259
18699.4,66.0404
18709.5,65.7554
18719.7,65.4363
18729.9,65.1503
18740.1,64.9114
18750.2,64.6733
18760.4,64.3927
18770.6,64.0263
18780.7,63.6608
18791,63.2874
18801.1,62.9381
18811.2,62.5892
18821.5,62.2507
18831.6,61.9259
18841.8,61.6018
18852,61.294
18862.2,61.005
18872.3,60.7169
18882.6,60.4036
18892.7,60.0371
18902.8,59.6714
18913.1,59.2944
18923.2,58.9543
18933.4,58.6461
18943.6,58.3354
18953.7,57.9703
18963.9,57.6067
18974.1,57.1444
18984.3,56.7004
18994.4,56.3286
19004.7,55.9531
19014.8,55.6024
19025,55.2518
19035.3,54.9072
19045.5,54.6029
19055.8,54.3334
19066,54.0658
19076.1,53.7872
19086.3,53.4647
19096.5,53.1401
19106.6,52.772
19116.8,52.3905
19127,52.0058
19137.2,51.6575
19147.3,51.311
19157.6,50.9619
19167.7,50.5808
19177.8,50.2
19188.1,49.8161
19198.2,49.4408
19208.3,49.0729
19218.6,48.713
19228.7,48.3556
19238.8,47.9874
19249,47.6049
19259.1,47.2225
19269.3,46.8148
19279.5,46.4322
19289.6,46.0495
19299.7,45.6875
19309.9,45.3022
19320.1,44.9187
19330.2,44.5336
19340.4,44.1723
19350.6,43.8129
19360.7,43.4966
19370.9,43.1484
19381.1,42.8025
19391.2,42.4071
19401.5,42.0253
19411.6,41.6461
19421.7,41.3134
19432,40.9853
19442.1,40.6597
19452.3,40.2907
19462.5,39.905
19472.7,39.5226
19482.8,39.2082
19493.1,38.919
19503.2,38.6322
19513.3,38.2585
19523.6,37.9139
19533.7,37.5004
19543.9,37.0882
19554.1,36.7182
19564.2,36.366
19574.4,36.0148
19584.7,35.615
19594.8,35.1986
19604.9,34.7842
19615.2,34.3839
19625.3,34.0026
19635.5,33.6213
19645.7,33.2406
19655.9,32.8429
19666.1,32.4463
19676.3,32.0496
19686.4,31.673
19696.6,31.2972
19706.8,30.921
19716.9,30.5284
19727.1,30.1365
19737.3,29.7495
19747.4,29.3693
19757.5,28.9897
19767.7,28.6257
19777.8,28.2635
19788,27.9023
19798.1,27.522
19808.3,27.1466
19818.4,26.7755
19828.6,26.4008
19838.8,26.0425
19848.9,25.6938
19859.1,25.344
19869.2,24.9702
19879.3,24.5901
19889.5,24.2089
19899.6,23.8175
19909.7,23.4432
19919.9,23.068
19930,22.708
19940.1,22.3637
19950.3,22.0177
19960.4,21.6952
19970.6,21.3865
19980.8,21.0786
19990.9,20.7853
20001,20.4968
20011.2,20.2074
20021.3,19.9208
20031.5,19.6185
20041.6,19.3158
20051.8,19.0272
20061.9,18.7517
20072.1,18.475
20082.2,18.2009
20092.3,17.9082
20102.5,17.5826
20112.6,17.2567
20122.8,16.9284
20132.9,16.6235
20143,16.3196
20153.2,16.0127
20163.3,15.6882
20173.4,15.3634
20183.6,15.0331
20193.7,14.7141
20203.9,14.3956
20214,14.0995
20224.1,13.8105
20234.3,13.5229
20244.4,13.2256
20254.5,12.9263
20264.7,12.6275
20274.8,12.3538
20285,12.1067
20295.1,11.8616
20305.2,11.6388
20315.4,11.4115
20325.5,11.1851
20335.7,10.9428
20345.8,10.6847
20356,10.4277
20366.1,10.176
20376.3,9.95496
20386.4,9.73495
20396.6,9.37243
20406.7,9.16198
20416.9,8.95299
20427,8.64555
20437.2,8.31898
20447.3,7.97269
20457.4,7.62929
20467.6,7.35103
20477.7,7.12202
20487.8,6.89302
20498,6.68387
20508.1,6.45487
20518.2,6.22627
20528.4,6.02272
20538.6,5.81084
20548.7,5.59976
20558.9,5.38653
20569,5.16344
20579.1,4.94153
20589.3,4.69487
20599.4,4.48421
20609.5,4.27488
20619.7,4.08823
20629.8,3.91689
20639.9,3.74797
20650.1,3.5537
20660.2,3.36754
20670.4,3.18377
20680.5,3.0337
20690.7,2.87008
20700.8,2.71104
20711,2.57176
20721.1,2.44122
20731.2,2.31719
20741.4,2.23465
20751.5,2.13835
20761.7,2.05701
20771.8,1.98694
20782,1.94111
20792.1,1.88797
20802.3,1.84222
20812.4,1.79619
20822.5,1.74625
20832.7,1.69992
20842.9,1.67487
20853,1.66126
20863.2,1.64896
20873.3,1.62795
20883.4,1.60128
20893.6,1.57665
20903.8,1.55667
20913.9,1.55113
20924.1,1.54709
20934.2,1.55113
20944.3,1.55163
20954.5,1.55365
20964.7,1.54202
20974.8,1.5262
20985,1.51022
20995.1,1.50295
21005.2,-1.50555
21015.4,-1.50867
21025.5,-1.50191
21035.6,-1.48566
21045.8,-1.47296
21055.9,-1.46069
21066.1,-1.46337
21076.2,-1.48197
21086.4,-1.50191
21096.5,-1.52415
21106.6,-1.52004
21116.8,-1.51849
21126.9,-1.51798
21137.1,-1.5349
21147.2,-1.55768
21157.4,-1.57268
21167.5,-1.58902
21177.7,-1.60714
21187.8,-1.61782
21198,-1.60957
21208.1,-1.60373
21218.2,-1.59
21228.4,-1.56719
21238.6,-1.54354
21248.7,-1.53132
21258.8,-1.52518
21269,-1.52004
21279.1,-1.52364
21289.2,-1.53439
21299.3,-1.55062
21309.4,-1.54557
21319.5,-1.53541
21329.6,-1.52672
21339.7,-1.52825
21349.8,-1.53643
21359.9,-1.54506
21369.9,-1.54303
21380,-1.51126
21390.1,-1.4904
21400.2,-1.50763
21410.4,1.55768
21420.5,1.55667
21430.6,1.56269
21440.8,1.55566
21451,1.55818
21461.1,1.56869
21471.2,1.58112
21481.4,1.612
21491.5,1.64564
21501.6,1.69161
21511.8,1.73094
21521.9,1.77426
21532.1,1.79226
21542.2,1.81008
21552.3,1.82772
21562.5,1.86922
21572.6,1.95117
21582.7,2.03713
21592.9,2.09584
21603.1,2.13065
21613.2,2.16997
21623.4,2.19079
21633.5,2.25314
21643.6,2.31888
21653.8,2.44058
21663.9,2.59267
21674,2.74974
21684.2,2.86572
21694.4,2.97297
21704.5,3.08284
21714.6,3.22262
21724.8,3.36847
21734.9,3.51517
21745.1,3.67946
21755.2,3.85931
21765.3,4.04007
21775.5,4.22422
21785.6,4.42321
21795.7,4.63749
21805.9,4.85555
21816,5.0599
21826.2,5.24946
21836.3,5.44235
21846.5,5.65195
21856.6,5.88741
21866.8,6.12559
21876.9,6.39049
21887,6.65427
21897.2,6.92001
21907.3,7.18137
21917.4,7.41849
21927.6,7.65778
21937.8,7.87701
21947.9,8.1277
21958.1,8.38024
21968.2,8.6782
21978.3,8.9676
21988.6,9.26032
21998.7,9.54219
22008.8,9.81097
22019,10.0807
22029.1,10.3512
22039.2,10.6103
22049.4,10.8702
22059.6,11.1199
22069.7,11.3889
22079.8,11.6582
22090,11.9473
22100.1,12.2433
22110.3,12.4933
22120.4,12.7446
22130.5,12.9505
22140.7,13.1887
22150.8,13.4286
22160.9,13.7044
22171.1,14.0114
22181.2,14.3191
22191.3,14.5823
22201.5,14.837
22211.6,15.0942
22221.7,15.3839
22231.9,15.646
22242,15.9085
22252.2,16.1528
22262.3,16.4512
22272.5,16.7524
22282.6,16.9523
22292.8,17.2588
22302.9,17.5668
22313,17.8193
22323.2,18.0084
22333.4,18.199
22343.5,18.4298
22353.7,18.7254
22363.8,19.0212
22373.9,19.3596
22384.1,19.6361
22394.2,19.8479
22404.4,20.0677
22414.5,20.3153
22424.7,20.6138
22434.8,20.9167
22444.9,21.2482
22455.1,21.5644
22465.2,21.8807
22475.4,22.1928
22485.5,22.5076
22495.6,22.8219
22505.8,23.1321
22515.9,23.4221
22526.1,23.7115
22536.2,23.9845
22546.4,24.2797
22556.5,24.5743
22566.6,24.8962
22576.8,25.204
22586.9,25.5111
22597.1,25.8226
22607.2,26.1316
22617.3,26.4397
22627.5,26.761
22637.6,27.0845
22647.7,27.407
22657.9,27.7447
22668,28.0769
22678.1,28.4089
22688.3,28.7379
22698.4,29.0464
22708.5,29.3547
22718.7,29.6716
22728.8,30.0164
22739,30.3852
22749.1,30.7548
22759.3,31.11
22769.4,31.4428
22779.6,31.7766
22789.7,32.1277
22799.8,32.4744
22810,32.8222
22820.1,33.1715
22830.2,33.5197
22840.4,33.8692
22850.5,34.1982
22860.6,34.5446
22870.8,34.8927
22880.9,35.2728
22891,35.6616
22901.2,36.0519
22911.4,36.4274
22921.5,36.7904
22931.6,37.1547
22941.8,37.4989
22951.9,37.8531
22962.1,38.2091
22972.2,38.5989
22982.3,39.0015
22992.5,39.4059
23002.6,39.7914
23012.7,40.1684
23022.9,40.547
23033,40.9261
23043.1,41.2948
23053.3,41.6634
23063.4,42.0113
23073.5,42.3569
23083.7,42.703
23093.8,43.0604
23103.9,43.4219
23114,43.7738
23124.2,44.1257
23134.3,44.4754
23144.4,44.8338
23154.6,45.194
23164.7,45.5849
23174.8,45.9876
23185,46.3921
23195.1,46.7749
23205.2,47.1699
23215.4,47.5661
23225.5,47.9756
23235.7,48.4025
23245.8,48.8281
23255.9,49.2853
23266.1,49.7723
23276.2,50.2613
23286.3,50.686
23296.5,51.0466
23306.6,51.4064
23316.7,51.7621
23326.9,52.1385
23337.1,52.5141
23347.2,52.8471
23357.4,53.1541
23367.5,53.4613
23377.6,53.7823
23387.8,54.1269
23398,54.4405
23408.1,54.7531
23418.2,55.042
23428.4,55.3551
23438.5,55.6673
23448.7,55.9966
23458.8,56.3192
23468.9,56.6404
23479.1,56.9368
23489.2,57.2257
23499.3,57.5141
23509.5,57.8278
23519.6,58.1709
23529.7,58.5129
23539.9,58.8671
23550,59.2254
23560.1,59.5827
23570.3,59.923
23580.4,60.2726
23590.5,60.6218
23600.7,60.9834
23610.8,61.3225
23620.9,61.66
23631.1,61.9687
23641.2,62.2789
23651.3,62.5885
23661.5,62.9136
23671.6,63.2382
23681.7,63.5619
23691.9,63.852
23702,64.1515
23712.1,64.4903
23722.3,64.831
23732.5,65.1943
23742.6,65.548
23752.7,65.9032
23762.9,66.2541
23773,66.5897
23783.2,66.927
23793.3,67.2728
23803.4,67.6044
23813.6,67.9375
23823.7,68.2842
23833.8,68.632
23844,68.9812
23854.1,69.297
23864.2,69.6069
23874.4,69.9189
23884.5,70.2609
23894.6,70.6182
23904.8,70.9772
23914.9,71.3036
23925,71.6335
23935.2,71.9651
23945.4,72.3079
23955.5,72.6464
23965.7,72.9867
23975.8,73.3345
23985.9,73.6863
23996.1,74.0399
24006.3,74.3825
24016.4,74.7108
24026.6,75.0404
24036.7,75.3699
24046.9,75.7018
24057.2,76.0263
24067.4,76.351
24077.6,76.6631
24087.7,76.9589
24097.8,77.2546
24107.9,77.5506
24118.1,77.8443
24128.2,78.1387
24138.3,78.4253
24148.6,78.7277
24158.7,79.0275
24168.8,79.3258
24178.9,79.6022
24189,79.8792
24199.1,80.1623
24209.3,80.4695
24219.4,80.7772
24229.5,81.1033
24239.7,81.4214
24249.8,81.74
24259.9,81.9822
24270.1,82.1736
24280.2,82.365
24290.3,82.5848
24300.5,82.8162
24310.7,83.0483
24320.8,83.2364
24331,83.3925
24341.2,83.5489
24351.3,83.7166
24361.5,83.8794
24371.6,84.0418
24381.7,84.1705
24391.9,84.2906
24402,84.4106
24412.2,84.5528
24422.3,84.7376
24432.5,84.9186
24442.6,85.0992
24452.8,85.2492
24462.9,85.3744
24473,85.4991
24483.2,85.6133
24493.3,85.7036
24503.4,85.7936
24513.6,85.8855
24523.7,85.9946
24533.8,86.1036
24544,86.1936
24554.1,86.2071
24564.2,86.2206
24574.4,86.2063
24584.5,86.2204
24594.6,86.2345
24604.8,86.2655
24615,86.2609
24625,86.2565
24635.1,86.2166
24645.2,86.1704
24655.3,86.1244
24665.4,86.088
24675.5,86.05
24685.5,86.0163
24695.7,85.9826
24705.7,85.9276
24715.8,85.8506
24725.9,85.7733
24736,85.7034
24746.1,85.6466
24756.2,85.5897
24766.2,85.5184
24776.3,85.4097
24786.4,85.3008
24796.5,85.1656
24806.6,85.0438
24816.7,84.922
24826.7,84.8221
24836.8,84.7264
24846.9,84.6306
24857,84.5124
24867.1,84.3764
24877.2,84.2401
24887.3,84.1219
24897.3,84.0227
24907.4,83.9234
24917.5,83.8183
24927.6,83.6963
24937.7,83.5741
24947.8,83.4144
24957.8,83.2409
24967.9,83.0674
24978,82.897
24988.1,82.7199
24998.2,82.5423
25008.3,82.3553
25018.3,82.1712
25028.5,81.9866
25038.6,81.8133
25048.6,81.6554
25058.7,81.4976
25068.8,81.3424
25078.9,81.2001
25089,81.0578
25099.1,80.897
25109.1,80.736
25119.2,80.5748
25129.3,80.3898
25139.4,80.1721
25149.6,79.9529
25159.8,79.7102
25169.9,79.4553
25180.1,79.1993
25190.3,78.9536
25200.4,78.715
25210.5,78.4664
25220.7,78.2166
25230.8,77.939
25240.9,77.6379
25251.1,77.3358
25261.2,77.0354
25271.3,76.7439
25281.4,76.4512
25291.6,76.1675
25301.7,75.8574
25311.9,75.5463
25322,75.1994
25332.1,74.8698
25342.3,74.539
25352.4,74.2334
25362.5,73.9127
25372.7,73.5911
25382.8,73.2391
25393,72.8781
25403.1,72.5164
25413.2,72.1658
25423.4,71.7914
25433.6,71.4161
25443.7,71.0331
25453.9,70.648
25464,70.2639
25474.1,69.8761
25484.3,69.5026
25494.4,69.1302
25504.5,68.7222
25514.7,68.2457
25524.9,67.7696
25535,67.3124
25545.2,66.9223
25555.3,66.5624
25565.5,66.2022
25575.6,65.8086
25585.8,65.3682
25595.9,64.9287
25606.1,64.4995
25616.2,64.0862
25626.3,63.6743
25636.5,63.2339
25646.7,62.732
25656.8,62.2313
25667,61.6974
25677.1,61.1624
25687.2,60.6313
25697.4,60.1187
25707.6,59.5892
25717.7,59.064
25727.9,58.5371
25738,58.0613
25748.1,57.5889
25758.3,57.172
25768.4,56.7288
25778.5,56.2868
25788.7,55.7644
25798.8,55.2466
25808.9,54.7308
25819.1,54.2685
25829.2,53.8344
25839.3,53.402
25849.5,52.9565
25859.6,52.5109
25869.7,52.0763
25879.9,51.6411
25890,51.2007
25900.1,50.7393
25910.2,50.2761
25920.4,49.8006
25930.5,49.3312
25940.7,48.8597
25950.8,48.4102
25960.9,47.9556
25971.1,47.4995
25981.2,46.9836
25991.3,46.4881
26001.5,45.9902
26011.6,45.5571
26021.7,45.1483
26031.9,44.7385
26042,44.2986
26052.1,43.8587
26062.3,43.417
26072.5,42.9907
26082.5,42.567
26092.7,42.1413
26102.9,41.6994
26113,41.2613
26123.2,40.8215
26133.3,40.4112
26143.4,40.0342
26153.6,39.6559
26163.8,39.2727
26173.9,38.8442
26184,38.3821
26194.2,37.9197
26204.3,37.4839
26214.4,37.0568
26224.5,36.6288
26234.6,36.3437
26244.8,36.059
26254.9,35.6454
26265,35.1956
26275.2,34.812
26285.3,34.427
26295.4,34.0412
26305.6,33.6407
26315.7,33.2403
26325.8,32.8627
26336,32.5259
26346.1,32.1888
26356.2,31.8237
26366.4,31.4618
26376.5,31.0983
26386.6,30.7137
26396.8,30.3402
26407,29.968
26417.1,29.6279
26427.3,29.2965
26437.4,28.9663
26447.5,28.6481
26457.7,28.3196
26467.8,27.9923
26477.9,27.648
26488.1,27.2685
26498.2,26.8891
26508.3,26.5026
26518.6,26.0855
26528.7,25.6632
26538.8,25.2426
26549,24.8325
26559.1,24.4251
26569.2,24.0194
26579.4,23.6147
26589.5,23.1927
26599.6,22.7793
26609.8,22.3606
26619.9,21.9325
26630,21.5083
26640.2,21.1107
26650.3,20.7033
26660.4,20.2976
26670.6,19.9029
26680.7,19.5192
26690.8,19.1364
26701,18.7555
26711.2,18.3912
26721.3,18.0295
26731.5,17.6794
26741.6,17.3429
26751.7,17.0076
26761.9,16.6453
26772,16.3488
26782.1,16.0578
26792.3,15.7796
26802.4,15.496
26812.5,15.2135
26822.7,14.9146
26832.8,14.6057
26842.9,14.3228
26853.1,14.04
26863.2,13.7952
26873.3,13.5502
26883.5,13.305
26893.7,13.0554
26903.8,12.8053
26913.9,12.5541
26924.1,12.317
26934.2,12.0786
26944.4,11.8398
26954.5,11.5974
26964.6,11.3499
26974.8,11.1017
26984.9,10.8696
26995,10.6747
27005.2,10.4793
27015.3,10.2918
27025.4,10.0764
27035.6,9.86029
27045.8,9.63308
27055.9,9.29444
27066,8.95439
27076.2,8.702
27086.3,8.47376
27096.5,8.24653
27106.6,7.96178
27116.7,7.73431
27126.9,7.50602
27137.1,7.27779
27147.2,7.08575
27157.4,6.89813
27167.5,6.67331
27177.6,6.44953
27187.8,6.22627
27198,6.03155
27208.1,5.87037
27218.2,5.71313
27228.4,5.53988
27238.5,5.35314
27248.7,5.16723
27258.8,4.98209
27268.9,4.82936
27279,4.69788
27289.2,4.56998
27299.3,4.46198
27309.4,4.3513
27319.6,4.24474
27329.7,4.13601
27339.8,4.03037
27350,3.92568
27360.1,3.82774
27370.2,3.72681
27380.4,3.62977
27390.5,3.51338
27400.7,3.38863
27410.8,3.26869
27420.9,3.14767
27431.1,3.07598
27441.3,3.0096
27451.4,3.00205
27461.5,2.91688
27471.7,2.83717
27481.8,2.64823
27492,2.47624
27502.1,2.31888
27512.2,2.17249
27522.4,2.02325
27532.5,1.8667
27542.6,1.73906
27552.8,1.6265
27562.9,1.53132
27573,1.44615
27583.2,1.34462
27593.3,1.2936
27603.5,1.24865
27613.6,1.24927
27623.8,-1.28875
27633.9,-1.33411
27644,-1.38985
27654.1,-1.42544
27664.2,-1.4639
27674.4,-1.47827
27684.6,-1.4735
27694.7,-1.47456
27704.9,-1.47827
27715,-1.46497
27725.1,-1.45209
27735.3,-1.43365
27745.4,-1.40497
27755.5,-1.3774
27765.7,-1.36885
27775.8,-1.35968
27785.9,-1.35159
27796.1,-1.32646
27806.2,-1.31043
27816.3,-1.30264
27826.5,-1.29117
27836.7,-1.27777
27846.8,1.27163
27856.9,1.26793
27867.1,1.27777
27877.2,1.28996
27887.3,1.30983
27897.5,1.31817
27907.6,1.33528
27917.8,1.35968
27927.9,1.41053
27938,1.47456
27948.2,1.5486
27958.3,1.58161
27968.4,1.57814
27978.6,1.57665
27988.8,1.55516
27998.9,1.57019
28009.1,1.58902
28019.2,1.61491
28029.3,1.64326
28039.5,1.673
28049.6,1.69899
28059.7,1.70497
28069.9,1.71139
28080,1.7123
28090.1,1.72868
28100.3,1.74849
28110.5,1.74086
28120.6,1.70543
28130.7,1.67066
28140.9,1.6337
28151,1.6361
28161.2,1.63944
28171.3,-1.70038
28181.4,-1.74041
28191.6,-1.69623
28201.7,-1.65228
28211.8,-1.59295
28222,-1.53592
28232.2,-1.57019
28242.3,-1.64088
28252.4,-1.65039
28262.6,-1.66032
28272.7,-1.62987
28282.8,-1.64754
28293,1.6655
28303.1,1.75475
28313.2,1.85281
28323.4,1.95598
28333.5,1.97945
28343.7,1.94434
28353.8,1.91472
28363.9,1.89211
28374.1,1.94675
28384.1,2.0042
28394.2,2.10404
28404.3,2.21636
28414.4,2.32999
28424.5,2.42094
28434.6,2.50952
28444.7,2.60472
28454.7,2.72687
28464.8,2.87744
28474.9,3.03395
28485,3.18205
28495.2,3.32614
28505.4,3.47417
28515.5,3.66261
28525.6,3.90849
28535.8,4.15546
28545.9,4.38053
28556.1,4.57922
28566.2,4.76456
28576.3,4.95419
28586.5,5.1985
28596.6,5.4929
28606.7,5.78667
28616.9,6.15123
28627.1,6.51008
28637.2,6.86878
28647.3,7.17647
28657.5,7.41532
28667.5,7.65931
28677.7,7.92638
28687.9,8.24539
28698,8.56361
28708.1,8.90913
28718.3,9.25879
28728.4,9.60742
28738.6,9.90066
28748.8,10.1826
28758.9,10.4644
28769,10.7354
28779.2,11.0006
28789.3,11.2662
28799.4,11.5112
28809.6,11.7753
28819.7,12.04
28829.8,12.2912
28840,12.5645
28850.1,12.8741
28860.3,13.189
28870.4,13.5403
28880.5,13.9346
28890.7,14.331
28900.8,14.7529
28910.9,15.181
28921.1,15.6106
28931.2,15.9803
28941.3,16.3228
28951.5,16.6667
28961.6,17.0632
28971.7,17.381
28981.9,17.7007
28992,18.1332
29002.1,18.4092
29012.3,18.6865
29022.5,18.8954
29032.6,19.272
29042.8,19.6497
29053,19.9989
29063.2,20.3702
29073.4,20.7439
29083.6,21.1455
29093.7,21.5313
29103.9,21.9194
29114,22.2902
29124.1,22.692
29134.3,23.095
29144.4,23.4855
29154.5,23.8352
29164.7,24.1657
29174.8,24.4975
29184.9,24.8539
29195.1,25.2124
29205.3,25.5904
29215.4,25.9799
29225.5,26.3766
29235.7,26.775
29245.8,27.1389
29255.9,27.4968
29266.1,27.8561
29276.2,28.1998
29286.3,28.5486
29296.4,28.8976
29306.5,29.2607
29316.7,29.6473
29326.8,30.0357
29336.9,30.3955
29347.1,30.7599
29357.2,31.1254
29367.4,31.5183
29377.5,31.9248
29387.6,32.3315
29397.7,32.714
29407.9,33.0812
29418,33.4485
29428.1,33.8194
29438.3,34.2404
29448.5,34.662
29458.6,35.1224
29468.8,35.5347
29478.9,35.9473
29489,36.3336
29499.2,36.7397
29509.3,37.1455
29519.4,37.5503
29529.5,37.9655
29539.7,38.3816
29549.8,38.7883
29560,39.1698
29570.1,39.5592
29580.2,39.9474
29590.4,40.359
29600.5,40.7485
29610.6,41.1372
29620.8,41.4953
29630.9,41.8521
29641,42.2083
29651.2,42.57
29661.3,42.956
29671.4,43.3408
29681.6,43.7524
29691.7,44.1676
29701.8,44.5818
29712,44.9719
29722.2,45.3405
29732.4,45.7132
29742.6,46.0977
29752.7,46.5127
29762.8,46.9271
29773,47.3598
29783.1,47.7701
29793.2,48.1795
29803.4,48.562
29813.5,48.9576
29823.6,49.3524
29833.8,49.7964
29844,50.2441
29854.1,50.6906
29864.2,51.0979
29874.4,51.484
29884.5,51.8897
29894.6,52.297
29904.8,52.7186
29914.9,53.1258
29925.1,53.5347
29935.2,53.9164
29945.3,54.2862
29955.5,54.6578
29965.6,55.041
29975.7,55.4369
29985.9,55.8344
29996,56.2376
30006.1,56.6456
30016.3,57.0554
30026.5,57.451
30036.6,57.8381
30046.7,58.2268
30056.9,58.6165
30067,59.0075
30077.2,59.4
30087.3,59.7693
30097.4,60.1092
30107.6,60.4498
30117.8,60.7918
30127.9,61.1493
30138.1,61.5081
30148.3,61.8635
30158.4,62.2035
30168.6,62.5449
30178.7,62.8984
30188.8,63.2622
30199,63.6284
30209.1,63.9958
30219.2,64.3612
30229.3,64.6915
30239.5,65.0236
30249.6,65.3446
30259.7,65.69
30269.9,66.0369
30280,66.4219
30290.1,66.7867
30300.3,67.1533
30310.4,67.4797
30320.5,67.801
30330.7,68.124
30340.8,68.4723
30351,68.8369
30361.1,69.2016
30371.2,69.5669
30381.4,69.9108
30391.5,70.2553
30401.6,70.5852
30411.8,70.9153
30421.9,71.2462
30432,71.5733
30442.2,71.9108
30452.3,72.2484
30462.4,72.5829
30472.6,72.8965
30482.8,73.2019
30492.9,73.5064
30503,73.8319
30513.2,74.1581
30523.3,74.4813
30533.5,74.789
30543.6,75.0834
30553.7,75.3769
30563.9,75.6791
30574.1,75.9773
30584.2,76.2746
30594.3,76.5576
30604.5,76.8512
30614.6,77.144
30624.8,77.4419
30634.9,77.7253
30645,78.0084
30655.2,78.2821
30665.3,78.5556
30675.4,78.8288
30685.6,79.1193
30695.7,79.4218
30705.8,79.7234
30716,80.0324
30726.1,80.3195
30736.2,80.606
30746.4,80.8828
30756.6,81.1598
30766.7,81.436
30776.9,81.726
30787,82.0383
30797.1,82.3499
30807.3,82.6857
30817.4,82.9927
30827.5,83.2989
30837.7,83.5863
30847.9,83.8809
30857.9,84.1747
30868.1,84.4763
30878.3,84.7531
30888.4,84.9797
30898.6,85.2086
30908.8,85.4252
30918.9,85.6698
30929,85.9147
30939.2,86.1735
30949.3,86.4049
30959.4,86.6368
30969.6,86.8131
30979.6,86.999
30989.8,87.1854
31000,87.39
31010.1,87.5876
31020.2,87.7859
31030.4,87.9436
31040.5,88.0361
31050.6,88.1289
31060.8,88.2108
31070.9,88.3209
31081.1,88.4312
31091.2,88.5005
31101.3,88.5342
31111.5,88.5681
31121.6,88.6171
31131.7,88.6725
31141.9,88.7281
31152.1,88.7651
31162.2,88.7698
31172.4,88.7747
31182.5,88.7654
31192.6,88.765
31202.8,88.7575
31212.9,88.7502
31223.1,88.6914
31233.2,88.6053
31243.4,88.5191
31253.5,88.4517
31263.6,88.3976
31273.8,88.3433
31283.9,88.2792
31294,88.2019
31304.2,88.1245
31314.3,88.0272
31324.4,87.9385
31334.6,87.8497
31344.7,87.7967
31354.8,87.7739
31365,87.751
31375.1,87.7005
31385.3,87.6054
31395.4,87.5102
31405.5,87.4416
31415.7,87.3904
31425.9,87.3391
31436,87.2637
31446.1,87.1486
31456.3,87.0337
31466.4,86.93
31476.6,86.8291
31486.7,86.7281
31496.8,86.6076
31507,86.4675
31517.1,86.3275
31527.2,86.2053
31537.4,86.0811
31547.5,85.9454
31557.6,85.81
31567.8,85.6717
31577.9,85.5514
31588,85.4314
31598.2,85.3159
31608.4,85.2021
31618.5,85.0888
31628.7,84.9926
31638.8,84.8701
31648.9,84.7482
31659.1,84.5626
31669.2,84.3499
31679.3,84.1381
31689.5,83.9593
31699.6,83.7822
31709.7,83.6059
31719.8,83.3845
31729.9,83.1053
31739.9,82.8274
31750,82.5798
31760.1,82.3856
31770.2,82.1919
31780.3,81.993
31790.4,81.7645
31800.4,81.5365
31810.5,81.2714
31820.6,81.0118
31830.7,80.7529
31840.8,80.5032
31850.9,80.2393
31860.9,79.9761
31871,79.709
31881.1,79.4442
31891.2,79.18
31901.3,78.9348
31911.4,78.6805
31921.4,78.427
31931.5,78.1364
31941.6,77.819
31951.7,77.4885
31961.8,77.1573
31971.9,76.8199
31981.9,76.4553
31992,76.0898
32002.1,75.6976
32012.2,75.2578
32022.3,74.8177
32032.4,74.3976
32042.4,74.053
32052.5,73.7077
32062.6,73.3772
32072.7,72.9898
32082.8,72.6015
32092.9,72.1798
32102.9,71.7635
32113.1,71.3468
32123.1,70.9144
32133.2,70.4317
32143.3,69.9477
32153.4,69.4611
32163.4,69.0185
32173.6,68.5747
32183.6,68.1563
32193.7,67.7157
32203.8,67.2753
32213.9,66.8209
32224,66.3748
32234.1,65.9279
32244.1,65.5195
32254.2,65.1357
32264.3,64.7511
32274.4,64.377
32284.5,64.0019
32294.6,63.6263
32304.6,63.2161
32314.7,62.738
32324.8,62.2587
32334.9,61.8124
32345,61.3931
32355.1,60.973
32365.2,60.548
32375.2,60.1566
32385.3,59.7641
32395.4,59.3853
32405.5,59.0075
32415.6,58.6294
32425.7,58.2413
32435.7,57.8671
32445.8,57.492
32455.9,57.1413
32466,56.7881
32476.1,56.4381
32486.2,56.0882
32496.2,55.7255
32506.3,55.3079
32516.4,54.8903
32526.5,54.4526
32536.6,54.0452
32546.7,53.6375
32556.7,53.2381
32566.8,52.876
32576.9,52.5141
32587,52.2088
32597.1,51.8941
32607.1,51.5804
32617.2,51.2234
32627.3,50.8368
32637.4,50.4498
32647.4,50.0639
32657.5,49.7242
32667.6,49.3844
32677.7,49.0859
32687.8,48.7745
32697.9,48.4639
32707.9,48.0628
32718.1,47.5776
32728.2,47.0926
32738.2,46.6166
32748.4,46.1975
32758.6,45.7785
32768.7,45.4007
32778.8,45.0261
32789,44.6502
32799.1,44.2994
32809.3,43.9459
32819.4,43.5911
32829.5,43.179
32839.7,42.6837
32849.8,42.1887
32859.9,41.6708
32870.1,41.2413
32880.2,40.8886
32890.3,40.537
32900.5,40.1953
32910.6,39.7964
32920.7,39.3992
32930.9,38.9218
32941.1,38.6185
32951.1,38.3167
32961.3,37.9403
32971.4,37.5136
32981.5,37.0882
32991.7,36.5926
33001.8,36.0616
33011.9,35.532
33022.1,35.0788
33032.3,34.6448
33042.4,34.2121
33052.5,33.746
33062.7,33.2987
33072.8,32.8545
33082.9,32.4421
33093.1,32.0588
33103.2,31.6794
33113.4,31.2658
33123.5,30.8236
33133.6,30.383
33143.8,29.9223
33153.9,29.4787
33164.1,29.0357
33174.2,28.6017
33184.4,28.1482
33194.5,27.7038
33204.7,27.2576
33214.8,26.8345
33224.9,26.4258
33235.1,26.0165
33245.2,25.5915
33255.3,25.1512
33265.5,24.7097
33275.6,24.2706
33285.7,23.8512
33295.9,23.4308
33306.1,23.0258
33316.2,22.5964
33326.3,22.1654
33336.5,21.7297
33346.6,21.2963
33356.8,20.8612
33366.9,20.4511
33377,20.0405
33387.2,19.6288
33397.3,19.2102
33407.4,18.8218
33417.6,18.4322
33427.8,18.0914
33437.9,17.739
33448,17.3855
33458.2,17.0101
33468.3,16.6343
33478.4,16.2582
33488.6,15.9186
33498.7,15.6496
33508.9,15.3829
33519,15.1464
33529.1,14.8742
33539.3,14.5556
33549.4,14.2366
33559.5,13.9441
33569.7,13.652
33579.9,13.4197
33590,13.2066
33600.1,12.9557
33610.3,12.7043
33620.4,12.4027
33630.5,12.1014
33640.6,11.8
33650.7,11.525
33660.9,11.2817
33671,11.0403
33681.1,10.638
33691.3,10.3669
33701.4,10.0957
33711.5,9.79554
33721.7,9.5568
33731.8,9.31852
33741.9,9.06803
33752.1,8.72367
33762.3,8.38333
33772.4,8.10308
33782.5,7.84073
33792.7,7.57861
33802.8,7.38017
33813,7.14453
33823.2,6.90982
33833.3,6.67484
33843.4,6.42642
33853.6,6.17867
33863.7,5.99405
33873.9,5.80963
33884,5.62543
33894.1,5.41451
33904.3,5.21339
33914.4,5.01373
33924.5,4.81507
33934.7,4.62261
33944.9,4.4324
33955,4.24327
33965.1,4.05091
33975.3,3.86357
33985.4,3.68031
33995.5,3.48834
34005.7,3.28922
34015.8,3.09222
34025.9,2.88776
34036.1,2.69279
34046.4,2.55741
34068.6,2.28042
34078.7,2.15113
34088.9,2.03521
34099,1.97231
34109.2,2.00225
34119.3,2.04518
34129.5,2.05091
34139.6,1.99794
34149.7,1.96635
34159.9,1.97786
34170,1.98418
34180.2,1.99363
34190.3,2.01083
34200.4,2.00537
34210.6,2.00771
34220.8,1.96675
34230.9,1.94111
34241.1,1.92003
34251.2,1.93869
34261.3,1.97747
34271.5,2.02402
34281.6,2.02711
34291.7,-2.02518
34301.9,-2.0248
34312.1,-2.03136
34322.2,-2.03982
34332.3,-2.049
34342.5,-2.04173
34352.6,-2.05967
34362.8,-2.0831
34372.9,-2.1196
34383.1,-2.11997
34393.2,-2.07633
34403.3,-2.03559
34413.5,-2.02015
34423.6,-2.03597
34433.8,-2.05473
34443.9,-2.06688
34454,-2.05244
34464.2,-2.03828
34474.3,-1.99638
34484.5,-1.96436
34494.6,-1.93263
34504.8,-1.9395
34514.9,-1.94876
34525.1,-1.95838
34535.2,-1.94071
34545.4,-1.90201
34555.5,-1.8667
34565.6,-1.84519
34575.8,-1.84307
34586,-1.84052
34596.1,-1.87549
34606.2,-1.88838
34616.4,-1.90119
34626.5,-1.87674
34636.7,-1.85619
34646.9,-1.83925
34657.5,-1.85366
34667.7,-1.87924
34677.9,-1.86838
34688,-1.8583
34698.2,-1.81612
34708.3,-1.7835
34718.4,-1.75207
34728.6,-1.75519
34738.8,-1.77779
34748.9,-1.80228
34759.1,-1.8118
34769.2,-1.80661
34779.3,-1.81137
34789.5,-1.81999
34799.6,-1.84562
34809.8,-1.87131
34819.9,-1.90283
34830.1,-1.92979
34840.2,-1.95798
34850.3,-1.98418
34860.5,2.012
34870.6,2.0448
34880.8,2.07633
34890.9,2.10069
34901,2.13652
34911.2,2.17825
34921.3,2.2153
34931.4,2.26008
34941.6,2.32999
34951.7,2.44923
34961.9,2.57632
34972,2.72601
34982.2,2.87526
34992.3,3.02491
35002.5,3.17909
35012.6,3.368
35022.8,3.56031
35032.9,3.78744
35043.1,3.9929
35053.2,4.1767
35063.4,4.36567
35073.5,4.57512
35083.7,4.80937
35093.8,5.04735
35104,5.29372
35114.1,5.53846
35124.3,5.78654
35134.4,6.0563
35144.5,6.33387
35154.7,6.61509
35164.8,6.87527
35174.9,7.10848
35185.1,7.34368
35195.3,7.58181
35205.4,7.82563
35215.6,8.07073
35225.7,8.31191
35235.8,8.52519
35246,8.74036
35256.2,8.97991
35266.3,9.25955
35276.4,9.54178
35286.6,9.86823
35296.7,10.1965
35306.8,10.5253
35317,10.8466
35327.1,11.1394
35337.2,11.4342
35347.4,11.7118
35357.5,12.0196
35367.6,12.3593
35377.7,12.7007
35387.8,13.0045
35398,13.2837
35408.1,13.5648
35418.3,13.8358
35428.4,14.1536
35438.6,14.4736
35448.7,14.8073
35458.8,15.1792
35469,15.5537
35479.1,15.9071
35489.2,16.2445
35499.4,16.5841
35509.5,16.8937
35519.6,17.1488
35529.8,17.4065
35539.9,17.6551
35550.1,17.9808
35560.2,18.3183
35570.3,18.7191
35580.5,18.9532
35590.7,19.1884
35600.8,19.444
35610.9,19.6613
35621.1,19.88
35631.2,20.1186
35641.4,20.4184
35651.5,20.7558
35661.6,21.0927
35671.8,21.4204
35681.9,21.7018
35692,21.9828
35702.2,22.2783
35712.3,22.5949
35722.4,22.9108
35732.6,23.214
35742.7,23.4958
35756.6,23.8807
35766.8,24.17
35776.9,24.4833
35787.5,24.8116
35797.7,25.11
35807.8,25.4196
35818.4,25.743
35828.6,26.0554
35838.7,26.3545
35848.8,26.6535
35859,26.9517
35869.1,27.2652
35879.2,27.5791
35889.4,27.9148
35899.5,28.2583
35909.7,28.5654
35919.8,28.8736
35929.9,29.1692
35940.1,29.5111
35950.2,29.8531
35960.3,30.2306
35970.6,30.6034
35980.7,30.9365
35990.8,31.2679
36001,31.5773
36011.1,31.8866
36021.2,32.194
36031.4,32.4999
36041.6,32.7894
36051.6,33.0774
36061.9,33.3956
36072,33.732
36082.1,34.066
36092.3,34.4049
36102.5,34.7416
36112.5,35.076
36122.8,35.4191
36132.9,35.7628
36143,36.1041
36153.2,36.4404
36163.4,36.7567
36173.4,37.0702
36183.7,37.3618
36193.8,37.6577
36203.9,37.9518
36214.1,38.2649
36224.2,38.5887
36234.3,38.9106
36244.5,39.2341
36254.6,39.539
36264.7,39.8421
36274.9,40.163
36285,40.4968
36295.1,40.8285
36305.4,41.1736
36315.5,41.5208
36325.5,41.8656
36335.8,42.2294
36345.9,42.5716
36356,42.8988
36366.2,43.2302
36376.4,43.5681
36386.4,43.9138
36396.7,44.2639
36406.8,44.6099
36416.9,44.9702
36427.1,45.3346
36437.3,45.7102
36447.3,46.0933
36457.6,46.4811
36467.8,46.868
36477.9,47.2456
36488,47.6249
36498.2,48.0089
36508.3,48.4171
36518.5,48.8266
36528.7,49.2455
36538.8,49.6386
36548.9,50.031
36559.1,50.4027
36569.2,50.7873
36579.3,51.1716
36589.5,51.5876
36599.6,52.0144
36609.8,52.4411
36619.9,52.8622
36630,53.2544
36640.1,53.6346
36650.3,54.0174
36660.4,54.4006
36670.6,54.7792
36680.8,55.162
36690.9,55.5379
36701.1,55.908
36711.3,56.2813
36721.4,56.6268
36731.5,56.9516
36741.7,57.2781
36751.8,57.6086
36762,57.9517
36772.1,58.2962
36782.2,58.6609
36792.4,59.0221
36802.6,59.385
36812.7,59.7162
36822.8,60.0571
36833,60.3994
36843.2,60.7546
36853.3,61.1189
36863.5,61.4833
36873.6,61.8509
36883.8,62.2011
36894,62.5525
36904.1,62.884
36914.3,63.2242
36924.5,63.5658
36934.6,63.9026
36944.7,64.2264
36954.9,64.5503
36965,64.8675
36975.2,65.1795
36985.3,65.4912
36995.4,65.8039
37005.6,66.1199
37015.7,66.4391
37025.8,66.7569
37036,67.0967
37046.2,67.4258
37056.3,67.7548
37066.4,68.0466
37076.6,68.3536
37086.7,68.6611
37096.8,69.0005
37107,69.3371
37117.1,69.6727
37127.3,69.9808
37137.5,70.2681
37147.6,70.5543
37157.7,70.8528
37167.9,71.1548
37178,71.4556
37188.2,71.7611
37198.4,72.0724
37208.5,72.3724
37218.6,72.6721
37228.8,72.9507
37238.9,73.2318
37249.1,73.513
37259.3,73.8071
37269.4,74.0905
37279.5,74.3741
37289.7,74.6581
37299.8,74.9343
37310,75.2102
37320.2,75.4709
37330.4,75.7288
37340.5,75.9863
37350.8,76.2796
37360.9,76.5811
37371,76.8831
37381.3,77.1696
37391.4,77.4401
37401.5,77.7101
37411.8,77.9985
37421.9,78.2818
37432.1,78.5653
37442.3,78.829
37452.4,79.072
37462.6,79.3157
37472.8,79.561
37482.9,79.8102
37493,80.0599
37503.2,80.311
37513.4,80.5662
37523.5,80.8222
37533.8,81.0628
37543.9,81.2712
37554,81.4788
37564.3,81.6918
37574.5,81.8987
37584.6,82.086
37594.9,82.2755
37605,82.4745
37615.1,82.6709
37625.3,82.869
37635.4,83.036
37645.6,83.2049
37655.8,83.3758
37666,83.5371
37676.2,83.6927
37686.4,83.8496
37696.5,84.0118
37706.7,84.1675
37717,84.3248
37727.1,84.4626
37737.2,84.5846
37747.4,84.7071
37757.6,84.8154
37767.7,84.9158
37777.9,85.0165
37788,85.1
37798.2,85.1866
37808.4,85.2735
37818.5,85.3639
37828.7,85.4223
37838.8,85.4808
37848.9,85.5147
37859.1,85.566
37869.3,85.6244
37879.4,85.6827
37889.5,85.6902
37899.7,85.6702
37909.8,85.6505
37920,85.6629
37930.2,85.7004
37940.3,85.738
37950.4,85.7391
37960.6,85.7087
37970.7,85.6785
37980.9,85.6424
37991.1,85.6231
38001.2,85.6039
38011.4,85.5886
38021.6,85.5759
38031.7,85.5635
38041.8,85.5259
38052.1,85.468
38062.2,85.4107
38072.3,85.3625
38082.5,85.3354
38092.7,85.2874
38102.8,85.2393
38113,85.1759
38123.1,85.1072
38133.3,85.0383
38143.5,84.9964
38153.6,84.9726
38163.7,84.9488
38173.9,84.9119
38184,84.8673
38194.2,84.8226
38204.4,84.7771
38214.5,84.7296
38224.7,84.6821
38234.9,84.6277
38245,84.5728
38255.1,84.5177
38265.3,84.4599
38275.4,84.4092
38285.6,84.3583
38295.8,84.2951
38305.9,84.2077
38316,84.1201
38326.2,84.0297
38336.3,83.943
38346.5,83.8561
38356.8,83.7557
38366.9,83.6499
38377.1,83.5441
38387.3,83.4533
38397.5,83.364
38407.6,83.2749
38417.9,83.1567
38428,83.0358
38438.1,82.9184
38448.4,82.7997
38458.5,82.6829
38468.6,82.5386
38478.9,82.393
38489,82.2179
38499.1,82.0502
38509.4,81.8813
38519.5,81.7395
38529.6,81.599
38539.9,81.4569
38550,81.2895
38560.1,81.104
38570.4,80.9168
38580.5,80.7244
38590.6,80.5361
38600.9,80.3462
38611,80.1319
38621.2,79.8896
38631.4,79.6457
38641.5,79.4077
38651.7,79.2007
38661.9,78.993
38672,78.7882
38682.1,78.5637
38692.3,78.338
38702.4,78.0926
38712.6,77.8256
38722.7,77.5587
38732.8,77.2838
38743,76.9979
38753.2,76.6791
38763.4,76.3624
38773.5,76.0631
38783.8,75.8038
38793.9,75.5465
38804.1,75.2978
38814.3,74.9726
38824.4,74.6503
38834.5,74.2584
38844.8,73.8521
38854.9,73.4497
38865,73.0815
38875.3,72.6986
38885.4,72.3188
38895.5,71.8936
38905.8,71.4406
38915.9,70.9918
38926,70.5617
38936.2,70.1479
38946.3,69.7364
38956.5,69.2899
38966.7,68.8248
38976.8,68.3671
38987,67.9079
38997.2,67.4416
39007.3,66.9685
39017.5,66.4947
39027.7,66.0571
39037.8,65.6666
39048,65.2743
39058.2,64.871
39068.6,64.4199
39078.8,63.9654
39089,63.5039
39099.1,63.0823
39109.2,62.6613
39119.4,62.2555
39129.5,61.8173
39139.6,61.3792
39149.8,60.9077
39159.9,60.4218
39170,59.9356
39180.2,59.4876
39190.3,59.0868
39200.4,58.6861
39210.6,58.2709
39220.7,57.8615
39230.8,57.452
39241,57.032
39251.1,56.6108
39261.2,56.1905
39271.4,55.7503
39281.5,55.305
39291.6,54.8602
39301.8,54.4399
39311.9,54.025
39322,53.5957
39332.2,53.1648
39342.3,52.7022
39352.4,52.2544
39362.6,51.8043
39372.7,51.4098
39382.8,51.0384
39393,50.6658
39403.1,50.2559
39413.2,49.8135
39423.3,49.3689
39433.4,48.9529
39443.6,48.5774
39453.8,48.2003
39463.9,47.8587
39474,47.5175
39484.2,47.1749
39494.3,46.793
39504.4,46.3977
39514.6,46.001
39524.7,45.5757
39534.8,45.1448
39544.9,44.7131
39555,44.3231
39565.2,43.9594
39575.3,43.6266
39585.4,43.2953
39595.6,42.9708
39605.7,42.6449
39615.8,42.2642
39626,41.8727
39636.1,41.517
39646.2,41.1619
39656.4,40.8007
39666.5,40.5362
39676.6,40.2733
39686.7,39.8572
39696.8,39.4416
39706.9,39.0299
39717.1,38.6986
39727.2,38.4124
39737.2,38.1269
39747.4,37.8226
39757.5,37.4919
39767.6,37.162
39777.8,36.8095
39787.9,36.4792
39798,36.1495
39808.1,35.8389
39818.2,35.5315
39828.3,35.2249
39838.5,34.8973
39848.7,34.5836
39858.8,34.2726
39868.9,33.9493
39879.1,33.6103
39889.2,33.2726
39899.3,32.8899
39909.5,32.5046
39919.6,32.1209
39929.7,31.7665
39939.9,31.4233
39950,31.0823
39960.1,30.717
39970.3,30.3478
39980.4,29.98
39990.5,29.6451
40000.7,29.3055
40010.8,28.9591
40020.9,28.6129
40031.1,28.2597
40041.2,27.9075
40051.3,27.5487
40061.5,27.2099
40071.6,26.8804
40081.7,26.5517
40091.9,26.2038
40102,25.8299
40112.1,25.4564
40122.3,25.0549
40132.4,24.6642
40142.5,24.2735
40152.7,23.9112
40162.8,23.5781
40172.9,23.2455
40183.1,22.9073
40193.2,22.5592
40203.3,22.211
40213.5,21.8463
40223.6,21.5102
40233.7,21.1754
40243.9,20.8186
40254,20.4611
40264.2,20.1038
40274.3,19.7482
40284.4,19.4625
40294.6,19.1774
40304.7,18.9002
40314.8,18.5954
40325,18.2862
40335.1,17.9757
40345.2,17.6932
40355.4,17.4109
40365.5,17.1579
40375.6,16.9118
40385.8,16.6659
40395.9,16.4192
40406,16.1852
40416.2,15.9412
40426.3,15.6963
40436.4,15.4391
40446.6,15.1715
40456.7,14.9029
40466.8,14.6242
40477,14.3746
40487.1,14.1242
40497.2,13.8936
40507.4,13.6857
40517.5,13.477
40527.6,13.2788
40537.8,13.0822
40547.9,12.8861
40558,12.6633
40568.2,12.4142
40578.3,12.1641
40588.4,11.928
40598.6,11.7393
40608.7,11.5516
40618.8,11.3634
40629,11.139
40639.1,10.9134
40649.2,10.561
40659.4,10.299
40669.7,10.0346
40679.8,9.74565
40698.6,9.24134
40708.7,8.98409
40720.4,8.59302
40730.5,8.16654
40740.6,7.75303
40751.3,7.31943
40761.5,6.92272
40771.6,6.54247
40781.7,6.26838
40791.9,6.00384
40802,5.74239
40812.1,5.52997
40822.2,5.32748
40832.3,5.12722
40842.5,4.915
40852.6,4.70919
40862.7,4.51136
40872.9,4.31825
40883,4.12881
40893.1,3.94358
40903.3,3.77461
40913.4,3.63106
40923.5,3.49417
40933.6,3.36149
40943.8,3.25742
40953.9,3.15933
40964,3.04297
40974.2,2.92599
40984.3,2.84516
40994.4,2.76988
41004.6,2.74204
41014.7,2.71248
41024.8,2.68813
41035,2.61462
41045.1,2.54391
41055.2,2.47498
41065.4,2.49168
41075.5,2.54514
41085.6,2.60743
41095.8,2.59116
41105.9,2.56444
41116,2.54206
41126.2,2.59449
41136.3,2.66033
41146.4,2.73433
41156.6,2.73776
41166.7,2.67967
41176.8,2.62418
41187,2.63193
41197.1,2.65944
41207.2,2.69279
41217.4,2.69279
41227.5,2.61821
41237.6,2.54668
41247.8,2.46484
41257.9,2.44763
41268,2.43062
41278.2,2.47371
41288.3,2.48728
41298.4,2.50109
41308.6,2.48539
41318.7,2.42965
41328.8,2.37623
41339,2.34806
41349.1,2.38018
41359.2,2.41317
41369.4,2.44283
41379.5,2.41414
41389.6,2.35771
41399.7,2.30262
41409.8,2.258
41420,2.25522
41430.1,2.25314
41440.2,2.29172
41450.4,2.32562
41460.5,2.36037
41470.6,2.32596
41480.7,2.27148
41490.9,2.21707
41501,2.19471
41511.1,2.2061
41521.3,2.21813
41531.4,2.2213
41541.5,2.21354
41551.7,2.20681
41561.8,2.19436
41571.9,2.16888
41582.1,2.14493
41592.2,2.13249
41602.3,2.12293
41612.5,2.11665
41622.6,2.12329
41632.7,2.15222
41642.8,2.18399
41652.9,2.22553
41663.1,2.2625
41673.2,2.30432
41683.3,2.33871
41693.5,2.37359
41703.6,2.41479
41713.7,2.46325
41723.8,2.53497
41734,2.63074
41744.1,2.7369
41754.2,2.83109
41764.3,2.90721
41774.4,2.98532
41784.6,3.06425
41794.7,3.18942
41804.8,3.31718
41815,3.46944
41825.1,3.62243
41835.2,3.77896
41845.4,3.9125
41855.5,4.0391
41865.6,4.16769
41875.7,4.28512
41885.9,4.42091
41896,4.55729
41906.1,4.75881
41916.3,5.0371
41926.4,5.32527
41936.5,5.59389
41946.7,5.79857
41956.8,6.00553
41966.9,6.18158
41977.1,6.38117
41987.2,6.58352
41997.3,6.80198
42007.4,7.0494
42017.5,7.30786
42027.7,7.56672
42037.8,7.85131
42047.9,8.11467
42058.1,8.37819
42068.2,8.58809
42078.3,8.77096
42088.5,8.96025
42098.7,9.21298
42108.8,9.52814
42118.9,9.84318
42129,10.1191
42139.1,10.3603
42149.3,10.6017
42159.4,10.8304
42169.5,11.0833
42179.7,11.3368
42189.8,11.6497
42199.9,12.0173
42210,12.3871
42220.2,12.7197
42230.3,12.9837
42240.4,13.2477
42250.6,13.5509
42260.7,13.8503
42270.8,14.1495
42281,14.5032
42291.1,14.9005
42301.2,15.2989
42311.4,15.6706
42321.5,15.994
42331.6,16.3181
42341.8,16.6179
42351.9,16.915
42362,17.2286
42372.2,17.544
42382.3,17.8474
42392.4,18.1749
42402.5,18.5046
42412.6,18.7721
42422.8,19.1096
42432.9,19.4485
42443,19.7432
42453.1,20.0239
42463.3,20.3063
42473.4,20.6384
42483.5,21.0074
42493.7,21.3777
42503.8,21.7514
42513.9,22.1172
42524.1,22.4845
42534.2,22.8311
42544.3,23.1806
42554.4,23.5318
42564.6,23.8788
42574.7,24.2082
42584.8,24.539
42594.9,24.8524
42605.1,25.1691
42615.2,25.4887
42625.4,25.804
42635.5,26.1338
42645.6,26.4658
42655.7,26.8062
42665.9,27.1022
42676,27.3995
42686.1,27.6604
42696.3,27.9661
42706.4,28.2733
42716.5,28.6257
42726.7,28.9789
42736.8,29.3336
42746.9,29.642
42757.1,29.9313
42767.2,30.2619
42777.3,30.5921
42787.4,30.9422
42797.6,31.2843
42807.7,31.6259
42817.8,31.9661
42827.9,32.2921
42838,32.6174
42848.2,32.9434
42858.3,33.28
42868.4,33.616
42878.6,33.9494
42888.7,34.2827
42898.8,34.6145
42909,34.9413
42919.1,35.2734
42929.2,35.6042
42939.4,35.9536
42949.5,36.3295
42959.6,36.7047
42969.7,37.0897
42979.9,37.4449
42990,37.7993
43000.1,38.16
43010.3,38.5594
43020.4,38.9573
43030.5,39.3643
43040.6,39.7554
43050.7,40.1452
43060.8,40.55
43070.9,40.9827
43081,41.4142
43091.2,41.8395
43101.3,42.2435
43111.4,42.6731
43121.5,43.1055
43131.6,43.5911
43141.7,44.0994
43151.9,44.6116
43162,45.1022
43172.1,45.5885
43182.2,46.0773
43192.3,46.5987
43202.4,47.1206
43212.6,47.6464
43222.7,48.1347
43232.8,48.5376
43242.9,48.9428
43253.1,49.3357
43263.2,49.7839
43273.3,50.2326
43283.4,50.6999
43293.5,51.1225
43303.7,51.545
43313.8,51.9343
43323.9,52.3501
43334.1,52.7663
43344.2,53.2507
43354.3,53.7178
43364.5,54.1851
43374.6,54.572
43384.7,54.9253
43394.9,55.2791
43405,55.6673
43415.1,56.0988
43425.2,56.5308
43435.4,56.9214
43445.5,57.2187
43455.6,57.5164
43465.8,57.7939
43475.9,58.1356
43486,58.4773
43496.2,58.8786
43506.3,59.2603
43516.4,59.5895
43526.6,59.9207
43536.7,60.2245
43546.8,60.5578
43557,60.8928
43567.1,61.265
43577.2,61.6486
43587.3,62.0347
43597.4,62.353
43607.6,62.6469
43617.7,62.9418
43627.8,63.2547
43638,63.5806
43648.1,63.908
43658.2,64.2199
43668.4,64.5039
43678.5,64.7908
43688.7,65.085
43698.8,65.4033
43708.9,65.7225
43719,66.058
43729.2,66.352
43739.3,66.6475
43749.4,66.9135
43759.6,67.229
43769.7,67.5455
43779.8,67.9119
43789.9,68.2681
43800.1,68.626
43810.2,68.927
43820.3,69.1857
43830.4,69.4563
43840.5,69.7267
43850.7,70.0633
43860.8,70.4069
43870.9,70.7502
43881,71.0321
43891.2,71.2626
43901.3,71.4935
43911.4,71.7288
43921.5,72.0273
43931.6,72.3252
43941.8,72.6677
43951.9,72.967
43962,73.2648
43972.2,73.4975
43982.3,73.7416
43992.4,73.9854
44002.6,74.282
44012.7,74.6074
44022.8,74.9316
44033,75.2353
44043.2,75.5056
44053.4,75.7763
44063.6,76.0387
44073.7,76.3267
44083.9,76.6145
44094,76.8932
44104.2,77.1591
44114.3,77.4237
44124.4,77.6657
44134.6,77.8956
44144.7,78.1242
44154.8,78.3705
44165,78.6366
44175.1,78.8977
44185.3,79.1588
44195.4,79.4146
44205.5,79.6464
44215.7,79.8782
44225.9,80.0844
44236,80.2976
44246.1,80.5106
44256.3,80.7672
44266.4,81.0253
44276.5,81.2837
44286.7,81.4912
44296.8,81.6839
44306.9,81.8765
44317.1,82.0919
44327.2,82.3429
44337.3,82.5935
44347.5,82.8284
44357.6,83.0248
44367.7,83.2213
44377.9,83.4128
44388,83.6309
44398.1,83.8488
44408.3,84.078
44418.4,84.271
44428.5,84.4642
44438.7,84.65
44448.8,84.8592
44458.9,85.0685
44469.1,85.2922
44479.2,85.5081
44489.3,85.7241
44499.5,85.9173
44509.6,86.0874
44519.7,86.2731
44529.9,86.4597
44540,86.6476
44550.1,86.8072
44560.3,86.9678
44570.4,87.0866
44580.5,87.1871
44590.7,87.2882
44600.8,87.3864
44610.9,87.5349
44621.1,87.6839
44631.2,87.8646
44641.3,88.0309
44651.5,88.1982
44661.6,88.3583
44671.7,88.5408
44681.9,88.7245
44692,88.9048
44702.1,89.0631
44712.3,89.2224
44722.4,89.3452
44732.5,89.4587
44742.7,89.573
44752.8,89.701
44762.9,89.83
44773.1,89.9597
44783.2,90.0824
44793.3,90.2157
44803.5,90.3496
44813.6,90.4891
44823.7,90.631
44833.9,90.7736
44844,90.8882
44854.1,90.9737
44864.3,91.0598
44874.4,91.1449
44884.5,91.2205
44894.7,91.3115
44904.8,91.4022
44914.9,91.4923
44925,91.5655
44935.2,91.6384
44945.3,91.6904
44955.4,91.7144
44965.5,91.7383
44975.7,91.7086
44985.8,91.6767
44995.9,91.6449
45006.1,91.5937
45016.2,91.524
45026.3,91.4544
45036.5,91.3905
45046.6,91.3149
45056.7,91.2397
45066.9,91.1247
45077.1,91.0022
45087.2,90.8805
45097.3,90.7854
45107.5,90.6986
45117.6,90.6126
45127.7,90.4898
45137.9,90.3242
45148,90.1571
45158.1,89.9903
45168.3,89.8352
45178.4,89.6957
45188.5,89.5561
45198.7,89.4013
45208.8,89.2213
45218.9,89.0414
45229.1,88.8661
45239.2,88.7124
45249.3,88.5589
45259.5,88.3977
45269.6,88.2057
45279.7,88.014
45289.9,87.8226
45300,87.6499
45310.1,87.4774
45320.3,87.3037
45330.4,87.1226
45340.5,86.9417
45350.7,86.7488
45360.8,86.5374
45370.9,86.3263
45381.1,86.1214
45391.2,85.9259
45401.3,85.7307
45411.5,85.52
45421.6,85.3139
45431.7,85.108
45441.9,84.8954
45452,84.6926
45462.1,84.4899
45472.3,84.3049
45482.4,84.1133
45492.5,83.922
45502.7,83.7273
45512.8,83.5211
45522.9,83.2901
45533.1,83.0582
45543.2,82.8176
45553.4,82.5772
45563.5,82.3285
45573.6,82.0741
45583.8,81.8105
45593.9,81.5455
45604,81.2735
45614.2,80.9961
45624.3,80.7169
45634.4,80.4432
45644.6,80.1728
45654.7,79.901
45664.8,79.6162
45675,79.2734
45685.2,78.9286
45695.3,78.5797
45705.4,78.2616
45715.6,77.9417
45725.7,77.6338
45735.8,77.3712
45746,77.1073
45756.1,76.9093
45766.2,76.6985
45776.4,76.4876
45786.5,76.2323
45796.6,75.8854
45806.8,75.5368
45816.9,75.106
45827,74.7136
45837.2,74.3192
45847.3,74.0328
45857.4,73.7383
45867.6,73.443
45877.7,73.0531
45887.8,72.6616
45897.9,72.2688
45908,71.8885
45918.2,71.5665
45928.3,71.3063
45938.4,71.0472
45948.6,70.7331
45958.7,70.3432
45968.8,69.9549
45978.9,69.5135
45989.1,69.087
45999.2,68.6622
46009.3,68.3412
46019.5,68.1007
46029.6,67.8617
46039.7,67.5718
46049.9,67.1525
46060,66.7342
46070.1,66.2396
46080.2,65.7597
46090.4,65.2821
46100.5,64.8976
46110.7,64.5839
46120.8,64.2718
46130.9,63.9315
46141.1,63.4611
46151.1,62.9931
46161.3,62.5056
46171.5,62.0656
46181.6,61.6276
46191.7,61.2574
46201.9,60.9172
46212,60.5788
46222.1,60.2331
46232.2,59.809
46242.3,59.3521
46252.5,58.895
46262.6,58.429
46272.7,57.9688
46282.9,57.5089
46293,57.0806
46303.1,56.7078
46313.3,56.3352
46323.4,55.9926
46333.5,55.5649
46343.7,55.1367
46353.8,54.6182
46363.9,54.1274
46374.1,53.6377
46384.2,53.2158
46394.3,52.8323
46404.5,52.449
46414.6,52.0161
46424.7,51.5249
46434.8,51.035
46445,50.5289
46455.1,50.0824
46465.2,49.636
46475.4,49.2344
46485.4,48.8251
46495.6,48.4128
46505.7,48.0079
46515.8,47.6351
46526,47.2605
46536.1,46.8863
46546.1,46.4937
46556.2,46.0757
46566.3,45.6567
46576.4,45.2546
46586.6,44.8891
46596.7,44.5232
46606.8,44.1386
46616.9,43.7057
46627.1,43.2703
46637.2,42.8442
46647.3,42.4351
46657.5,42.0248
46667.6,41.5997
46677.8,41.2082
46687.9,40.8157
46698,40.4566
46708.2,40.1433
46718.3,39.8295
46728.4,39.4523
46738.6,39.0262
46748.7,38.5985
46758.8,38.2389
46768.9,37.9284
46779.1,37.6178
46789.2,37.2748
46799.3,36.8825
46809.5,36.4885
46819.6,36.1079
46829.7,35.7641
46839.9,35.42
46850,35.0904
46860.1,34.7269
46870.3,34.3624
46880.4,33.9823
46890.5,33.6431
46900.6,33.3026
46910.7,32.9923
46920.9,32.6663
46931,32.3399
46941.1,31.951
46951.3,31.5522
46961.4,31.1517
46971.5,30.7957
46981.7,30.4946
46991.8,30.2141
47001.9,29.9363
47012.1,29.6146
47022.2,29.2531
47032.3,28.8933
47042.4,28.5545
47052.6,28.2481
47062.7,27.943
47072.8,27.6366
47083,27.2696
47093.1,26.9043
47103.2,26.5231
47113.3,26.1844
47123.4,25.8464
47133.6,25.563
47143.7,25.279
47153.8,24.9965
47164,24.6689
47174.1,24.3229
47184.2,23.9777
47194.3,23.6696
47204.5,23.3818
47214.6,23.0975
47224.7,22.7869
47234.9,22.4137
47245,22.042
47255.1,21.6924
47265.3,21.3854
47275.4,21.0812
47285.5,20.7939
47295.7,20.451
47305.8,20.0623
47315.9,19.6745
47326.1,19.3212
47336.2,19.0443
47346.3,18.7688
47356.5,18.5183
47366.6,18.2029
47376.7,17.8871
47386.8,17.5384
47396.9,17.2141
47407.1,16.8902
47417.2,16.6176
47427.3,16.3638
47437.5,16.111
47447.6,15.8399
47457.7,15.5847
47467.8,15.3296
47478,15.0937
47488.1,14.8779
47498.2,14.6644
47508.4,14.4047
47518.5,14.1606
47528.6,13.9165
47538.8,13.7344
47548.9,13.5569
47559,13.3831
47569.2,13.1565
47579.3,12.9053
47589.4,12.6545
47599.6,12.4532
47609.7,12.3109
47619.8,12.1743
47630,11.9963
47640.1,11.8211
47650.2,11.6485
47660.4,11.3283
47670.5,10.9946
47680.6,10.735
47690.8,10.4749
47700.9,10.2393
47711,10.0207
47721.1,9.80194
47731.3,9.53866
47741.4,9.27207
47751.5,9.00413
47761.6,8.75872
47771.8,8.56791
47781.9,8.37772
47792,8.16174
47802.2,7.89499
47812.3,7.62785
47822.4,7.35018
47832.5,7.15603
47842.7,6.96086
47852.8,6.82336
47862.9,6.64768
47873.1,6.47159
47883.2,6.27612
47893.3,6.133
47903.5,5.99091
47913.6,5.90362
47923.7,5.73202
47933.8,5.56062
47943.9,5.25453
47954.1,4.99104
47964.2,4.85603
47974.3,4.72479
47984.5,4.65603
47994.6,4.47179
48004.7,4.28841
48014.8,4.03076
48025,3.86235
48035.1,3.69814
48045.2,3.63472
48055.3,3.6429
48065.5,3.66987
48075.6,3.65256
48085.7,3.60292
48095.8,3.56162
48106,3.59988
48116.1,3.66497
48126.2,3.73311
48136.4,3.77585
48146.5,3.72471
48156.6,3.67393
48166.7,3.54621
48176.9,3.52806
48187.1,3.51093
48197.2,3.54996
48207.3,3.67563
48217.4,3.8023
48227.6,3.73856
48237.7,3.6103
48247.8,3.48317
48258,3.3545
48268.1,3.3346
48278.2,3.31435
48288.4,3.35846
48298.6,3.36591
48308.7,3.37358
48318.8,3.33859
48328.9,3.31388
48339,3.32072
48349.2,3.32755
48359.3,3.3566
48369.4,3.38585
48379.6,3.39532
48389.7,3.37775
48399.8,3.35029
48410,3.32331
48420.1,3.31978
48430.2,3.34655
48440.3,3.37311
48450.5,3.40338
48460.6,3.43953
48470.7,3.4762
48480.9,3.54179
48491,3.56448
48501.1,3.5879
48511.2,3.62091
48521.3,3.6562
48531.5,3.69136
48541.6,3.7125
48551.7,3.77813
48561.9,3.84346
48572,3.94973
48582.1,4.0393
48592.2,4.12976
48602.4,4.17051
48612.5,4.21494
48622.6,4.2591
48632.8,4.32929
48642.9,4.40156
48653,4.47459
48663.2,4.55333
48673.3,4.6877
48683.4,4.82238
48693.6,4.99025
48703.7,5.06531
48713.8,5.08721
48724,5.11116
48734.1,5.15494
48744.2,5.28943
48754.4,5.42477
48764.5,5.62849
48774.6,5.80653
48784.7,5.98581
48794.8,6.14053
48805,6.30314
48815.1,6.46929
48825.2,6.6327
48835.4,6.81866
48845.5,7.00773
48855.6,7.20881
48865.7,7.40559
48875.9,7.60492
48886,7.81201
48896.2,8.03834
48906.3,8.26769
48916.4,8.49813
48926.6,8.70515
48936.7,8.91388
48946.8,9.05627
48957,9.19604
48967.1,9.33868
48977.2,9.50253
48987.4,9.72142
48997.5,9.94386
49007.6,10.1685
49017.8,10.3944
49027.9,10.6236
49038,10.816
49048.2,10.9711
49058.4,11.1295
49068.6,11.313
49078.7,11.5556
49088.9,11.8159
49099,12.0768
49109.2,12.3416
49119.3,12.5757
49129.4,12.8113
49139.5,13.0345
49149.7,13.2776
49159.8,13.5221
49169.9,13.7562
49180.1,13.9896
49190.2,14.2238
49200.3,14.5144
49210.4,14.8092
49220.5,15.1034
49230.7,15.3101
49240.8,15.4986
49250.9,15.6873
49261.1,15.8841
49271.2,16.1569
49281.3,16.4292
49291.4,16.6772
49301.6,16.9083
49311.7,17.1397
49321.8,17.3734
49332,17.589
49342.1,17.8048
49352.2,18.0724
49362.4,18.3868
49372.5,18.643
49382.6,18.8999
49392.8,19.2227
49402.9,19.4119
49413,19.603
49423.2,19.7482
49433.3,20.0117
49443.4,20.2757
49453.6,20.5228
49463.7,20.8254
49473.8,21.1285
49484,21.4424
49494.1,21.7113
49504.2,21.9808
49514.4,22.2764
49524.5,22.5844
49534.6,22.8928
49544.8,23.1717
49554.9,23.3994
49565,23.6272
49575.2,23.854
49585.3,24.1386
49595.4,24.4239
49605.6,24.7447
49615.7,25.033
49625.8,25.3215
49636,25.5814
49646.1,25.8481
49656.2,26.115
49666.4,26.3577
49676.5,26.6288
49686.6,26.9003
49696.8,27.1807
49706.9,27.4537
49717,27.7269
49727.2,28.0015
49737.3,28.2744
49747.4,28.5475
49757.6,28.8272
49767.7,29.118
49777.9,29.4089
49788,29.694
49798.1,29.9603
49808.3,30.1998
49818.4,30.44
49828.4,30.7011
49838.6,31.0052
49848.7,31.3093
49858.8,31.6118
49868.9,31.8914
49879,32.1713
49889.1,32.4093
49899.3,32.672
49909.3,32.9345
49919.4,33.2552
49929.6,33.5653
49939.7,33.8757
49949.8,34.1468
49959.9,34.3811
49970.1,34.6155
49980.1,34.8736
49990.3,35.1715
50000.5,35.4676
50010.5,35.7936
50020.7,36.1139
50030.8,36.4338
50040.9,36.7013
50051,36.9516
50061.2,37.202
50071.2,37.4822
50081.4,37.8138
50091.6,38.1449
50101.6,38.4717
50111.8,38.7619
50121.9,39.0039
50132,39.2455
50142.2,39.4896
50152.3,39.7493
50162.3,40.0084
50172.5,40.2345
50182.7,40.4477
50192.7,40.6603
50202.9,40.924
50213,41.2074
50223.1,41.4905
50233.2,41.7793
50243.3,42.1047
50253.4,42.43
50263.6,42.7921
50273.7,43.1339
50283.7,43.4747
50293.9,43.784
50304,44.0972
50314.1,44.4096
50324.2,44.7307
50334.4,45.0651
50344.4,45.3983
50354.6,45.7158
50364.7,46.0196
50374.8,46.322
50385,46.6131
50395.1,46.9206
50405.1,47.2265
50415.3,47.5581
50425.4,47.9109
50435.5,48.2628
50445.7,48.6081
50455.8,48.9034
50465.9,49.1983
50476,49.4829
50486.1,49.8102
50496.2,50.168
50506.4,50.5283
50516.5,50.8816
50526.6,51.2341
50536.7,51.5532
50546.9,51.8661
50557,52.2139
50567.1,52.5618
50577.3,52.9413
50587.4,53.3269
50597.5,53.7126
50607.7,54.0629
50617.8,54.3803
50627.9,54.698
50638.1,55.0324
50648.2,55.4069
50658.3,55.7812
50668.5,56.1764
50678.6,56.5314
50688.8,56.8841
50698.9,57.1933
50709.1,57.5156
50719.2,57.8381
50729.3,58.1963
50739.4,58.593
50749.6,58.9902
50759.7,59.3731
50769.8,59.7461
50780,60.1188
50790.1,60.5012
50800.2,60.8748
50810.4,61.2487
50820.5,61.6142
50830.6,61.9678
50840.8,62.3206
50850.9,62.6585
50861,63.0047
50871.1,63.3508
50881.3,63.7193
50891.4,64.0827
50901.5,64.4324
50911.7,64.7845
50921.8,65.173
50931.9,65.5916
50942.1,66.0133
50952.2,66.442
50962.4,66.87
50972.5,67.2999
50982.6,67.74
50992.8,68.1647
51002.9,68.5938
51013,69.0139
51023.2,69.4158
51033.3,69.8192
51043.4,70.214
51053.6,70.5792
51063.7,70.9469
51073.9,71.2663
51084,71.5518
51094.2,71.839
51104.3,72.1759
51114.4,72.5224
51124.5,72.8699
51134.6,73.1988
51144.8,73.53
51154.9,73.8757
51165,74.2212
51175.2,74.5274
51185.3,74.8346
51195.4,75.1477
51205.6,75.4689
51215.7,75.7674
51225.8,76.0656
51235.9,76.3515
51246,76.6589
51256.1,76.9662
51266.3,77.2684
51276.4,77.5379
51286.5,77.8069
51296.6,78.0706
51306.7,78.3546
51316.8,78.6379
51335.2,79.1678
51345.3,79.4516
51355.5,79.7183
51365.7,79.9563
51375.9,80.192
51386,80.4258
51398.1,80.7049
51408.3,80.9749
51418.6,81.2671
51428.8,81.5172
51438.9,81.766
51449,81.9797
51459.2,82.1971
51469.3,82.4139
51479.4,82.6047
51489.5,82.7915
51499.6,82.9785
51509.7,83.1811
51519.9,83.3774
51530,83.5656
51540.1,83.7536
51550.2,83.9339
51560.3,84.1414
51570.5,84.3485
51580.6,84.5746
51590.7,84.748
51600.9,84.9211
51611,85.0788
51621.1,85.2861
51631.3,85.4934
51641.4,85.7416
51651.5,85.9701
51661.7,86.199
51671.8,86.42
51681.9,86.665
51692.1,86.91
51702.2,87.1737
51712.4,87.4043
51722.5,87.633
51732.7,87.85
51742.8,88.0263
51752.9,88.2028
51763.1,88.359
51773.2,88.5167
51783.3,88.6745
51793.5,88.8536
51803.6,89.0396
51813.7,89.2257
51823.8,89.3688
51833.9,89.5132
51844.1,89.6574
51854.2,89.8504
51864.3,90.0348
51874.4,90.2105
51884.6,90.3871
51894.7,90.5686
51904.8,90.7502
51915,90.9367
51925.1,91.1132
51935.2,91.2574
51945.3,91.4022
51955.4,91.5155
51965.6,91.6236
51975.7,91.7319
51985.8,91.8601
51995.9,91.9949
52006.1,92.1302
52016.2,92.2162
52026.3,92.264
52036.4,92.3122
52046.5,92.3577
52056.7,92.428
52066.8,92.4987
52076.9,92.5819
52087,92.6176
52097.2,92.6534
52107.3,92.646
52117.4,92.6369
52127.5,92.628
52137.6,92.6266
52147.7,92.6342
52157.9,92.6418
52168,92.6508
52178.1,92.6197
52188.2,92.5884
52198.3,92.5236
52208.4,92.4754
52218.6,92.4269
52228.7,92.3989
52238.9,92.3471
52249,92.2952
52259.1,92.2082
52269.2,92.1176
52279.3,92.0222
52289.4,91.927
52299.5,91.8131
52309.7,91.6735
52319.8,91.5341
52329.9,91.4016
52340,91.2621
52350.1,91.1229
52360.2,90.974
52370.4,90.8109
52380.5,90.6484
52390.6,90.4877
52400.7,90.3354
52410.8,90.1837
52420.9,90.0311
52431.1,89.8601
52441.2,89.6901
52451.3,89.4749
52461.5,89.2612
52471.6,89.0482
52481.7,88.8544
52491.8,88.6449
52501.9,88.436
52512,88.1982
52522.2,87.9642
52532.3,87.7311
52542.4,87.5129
52552.6,87.2753
52562.7,87.0386
52572.8,86.7798
52582.9,86.5332
52593,86.2974
52603.2,86.0619
52613.3,85.8147
52623.4,85.5437
52633.6,85.2728
52643.7,84.9738
52653.8,84.6947
52663.9,84.4158
52674.1,84.1555
52684.2,83.8848
52694.3,83.6146
52704.4,83.3098
52714.6,82.9937
52724.7,82.6773
52734.9,82.3624
52745,82.0715
52755.1,81.7807
52765.2,81.5083
52775.3,81.2223
52785.5,80.9364
52795.6,80.5987
52805.7,80.2707
52815.8,79.9428
52826,79.6743
52836.1,79.4056
52846.2,79.1366
52856.4,78.7844
52866.5,78.4041
52876.6,78.0246
52886.7,77.6894
52896.8,77.3855
52907,77.0817
52917.1,76.7703
52927.2,76.448
52937.3,76.1261
52947.5,75.7772
52957.6,75.439
52967.7,75.0753
52977.8,74.7103
52987.9,74.3623
52998.1,74.0856
53008.2,73.8077
53018.3,73.5554
53028.4,73.2262
53038.6,72.8961
53048.7,72.5127
53058.8,72.1529
53069,71.7925
53079.1,71.4995
53089.2,71.2664
53099.3,71.0327
53109.4,70.8142
53119.6,70.5326
53129.7,70.2505
53139.8,69.8964
53149.9,69.5175
53160.1,69.1374
53170.2,68.7897
53180.3,68.4734
53190.4,68.1564
53200.5,67.8931
53210.7,67.6136
53220.8,67.3346
53230.9,66.9726
53241,66.5495
53251.2,66.1248
53261.3,65.7384
53271.4,65.428
53281.6,65.1162
53291.7,64.8301
53301.8,64.5643
53311.9,64.2978
53322,64.0289
53332.2,63.746
53342.3,63.4623
53352.4,63.2096
53362.5,62.9603
53372.7,62.6932
53382.8,62.4279
53392.9,62.1628
53403,61.9228
53413.1,61.6852
53423.3,61.4606
53433.4,61.1502
53443.5,60.8424
53453.6,60.4313
53463.7,59.9984
53473.8,59.5662
53484,59.1809
53494.1,58.8433
53504.2,58.5062
53514.3,58.213
53524.4,57.9124
53534.6,57.6125
53544.7,57.2899
53554.8,57.0034
53564.9,56.7181
53575,56.4504
53585.1,56.1567
53595.2,55.8641
53605.4,55.5419
53615.5,55.2403
53625.5,54.9397
53635.7,54.6758
53645.8,54.3701
53655.9,54.0656
53666,53.7034
53676.1,53.3464
53686.2,52.9904
53696.3,52.6778
53706.4,52.3804
53716.5,52.0844
53726.7,51.7727
53736.8,51.4623
53746.9,51.1791
53757,50.8946
53767.1,50.6076
53777.2,50.2609
53787.3,49.9125
53797.4,49.5442
53807.5,49.225
53817.6,48.9041
53827.7,48.633
53837.8,48.3706
53847.9,48.1074
53858,47.8018
53868.1,47.4865
53878.2,47.1691
53888.3,46.87
53898.4,46.5823
53908.6,46.2919
53918.7,46.0144
53928.8,45.7622
53938.9,45.5094
53949,45.2791
53959.1,45.0842
53969.2,44.8896
53979.3,44.6867
53989.4,44.4179
53999.6,44.1477
54009.7,43.8548
54019.8,43.5857
54029.9,43.315
54040,43.0876
54051,42.836
54061.2,42.6033
54071.4,42.3498
54081.8,42.0609
54092,41.81
54102.2,41.5619
54112.3,41.3443
54122.4,41.1274
54132.6,40.8963
54142.7,40.6256
54152.9,40.375
54163,40.125
54173.2,39.8556
54183.4,39.5391
54193.6,39.2233
54203.7,38.8945
54213.9,38.6097
54224.1,38.3237
54234.2,38.0899
54244.5,37.8489
54254.6,37.61
54264.8,37.3026
54275,36.9448
54285.1,36.5879
54295.2,36.2585
54305.4,35.9976
54315.6,35.7733
54325.7,35.5508
54335.9,35.2767
54346,34.9743
54356.1,34.6735
54366.3,34.3675
54376.4,34.0602
54386.5,33.7752
54396.8,33.4757
54407,33.1354
54417.1,32.7966
54427.3,32.4525
54437.5,32.1408
54447.6,31.8304
54457.8,31.5609
54467.9,31.2889
54478,31.0188
54488.3,30.6753
54498.4,30.295
54508.5,29.9159
54518.7,29.5711
54528.9,29.2765
54539,28.9832
54549.1,28.7287
54559.3,28.4307
54569.4,28.1344
54579.6,27.7992
54589.8,27.4698
54599.9,27.1413
54610.1,26.8597
54620.3,26.6267
54630.4,26.3957
54640.7,26.1334
54650.9,25.8169
54660.9,25.502
54671.2,25.1858
54681.3,24.9133
54691.4,24.6526
54701.7,24.3903
54711.8,24.0823
54721.9,23.7626
54732.2,23.4407
54742.3,23.1498
54752.4,22.8855
54762.7,22.62
54772.8,22.3321
54782.9,22.0052
54793.2,21.6754
54803.3,21.345
54813.4,21.0551
54823.7,20.764
54833.9,20.5075
54844,20.2021
54854.2,19.8948
54864.3,19.5159
54874.4,19.078
54884.8,18.6349
54894.9,18.1938
54905,17.7541
54915.2,17.2961
54925.3,16.838
54935.4,16.4192
54945.6,16.0384
54955.8,15.657
54966,15.3524
54976.2,15.0208
54986.3,14.6883
54996.4,14.3154
55006.7,13.9387
55016.9,13.5642
55027,13.2596
55037.2,13.0418
55047.4,12.829
55057.5,12.5711
55067.6,12.2673
55077.8,11.9603
55087.9,11.613
55098.1,11.3541
55108.3,11.0983
55118.4,10.9063
55128.7,10.5822
55138.9,10.2633
55149,9.91687
55159.2,9.57187
55169.3,9.22768
55179.4,9.00848
55189.7,8.84204
55199.8,8.67829
55209.9,8.5217
55220.1,8.32359
55230.3,8.1277
55240.4,7.93319
55250.6,7.79052
55260.7,7.64529
55270.8,7.50341
55281.1,7.31921
55291.2,7.1285
55301.3,6.93877
55311.5,6.77949
55321.7,6.68094
55331.8,6.58435
55342,6.48175
55352.2,6.31716
55362.3,6.15314
55372.5,5.92863
55382.6,5.77733
55392.7,5.6271
55402.9,5.59641
55413.1,5.60703
55423.2,5.62557
55433.4,5.54496
55443.6,5.36731
55453.7,5.19111
55463.9,4.99339
55474,4.92121
55484.2,4.85555
55494.4,4.8673
55504.5,4.85619
55514.6,4.84231
55524.9,4.82952
55535,4.80481
55545.2,4.77851
55555.4,4.75255
55565.5,4.79976
55575.7,4.84263
55585.9,4.88641
55596,4.83875
55606.1,4.71982
55616.4,4.60088
55626.5,4.54628
55636.6,4.63259
55646.8,4.72098
55657,4.69587
55667.1,4.54834
55677.3,4.4005
55687.5,4.25561
55697.6,4.21903
55707.8,4.18231
55717.9,4.22515
55728,4.21476
55738.2,4.20434
55748.4,4.07518
55758.5,3.87651
55768.6,3.67946
55778.8,3.56338
55788.9,3.57895
55799.1,3.6429
55809.2,3.70744
55819.3,3.76443
55829.5,3.74922
55839.6,3.73479
55849.7,3.73164
55859.9,3.76464
55870.1,3.79735
55880.2,3.83958
55890.4,3.87328
55900.5,3.90749
55910.6,3.94616
55920.9,4.02337
55931,4.10104
55941.1,4.2103
55951.3,4.26259
55961.5,4.31498
55971.6,4.34409
55981.8,4.414
55992,4.48421
56002.1,4.60921
56012.3,4.77146
56022.4,4.93392
56032.5,5.06268
56042.7,5.11499
56052.9,5.16814
56063,5.22614
56073.2,5.3464
56083.4,5.46775
56093.5,5.64086
56103.7,5.7937
56113.9,5.94696
56124,6.06237
56134.1,6.17588
56144.2,6.34512
56154.3,6.51537
56164.5,6.71741
56174.6,6.90381
56184.7,7.09061
56194.9,7.21923
56205,7.31504
56215.1,7.41215
56225.2,7.55781
56235.4,7.76907
56245.5,7.98025
56255.6,8.17143
56265.7,8.32952
56275.8,8.48882
56286,8.64854
56296.1,8.8052
56306.2,8.96375
56316.4,9.14598
56326.5,9.37836
56336.6,9.61101
56346.8,9.89646
56356.9,10.1553
56367,10.414
56377.2,10.6195
56387.3,10.8248
56397.4,11.0322
56407.5,11.2574
56417.7,11.4898
56427.8,11.7221
56437.9,11.9576
56448.1,12.195
56458.2,12.433
56468.3,12.7212
56478.4,13.0111
56488.6,13.2705
56498.7,13.5302
56508.9,13.7442
56519,13.9584
56529.1,14.1747
56539.3,14.4511
56549.4,14.7859
56559.5,15.1206
56569.6,15.4114
56579.7,15.6641
56589.9,15.9183
56600,16.147
56610.1,16.3916
56620.3,16.6375
56630.4,16.9029
56640.5,17.2116
56650.7,17.5206
56660.8,17.7928
56670.9,18.0639
56681.1,18.3353
56691.2,18.6105
56701.3,18.9011
56711.5,19.1923
56721.6,19.4917
56731.7,19.745
56741.9,20.0014
56752,20.3508
56762.2,20.5969
56772.3,20.8784
56782.4,21.1612
56792.5,21.4014
56802.7,21.6427
56812.8,21.8749
56822.9,22.1841
56833,22.5154
56843.2,22.8483
56853.3,23.1573
56863.4,23.4402
56873.6,23.7244
56883.7,23.9829
56893.8,24.2442
56904,24.5072
56914.1,24.7694
56924.2,25.0404
56934.3,25.3129
56944.4,25.6058
56954.6,25.9164
56964.8,26.2291
56974.9,26.5403
56985,26.8045
56995.2,27.0705
57005.3,27.3001
57015.4,27.5228
57025.6,27.7479
57035.7,27.9928
57045.9,28.2919
57056,28.5922
57066.1,28.8918
57076.3,29.1501
57086.4,29.4094
57096.5,29.6328
57106.6,29.8569
57116.8,30.0825
57126.9,30.3497
57137,30.6313
57147.2,30.9136
57157.3,31.1959
57167.4,31.4654
57177.5,31.7454
57187.7,32.0263
57197.8,32.2981
57207.9,32.5628
57218,32.8277
57228.2,33.1141
57238.3,33.3969
57248.4,33.6792
57258.6,33.9437
57268.7,34.2045
57278.8,34.4647
57289,34.7435
57299.2,35.0589
57309.3,35.3731
57319.4,35.6854
57329.6,35.9769
57339.7,36.2679
57349.9,36.4995
57360.1,36.7269
57370.2,36.954
57380.3,37.1997
57390.5,37.4907
57400.6,37.7805
57410.9,38.0947
57421,38.3814
57431,38.6666
57441.2,38.929
57451.4,39.2051
57461.4,39.4804
57471.6,39.7927
57481.7,40.1226
57491.9,40.4387
57502.1,40.7551
57512.2,41.0257
57522.3,41.2524
57532.5,41.4815
57542.6,41.7235
57552.6,42.0098
57562.8,42.2985
57573,42.5832
57583,42.8499
57593.2,43.1188
57603.4,43.3868
57613.5,43.6918
57623.6,43.9972
57633.8,44.3135
57644,44.5799
57654.1,44.8458
57664.3,45.0764
57674.4,45.3258
57684.6,45.5748
57694.8,45.8726
57704.9,46.1829
57715.1,46.493
57725.3,46.7657
57735.4,47.0244
57745.5,47.2833
57755.8,47.5762
57765.9,47.8711
57776,48.166
57786.2,48.4565
57796.4,48.7307
57806.5,49.0045
57816.7,49.2799
57826.8,49.5866
57837.1,49.9024
57847.3,50.2165
57857.4,50.5189
57867.5,50.8148
57877.7,51.1123
57887.9,51.3783
57898,51.6287
57908.2,51.8807
57918.3,52.1557
57928.6,52.4346
57938.8,52.7179
57948.9,53.0123
57959,53.3249
57969.2,53.6386
57979.3,53.9508
57989.5,54.2618
57999.7,54.5742
58009.8,54.8811
58019.9,55.198
58030.1,55.5165
58040.2,55.825
58050.4,56.1232
58060.6,56.4223
58070.7,56.7184
58080.8,57.0085
58091.1,57.3006
58101.2,57.5957
58111.3,57.907
58121.7,58.2374
58131.8,58.5601
58142,58.8776
58152.2,59.1928
58162.3,59.507
58172.4,59.8151
58182.6,60.1281
58192.8,60.44
58202.9,60.7812
58213.1,61.1423
58223.2,61.5023
58233.4,61.8236
58243.6,62.0972
58253.7,62.3705
58263.9,62.6524
58274.1,62.9787
58284.2,63.3031
58294.4,63.6448
58304.6,63.9679
58314.7,64.2903
58324.8,64.579
58335,64.8722
58345.2,65.1642
58355.3,65.5088
58365.5,65.8945
58375.6,66.2779
58385.8,66.6334
58396,66.9239
58406.1,67.1893
58416.3,67.4554
58426.5,67.7393
58436.6,68.0217
58446.8,68.3275
58457,68.6553
58467.1,68.9619
58477.3,69.2684
58487.5,69.5631
58497.6,69.8793
58507.7,70.1952
58518,70.5532
58528.1,70.9431
58538.2,71.3324
58548.4,71.7438
58558.6,72.1528
58568.8,72.5596
58578.9,72.927
58589.1,73.2451
58599.2,73.5629
58609.4,73.8839
58619.5,74.2513
58629.6,74.6176
58639.8,74.9893
58649.9,75.2988
58660.1,75.5881
58670.2,75.8778
58680.3,76.1803
58690.4,76.4885
58700.6,76.7972
58710.7,77.1151
58720.8,77.429
58731,77.7444
58741.1,78.0228
58751.3,78.2863
58761.4,78.551
58771.6,78.8173
58781.7,79.09
58791.9,79.3638
58802,79.6667
58812.1,79.9417
58822.3,80.2177
58832.5,80.4381
58842.6,80.6451
58852.8,80.8532
58862.9,81.0785
58873.1,81.3204
58883.2,81.5628
58893.3,81.8095
58903.5,82.0278
58913.7,82.2471
58923.8,82.4526
58933.9,82.6806
58944.2,82.91
58954.3,83.1693
58964.4,83.4303
58974.6,83.6931
58984.8,83.911
58994.9,84.1099
59005.1,84.3091
59015.3,84.5367
59025.4,84.8037
59035.6,85.0405
59045.7,85.2769
59055.8,85.469
59066,85.652
59076.2,85.8349
59086.3,86.0192
59096.5,86.1795
59106.8,86.341
59116.9,86.4846
59127.1,86.6352
59137.3,86.7852
59149,86.956
59159.2,87.0861
59169.3,87.193
59180.1,87.3062
59190.3,87.4214
59200.4,87.5672
59210.5,87.7133
59220.7,87.8784
59230.9,87.9815
59241,88.0846
59251.2,88.1534
59261.4,88.2386
59271.5,88.3239
59281.8,88.432
59291.9,88.5334
59302.1,88.635
59312.3,88.7101
59322.4,88.7689
59332.6,88.8278
59342.9,88.8865
59353,88.9548
59363.1,89.0233
59373.4,89.0837
59383.5,89.1106
59393.7,89.1375
59403.9,89.1667
59414.1,89.2262
59424.2,89.2856
59434.4,89.3585
59444.6,89.4209
59454.7,89.4437
59464.9,89.4668
59475.1,89.4643
59485.2,89.4813
59495.5,89.4984
59505.6,89.5298
59515.8,89.5682
59526,89.607
59536.1,89.6504
59546.3,89.6901
59556.5,89.7302
59566.7,89.7506
59576.8,89.7416
59587.1,89.7325
59597.2,89.7135
59607.4,89.7116
59617.6,89.7097
59627.7,89.7121
59637.9,89.699
59648.1,89.6859
59658.3,89.6574
59668.5,89.6267
59678.7,89.5956
59688.9,89.5764
59699,89.5542
59709.2,89.5321
59719.3,89.5061
59729.5,89.4901
59739.7,89.4757
59749.8,89.4614
59760,89.4282
59770.2,89.3793
59780.3,89.3307
59790.5,89.2908
59800.7,89.2722
59810.8,89.2537
59821,89.2318
59831.2,89.1575
59841.3,89.0835
59851.5,88.9696
59861.7,88.8836
59871.8,88.798
59882,88.726
59892.2,88.6372
59902.4,88.5486
59912.6,88.4531
59922.8,88.375
59932.9,88.2973
59943.1,88.2446
59953.3,88.2024
59963.5,88.1436
59973.6,88.0847
59983.8,88.0175
59994,87.9787
60004.1,87.9401
60014.4,87.911
60024.5,87.8776
60034.7,87.8443
60044.9,87.7739
60055.1,87.6738
60065.2,87.5744
60075.4,87.4807
60085.5,87.3846
60095.7,87.2884
60105.9,87.1576
60116.1,86.9976
60126.2,86.8375
60136.5,86.6523
60146.6,86.4974
60156.8,86.3425
60167,86.2187
60177.2,86.0933
60187.3,85.9679
60197.6,85.8286
60207.7,85.6878
60217.8,85.5466
60228.1,85.4042
60238.2,85.2582
60248.4,85.0707
60258.6,84.8817
60268.7,84.6678
60278.9,84.4871
60289.1,84.3051
60299.2,84.1744
60309.3,84.0348
60319.6,83.8947
60329.7,83.6878
60339.8,83.44
60350,83.1914
60360.2,82.9665
60370.3,82.7938
60380.5,82.6202
60390.7,82.4495
60400.8,82.2261
60411,82.0014
60421.2,81.7354
60431.3,81.4768
60441.6,81.2167
60451.7,80.9668
60461.9,80.7049
60472.1,80.4417
60482.2,80.1836
60492.4,79.9161
60502.7,79.6472
60512.8,79.3704
60522.9,79.097
60533.1,78.7896
60543.3,78.4829
60553.4,78.1741
60563.6,77.9016
60573.7,77.6299
60583.9,77.3896
60594.1,77.0883
60604.2,76.7879
60614.4,76.4126
60624.6,76.0313
60634.7,75.6529
60644.9,75.3468
60655,75.0886
60665.2,74.8302
60675.3,74.5555
60685.6,74.1832
60695.7,73.813
60705.9,73.4424
60716.1,73.1459
60726.2,72.8512
60736.4,72.5577
60746.6,72.2366
60756.8,71.9171
60766.9,71.6248
60777.2,71.3415
60787.3,70.9971
60797.5,70.6525
60807.7,70.278
60817.8,69.9734
60828,69.6693
60838.3,69.4136
60848.4,69.1246
60858.6,68.8349
60868.7,68.5275
60878.8,68.2329
60889,67.9363
60899.1,67.6542
60909.1,67.407
60919.4,67.1576
60929.5,66.994
60939.6,66.897
60949.8,66.8002
60959.9,66.6589
60970,66.4639
60980.2,66.2667
60990.4,66.0487
61000.4,65.8632
61010.7,65.6762
61020.8,65.4976
61030.9,65.2382
61041.1,64.9763
61051.3,64.6484
61061.4,64.3594
61071.6,64.0699
61081.8,63.8231
61091.9,63.5316
61102.1,63.2162
61112.3,62.8976
61122.4,62.6025
61132.6,62.3083
61142.8,62.0348
61153,61.7627
61163.1,61.4981
61173.4,61.2309
61183.5,60.9823
61193.6,60.7503
61203.9,60.5168
61214,60.248
61224.1,59.8974
61234.4,59.5437
61244.5,59.1398
61254.7,58.787
61264.9,58.4317
61275,58.1584
61285.2,57.8973
61295.5,57.6347
61305.6,57.3322
61315.7,56.9851
61326,56.6366
61336.1,56.3385
61346.3,56.0958
61356.4,55.8466
61366.6,55.5979
61376.7,55.3072
61386.9,55.0153
61397,54.7092
61407.2,54.3982
61417.4,54.1154
61427.5,53.8338
61437.7,53.5427
61447.9,53.214
61458,52.8869
61468.2,52.5412
61478.4,52.2116
61488.6,51.8828
61498.7,51.5528
61508.9,51.2019
61519,50.8518
61529.2,50.4929
61539.4,50.1802
61549.5,49.8694
61559.7,49.5986
61569.9,49.3161
61580,49.0362
61590.1,48.6598
61600.4,48.2067
61610.5,47.7559
61620.6,47.3636
61630.9,47.0323
61641,46.6683
61651.1,46.3057
61661.4,45.8604
61671.5,45.4275
61681.7,44.9948
61691.9,44.6315
61702,44.2844
61712.2,43.9379
61722.5,43.5462
61732.6,43.1825
61742.7,42.8188
61752.9,42.4726
61763.1,42.2249
61773.2,41.9794
61783.5,41.5034
61793.6,41.0251
61803.7,40.548
61814,40.0909
61824.1,39.751
61834.3,39.4128
61844.5,39.0625
61854.6,38.6785
61864.8,38.2945
61875,37.9082
61885.1,37.5427
61895.3,37.1765
61905.6,36.7966
61915.7,36.3785
61925.8,35.9624
61936.1,35.5473
61946.2,35.1529
61956.3,34.7546
61966.5,34.3526
61976.7,33.9176
61986.8,33.5069
61997,33.0937
62007.2,32.772
62017.3,32.5475
62027.6,32.3218
62037.7,32.119
62047.8,31.8679
62058.1,31.6152
62068.2,31.307
62078.3,30.9892
62088.6,30.6696
62098.7,30.4048
62108.8,30.1479
62119,29.89
62129.2,29.5793
62139.3,29.2543
62149.5,28.9275
62159.7,28.6371
62169.8,28.3891
62180,28.1413
62190.1,27.8495
62200.3,27.5054
62210.5,27.1607
62220.6,26.8442
62230.8,26.5763
62241,26.3088
62251.1,26.0391
62261.2,25.7279
62271.4,25.4181
62281.6,25.1092
62291.7,24.8421
62302,24.598
62312.1,24.3558
62322.2,24.0663
62332.5,23.7481
62342.6,23.4324
62352.8,23.1284
62363,22.8496
62373.1,22.5744
62383.3,22.362
62393.5,22.143
62403.6,21.9266
62413.8,21.6491
62424.1,21.3243
62434.2,21.0019
62444.4,20.7019
62454.6,20.4697
62464.7,20.2413
62474.9,19.9944
62485.1,19.6596
62495.3,19.3076
62505.4,18.9555
62515.7,18.6617
62525.8,18.4633
62535.9,18.2675
62546.2,18.016
62556.3,17.6724
62566.5,17.3291
62576.7,16.9833
62586.8,16.732
62597,16.481
62607.2,16.3068
62617.3,16.0704
62627.5,15.8341
62637.7,15.5139
62647.8,15.2114
62658,14.9087
62668.3,14.7125
62678.4,14.5058
62688.6,14.2996
62698.8,13.9848
62708.9,13.6782
62719.1,13.3728
62729.3,13.1467
62739.4,13.0425
62749.6,12.9429
62759.8,12.732
62769.9,12.5169
62780,12.1678
62790.3,11.8155
62800.4,11.4474
62810.5,11.2465
62820.8,11.0444
62830.9,10.8568
62841,10.6442
62851.3,10.4296
62861.4,10.2128
62871.5,10.0123
62881.8,9.81009
62891.9,9.62543
62902.1,9.42304
62912.3,9.2191
62922.5,9.00491
62932.6,8.83495
62942.9,8.66393
62953,8.54951
62963.1,8.4757
62973.4,8.40442
62983.5,8.25546
62993.7,8.05596
63003.9,7.8566
63014,7.69635
63024.2,7.6077
63034.4,7.52072
63044.5,7.46584
63054.6,7.35572
63064.8,7.22758
63074.9,7.09988
63085.1,6.96895
63095.3,6.91276
63105.4,6.85828
63115.5,6.8536
63125.7,6.78573
63135.8,6.71939
63146,6.56911
63156.2,6.41691
63166.3,6.26576
63176.5,6.25638
63186.7,6.32546
63196.8,6.39992
63206.9,6.3916
63217.2,6.32979
63227.3,6.26838
63237.4,6.17043
63247.6,6.21015
63257.7,6.25225
63267.9,6.27263
63278.1,6.3019
63288.2,6.33251
63298.4,6.27138
63308.6,6.1469
63318.7,6.02467
63328.8,5.8705
63339,5.77977
63349.2,5.68979
63359.3,5.61931
63369.5,5.55907
63379.7,5.52927
63389.8,5.50343
63400.1,5.52983
63410.2,5.51353
63420.3,5.5023
63430.6,5.44249
63440.7,5.37197
63450.8,5.30185
63461,5.20106
63471.2,5.16071
63481.3,5.1205
63491.5,5.13607
63501.6,5.16162
63511.8,5.18779
63522,5.1516
63532.1,5.15631
63542.3,5.16177
63552.5,5.16905
63562.6,5.2414
63572.8,5.31409
63583,5.38202
63593.2,5.40872
63603.3,5.37998
63613.5,5.35211
63623.6,5.35884
63633.8,5.36614
63644.1,5.4468
63654.2,5.49874
63664.3,5.46603
63674.6,5.43284
63684.7,5.38609
63694.8,5.38943
63705.1,5.39263
63715.2,5.43702
63725.4,5.49147
63735.6,5.54638
63745.8,5.56315
63755.9,5.54821
63766.2,5.53351
63776.3,5.49888
63786.4,5.45858
63796.7,5.41856
63806.8,5.3874
63817,5.33981
63827.2,5.29224
63837.4,5.22689
63847.5,5.18975
63857.7,5.15281
63867.9,5.13836
63878,5.12951
63888.2,5.12111
63898.3,5.10074
63908.6,5.05665
63918.7,5.02558
63928.9,4.99496
63939,4.97847
63949.2,4.95087
63959.3,4.92296
63969.4,4.84974
63979.6,4.75683
63989.7,4.66409
63999.9,4.60105
64010.1,4.56124
64020.2,4.52141
64030.3,4.4863
64040.5,4.42763
64050.7,4.36943
64060.8,4.29243
64071.1,4.24603
64081.3,4.20155
64091.5,4.20955
64101.8,4.26957
64112,4.33092
64122.2,4.35058
64132.4,4.2833
64142.6,4.21773
64152.7,4.17801
64163,4.18138
64173.1,4.20751
64183.3,4.2357
64193.4,4.23828
64203.6,4.22311
64213.7,4.20918
64223.9,4.22459
64234,4.27635
64244.2,4.32965
64254.4,4.37301
64264.5,4.36316
64274.7,4.35346
64284.8,4.33146
64294.9,4.3619
64305.1,4.39373
64315.2,4.49658
64325.3,4.56758
64335.5,4.64019
64345.6,4.65855
64355.7,4.67113
64366,4.68369
64376.1,4.72463
64386.2,4.74431
64396.4,4.76423
64406.6,4.7339
64416.8,4.69337
64426.9,4.65249
64437.2,4.67315
64447.3,4.7062
64457.4,4.69571
64467.7,4.68519
64477.8,4.67315
64487.9,4.68335
64498.2,4.69337
64508.3,4.68118
64518.5,4.60548
64528.7,4.5292
64538.8,4.46952
64549,4.47127
64559.1,4.47319
64569.3,4.48054
64579.4,4.43646
64589.6,4.39248
64599.7,4.3504
64609.9,4.34878
64620.1,4.34734
64630.2,4.35687
64640.4,4.34806
64650.6,4.33977
64660.7,4.31063
64670.9,4.28823
64681.1,4.26572
64691.3,4.27836
64701.4,4.30699
64711.6,4.31063
64721.7,4.31444
64731.9,4.24935
64742,4.184
64752.2,4.14206
64762.3,4.17988
64772.5,4.21699
64782.6,4.25432
